"CID","MolecularFormula","MolecularWeight","XLogP","HBondDonorCount","HBondAcceptorCount","RotatableBondCount","Charge"
10008,"C6H5F",96.10,2.300,0,1,0,0
10025103,"C26H45NO3",419.6,7.700,3,3,19,0
1004,"H3O4P",97.995,-2.1,3,4,0,0
1006276,"C24H34N2O4",414.5,5.3,0,4,4,0
10071166,"C22H28Cl2O4",427.4,6.8,1,4,9,0
10129,"C10H18",138.25,3.9,0,0,0,0
1017311,"C25H25N3O3",415.5,4.3,1,5,5,0
101748,"C7H16O7",212.20,-3.700,7,7,6,0
1017694,"C22H14ClN5O3",431.8,3.7,2,6,4,0
1020319,"C19H20N8S2",424.6,5.5,0,8,6,0
1023,"H4O7P2",177.98,-3.2,4,7,2,0
1026546,"C25H23N3O4",429.5,4.2,1,6,7,0
1028458,"C22H15N3O3S2",433.5,5.3,0,7,4,0
1030,"C3H8O2",76.09,-0.900,2,2,1,0
10313,"C7H7NO2",137.14,0.300,2,2,1,0
10332,"C7H10N2",122.17,0.600,2,2,0,0
1040976,"C24H24N2O3",388.5,5.0,0,5,6,0
10423,"C3H6O",58.08,-0.100,0,1,0,0
1043210,"C21H17N3O2S2",407.5,4.9,0,6,8,0
1045,"C4H12N2",88.15,-0.9,2,2,3,0
10453,"C20H40O",296.5,7.8,1,1,13,0
1046,"C5H5N3O",123.11,-0.600,1,3,1,0
1048273,"C24H32ClN7O",470.0,4.6,0,7,4,0
1049,"C5H5N",79.10,0.700,0,1,0,0
10555,"C4H7Cl",90.55,2.3,0,0,0,0
1057,"C6H6O3",126.11,0.500,3,3,0,0
10649,"C30H40Cl2N4",527.6,"",2,4,11,0
1068515,"C21H30N6O2",398.5,4.4,1,8,6,0
10687,"C8H10O",122.16,2.600,1,1,0,0
1068748,"C17H17F6N5O2",437.34,4.9,1,13,5,0
10704,"C8H9NO",135.16,0.800,1,1,1,0
107130,"C7H19NO4S",213.30,"",3,5,4,0
10721,"C8H7N",117.15,2.200,0,1,0,0
10722,"C8H8O",120.15,2.100,0,1,1,0
10758,"C8H7NO",133.15,1.000,1,2,1,0
1076035,"C22H20N2O4",376.4,3.8,0,5,6,0
107812,"C2H7NO2S",109.15,-1.5,2,4,2,0
10797,"C5H6O",82.10,1.800,0,1,0,0
107984,"C7H15N3O2",173.21,-3.600,3,4,5,0
108,"C7H7NO2",137.14,-0.100,1,3,2,0
108005,"Cr2H4Na2O9",298.00,"",2,9,0,0
1081942,"C21H24N2O6S",432.5,2.1,1,7,7,0
10824,"C7H9NO",123.15,0.900,1,2,1,0
10843,"C9H11NO",149.19,1.700,1,1,1,0
10850,"C27H50O6",470.7,8.9,0,6,26,0
1089006,"C19H18N4O3S",382.4,3.4,0,7,6,0
10898,"C2H5BrO",124.96,0.200,1,1,1,0
10900,"C2H2Cl2",96.94,1.900,0,0,0,0
10943,"C6H4Cl2",147.00,3.500,0,0,0,0
109515,"C20H14N2O4S",378.4,4.6,2,6,3,0
10958,"C4H9NO2",103.12,1.4,0,3,2,0
10963,"C3H4ClN",89.52,0.200,0,1,1,0
10969,"C8H20ClNO",181.70,"",3,2,4,0
11,"C2H4Cl2",98.96,1.500,0,0,1,0
11005,"C14H28O2",228.37,5.300,1,2,12,0
11011,"C2Cl3N",144.38,2.100,0,1,0,0
1102,"C7H19N3",145.25,-1.0,3,3,7,0
11057,"C25H30ClN3",408.0,"",0,3,4,0
1112348,"C26H20N2O4",424.4,5.7,1,5,6,0
11137,"C6H5NO3",139.11,2.000,1,3,0,0
11164,"C3H6O2",74.08,-0.900,1,2,1,0
11167,"C2H3NS",73.12,0.900,0,2,0,0
1116954,"C17H21Cl2N7O",410.3,5.2,2,8,9,0
1123,"C2H7NO3S",125.15,-4.1,2,4,2,0
11236,"CH6ClN3O",111.53,"",4,2,0,0
11241,"C4H7Cl",90.55,2.1,0,0,1,0
11245,"C3H4Cl2",110.97,2.6,0,0,0,0
11289,"C23H21ClO3",380.9,6.400,0,3,6,0
11292,"C19H18ClN3",323.8,"",4,3,2,0
11317,"C12H12",156.22,4.300,0,0,0,0
11328,"C12H12",156.22,4.400,0,0,0,0
11333,"C12H22O11",342.30,-4.300,8,11,5,0
11335,"C8H10O",122.16,2.400,1,1,0,0
11373,"C9H8N2",144.17,1.300,1,2,0,0
11382492,"C22H20FNO2",349.4,4.7,2,3,6,0
113994,"C4H11N3S",133.22,-0.4,3,3,4,0
1140,"C7H8",92.14,2.700,0,0,0,0
11432,"C2H4N4",84.08,-0.8,1,3,0,0
114745,"C18H24N2S",300.5,5.000,0,3,3,0
114832,"CH8N4O4S",172.17,"",5,6,0,0
114924,"C16H32O2S",288.5,7.1,1,3,15,0
11505,"C8H10O",122.16,1.600,1,1,1,0
11507008,"C9H9NO5S",243.24,"",3,6,0,0
1150894,"C20H16ClN3O2",365.8,4.8,0,4,2,0
115119,"C4H12N2Se2",246.09,"",2,2,5,0
115244,"C7H13NO2",143.18,1.0,0,2,0,0
1152528,"C20H15F3N4O2S2",464.5,5.1,1,10,5,0
1152634,"C20H16F3N3O2S",419.4,4.5,1,8,5,0
11534,"C2H2BrN",119.95,0.8,0,1,0,0
1153594,"C19H21ClN2O3",360.8,3.600,0,4,5,0
11568,"C6H7NO",109.13,0.200,2,2,0,0
11584,"C5H8O2",100.12,1.000,0,2,3,0
11597,"C6H12",84.16,3.400,0,0,3,0
11604,"C5H7N",81.12,1.0,0,1,2,0
1160940,"C21H13N3O2S2",403.5,5.3,0,6,3,0
11617,"C6H10S",114.21,2.2,0,1,4,0
1164592,"C20H21N3O2S",367.5,3.300,0,5,3,0
1164778,"C21H18F3N3O2S",433.4,4.1,0,8,5,0
1164869,"C23H20F3N5O2S",487.5,4.1,1,9,8,0
11660,"C3H6Cl2",112.98,2.1,0,0,0,0
11671,"C4H8O3",104.10,-0.400,2,3,1,0
11673,"C3H6ClNO2",123.54,1.3,0,2,0,0
11684,"C6H12O2",116.16,1.5,1,2,2,0
11698390,"C28H30Cl2N2",465.5,"",4,2,9,0
11750,"C3H6ClNO2",123.54,1.6,0,2,1,0
1176,"CH4N2O",60.056,-1.4,2,1,0,0
11776,"C18H15P",262.3,4.6,0,0,3,0
11855,"C6HCl5",250.3,5.200,0,0,0,0
119,"C4H9NO2",103.12,-3.200,2,3,3,0
11910,"C10H9N",143.18,2.600,0,1,0,0
11927,"C10H9N",143.18,2.500,0,1,0,0
11948938,"C34H36N4O6",596.7,3.9,0,7,8,0
11948948,"C27H34N4O10",574.6,0.7,0,11,11,0
11948960,"C35H31N3O5",573.6,4.7,0,6,6,0
11948962,"C43H43N5O6",725.8,6.0,1,7,11,0
11948964,"C38H34N4O5",626.7,5.2,1,6,7,0
11948965,"C40H43N5O8",721.8,4.3,1,9,13,0
11948967,"C39H43N5O6",677.8,4.8,1,7,11,0
11948970,"C37H39N5O6",649.7,4.2,2,7,10,0
11948980,"C36H38N4O8",654.7,4.0,0,9,11,0
11948982,"C33H38N4O10",650.7,2.3,0,11,13,0
11949000,"C37H40N4O6",636.7,4.6,0,7,10,0
11949008,"C32H31N3O5",537.6,3.8,0,6,6,0
11949162,"C27H27N",365.5,5.7,0,1,3,0
11949163,"C33H37N",447.7,8.1,0,1,5,0
11949164,"C34H30F3N",509.6,8.1,0,4,5,0
11949165,"C39H35N",517.7,8.8,0,1,6,0
11949166,"C32H30N2",442.6,6.1,0,2,5,0
11949167,"C28H26F3N",433.5,6.6,0,4,3,0
11949168,"C34H36F3N",515.6,9.0,0,4,5,0
11949169,"C35H29F6N",577.6,9.0,0,7,5,0
11949170,"C40H34F3N",585.7,9.7,0,4,6,0
11949171,"C33H29F3N2",510.6,7.0,0,5,5,0
11949172,"C26H25ClN2",400.9,5.6,0,2,3,0
11949173,"C32H35ClN2",483.1,8.0,0,2,5,0
11949174,"C33H28ClF3N2",545.0,8.000,0,5,5,0
11949175,"C38H33ClN2",553.1,8.7,0,2,6,0
11949176,"C31H28ClN3",478.0,6.0,0,3,5,0
11949177,"C29H29NO2",423.5,5.6,0,3,5,0
11949178,"C35H39NO2",505.7,7.9,0,3,7,0
11949179,"C36H32F3NO2",567.6,7.9,0,6,7,0
11949180,"C41H37NO2",575.7,8.7,0,3,8,0
11949181,"C34H32N2O2",500.6,6.0,0,4,7,0
11949182,"C30H28F3NO2",491.5,6.4,0,6,5,0
11949183,"C36H38F3NO2",573.7,8.8,0,6,7,0
11949184,"C37H31F6NO2",635.6,8.8,0,9,7,0
11949185,"C42H36F3NO2",643.7,9.6,0,6,8,0
11949186,"C35H31F3N2O2",568.6,6.9,0,7,7,0
11949188,"C34H37ClN2O2",541.1,7.8,0,4,7,0
11949189,"C35H30ClF3N2O2",603.1,7.8,0,7,7,0
11949190,"C40H35ClN2O2",611.2,8.6,0,4,8,0
11949191,"C33H30ClN3O2",536.1,5.9,0,5,7,0
11949193,"C32H36N2",448.6,7.0,0,2,5,0
11949194,"C33H29F3N2",510.6,7.000,0,5,5,0
11949195,"C38H34N2",518.7,7.8,0,2,6,0
11949197,"C28H26N2",390.5,5.4,0,2,3,0
11949198,"C34H36N2",472.7,7.8,0,2,5,0
11949199,"C35H29F3N2",534.6,7.8,0,5,5,0
11949200,"C40H34N2",542.7,8.5,0,2,6,0
11949201,"C33H29N3",467.6,5.8,0,3,5,0
11949202,"C29H25F3N2",458.5,6.3,0,5,3,0
11949203,"C35H35F3N2",540.7,8.7,0,5,5,0
11949204,"C36H28F6N2",602.6,8.7,0,8,5,0
11949205,"C41H33F3N2",610.7,9.4,0,5,6,0
11949206,"C34H28F3N3",535.6,6.7,0,6,5,0
11949208,"C33H34ClN3",508.1,7.7,0,3,5,0
11949209,"C34H27ClF3N3",570.0,7.700,0,6,5,0
11949210,"C39H32ClN3",578.1,8.4,0,3,6,0
11949211,"C27H25F3N2",434.5,5.5,0,5,3,0
11949212,"C33H35F3N2",516.6,7.9,0,5,5,0
11949213,"C34H28F6N2",578.6,7.9,0,8,5,0
11949214,"C39H33F3N2",586.7,8.6,0,5,6,0
11949215,"C32H28F3N3",511.6,5.9,0,6,5,0
11949217,"C31H34ClN3",484.1,6.9,0,3,5,0
11949218,"C32H27ClF3N3",546.0,6.9,0,6,5,0
11949219,"C37H32ClN3",554.1,7.6,0,3,6,0
11949221,"C29H29NO2",423.5,5.6,0,3,5,0
11949222,"C35H39NO2",505.7,7.9,0,3,7,0
11949223,"C36H32F3NO2",567.6,7.9,0,6,7,0
11949224,"C41H37NO2",575.7,8.7,0,3,8,0
11949225,"C34H32N2O2",500.6,6.0,0,4,7,0
11949226,"C30H28F3NO2",491.5,6.4,0,6,5,0
11949227,"C36H38F3NO2",573.7,8.8,0,6,7,0
11949228,"C37H31F6NO2",635.6,8.8,0,9,7,0
11949229,"C42H36F3NO2",643.7,9.6,0,6,8,0
11949230,"C35H31F3N2O2",568.6,6.9,0,7,7,0
11949232,"C34H37ClN2O2",541.1,7.8,0,4,7,0
11949233,"C35H30ClF3N2O2",603.1,7.8,0,7,7,0
11949234,"C40H35ClN2O2",611.2,8.6,0,4,8,0
11949235,"C33H30ClN3O2",536.1,5.9,0,5,7,0
11949236,"C38H31ClN3OP",612.1,7.8,0,4,6,0
11954,"C8H9NO",135.16,0.900,1,1,1,0
11954219,"C35H36F3N3O5",635.7,8.2,2,10,15,0
119558,"C6H12N2O6S",240.24,-4.8,4,7,6,0
11957555,"C6H10ClNO2",163.60,"",3,3,1,0
11972249,"C58H82O8",907.3,9.6,0,8,5,0
11972592,"C41H63NO14",793.9,2.1,5,15,12,0
11972593,"C34H47NO11",645.7,0.3,3,12,11,0
11972597,"C24H30O11",494.5,-0.6,6,11,7,0
11972613,"C37H50N2O10",682.8,1.0,2,11,10,0
11980904,"C82H84N8O16",1437.6,"",6,20,24,0
11991108,"C26H28Br2N2O2",560.3,6.1,0,2,2,0
12018,"C3H6Cl2O",128.98,0.8,1,1,2,0
1201903,"C22H20N4O3S",420.5,4.7,2,7,4,0
1205156,"C21H25N7O3",423.5,3.9,0,9,8,0
1205217,"C26H30N4O3",446.5,4.8,2,4,6,0
12104,"C8H7N",117.15,2.400,0,1,0,0
12120,"C8H11NO",137.18,1.300,1,2,2,0
1212426,"C20H15Cl2N3O2",400.3,5.5,0,4,2,0
1214,"C6H9NO4",159.14,-3.5,3,5,2,0
121475,"C10H14O5",214.21,0.3,2,5,2,0
1216135,"C22H19N3O3",373.4,4.200,1,5,5,0
1216753,"C20H14BrNO5",428.2,4.1,1,5,7,0
12170,"C7H8O3",140.14,0.7,0,3,3,0
121805,"C7H8O3",140.14,0.600,2,3,1,0
122070,"C21H21ClFNO2",373.8,5.4,1,3,5,0
122130,"C32H28N4O3",516.6,5.6,2,4,6,0
12228,"C2H3NO",57.05,1.1,0,2,0,0
12232,"C2H6S2",94.20,1.800,0,2,1,0
122327,"C23H39NO4",393.6,7.1,1,4,14,0
12251,"C3H6O3",90.08,-0.3,1,3,2,0
12252,"C2H5NO3",91.07,-0.400,1,3,1,0
12262,"C5H12O2",104.15,0.100,2,2,2,0
12266,"C6H8O",96.13,2.200,0,1,0,0
122824,"C19H25ClN2S",348.9,"",1,3,5,0
12301,"C4H8O3",104.10,0.0,1,3,3,0
12302,"C4H9NO2",103.12,1.500,0,2,2,0
12308,"C3H7BrO",138.99,0.7,1,1,2,0
12332,"C6H13NO",115.17,1.300,1,1,4,0
123409,"C19H38O4",330.5,6.1,2,4,18,0
1235115,"C19H17N3O3S",367.4,2.8,1,5,4,0
123608,"C5H10ClNO3",167.59,"",3,4,4,0
12364,"C6H12N2O2",144.17,-1.200,2,2,5,0
123692,"C19H25NS",299.5,5.3,0,2,2,0
12375,"C6H14O2",118.17,0.700,0,2,5,0
123831,"C8H18N4O2",202.25,-3.6,3,4,6,0
123895,"C6H14N4O3",190.20,-4.3,5,5,6,0
124172,"C22H24ClNO2S",401.9,6.5,1,3,9,0
1242616,"C18H13ClO7",376.7,3.1,0,7,6,0
1242618,"C18H14O7",342.3,2.4,0,7,6,0
124432,"C5H7NO4",145.11,-3.1,3,5,2,0
1245434,"C19H19N3OS",337.4,3.9,1,3,4,0
12484,"C7H10ClN",143.61,"",2,1,0,0
1248867,"C20H15N3O4S2",425.5,3.6,0,8,7,0
1249303,"C22H16FN5OS2",449.5,5.1,0,8,7,0
1249974,"C19H14ClNO4",355.8,4.200,1,4,4,0
12512,"C6H14O",102.17,1.4,0,1,2,0
1252572,"C27H25N5O3S",499.6,5.6,0,8,9,0
1252644,"C21H26N6S",394.5,4.6,0,7,5,0
1254565,"C23H22ClN3O3",423.9,4.2,1,4,4,0
1254681,"C15H13BrFNO3",354.17,2.7,2,4,5,0
1254872,"C24H20ClN3O4",449.9,4.6,1,5,4,0
1256693,"C17H18F2N6O",360.4,1.0,1,6,5,0
1257387,"C23H24FN3O3",409.5,4.0,0,6,4,0
1257702,"C8H10N2O4",198.18,-3.5,3,6,3,0
1258870,"C13H26N4O6S2",398.5,-2.0,0,10,4,0
12589,"C6H13NO2",131.17,2.700,0,2,4,0
1259830,"C21H20FN5O3",409.4,4.600,1,9,7,0
1263560,"C21H27N5OS",397.5,4.8,0,7,6,0
1264134,"C19H17Cl2N7S",446.4,4.8,0,6,7,0
126569,"C7H8FN3O4",217.15,-4.400,3,6,3,0
1265745,"C23H30N6OS",438.6,4.5,0,7,5,0
1266325,"C23H32N6OS",440.6,4.6,1,7,7,0
1266457,"C22H21N7",383.4,4.6,0,6,5,0
1267712,"C21H16ClN3O2S",409.9,5.2,0,5,6,0
1267758,"C24H24N8O",440.5,4.700,0,8,6,0
126941,"C20H22N8O5",454.4,-1.800,5,12,9,0
1269845,"C4H4N2OS",128.15,-0.300,2,2,0,0
12734,"C7H14N2",126.20,2.6,0,2,2,0
12748,"C4H5NS",99.16,1.000,0,2,0,0
12749,"C4H6N2",82.10,0.200,1,1,0,0
1277248,"C24H19N5O2S",441.5,4.6,0,7,7,0
127861,"C26H18N2O5",438.4,5.0,1,7,7,0
127914,"C22H23Cl2N3OS",448.4,6.000,0,4,7,0
1285689,"C24H23FN4O2S2",482.6,5.3,0,8,4,0
128795,"C23H28N4OS",408.6,5.8,0,5,10,0
1287952,"C20H17N3O3S2",411.5,4.7,0,6,6,0
1289866,"C27H21N5O3S",495.6,5.2,1,7,8,0
1290684,"C22H17N5OS2",431.5,5.0,0,7,7,0
1292696,"C20H14N4S2",374.5,4.5,0,5,5,0
1292871,"C27H20N4O3",448.5,5.6,0,6,6,0
12967,"C3H7N3O2",117.11,0.200,1,3,1,0
1300622,"C18H16N4S2",352.5,3.7,1,4,2,0
13013858,"C14H26N4O11P2",488.32,-4.000,4,11,10,0
13032,"C9H13N",135.21,2.500,1,1,2,0
1303751,"C23H34N6O2",426.6,4.400,1,8,8,0
1307368,"C19H19FN4OS",370.4,3.6,1,5,4,0
13089,"C14H9Cl5",354.5,6.7,0,0,2,0
1311013,"C24H21N3O4",415.4,3.8,1,6,7,0
1313460,"C21H30N4OS2",418.6,4.8,0,5,6,0
1313920,"C23H18FN5S",415.5,4.7,0,5,6,0
1314815,"C23H21Cl2N3O2",442.3,5.0,0,4,5,0
1314906,"C24H21ClN4O",416.9,4.3,1,4,3,0
1315716,"C23H23ClN4OS",439.0,4.100,0,3,4,0
13165,"C5H8O3",116.11,-0.200,1,3,4,0
1316595,"C23H23FN6",402.5,4.7,0,6,3,0
1316619,"C22H21BrN2O3",441.3,4.0,1,4,5,0
13195,"C4H6N2",82.10,0.200,1,1,0,0
13205,"C7H10N2",122.17,0.9,2,2,0,0
132496,"C28H37FN2O",436.6,7.9,1,2,13,0
1326706,"C18H24N6S",356.5,4.2,0,7,4,0
132846,"C20H19F6NO",403.4,5.0,1,8,4,0
132862,"C7H16N4O2",188.23,-4.100,4,4,6,0
1329086,"C18H21N5O2S",371.5,2.4,0,6,5,0
133008,"C23H25ClN2O",380.9,5.6,0,3,5,0
1334231,"C21H17BrN2O3",425.3,5.8,1,4,3,0
13399,"C7H7N3",133.15,1.2,2,2,0,0
134490,"C4H10N2O2",118.13,-4.600,3,4,3,0
1348,"C20H14ClN3",331.8,5.300,1,3,3,0
1349907,"C4H6N2S",114.17,-0.300,1,1,0,0
13520,"C6H5Li3O7",210.0,"",1,7,2,0
13521,"C9H23NO3Si",221.37,"",1,4,9,0
135342,"C5H12NO5P",197.13,-5.300,4,6,5,0
13539,"C7H12O3",144.17,1.000,1,3,4,0
135398638,"C5H4N4O",136.11,-0.5,2,3,0,0
135398639,"C10H11N4O8P-2",346.19,-3.100,3,10,3,-2
135398658,"C19H19N7O6",441.4,-1.1,6,10,9,0
135398735,"C43H58N4O12",822.9,4.9,6,15,5,0
135398743,"C46H62N4O11",847.0,4.7,5,14,5,0
135398943,"C16H18BrN5O8",488.25,-0.5,2,10,8,0
135399482,"C18H23N3O",297.4,3.7,1,2,5,0
135399494,"C18H23N3O",297.4,3.4,1,2,4,0
135399497,"C19H25N3O",311.4,3.3,1,2,4,0
135399523,"C20H25N5O2",367.4,3.5,2,5,6,0
135401907,"C5H4N4O",136.11,-0.7,2,3,0,0
135402025,"C19H21N7O6",443.4,-0.9,7,10,9,0
135402198,"C22H16ClN5O2S",449.9,4.2,1,6,6,0
135403639,"C10H11AsN6O4",354.15,"",5,8,3,0
135408753,"C8H6N2O",146.15,0.7,1,2,0,0
135408763,"C4H6N4O",126.12,-1.8,3,3,0,0
135415384,"C26H26N6O2S",486.6,4.3,2,7,7,0
135415413,"C25H25ClN4O2S",481.0,4.6,1,7,7,0
135415445,"C24H24N6OS2",476.6,4.3,2,7,7,0
135415456,"C19H19N3O2S",353.4,3.3,1,4,6,0
135415528,"C25H24N6O2S",472.6,4.0,2,7,10,0
135426627,"C16H12N2O3",280.28,2.5,2,4,2,0
135426866,"C9H7NO",145.16,2.000,1,2,0,0
135427823,"C20H25N5O2",367.4,3.8,2,5,7,0
135427860,"C15H17ClN2O2S",324.8,3.7,1,4,7,0
135428327,"C22H18ClN5O2S",451.9,4.0,1,5,4,0
135430812,"C20H21CaN7O7",511.5,"",5,10,7,0
135431127,"C23H19ClN4O2S",450.9,3.2,2,6,4,0
135431975,"C25H19NO2",365.4,6.1,1,3,3,0
135436526,"C2H5N5O3",147.09,0.1,2,5,2,0
135438671,"C29H24O12",564.5,2.4,9,12,2,0
135443163,"C20H18N4O4S3",474.6,3.0,2,8,8,0
135444779,"C19H19N7O6",441.4,-1.1,6,10,9,0
135448694,"C16H20FN3O",289.35,3.3,2,3,5,0
135449528,"C5H9N3O",127.14,0.0,2,2,2,0
135449536,"C6H11N3O",141.17,0.5,2,2,2,0
135449562,"C22H29N3O3S",415.6,4.4,1,5,7,0
135449599,"C3H5N5O3",159.10,-0.3,3,6,1,0
135450606,"C23H17FN4O2S",432.5,3.8,1,6,6,0
135450610,"C25H32N6O2",448.6,3.5,1,5,4,0
135450618,"C22H29N3O",351.5,4.3,1,3,4,0
135450624,"C17H14N2O5",326.30,2.8,3,6,3,0
135451591,"C5H10N6O2",186.17,-2.4,5,7,2,0
135454079,"C32H25Cu2N7O13S3",938.9,"",8,19,5,0
135454601,"C7H9NO2",139.15,0.4,2,3,1,0
135461535,"C22H19N9OS",457.5,3.0,2,8,6,0
135462206,"C17H23N3O",285.4,3.5,2,2,5,0
135465076,"C6H9N3O2",155.15,"",1,3,1,0
135465169,"C26H26N4O",410.5,4.4,1,3,4,0
135465185,"C24H26N4O3S",450.6,2.8,1,6,6,0
135467307,"C16H20FN3O",289.35,3.6,2,3,6,0
135468397,"C17H15N3O4S3",421.5,2.9,1,8,8,0
135468407,"C19H19ClN4O4S3",499.0,3.1,2,8,7,0
135476436,"C19H25N3O",311.4,3.6,1,2,5,0
135476791,"C8H12N2O4S",232.26,"",1,5,1,0
135481525,"C31H25N5O8",595.6,4.300,2,10,11,0
135482068,"C8H22N4O2",206.29,"",2,5,5,0
135482435,"C15H15ClN4OS",334.8,3.8,1,4,5,0
135484644,"C15H11N3Na3O8P",461.21,"",1,11,6,0
135484645,"C14H10N3Na4O12PS2",599.3,"",1,15,5,0
135484646,"C7H9N2O+",137.16,1.0,1,2,1,1
135484648,"C46H62N4O11",847.0,4.7,5,14,5,0
135484650,"C20H21CaN7O7",511.5,"",5,10,7,0
135484656,"C10H10BrN5O7P-",423.09,-2.4,3,9,1,-1
135484659,"C29H31N3O3",469.6,5.7,2,5,7,0
135485420,"C14H15N3O",241.29,2.8,2,3,2,0
135485434,"C16H13CuN4O4-",388.84,"",5,5,0,-1
135485436,"C18H20HgN5O6S",635.0,"",1,7,5,0
135485439,"C21H13Br2NO2",471.1,6.4,2,3,2,0
135485442,"C24H23N2O2+",371.5,5.2,1,3,4,1
135485443,"C19H15N2OSe+",366.3,"",1,2,2,1
135485446,"C4H6N4O2",142.12,-1.2,3,4,0,0
135485450,"C43H54N2O14",822.9,3.5,5,15,4,0
135485473,"C24H19N5O2S",441.5,3.9,1,6,7,0
135489633,"C15H15ClN2OS",306.8,3.6,1,3,3,0
135494820,"C15H15ClN2OS",306.8,3.6,1,3,3,0
135509352,"C23H26N4OS",406.5,3.0,1,4,6,0
135509364,"C17H23N3O",285.4,3.7,2,2,7,0
13551,"C4H10O3S",138.19,0.4,0,3,2,0
135513625,"C14H10BrN3O",316.15,3.5,1,3,2,0
135513627,"C16H21N3O",271.36,3.5,2,2,6,0
135515068,"C19H20N4",304.4,4.4,1,3,3,0
135665270,"C43H58N4O12",822.9,4.9,6,15,5,0
13586,"C4H6O",70.09,0.500,0,1,1,0
13594,"C6H8O",96.13,0.600,0,1,0,0
13610,"C7H11NO",125.17,0.9,1,2,0,0
13622,"C7H8O3",140.14,0.800,2,3,1,0
13624,"C7H7N3",133.15,0.900,2,2,0,0
1366,"C7H13NO2",143.18,-1.900,2,3,1,0
1367,"C6H6N4",134.14,0.900,1,3,0,0
1378195,"C22H20N4O2",372.4,5.0,4,6,4,0
138,"C5H11NO2",117.15,-2.600,2,3,4,0
1386806,"C28H34N4O3",474.6,4.0,1,6,5,0
1390,"C4H6N2",82.10,-0.100,0,1,0,0
1390051,"C22H19N3O2S",389.5,5.2,0,5,4,0
14012,"C6H9CrO6",229.13,"",0,6,0,0
1405560,"C17H20N4O3",328.4,1.600,2,5,5,0
14079,"C6H7NO",109.13,0.900,1,1,1,0
14084,"C7H11ClN2",158.63,"",3,2,2,0
14090,"C8H6O2",134.13,1.700,0,2,2,0
14187,"C21H16O2",300.3,5.6,2,2,2,0
14219,"C4H12ClN5",165.62,"",4,1,2,0
14223,"C4H10N2O3",134.13,-1.500,2,5,4,0
14236,"C4H9Cl3Sn",282.2,"",0,0,2,0
142766,"C16H13NO4",283.28,"",3,5,1,0
14286,"C7H7NO",121.14,0.900,0,2,1,0
144457,"C6H12O2S",148.23,1.1,1,3,5,0
1449,"C18H32O2",280.4,7.100,1,2,15,0
145742,"C5H9NO2",115.13,-2.500,2,3,1,0
145815,"C5H10N2O3",146.14,-3.100,3,4,4,0
14782,"CdO",128.41,"",0,1,0,0
14855,"C7H7ClO",142.58,2.800,1,1,0,0
14856193,"C23H48NO4P",433.6,6.9,0,4,21,0
1487,"C16H22Cl2O3",333.2,6.400,0,3,10,0
14906,"C8H7Cl",138.59,3.400,0,0,1,0
14985,"C29H50O2",430.7,10.7,1,2,12,0
150648,"C8H17NO7",239.22,"",6,8,5,0
151091,"C6H5N5",147.14,0.1,1,4,1,0
151367,"C3H6N6O",142.12,1.4,1,5,4,0
1515192,"C6H9NO4",159.14,-3.2,3,5,2,0
15163,"C8H11NO",137.18,1.2,1,1,1,0
1520392,"C23H15FN4O2S",430.5,4.900,0,7,5,0
1520549,"C19H23N5S2",385.6,4.1,0,6,4,0
15286,"C6H14O2",118.17,0.7,1,2,4,0
15303535,"C39H22F24O4",1010.5,12.3,2,28,6,0
1533,"C6H8N2",108.14,0.600,1,2,0,0
15394,"C5H8O",84.12,1.0,0,1,2,0
1539604,"C23H19N5O2S",429.5,5.1,0,6,5,0
1540494,"C16H22N2O4",306.36,3.8,2,5,5,0
1540897,"C21H27N3S",353.5,4.4,0,3,5,0
15413,"C5H12O",88.15,0.900,0,1,1,0
1542103,"C23H23ClN6",418.9,4.8,0,5,4,0
15432002,"C6H8N2O4",172.14,-3.900,3,5,1,0
15439,"C10H18",138.25,5.100,0,0,7,0
1547484,"C26H28N2",368.5,5.800,0,2,6,0
1549040,"C10H12O",148.20,3.300,0,1,2,0
1549098,"C3H7NO4S",153.16,-4.2,3,6,3,0
1549103,"C6H6N2O2",138.12,0.0,2,3,2,0
1549517,"C4H8N2S",116.19,0.2,2,1,2,0
1550579,"C4H10NO5P",183.10,-5.500,4,6,4,0
1550607,"C19H22O3",298.4,5.300,0,3,6,0
155107,"C6H10ClNO2",163.60,"",3,3,1,0
155166,"C12H4Br6O",643.6,7.6,0,1,2,0
156615,"C6H11N3",125.17,-0.300,2,2,2,0
157018,"C6H11NO2",129.16,-2.200,2,3,4,0
1572935,"C17H17FN8O2S",416.4,2.7,3,12,8,0
15730,"C14H22O",206.32,5.300,1,1,7,0
15732,"C24H16N2O2",364.4,6.400,0,4,4,0
157882,"C12H31NO6Si2",341.55,"",1,7,14,0
158614,"C7H11NO4",173.17,-2.8,3,5,2,0
159830,"C34H40Cl2N4O6",671.6,"",8,8,8,0
16054,"C8H7NO",133.15,2.000,2,1,0,0
160555,"C5H12N2O3",148.16,-4.5,3,5,5,0
160635,"C4H10N4O2",146.15,-4.9,4,4,3,0
16078986,"C20H20N6S4",472.7,6.3,4,6,9,0
16129666,"C72H85N19O18S5",1664.9,0.6,17,31,12,0
16132496,"C66H85N11O15",1272.4,1.8,13,16,19,0
16134261,"C72H85N19O18S5",1664.9,0.6,17,31,12,0
161509,"C8H10O6",202.16,"",3,6,4,0
1615233,"C21H25N7O3S2",487.6,3.1,1,12,7,0
1615267,"C4H6N2O2",114.10,-0.6,2,2,0,0
1615336,"C26H28N2",368.5,5.800,0,2,6,0
1617110,"C5H12NO5P",197.13,-5.300,4,6,5,0
162021,"C6H14N2O4",178.19,"",4,6,4,0
16212360,"C2H2FNaO2",100.02,"",0,3,1,0
16219404,"C28H27Cl3FN5O3S2",671.0,"",4,10,11,0
1628636,"C18H20N8O2S",412.5,2.9,3,11,8,0
1639,"C2H4N4",84.08,-0.400,2,3,0,0
16395904,"C23H32O3",356.5,6.000,1,3,5,0
16402,"C6H16N2",116.20,-0.2,2,2,5,0
1645,"C7H8N2O",136.15,-0.500,2,2,1,0
1646,"C3H9NO3S",139.18,-3.8,2,4,3,0
1647,"C3H6N2",70.09,-1.0,1,2,1,0
165271,"C6H11N3O",141.17,-1.2,3,3,3,0
165521,"C15H10O4",254.24,2.100,2,4,1,0
165627,"C6H11NO4",161.16,-3.100,3,5,5,0
16590,"C6H10S2",146.3,2.2,0,2,5,0
16637,"C6H11NO",113.16,0.900,1,1,2,0
16667680,"C25H46N14O12S",766.8,"",16,16,10,0
16667712,"C48H28ClMnN4O8",879.1,"",4,13,8,0
16667736,"C25H28N6O7S3",620.7,4.700,2,14,12,0
16667745,"C26H40ClN5",458.1,"",1,4,5,0
16667749,"C8H16ClNO",177.67,"",2,2,2,0
16677983,"C14H33CuN3O7",418.97,"",5,9,4,0
16683599,"C4H12O9Sb",325.89,"",5,9,6,0
16683706,"C10H14HgN2O8",490.82,"",2,10,4,0
16684434,"C9H9HgNaO2S",404.82,"",0,3,3,0
16684723,"C31H34MnN2O9+2",633.5,"",6,9,2,2
16684726,"C5H12O10Sb",353.90,"",6,10,2,0
16684728,"C6H12O8Sb",333.91,"",5,8,4,0
16684730,"C13H21O9Sb",443.06,"",6,9,5,0
16684732,"C10H13NO8Sb",396.97,"",5,9,2,0
16684735,"C21H21N3O5Sn",514.1,"",2,5,4,0
16684736,"C7H9FeN4O4S2-",333.2,"",3,8,0,-1
16684738,"C18H19CrN4O10S2+",567.5,"",5,12,3,1
16684740,"C12H22N3O8PPt-2",562.38,"",7,10,3,-2
16684741,"C15H18N2O6Pt-2",517.4,"",5,8,1,-2
16684901,"C34H32N4O4Sn+2",679.4,"",2,7,8,2
16717692,"C34H28CuN4Na2O5-4",682.1,"",0,9,4,-4
16725073,"C22H32ClNO",361.9,"",2,2,7,0
167529,"C5H9NO2",115.13,-2.3,2,3,3,0
16757635,"C48H72O14",873.1,3.8,3,14,8,0
16757636,"C35H44O16",720.7,-0.6,3,16,10,0
16757639,"C47H73NO17",924.1,0.0,12,18,3,0
16757665,"C41H64O13",764.9,2.300,5,13,7,0
16757666,"C41H64O14",780.9,1.300,6,14,7,0
16757669,"C21H43N7O16S",681.7,"",15,19,9,0
16757674,"C28H44O",396.6,7.4,1,1,5,0
16757675,"C37H67NO13",733.9,2.700,5,14,7,0
16757677,"C26H36O3",396.6,7.100,1,3,5,0
16757684,"C31H48O6",516.7,5.5,3,6,6,0
16757685,"C21H45N5O11S",575.7,"",10,16,7,0
16757691,"C27H40O4",428.6,5.700,0,4,7,0
16757693,"C18H38N4O15S",582.6,"",13,19,6,0
16757696,"C12H22O11",342.30,-4.300,8,11,5,0
16757704,"C20H18N6Na2O9S",564.4,"",2,13,7,0
16757711,"C19H34O3",310.5,6.2,1,3,16,0
16757714,"C47H75NO17",926.1,-0.2,12,18,3,0
16757731,"C19H39N5O11S",545.6,"",10,16,6,0
16757736,"C21H41N7O16S",679.7,"",14,19,9,0
16757743,"C67H77Cl3N8O24",1484.7,"",19,26,13,0
16757747,"C34H47NO11",645.7,0.3,3,12,11,0
16757751,"C35H64NO16P",785.9,"",6,17,6,0
16757754,"C28H36O15",612.6,-0.3,9,15,10,0
16757756,"C18H39N5O14S",581.6,"",13,19,6,0
16757762,"C29H32O13",588.6,0.600,3,13,5,0
16757764,"C41H63NO14",793.9,2.1,5,15,12,0
16757765,"C41H63NO15",809.9,1.0,6,16,12,0
16757766,"C20H24O11",440.4,-1.4,4,11,1,0
16757767,"C30H46O4",470.7,6.4,2,4,1,0
16757769,"C37H42Cl2N2O6",681.6,"",3,8,3,0
16757786,"C49H76O20",985.1,0.200,8,20,12,0
16757792,"C41H67NO15",814.0,4.3,0,16,12,0
16757793,"C20H27NO11",457.4,-2.700,7,12,7,0
16757801,"C18H22N8Na2O10S3",652.6,"",5,17,7,0
16757803,"C23H47N5O18S",713.7,"",15,23,9,0
16757805,"C28H32O15",608.5,-0.8,8,15,7,0
16757814,"C41H76N2O15",837.0,3.100,5,17,13,0
16757815,"C43H74N2O14",843.1,2.1,4,16,11,0
16757816,"C60H88N2O19",1141.3,3.6,12,21,12,0
16757819,"C38H72N2O12",749.0,4.000,5,14,7,0
16757821,"C43H63NO11",770.0,5.4,3,12,4,0
16757825,"C21H27N7NaO17P3",765.4,"",7,21,13,0
16757828,"C47H51NO14",853.9,2.500,4,14,14,0
16757831,"C17H36N4O14S",552.6,"",12,18,6,0
16757838,"C32H32O13S",656.7,1.200,3,14,6,0
16757839,"C76H52O46",1701.2,6.2,25,46,31,0
16757842,"C42H78N2O14",835.1,4.200,5,16,12,0
16757846,"C10H12O4",196.20,0.6,0,4,0,0
16757847,"C33H42O19",742.7,-2.4,10,19,15,0
16757849,"C21H41N5O11",539.6,-7.0,11,16,6,0
16757850,"C44H65N5O10",824.0,4.0,1,13,10,0
16757851,"C11H10N4O4+2",262.22,-0.8,1,5,3,2
16757852,"C46H77NO17",916.1,1.0,5,18,13,0
16757864,"C30H36ClNO10",606.1,"",5,11,6,0
16757868,"C29H38O4",450.6,5.9,2,4,1,0
16757869,"C30H35NO11",585.6,3.3,5,12,6,0
16757871,"C14H26ClN3O9",415.82,"",9,11,4,0
16757881,"C43H75NO16",862.1,3.400,4,17,14,0
16757882,"C23H48N6O17S",712.7,"",15,23,9,0
16757885,"C30H42O4",466.7,7.7,2,4,2,0
16757888,"C18H39N5O12S",549.6,"",11,17,6,0
16757891,"C57H82N4Na4O53S3",1859.4,"",20,53,29,0
16757893,"C36H56O8",616.8,6.5,3,8,17,0
16757894,"C46H60N4O13S",909.1,"",5,16,10,0
16757899,"C40H56O3",584.9,10.6,2,3,11,0
16757900,"C22H47N5O21S2",781.8,"",17,25,10,0
16757903,"C29H44O12",584.7,-1.700,8,12,4,0
16757908,"C29H46O3",442.7,7.8,2,3,2,0
16757909,"C30H40O4",464.6,6.300,1,4,2,0
16757910,"C30H50O2",442.7,7.400,2,2,1,0
16757916,"C20H44N4O18S2",692.7,"",14,22,6,0
16757918,"C23H30O11",482.5,-0.6,5,11,7,0
16757919,"C34H44O12",644.7,3.9,0,12,9,0
16757936,"C38H50O16",762.8,2.1,2,16,17,0
16757937,"C40H52O17",804.8,2.7,1,17,19,0
16757939,"C41H52O17",816.8,1.5,2,17,13,0
16757941,"C30H48O3",456.7,6.4,1,3,4,0
16757959,"C22H32O2",328.5,6.8,0,2,3,0
16757960,"C20H28O2",300.4,5.2,1,2,2,0
16757962,"C40H58O2",570.9,13.1,2,2,3,0
16757963,"C20H30O",286.5,6.7,1,1,1,0
16757965,"C29H46O4",458.7,7.1,0,4,2,0
16757975,"C30H50O",426.7,9.2,1,1,0,0
16757986,"C43H56O17",844.9,2.5,2,17,14,0
16757988,"C30H48O3",456.7,7.5,2,3,1,0
16757989,"C30H50O",426.7,9.8,0,1,0,0
16757990,"C32H52O2",468.8,9.7,0,2,2,0
16757992,"C34H48O13",664.7,-0.100,3,13,9,0
16757994,"C32H52O2",468.8,9.5,0,2,6,0
16757997,"C21H30O3",330.5,5.6,1,3,3,0
16757998,"C43H58O16",830.9,3.1,0,16,14,0
16758004,"C32H50O4",498.7,8.1,1,4,3,0
16758006,"C28H32O14",592.5,-0.5,7,14,7,0
16758009,"C24H26O13",522.5,0.8,6,13,7,0
16758012,"C32H52O2",468.8,9.5,0,2,6,0
16758013,"C40H46O9",670.8,6.9,1,9,10,0
16758020,"C29H46O",410.7,8.500,0,1,5,0
16758021,"C27H46O2",402.7,7.7,1,2,5,0
16758022,"C27H48O3",420.7,7.0,3,3,5,0
16758032,"C18H32O16",504.4,-5.800,11,16,8,0
16758035,"C40H46O9",670.8,6.9,1,9,10,0
16758036,"C29H48O2",428.7,9.1,0,2,7,0
16758038,"C30H46O3",454.7,7.2,1,3,0,0
16758039,"C32H48O5",512.7,6.9,1,5,3,0
16758040,"C30H44O3",452.7,6.8,0,3,0,0
16758044,"C6H13NO6",195.17,-5.9,6,7,5,0
16758045,"C30H50O2",442.7,8.3,2,2,2,0
16758049,"C24H40O2",360.6,8.000,1,2,4,0
16758050,"C14H22",190.32,4.1,0,0,0,0
16758051,"C27H46O",386.7,8.3,1,1,5,0
16758052,"C27H46O",386.7,8.700,1,1,5,0
16758053,"C27H44O",384.6,8.2,0,1,5,0
16758054,"C27H46O",386.7,8.9,0,1,5,0
16758055,"C12H21NO11",355.29,-6.5,8,12,4,0
16758056,"C27H44O2",400.6,7.5,1,2,5,0
16758059,"C41H64O14",780.9,1.500,6,14,7,0
16758060,"C12H22O11",342.30,-4.7,8,11,4,0
16758062,"C24H26O13",522.5,1.0,6,13,7,0
16758064,"C30H48O4",472.7,6.8,3,4,2,0
16758068,"C29H48O",412.7,8.6,1,1,5,0
16758069,"C29H52O",416.7,10.2,1,1,6,0
16758070,"C58H94O25",1191.3,-0.2,14,25,12,0
16758072,"C27H30O14",578.5,-0.2,8,14,6,0
16758073,"C29H40O4",452.6,7.300,3,4,1,0
16758076,"C28H44O",396.6,7.3,0,1,4,0
16758079,"C29H50O",414.7,9.3,1,1,6,0
16758080,"C31H52O2",456.7,9.9,0,2,8,0
16758083,"C50H34O11",810.8,10.7,0,11,16,0
16758086,"C33H44O6",536.7,7.6,1,6,5,0
16758088,"C20H30O2",302.5,4.8,1,2,2,0
16758089,"C29H34O15",622.6,-0.5,7,15,8,0
16758091,"C27H32O14",580.5,-0.5,8,14,6,0
16758093,"C12H24O11",344.31,-5.2,9,11,8,0
16758094,"C26H28O14",564.5,-0.4,8,14,7,0
16758102,"C41H60O16",808.9,2.6,8,16,7,0
16758104,"C35H42O14",686.7,1.8,0,14,10,0
16758109,"C29H41BrO5",549.5,5.5,0,5,2,0
16758110,"C33H43NO12",645.7,-0.6,3,12,10,0
16758111,"C45H74O11",791.1,7.1,5,11,3,0
16758112,"C30H50O",426.7,8.9,1,1,4,0
16758114,"C18H24N4O18",584.4,-1.000,1,18,17,0
16758115,"C22H24O2",320.4,5.8,0,2,3,0
16758118,"C20H37N3O13",527.5,-7.1,11,16,6,0
16758121,"C47H79NO21",994.1,-1.7,13,22,11,0
16758127,"C28H34O15",610.6,-1.100,8,15,7,0
16758134,"C15H23N3O10S",437.4,-4.7,7,12,15,0
16758136,"C37H53NO12",703.8,0.9,6,13,6,0
16758140,"C7H13NO3",159.18,0.2,1,3,0,0
16758145,"C27H30O16",610.5,-1.3,10,16,6,0
16758147,"C30H52O2",444.7,8.5,2,2,1,0
16758151,"C11H19NO9",309.27,-3.5,7,9,5,0
16758156,"C30H48O3",456.7,7.3,2,3,1,0
16758162,"C31H38O12",602.6,0.0,3,12,5,0
16758165,"C30H44K2O16S2",803.0,"",3,16,10,0
16758168,"C18H37N5O9",467.5,-6.2,10,14,6,0
16758169,"C21H27N7O14P2",663.4,-6.000,7,18,11,0
16758171,"C72H100CoN18O17P-3",1579.6,"",12,27,17,-3
16758175,"C5H7ClN2O3",178.57,-2.7,2,5,2,0
16758176,"C21H20O11",448.4,0.9,7,11,3,0
16758178,"C46H80N2O13",869.1,3.6,4,15,12,0
16758187,"C30H48O4",472.7,6.1,3,4,1,0
16758189,"C23H28O11",480.5,-0.8,6,11,7,0
16758190,"C58H94N20O26S4",1615.8,"",23,37,37,0
16758192,"C33H40O15",676.7,1.7,8,15,9,0
16758194,"C18H37N5O10",483.5,-7.2,11,15,6,0
16758201,"C37H41ClN2O6",645.2,"",2,8,2,0
16758246,"C17H25NO10",403.4,1.000,0,11,11,0
16758360,"C28H29NO4",443.5,6.0,1,4,9,0
16758361,"C31H29NO5",495.6,6.2,1,5,9,0
16758365,"C43H45NO9",719.8,7.3,0,10,17,0
16758366,"C43H52N2O11",772.9,6.6,1,12,22,0
16758367,"C36H43NO11",665.7,4.2,0,12,19,0
16758368,"C38H47N3O6",641.8,6.5,0,9,14,0
16758369,"C37H45N3O6",627.8,6.2,0,9,14,0
16758370,"C33H41NO11",627.7,3.2,2,12,14,0
16758372,"C32H37NO9",579.6,3.6,1,10,17,0
16758373,"C32H38N4O8",606.7,2.5,1,11,14,0
16758374,"C37H42N4O7",654.8,4.7,1,10,17,0
16758375,"C38H42N2O7",638.7,6.9,0,9,14,0
16758376,"C38H47NO7",629.8,7.3,0,8,18,0
16758377,"C38H45NO15",755.8,3.4,0,16,21,0
16758379,"C45H45NO8",727.8,8.1,0,9,16,0
16758380,"C45H52N2O10",780.9,7.4,1,11,21,0
16758381,"C38H43NO10",673.7,4.9,0,11,18,0
16758382,"C40H47N3O5",649.8,7.3,0,8,13,0
16758383,"C39H45N3O5",635.8,7.0,0,8,13,0
16758384,"C35H41NO10",635.7,4.0,2,11,13,0
16758385,"C35H39NO7",585.7,5.2,1,8,14,0
16758386,"C34H37NO8",587.7,4.4,1,9,16,0
16758388,"C39H42N4O6",662.8,5.5,1,9,16,0
16758389,"C40H42N2O6",646.8,7.7,0,8,13,0
16758390,"C40H47NO6",637.8,8.1,0,7,17,0
16758391,"C40H45NO14",763.8,4.2,0,15,20,0
16758394,"C31H42N2O11",618.7,3.1,1,12,19,0
16758395,"C24H33NO11",511.5,0.6,0,12,16,0
16758398,"C21H31NO11",473.5,-0.3,2,12,11,0
16758401,"C20H28N4O8",452.5,-1.1,1,11,11,0
16758405,"C26H35NO15",601.6,-0.1,0,16,18,0
16758406,"C34H48N4O6",608.8,5.6,1,9,15,0
16758412,"C29H41N3O10",591.6,2.4,0,13,14,0
16758419,"C28H39N3O10",577.6,2.0,0,13,14,0
16758420,"C42H44N2O7",688.8,8.1,0,8,12,0
16758421,"C42H51N3O9",741.9,7.4,1,10,17,0
16758423,"C36H44N4O4",596.8,6.9,0,7,9,0
16758427,"C37H44N2O13",724.7,4.2,0,14,16,0
16758429,"C35H40N2O8S",648.8,6.0,1,10,16,0
16758430,"C35H47N3O10S",701.8,5.3,2,12,21,0
16758431,"C28H38N2O10S",594.7,2.8,1,12,18,0
16758434,"C25H36N2O10S",556.6,1.9,3,12,13,0
16758436,"C24H32N2O8S",508.6,2.3,2,10,16,0
16758438,"C29H37N5O6S",583.7,3.4,2,10,16,0
16758439,"C30H37N3O6S",567.7,5.6,1,9,13,0
16758440,"C30H42N2O6S",558.7,6.0,1,8,17,0
16758441,"C30H40N2O14S",684.7,2.1,1,16,20,0
16758443,"C36H35NO8",609.7,6.4,1,9,10,0
16758444,"C36H42N2O10",662.7,5.7,2,11,15,0
16758445,"C29H33NO10",555.6,3.2,1,11,12,0
16758446,"C31H37N3O5",531.6,5.6,1,8,7,0
16758448,"C26H31NO10",517.5,2.3,3,11,7,0
16758452,"C31H32N2O6",528.6,6.0,1,8,7,0
16758453,"C31H37NO6",519.6,6.400,1,7,11,0
16758454,"C31H35NO14",645.6,2.5,1,15,14,0
16758457,"C33H45N3O10",643.7,2.0,3,11,13,0
16758458,"C26H36N2O10",536.6,-0.5,2,11,10,0
16758461,"C23H34N2O10",498.5,-1.400,4,11,5,0
16758468,"C28H38N2O14",626.6,-1.2,2,15,12,0
16758471,"C35H41N5O10",691.7,3.4,2,11,13,0
16758472,"C28H32N4O10",584.6,0.9,1,11,10,0
16758475,"C25H30N4O10",546.5,0.0,3,11,5,0
16758482,"C30H34N4O14",674.6,0.1,1,15,12,0
16758483,"C33H46N2O7",582.7,6.4,1,8,18,0
16758485,"C27H39N3O2",437.6,5.9,0,5,10,0
16758489,"C28H39NO11",565.6,3.2,0,12,17,0
16758490,"C35H50N4O6",622.8,5.5,1,9,17,0
16758492,"C30H45N5O",491.7,5.4,0,6,9,0
16758496,"C30H43N3O10",605.7,2.2,0,13,16,0
16758497,"C43H50N4O6",718.9,7.1,1,9,17,0
16758499,"C38H45N5O",587.8,7.0,0,6,9,0
16758501,"C33H37N3O3",523.7,4.9,1,6,10,0
16758503,"C38H43N3O10",701.8,3.9,0,13,16,0
16758506,"C29H42N2O9",562.7,4.1,1,10,19,0
16758507,"C22H33NO9",455.5,1.7,0,10,16,0
16758517,"C24H35NO13",545.5,0.9,0,14,18,0
16758536,"C19H26BrNO2",380.3,5.400,0,3,4,0
16758537,"C23H26BrNO5S",508.4,4.9,0,6,5,0
16758544,"C27H31BrN4O",507.5,5.1,1,5,5,0
16758545,"C28H33BrN4O",521.5,5.400,1,5,5,0
16758561,"C21H30O3S",362.5,5.4,1,4,12,0
16758563,"C22H21BrO3",413.3,5.3,0,3,7,0
16758566,"C20H23BrO3",391.3,5.1,0,3,8,0
16758575,"C26H28Br2N2O2",560.3,6.1,0,2,2,0
16758576,"C34H34N2O4",534.6,6.2,0,4,4,0
16758590,"C33H40N2O14",688.7,-0.1,2,15,13,0
16758599,"C32H36F2N2O14",710.6,0.2,2,17,12,0
16758608,"C33H40N2O14",688.7,-0.1,2,15,13,0
16758617,"C32H36F2N2O14",710.6,0.2,2,17,12,0
16758620,"C34H40N2O6",572.7,5.2,2,7,9,0
16758626,"C38H42N2O15",766.7,1.5,2,16,14,0
16758635,"C34H40N2O16",732.7,-0.3,2,17,13,0
16758638,"C34H40N2O6",572.7,5.2,2,7,9,0
16758644,"C38H42N2O15",766.7,1.5,2,16,14,0
16758653,"C34H40N2O16",732.7,-0.3,2,17,13,0
16758662,"C31H42N2O15",682.7,-1.2,2,16,13,0
16758671,"C34H42N2O14",702.7,0.3,2,15,13,0
16758680,"C31H42N2O15",682.7,-1.2,2,16,13,0
16758689,"C34H42N2O14",702.7,0.3,2,15,13,0
16758698,"C31H42N2O16",698.7,-1.4,2,17,16,0
16758707,"C30H42N2O14",654.7,-0.6,2,15,12,0
16758716,"C31H42N2O16",698.7,-1.4,2,17,16,0
16758725,"C30H42N2O14",654.7,-0.6,2,15,12,0
16758734,"C32H44N2O14",680.7,0.2,2,15,12,0
16758743,"C28H38N2O14",626.6,-1.2,2,15,12,0
16758752,"C32H44N2O14",680.7,0.2,2,15,12,0
16758760,"C28H38N2O14",626.6,-1.2,2,15,12,0
16758840,"C24H32O8",448.5,5.0,0,8,12,0
16758844,"C23H28O7",416.5,4.9,0,7,11,0
16758848,"C19H26BrNO2",380.3,5.400,0,3,4,0
16758849,"C23H26BrNO5S",508.4,4.9,0,6,5,0
16758858,"C33H34N2O4",522.6,5.5,0,6,9,0
16758866,"C39H34N2O7",642.7,5.5,1,8,10,0
16758872,"C30H30N2O10",578.6,2.3,0,11,11,0
16758873,"C39H34N2O7",642.7,5.700,0,8,10,0
16758884,"C26H28Br2N2O2",560.3,6.1,0,2,2,0
16758885,"C26H28Br2N2O2",560.3,6.1,0,2,2,0
16758887,"C34H38N2O4",538.7,4.8,0,4,6,0
16758888,"C32H38N2O2",482.7,6.9,0,2,6,0
16758889,"C34H34N2O4",534.6,6.2,0,4,4,0
16758892,"C36H28N4O2",548.6,5.9,2,2,2,0
16758893,"C42H40N4O8",728.8,5.7,2,8,8,0
16758894,"C30H36BrN3O3",566.5,5.2,0,4,3,0
16758895,"C31H36BrN3O2",562.5,5.7,0,3,4,0
16758898,"C37H39N3O5",605.7,6.3,1,5,7,0
16758902,"C22H24BrNO2",414.3,5.5,0,3,3,0
16758903,"C23H26BrNO4",460.4,5.2,0,5,5,0
16758904,"C26H32BrNO3",486.4,6.9,0,4,5,0
16758915,"C24H27BrO4",459.4,6.1,0,4,5,0
16758916,"C27H34O3",406.6,6.7,0,3,10,0
16758917,"C23H34O3",358.5,5.9,0,3,11,0
16758923,"C25H37BrO4",481.5,6.5,0,4,12,0
16758933,"C20H30O7",382.4,5.2,0,7,13,0
16758942,"C22H23FO5",386.4,4.900,0,6,8,0
16758944,"C30H34O4",458.6,4.700,1,4,4,0
16758950,"C23H23BrO5",459.3,5.4,0,5,9,0
16758957,"C33H42O4",502.7,8.1,0,4,8,0
16758958,"C24H16Cl2N2O",419.3,6.3,0,3,3,0
16758959,"C26H28O3",388.5,5.1,0,3,5,0
16758961,"C26H28O3",388.5,5.1,0,3,5,0
16758969,"C28H28O",380.5,6.5,0,1,5,0
16758972,"C26H28O3",388.5,5.1,0,3,5,0
16758982,"C23H31NO6",417.5,5.3,1,6,14,0
16758986,"C55H38O8",826.9,12.2,2,8,6,0
16758990,"C21H22O2",306.4,4.5,1,2,3,0
16758999,"C25H34O6",430.5,5.2,0,6,11,0
16759003,"C42H45BrO9",773.7,8.8,0,9,17,0
16759013,"C29H31BrO5",539.5,6.9,0,5,13,0
16759015,"C26H28O",356.5,6.1,0,1,5,0
16759016,"C31H18F12O4",682.5,6.4,2,16,6,0
16759018,"C23H27NOS",365.5,7.0,0,3,9,0
16759020,"C26H22F6O",464.4,7.0,0,7,3,0
16759024,"C24H22F2O",364.4,5.4,0,3,3,0
16759027,"C30H44O",420.7,8.9,0,1,9,0
16759040,"C20H29NOS",331.5,5.9,0,3,9,0
16759047,"C26H28O",356.5,5.9,0,1,3,0
16759050,"C9H16O",140.22,2.5,0,1,1,0
16759054,"C26H44O",372.6,9.4,0,1,13,0
16759056,"C25H37NO4",415.6,4.9,1,4,15,0
16759065,"C24H22Br2O",486.2,6.6,0,1,3,0
16759067,"C24H24O",328.4,5.2,0,1,3,0
16759071,"C35H42N2O2",522.7,9.5,0,4,10,0
16759073,"C25H18Cl2N2O",433.3,7.0,0,3,3,0
16759076,"C25H18Cl2N2O",433.3,6.7,0,3,3,0
16759090,"C33H32N2O2",488.6,7.600,1,4,5,0
16759098,"C28H37BrO5",533.5,6.7,0,5,14,0
16759106,"C24H30O6",414.5,5.4,0,6,11,0
16759107,"C20H21BrO7",453.3,4.5,0,7,10,0
16759113,"C24H30O7",430.5,5.5,0,7,11,0
16759114,"C22H26O7",402.4,4.5,0,7,10,0
16759118,"C24H26O3",362.5,5.2,1,3,5,0
16759120,"C25H28O4",392.5,5.1,1,4,6,0
16759121,"C27H30O3",402.5,6.2,1,3,5,0
16759122,"C29H28O6",472.5,5.7,0,6,10,0
16759123,"C29H28O6",472.5,5.4,1,6,9,0
16759125,"C25H30O3",378.5,5.9,1,3,5,0
16759126,"C24H26O3",362.5,5.2,1,3,5,0
16759128,"C25H28O3",376.5,5.6,1,3,5,0
16759134,"C25H27NO5",421.5,4.9,0,6,9,0
16759146,"C6H7BO3S",170.00,"",2,4,2,0
16759149,"C20H18ClNNa2O7",465.8,"",2,8,8,0
16759163,"C24H41NO3",391.6,6.600,3,3,17,0
16759166,"C6H8N2O4",172.14,-3.900,3,5,1,0
16759173,"C23H35NaO7",446.5,"",3,7,11,0
16759177,"C18H11Cl2N2NaO3",397.2,"",2,3,4,0
16759257,"C48H39N5O7",797.8,5.1,1,8,7,0
16759259,"C35H36N4O12",704.7,-0.4,0,13,11,0
16759265,"C37H50N2O10",682.8,1.0,2,11,10,0
16759268,"C42H40O17",816.8,3.6,0,17,19,0
16759272,"C34H47NO11",645.7,0.3,3,12,11,0
16759274,"C20H30O2",302.5,4.8,1,2,2,0
16759276,"C37H67NO13",733.9,2.700,5,14,7,0
16759277,"C30H46O4",470.7,6.4,2,4,1,0
16759282,"C10H14N5O10P2-",426.19,-4.700,5,14,6,-1
16759288,"C30H48O3",456.7,7.5,2,3,1,0
16759303,"C29H50O",414.7,9.3,1,1,6,0
16759304,"C29H48O",412.7,8.6,1,1,5,0
16759305,"C56H92O29",1229.3,-3.9,17,29,14,0
16760658,"C7H5NaO3",160.10,"",1,3,1,0
16760703,"C8H15NaO2",166.19,"",0,2,5,0
1677,"C6H6BNO4",166.93,"",2,4,1,0
167760,"C23H46NO4+",400.6,7.1,1,4,20,1
1678,"C3H5NO4",119.08,-0.5,1,4,2,0
1681,"C9H9N",131.17,1.2,1,1,1,0
168382,"C19H38NO4+",344.5,4.9,1,4,16,1
16907,"C3H6O2S",106.15,0.400,1,3,2,0
16932,"C17H12",216.28,5.4,0,0,0,0
1697,"C20H15N3O2",329.4,3.8,3,4,4,0
17049,"C7H14O2",130.18,1.000,0,2,5,0
17111,"C7H13NO2",143.18,0.500,0,3,5,0
1711971,"C26H26F2N2",404.5,6.000,0,4,6,0
1725,"C7H9N3",135.17,-0.500,3,2,1,0
1727,"C5H6N2",94.11,0.300,1,2,0,0
1730,"C7H5ClHgO2",357.16,"",1,2,1,0
17355,"C10H12O",148.20,1.8,0,1,3,0
173685,"C7H9NO2",139.15,-2.2,2,3,1,0
174,"C2H6O2",62.07,-1.400,2,2,1,0
1745,"C4H6N2O",98.10,-0.800,2,2,1,0
1752,"C15H24O",220.35,5.900,1,1,8,0
1752356,"C22H17ClF4N2O3",468.8,4.9,0,8,5,0
175533,"C28H44ClNO3S",510.2,"",0,3,13,0
1760913,"C9H14N4O3",226.23,-4.0,4,5,6,0
176155,"C21H16FN3OS",377.4,3.2,1,5,4,0
176157,"C18H20Cl4N4",434.2,7.1,1,4,7,0
1766440,"C5H10N2O4",162.14,-4.7,4,5,4,0
17683,"C25H36ClNO5",466.0,"",1,6,14,0
177,"C2H4O",44.05,-0.3,0,1,0,0
177120,"C3H8NO5P",169.07,-5.2,4,6,3,0
1774,"C6H11NO",113.16,-0.3,0,1,0,0
178,"C2H5NO",59.07,-0.9,1,1,0,0
17818,"C7H9NO",123.15,1.300,2,2,0,0
179394,"C4H10NO5P",183.10,-5.500,4,6,4,0
1795545,"C5H12NO5P",197.13,-4.6,4,6,4,0
1796510,"C6H11NO2",129.16,-2.900,2,3,1,0
180,"C3H6O",58.08,-0.1,0,1,0,0
18056,"C3H5ClOS",124.59,2.1,0,2,2,0
180933,"C18H10O2",258.3,3.9,0,2,0,0
18177,"C2HCl2N",109.94,1.3,0,1,0,0
1824906,"C10H10N2O4S3",318.4,2.2,0,9,8,0
18303,"C4H6O2",86.09,0.300,0,2,0,0
183351,"C4H8N2O2",116.12,-1.5,2,3,0,0
18502,"C7H11NO",125.17,2.8,0,2,1,0
18510,"C14H26O2",226.35,6.100,0,2,11,0
18604,"C14H28O",212.37,6.300,0,1,11,0
18635,"C4H8OS",104.17,0.3,0,2,3,0
190,"C5H5N5",135.13,-0.100,2,4,0,0
19042,"C14H18O7",298.29,1.1,1,7,13,0
1905581,"C20H23N3O2S",369.5,3.4,0,3,4,0
192197,"C18H22O2",270.4,5.2,2,2,5,0
1923,"C9H7NO",145.16,2.000,1,2,0,0
19283,"C30H50O4",474.7,12.300,0,4,24,0
193112,"C21H38O7",402.5,5.7,3,7,19,0
19493,"C9H11N",133.19,1.500,1,1,1,0
196,"C6H10O4",146.14,0.100,2,4,5,0
1967,"C21H26O3",326.4,3.9,1,3,6,0
197687,"C28H41N3O2",451.6,5.2,0,4,9,0
1985,"C8H10AsNO5",275.09,"",4,5,2,0
19871,"C7H16O",116.20,2.2,1,1,2,0
199,"C5H14N4",130.19,-1.5,3,2,4,0
1990,"C2H5NO2",75.07,-1.600,2,2,0,0
19900,"C23H29N",319.5,5.5,0,1,5,0
19920,"C6H12O2",116.16,0.6,0,2,3,0
200213,"C3H9BrN2S",185.09,"",3,2,2,0
201262,"C7H9BO3",151.96,"",2,3,2,0
20167,"C33H28O8",552.6,6.5,0,8,16,0
2029410,"C22H18N4O3",386.4,2.7,1,5,5,0
2039,"C3H9N3S",119.19,-0.8,3,3,3,0
20441,"C5H9NO4",147.13,-3.300,2,5,4,0
2051,"C16H14ClN3O2",315.75,4.0,1,5,4,0
2060907,"C18H16N2O3",308.3,2.4,1,4,3,0
2063395,"C18H16F6NO3P",439.3,4.8,1,9,6,0
2067268,"C17H18N8O2S",398.4,2.6,3,11,8,0
20686,"C6H8N2",108.14,0.5,0,2,2,0
2077586,"C16H16ClN3OS2",365.9,4.2,0,5,7,0
2084313,"C19H12BrCl2N3O2",465.1,5.5,0,5,4,0
2085053,"C15H15N3OS3",349.5,4.2,1,6,6,0
2088593,"C20H22N4O2S",382.5,2.6,2,3,8,0
2090188,"C20H21ClN4OS",400.9,3.7,1,4,5,0
2096629,"C21H21NO2",319.4,4.2,0,3,2,0
21041,"C13H9ClN2",228.67,3.900,1,1,1,0
2105553,"C22H22N2O6",410.4,3.3,2,6,9,0
2105612,"C20H17N5S3",423.6,4.8,0,7,8,0
2108763,"C22H17ClN6O3S",480.9,4.5,0,8,8,0
2112640,"C19H22N6OS",382.5,4.7,0,6,6,0
2113703,"C19H17BrN2O2S",417.3,5.5,0,5,5,0
2114311,"C25H20FN5O2S",473.5,5.0,0,8,8,0
2115954,"C20H13BrN6O2",449.3,3.9,0,7,5,0
2116,"C29H50O2",430.7,10.7,1,2,12,0
2117,"C31H52O3",472.7,10.8,0,3,14,0
2119996,"C21H14ClN5O3S",451.9,4.5,0,7,5,0
2125,"C22H21Cl2IN4O",555.2,6.500,1,3,4,0
2125695,"C21H16N6OS2",432.5,4.7,0,7,6,0
2127267,"C24H18ClN5O2S",476.0,5.2,0,7,7,0
2146,"CH6N4",74.09,-1.5,3,2,0,0
2147840,"C18H17ClF2N2O6S2",494.9,2.300,1,9,6,0
2149,"C4H9NO3",119.12,-4.1,3,4,3,0
2155,"C3H4N2S",100.14,0.400,1,3,0,0
2156314,"C23H16F3N5O3S",499.5,4.8,2,9,5,0
2157,"C25H29I2NO3",645.3,7.600,0,4,11,0
215819,"C6H13Cl2N3",198.09,"",4,2,2,0
2161899,"C21H21NO2",319.4,4.2,0,3,2,0
2168035,"C12H7ClN2OS3",326.9,4.5,1,5,3,0
21718,"C26H35NO7",473.6,"",4,8,14,0
2177684,"C21H22F2N2O3",388.4,3.4,0,6,6,0
2188626,"C23H17N3O3S",415.5,5.7,0,6,5,0
219050,"C23H26N2O",346.5,4.6,2,2,6,0
21951,"C4H10ClNO2S",171.65,"",3,4,3,0
21954,"C4H4N2O2",112.09,-0.800,2,2,0,0
219559,"C7H13NO4",175.18,-2.0,2,5,5,0
219585,"C6H11NO4",161.16,-2.5,2,5,5,0
2197839,"C14H17NO3S",279.36,5.1,0,5,8,0
2200182,"C25H21ClN4O2",444.9,4.0,0,4,8,0
2201485,"C16H16ClN3OS2",365.9,4.3,0,5,6,0
220278,"C5H12O2S",136.21,-0.1,2,3,5,0
2207552,"C23H23BrN4O2S",499.4,5.4,1,5,7,0
220852,"C19H12N2O3S2",380.4,5.7,0,6,4,0
2212701,"C21H16N6OS3",464.6,5.9,1,8,6,0
2213056,"C22H15Cl2N5O2S",484.4,5.8,1,6,4,0
221363,"C23H30Cl2O2",409.4,8.5,2,2,4,0
2214214,"C17H17Cl2N5O2S2",458.4,4.1,1,7,9,0
2214825,"C18H27N3O2",317.4,2.3,1,3,6,0
221519,"C21H21N",287.4,5.4,0,1,5,0
2219052,"C14H13Cl2N5OS",370.3,5.1,1,5,5,0
2219259,"C23H20F3N5O2S",487.5,4.1,1,9,8,0
2220861,"C21H16ClN3O2",377.8,4.9,1,4,3,0
2222450,"C25H21N5O2S2",487.6,5.7,2,7,6,0
2224202,"C22H29ClN6O2S",477.0,4.9,1,8,7,0
2224305,"C17H14N2O3S2",358.4,3.6,1,5,5,0
222574,"C7H8AsNO5",261.06,"",2,5,2,0
223156,"C23H21N",311.4,5.8,0,1,4,0
223191,"C20H33NO2",319.5,5.3,2,3,5,0
2233014,"C25H23N3O4",429.5,4.2,1,6,7,0
2234300,"C28H21N5O2S",491.6,6.6,2,6,8,0
2235692,"C23H15ClFN3O2",419.8,5.4,1,5,3,0
2235724,"C24H16N4O",376.4,4.6,0,4,4,0
2236497,"C14H13BrN4O",333.18,3.7,1,4,2,0
2236635,"C26H23N3O3",425.5,4.5,1,4,4,0
223753,"C18H14Cl2N6",385.2,5.2,2,5,4,0
223826,"C14H10Cl4S",352.1,6.4,0,1,4,0
2238454,"C22H22ClN3O3",411.9,4.0,1,4,4,0
224,"C10H14N5O7P",347.22,-3.500,5,11,4,0
224101,"C26H14N2O3",402.4,5.4,0,4,2,0
2241612,"C24H22FN3O2S",435.5,5.1,0,6,4,0
224250,"C6H8As2O6",325.97,"",4,6,2,0
224267,"C9H9AsN2O5S2",364.2,"",3,8,4,0
224270,"C9H10AsNO6",303.10,"",4,6,4,0
224279,"C12H11AsN2O4",322.15,"",3,6,3,0
224295,"C14H13AsN2O5",364.18,"",4,5,4,0
224336,"C8H10AsNO4S",291.16,"",2,5,4,0
22456,"C4H12O7Pb",379,"",3,7,0,0
224575,"C7H8AsIN2O5",401.97,"",5,5,2,0
22463,"C20H14O2S2",350.5,5.8,2,4,3,0
2247,"C28H31FN4O",458.6,6.0,1,5,8,0
224772,"C6H14N2",114.19,0.1,2,2,4,0
2248288,"C22H21N5OS3",467.6,5.1,1,7,7,0
22488,"C19H14",242.3,6.300,0,0,0,0
224907,"C7H10AsNO5S",295.15,"",3,6,3,0
224913,"C8H12NO6SSb",372.01,"",4,7,5,0
224928,"C12H11As2NO8",447.06,"",4,8,3,0
224978,"C27H20O3",392.4,6.6,3,3,3,0
2250138,"C15H24ClNO2",285.81,3.2,2,3,9,0
22571,"C24H27NO2",361.5,7.1,0,3,10,0
22584,"C6H9ClN2O4S",240.67,"",4,6,0,0
2268,"C10H12N3O3PS2",317.3,2.800,0,7,5,0
227,"C7H7NO2",137.14,1.200,2,3,1,0
227150,"C27H19Br2NO",533.3,8.100,0,2,5,0
227312,"C4H14N6O4S",242.26,"",6,6,3,0
227337,"C22H24N2S",348.5,5.8,0,3,5,0
2276878,"C13H7F7N2S",356.26,4.7,0,10,2,0
22772,"C3H2N2S2",130.20,1.7,0,4,2,0
227840,"C24H29ClN2S",413.0,7.300,0,3,4,0
2283,"C66H103N17O16S",1422.7,-4.1,17,21,35,0
228398,"C7H14N2O3",174.20,-3.600,3,4,5,0
228569,"C17H14Br4O4",601.9,6.1,3,4,5,0
22880,"C5H9NO4",147.13,-3.4,3,5,4,0
22960,"C37H28N4Na2O10S3",830.8,"",1,14,8,0
22985,"H4N2O3",80.044,"",1,3,0,0
229969,"C21H21ClN2S",368.9,6.0,0,3,4,0
2304191,"C19H17BrN2O3S",433.3,4.9,0,6,7,0
230478,"C6H8B2O4",165.75,"",4,4,2,0
231626,"C21H15Br",347.2,6.7,0,0,2,0
231631,"C26H20O3",380.4,5.600,2,3,5,0
231656,"C25H18N2",346.4,6.6,0,0,2,0
2323124,"C19H13F3N2O3",374.3,4.5,2,7,3,0
2324329,"C20H23F3N2O2S",412.5,3.9,0,7,6,0
2324877,"C16H12O2S",268.3,3.7,0,3,2,0
2331,"C7H7NO",121.14,0.600,1,1,1,0
2332,"C7H8N2",120.15,0.700,2,1,1,0
23327,"C5H9NO4",147.13,-3.700,3,5,4,0
2333,"C17H12Br2O3",424.1,5.700,1,3,3,0
23365,"C6H13NO2",131.17,-0.2,1,3,5,0
233907,"C22H18S",314.4,6.4,0,1,4,0
23392,"C6H7Cl2N",164.03,"",1,1,1,0
234404,"C20H28N2S2",360.6,6.100,0,4,5,0
2346,"C8H7NS",149.21,3.200,0,2,2,0
234772,"C23H21NO2S",375.5,6.3,2,4,5,0
234859,"C15H10N2S4",346.5,5.400,0,6,4,0
234890,"C12H10As2N2O6",428.06,"",4,8,2,0
235012,"C28H27N3O2S",469.6,5.1,2,3,5,0
235043,"C18H13ClOS",312.8,5.700,0,2,4,0
235431,"C40H44N8O8S2",829.0,1.5,4,12,0,0
2359,"C8H7BO2S",178.02,"",2,3,1,0
2361235,"C16H11N5S3",369.5,5.8,0,7,2,0
2365,"C3H4O2",72.06,-0.2,0,2,0,0
2365088,"C17H15N3O3S",341.4,3.0,2,5,4,0
23662354,"C2H5NaO3S2",164.18,"",1,4,2,0
23663396,"C16H20N3NaO8S",437.4,"",3,10,10,0
23663628,"C7H6KNO2",175.23,"",1,3,1,0
23665356,"C25H26N9NaO8S2",667.7,"",3,13,9,0
23665760,"ClNaO",74.44,"",0,1,0,0
2366734,"C27H23N3O5",469.5,3.6,0,6,6,0
23668193,"NNaO2",68.995,"",0,3,0,0
23668195,"BrNaO3",150.89,"",0,3,0,0
23668197,"ClNaO2",90.44,"",0,2,0,0
23669253,"C19H17N6NaO6S2",512.5,"",1,11,9,0
23682223,"C15H16N7NaO5S3",493.5,"",1,12,9,0
23684973,"C16H14ClN5NaO6PS",493.8,"",2,11,3,0
23684975,"C14H13N8NaO4S3",476.5,"",1,12,7,0
23684976,"C15H16N7NaO5S3",493.5,"",1,12,9,0
23684996,"C18H25N5NaO9P",509.4,"",2,12,8,0
23684997,"C36H61NaO11",692.9,"",3,11,10,0
2368598,"C21H20N2O5",380.4,3.2,2,5,8,0
2369439,"C8H8N2O",148.16,1.1,1,3,0,0
23704139,"C16H16N5NaO7S2",477.5,"",2,12,8,0
23713215,"C14H13N8NaO4S3",476.5,"",1,12,7,0
23713216,"C16H16N5NaO7S2",477.5,"",2,12,8,0
23713220,"C31H35N2NaO11",634.6,"",4,11,9,0
23713226,"C42H69NaO11",773.0,"",3,11,12,0
237332,"C6H6O3",126.11,-0.600,1,3,2,0
23741,"C16H32O",240.42,7.300,0,1,13,0
23749,"C12H12As2N2O6",430.08,"",4,8,4,0
2377519,"C29H27N3O3S",497.6,5.8,0,6,7,0
237752,"C20H16O2S2",352.5,6.300,0,4,5,0
2377862,"C23H21N5OS",415.5,4.8,1,5,5,0
2378667,"C22H18ClN5OS",435.9,5.1,1,5,5,0
2386422,"C21H16N4OS2",404.5,4.6,0,6,6,0
23894,"C2H6Na2O7P2",249.99,"",3,7,2,0
239,"C3H7NO2",89.09,-3.000,2,3,2,0
2393456,"C20H13ClN2O3S",396.8,4.8,0,5,5,0
2394755,"C24H28N4OS2",452.6,5.1,0,5,6,0
240,"C7H6O",106.12,1.500,0,1,1,0
2406,"C12H6Cl4O2S",356.0,5.8,2,3,2,0
240684,"C23H17ClN2",356.8,7.000,0,1,4,0
2408437,"C12H9N3OS",243.29,2.0,0,4,1,0
241,"C6H6",78.11,2.100,0,0,0,0
2410033,"C22H32N6O3S2",492.7,3.0,2,8,11,0
241052,"C28H41NO2",423.6,7.700,2,3,7,0
241066,"C24H26O3",362.5,6.2,3,3,4,0
241069,"C28H39Br2NO2",581.4,9.1,2,3,7,0
241158,"C13H14As2O6",416.09,"",4,6,4,0
241231,"C32H40N2O2",484.7,7.6,0,4,6,0
241399,"C28H35NO2",417.6,7.7,2,3,7,0
241463,"C28H35NO2",417.6,7.3,2,3,6,0
241474,"C20H21Br4NO2",627.0,7.1,2,3,5,0
241475,"C20H21Br4NO2",627.0,7.1,2,3,5,0
241476,"C20H21Cl4NO2",449.2,6.9,2,3,5,0
241482,"C23H31Br2NO2",513.3,7.3,2,3,6,0
241878,"C21H14N2OS4",438.6,7.5,1,7,5,0
243,"C7H6O2",122.12,1.900,1,2,1,0
24314,"C7H14O2",130.18,0.8,0,2,3,0
244,"C7H8O",108.14,1.100,1,1,1,0
2442031,"C16H14ClNO2",287.74,4.200,1,2,4,0
244282,"C7H17NO",131.22,0.8,2,2,4,0
24502,"Cr2K2O7",294.18,"",0,7,0,0
245251,"C14H10Cl2O2S2",345.3,5.6,1,4,5,0
245617,"C32H42O2",458.7,9.9,2,2,6,0
2460,"C18H24N5O8P",469.4,-0.5,2,11,8,0
24603,"FHO3S",100.07,-0.3,1,4,0,0
24633,"CdCl2",183.32,"",0,2,0,0
24639,"ClH4NO4",117.49,"",1,4,0,0
24693,"C21H24O3",324.4,"",3,3,0,0
246977,"C22H30O2",326.5,6.9,2,2,3,0
247144,"C6H18N4O4S",242.30,"",4,6,4,0
24726,"C3H4Cl2",110.97,1.7,0,0,1,0
24744,"C16H16N2O4",300.31,3.600,2,4,5,0
247982,"C30H22N6O",482.5,5.8,0,6,4,0
248,"C5H12NO2+",118.15,-0.1,1,2,2,1
24812,"Cl3In",221.17,"",0,0,0,0
24819,"Cl5P",208.2,3.9,0,0,0,0
2482425,"C17H19ClN4O4S",410.9,3.5,2,7,7,0
24846,"H8N2O6S",164.14,"",4,6,0,0
248618,"C20H13Cl2N",338.2,6.1,0,1,2,0
2488274,"C22H21N5O4S",451.5,4.4,0,8,8,0
249,"C5H12NO+",102.15,-0.2,0,1,2,1
2493161,"C24H22N4O4S",462.5,4.7,0,7,8,0
249398,"C27H19NO3",405.4,5.5,2,3,4,0
2497,"C34H48N4+2",512.8,9.5,2,2,15,2
2502379,"C23H23N5O4S",465.5,4.9,0,8,9,0
250319,"C24H30N2S4",474.8,5.4,0,6,4,0
25043519,"C5H12N2O3S",180.23,-1.800,3,5,4,0
25089409,"C41H67NO15",814.0,4.3,0,16,12,0
2513,"C2H7AsO2",138.00,"",1,2,0,0
2514,"C4H8CdO4",232.52,"",2,4,0,0
2521,"C30H26N2O13",622.5,-4.1,6,15,14,0
25240998,"C32H33BrN4O2",585.5,5.9,1,6,7,0
2525820,"C19H17ClN4O3S3",481.0,4.1,0,7,5,0
2529468,"C19H22N4O2S2",402.5,3.7,1,7,8,0
2529716,"C22H17N5O2S2",447.5,3.9,1,7,5,0
2532225,"C17H15N3O3S2",373.5,3.6,0,7,5,0
2532303,"C21H19N3O2S3",441.6,5.2,0,6,7,0
253305,"C7H14N2O4S2",254.3,-5.6,4,8,8,0
2540,"C33H34N6O6",610.7,7.0,1,10,13,0
254598,"C28H26N2O2",422.5,5.5,0,4,4,0
2547019,"C22H17ClFN3O3S",457.9,4.6,0,7,9,0
254848,"C13H11AsN2O6",366.16,"",4,8,4,0
254860,"C32H28Cl2N2",511.5,8.8,0,2,5,0
2549759,"C23H19N7OS",441.5,4.7,0,7,5,0
2551,"C6H15N2O2+",147.20,-0.4,1,2,4,1
2551569,"C25H24N4O2S",444.6,4.3,0,6,6,0
2552706,"C24H17N5OS3",487.6,4.4,0,7,6,0
2555135,"C22H25N5OS3",471.7,4.9,1,7,6,0
2555359,"C14H13N5O3S",331.35,1.6,1,7,6,0
2555366,"C16H11N3O2S2",341.4,4.1,1,6,3,0
255800,"C3H6N4O3",146.11,-1.7,4,4,2,0
2558417,"C19H14ClN3O2S2",415.9,4.7,0,6,7,0
2565061,"C16H11N3OS2",325.4,4.0,0,6,4,0
2566512,"C22H19F2N3O3S2",475.5,5.4,0,9,9,0
2567826,"C20H20N4O2S3",444.6,4.6,0,8,5,0
2568754,"C23H25N5O3S2",483.6,5.2,0,8,7,0
2570225,"C20H15N3OS3",409.6,4.9,0,6,6,0
257455,"C19H17Cl2NO2",362.2,5.0,2,3,4,0
257459,"C13H9Cl3O2",303.6,5.0,2,2,2,0
2575484,"C19H15BrN6OS",455.3,4.8,0,6,6,0
2591142,"C21H15N5O2S3",465.6,5.3,0,8,6,0
25914,"C6H15N",101.19,1.600,1,1,4,0
259173,"C21H22ClNO2",355.9,5.2,2,3,5,0
259176,"C19H17Br2NO2",451.2,5.2,2,3,4,0
259766,"C18H10Cl2N2O",341.2,5.6,0,3,2,0
260088,"C24H21N3O6",447.4,5.5,0,9,9,0
260823,"C11H10AsN7O4",379.16,"",4,9,3,0
2609902,"C23H15BrN4O2S",491.4,5.1,0,6,5,0
261,"C4H8O",72.11,0.900,0,1,2,0
261033,"C13H14AsNO3",307.18,"",3,4,4,0
261036,"C14H10As2O4",392.07,"",2,4,4,0
2612952,"C19H16Cl2N4O2S",435.3,4.5,0,6,7,0
261331,"C22H27Cl3N4",453.8,5.500,0,4,4,0
261816,"C36H56O4S4",681.1,12.3,2,8,4,0
261847,"C29H18N2O4",458.5,4.900,0,4,4,0
262093,"C14H14O4S2",310.4,1.5,2,6,6,0
2621540,"C20H26N4S",354.5,4.5,0,4,6,0
263,"C4H10O",74.12,0.900,1,1,2,0
26323,"C4H7ClOS",138.62,2.6,0,2,3,0
264067,"C21H15NOS",329.4,5.7,0,3,4,0
264984,"C23H22F3NO",385.4,4.9,1,5,5,0
266698,"C24H26N4",370.5,5.2,2,4,5,0
266881,"C22H21NO3S",379.5,5.4,1,4,5,0
266921,"C3H4N4O",112.09,-0.5,2,3,1,0
268787,"C29H40O2",420.6,9.4,2,2,2,0
268954,"C21H16Cl2N2",367.3,7.0,0,2,2,0
2700,"C20H36O2",308.5,7.7,0,2,15,0
270782,"C8H7N3",145.16,1.100,1,2,1,0
270978,"C13H13N9O2S2",391.4,0.9,3,12,4,0
271326,"C10H13NO6",243.21,-3.7,3,7,5,0
272208,"C24H24N2OS",388.5,5.6,0,3,2,0
272358,"C25H18N2O",362.4,5.9,0,3,3,0
2723597,"C8H10ClNO",171.62,"",2,2,2,0
2723650,"C3H6N2S",102.16,-0.700,2,1,0,0
2723789,"CH5N3S",91.14,-1.2,3,2,0,0
2723790,"CH4N2S",76.12,-0.8,2,1,0,0
2723951,"C4H4N4",108.10,-1.0,2,4,0,0
2724385,"C41H64O14",780.9,1.300,6,14,7,0
2724411,"C52H54N4O12",927.0,"",4,14,7,0
272658,"C10H12AsN7O4",369.17,"",6,11,3,0
272904,"C5H7N3O2",141.13,0.3,2,4,2,0
2733506,"C8H17N3O2",187.24,-3.100,3,4,6,0
2733525,"C32H37NO8",563.6,"",4,9,13,0
2733526,"C26H29NO",371.5,7.1,0,2,8,0
2734117,"C32H68BrN",546.8,"",0,1,28,0
2734324,"C4H4BClO2S",162.41,"",2,3,1,0
2734373,"C5H7BO2S",141.99,"",2,3,1,0
2734802,"C4H4O5",132.07,-0.9,2,5,2,0
2734956,"C7H10ClNO",159.61,"",2,2,1,0
2735009,"C5H12N2S",132.23,0.600,2,1,2,0
273730,"C27H30O6",450.5,5.6,0,6,6,0
274104,"C20H10Br4O5",649.9,6.500,3,5,2,0
275,"C5H12N4O3",176.17,-4.800,4,5,5,0
27503,"C23H14Na2O11",512.3,"",1,11,6,0
275085,"C6H8N4O3S",216.22,"",2,5,1,0
2751443,"C19H19NO4",325.4,2.6,1,4,5,0
275178,"C20H14Cl2O2",357.2,5.7,0,2,2,0
275182,"C37H40N2O6",608.7,6.1,1,8,3,0
275479,"C24H23N3",353.5,"",0,2,2,0
275698,"C5H11NO2",117.15,0.9,2,2,2,0
2760140,"C7H14ClNO3",195.64,"",2,4,3,0
276306,"C32H18Cl4O4",608.3,9.6,2,4,4,0
2767,"Cl2H4N2Pt",298.03,"",2,2,0,0
276707,"C18H12N2O2S2",352.4,4.5,2,6,3,0
277277,"C26H19N3O8S2",565.6,3.3,5,11,5,0
2773429,"C5H5BO3S",155.97,"",2,4,2,0
277509,"C24H20O",324.4,7.4,0,1,2,0
2776266,"C8H7BO3",161.95,"",2,3,1,0
2776344,"C8H7BO2S",178.02,"",2,3,1,0
278037,"C27H18N2O4",434.4,4.4,3,4,4,0
278497,"C26H40N2",380.6,6.6,0,2,7,0
2785216,"C38H34P2+2",552.6,9.0,0,0,9,2
278710,"C27H18FNO3",423.4,5.6,2,4,4,0
2787141,"C3H3N3O2S",145.14,-0.6,3,3,0,0
278721,"C32H19NO2",449.5,7.8,0,2,1,0
2794990,"C5H16N4O4S",228.27,"",5,6,4,0
2795203,"C8H9ClN2",168.62,"",2,1,0,0
2799,"C21H26Cl2O",365.3,8.1,1,1,5,0
2801,"C19H23ClN2",314.9,5.200,0,2,4,0
280491,"C28H22N2O3",434.5,6.3,0,4,4,0
2812,"C22H17ClN2",344.8,5.000,0,1,4,0
281622,"C5H9NO4",147.13,-3.400,3,5,5,0
2821,"C9H2N4Na2O4",276.12,"",0,7,0,0
282667,"C26H17NO2",375.4,5.9,1,3,3,0
2826917,"C9H11IN2",274.10,"",0,1,0,0
2831552,"C7H10ClNO2",175.61,"",2,3,2,0
283211,"C18H15Cl2N3",344.2,5.6,1,3,5,0
283212,"C18H15Cl2N3",344.2,5.6,1,3,5,0
2837738,"C13H18N4O5",310.31,-1.5,1,7,1,0
2849332,"C18H20N4OS",340.4,3.6,1,6,2,0
284957,"C7H13NO2",143.18,1.1,1,2,0,0
286,"C2H5NO3",91.07,-3.4,2,4,2,0
286947,"C2H7N3O3",121.10,"",5,4,0,0
2871813,"C21H23N3OS",365.5,4.4,0,5,4,0
2877644,"C20H18N4O",330.4,4.1,0,5,2,0
2879,"C7H8O",108.14,1.900,1,1,0,0
287936,"C7H10O3",142.15,0.0,1,3,5,0
28803,"C14H22O7",302.32,0.7,0,7,16,0
289,"C6H6O2",110.11,0.900,2,2,0,0
2894050,"C25H34N2O8",490.5,3.5,2,8,16,0
2896,"C5H9N3O2",143.14,-1.6,2,3,2,0
2896448,"C15H13NO4S",303.3,2.2,1,4,3,0
2901,"C6H11NO2",129.16,-2.600,2,3,1,0
2901315,"C18H21N3O",295.4,4.1,2,3,6,0
2907920,"C24H22N4O",382.5,5.1,2,3,6,0
2915167,"C18H16N4S3",384.5,4.6,0,6,6,0
2915896,"C21H27N7O3",425.5,4.2,2,10,11,0
291903,"C34H46O2",486.7,10.6,2,2,6,0
292557,"C24H26N2O3",390.5,5.2,0,5,6,0
2928973,"C15H8ClNO3S2",349.8,3.9,0,5,2,0
2929660,"C20H29NO3",331.4,3.8,0,3,4,0
2930947,"C26H52N4O2",452.7,5.100,2,4,18,0
2931634,"C28H28F2N4O2",490.5,4.2,0,6,4,0
2944626,"C19H23N3O2",325.4,2.5,0,4,6,0
2944643,"C23H24ClN3O3",425.9,4.3,1,4,5,0
2945523,"C21H19F3N4O2",416.4,3.7,1,7,2,0
294609,"C26H22N2O2",394.5,5.7,0,3,5,0
2946497,"C18H17F5O3",376.3,4.700,0,8,1,0
2947090,"C23H30ClN5O3",460.0,5.2,0,8,5,0
2947766,"C21H16BrClN4O3",487.7,4.900,2,6,3,0
2948098,"C22H23NO5",381.4,3.8,0,5,4,0
2950402,"C24H33N3O4S",459.6,3.5,1,6,9,0
2950623,"C19H22N6O3",382.4,3.8,1,9,9,0
2951746,"C24H23N5",381.5,4.4,0,5,3,0
2952123,"C14H13ClN4",272.73,"",3,4,2,0
2953078,"C19H21ClN4O2",372.8,"",4,6,5,0
2953653,"C21H13Cl2N5O2S",470.3,5.5,1,6,4,0
2953683,"C15H14ClNO3",291.73,3.4,2,3,4,0
2959809,"C22H24N4O2S2",440.6,4.9,0,6,5,0
2960346,"C15H15NO4S",305.4,3.3,1,6,4,0
2961286,"C19H21Cl2N3O2",394.3,3.8,0,4,6,0
2966758,"C25H35N7OS",481.7,4.5,0,8,6,0
2967050,"C21H34N6OS",418.6,4.6,1,7,6,0
2967179,"C19H19N3O2",321.4,1.6,2,3,5,0
2972,"C7H9NO2",139.15,0.5,1,3,0,0
2976031,"C23H23F3N4O4",476.4,3.4,0,9,6,0
2978782,"C18H21N7O2",367.4,3.5,1,9,7,0
2980027,"C22H29N3O5S",447.5,1.6,1,8,9,0
2981270,"C23H25N3O3",391.5,2.6,0,5,5,0
2983542,"C25H25N7O3",471.5,4.2,1,10,8,0
2986547,"C19H25NO5",347.4,3.7,1,5,5,0
2986656,"C19H21NO4",327.4,3.2,1,4,4,0
2991881,"C22H21F3N4O",414.4,4.8,0,8,4,0
2992722,"C24H25F3N4O2",458.5,4.5,0,9,6,0
2993,"C30H40N4+2",456.7,7.3,2,2,11,2
2997546,"C24H19N5O2S",441.5,4.6,0,7,7,0
2997631,"C22H18ClN5O2S",451.9,3.6,1,6,7,0
2997777,"C25H24N4O",396.5,5.0,0,4,5,0
2997822,"C24H32N2O5",428.5,4.600,0,7,8,0
2997868,"C20H19N3OS2",381.5,4.3,0,5,7,0
2997934,"C17H14Cl2N4OS",393.3,5.400,0,5,4,0
2998012,"C26H26N4O2",426.5,5.0,0,5,6,0
2998049,"C21H25N5O",363.5,4.5,1,5,6,0
2998316,"C18H23N3O3S2",393.5,2.3,0,7,7,0
2998408,"C23H19N3O3S",417.5,4.2,0,7,7,0
2998537,"C21H23ClN4O3S",447.0,3.7,1,5,6,0
2998581,"C19H12ClN3OS",365.8,4.7,0,4,3,0
2998674,"C24H18N6O3S",470.5,4.6,0,8,5,0
2998691,"C21H23N3OS2",397.6,4.5,0,5,7,0
2999022,"C20H20N4O3S2",428.5,4.0,1,7,7,0
2999169,"C24H22N5PS",443.5,5.5,0,3,6,0
2999179,"C15H13N3O2S",299.3,3.8,0,5,2,0
2999296,"C20H14F3N5",381.4,3.9,0,6,4,0
2999372,"C16H12Cl2N4OS",379.3,5.1,0,5,3,0
2999471,"C21H16F3N5O",411.4,3.9,0,7,5,0
2999516,"C20H20ClN7OS",441.9,4.3,0,7,6,0
2999518,"C21H21N3OS",363.5,4.9,0,4,6,0
2999553,"C22H19FN4O4S2",486.5,3.2,1,8,5,0
2999588,"C20H24ClN7O3S",478.0,2.0,1,8,7,0
2999625,"C20H24N4O3S2",432.6,3.1,1,6,6,0
2999885,"C23H24N6",384.5,3.9,2,2,2,0
2999913,"C17H14N2O2S",310.4,4.0,0,4,3,0
2999946,"C21H23N7O2",405.5,2.9,2,9,4,0
2999999,"C18H16N2O2",292.3,4.3,0,4,4,0
300,"C2H3ClO2",94.50,0.200,1,2,1,0
3000165,"C24H18N2O4S",430.5,4.1,0,6,5,0
3000205,"C19H15ClN6OS",410.9,4.7,0,6,6,0
3003880,"C10H4Cl5N3OS2",423.6,5.3,2,3,3,0
3014024,"C22H40ClN",354.0,"",0,1,14,0
301653,"C16H16O4Si",300.38,"",2,4,4,0
30231,"C28H36O15",612.6,-0.3,9,15,10,0
302689,"C16H12N2S4",360.5,6.2,0,6,5,0
302937,"C15H8Cl6O3",448.9,7.5,0,3,5,0
3032277,"C19H20N8O5",440.4,-2.000,6,12,9,0
3033832,"C32H36ClNO8",598.1,"",4,9,14,0
3035,"C14H8Cl4",318.0,7.000,0,0,2,0
3035672,"C21H27N",293.4,5.2,0,1,6,0
3036,"C14H9Cl5",354.5,6.900,0,0,2,0
3036027,"C19H28Cl2N2",355.3,5.3,0,2,5,0
304,"C27H46O",386.7,8.700,1,1,5,0
3042,"C19H35NO2",309.5,5.5,0,3,8,0
305,"C5H14NO+",104.17,-0.4,1,1,2,1
305123,"C20H14N4O4",374.3,5.7,1,6,2,0
3053,"C14H23N3O10",393.35,-8.5,5,13,16,0
305582,"C6H15NOS",149.26,0.2,1,3,5,0
306052,"C28H27Br2N2O3P",630.3,8.8,0,5,7,0
3062646,"C6H14NO5P",211.15,-3.900,4,6,6,0
306424,"C13H11AsCl2N2O4",405.06,"",4,4,3,0
3074,"C31H44N2O10",604.7,4.1,0,12,18,0
3081,"C5H7NO3",129.11,0.1,1,3,0,0
308396,"C27H50N2S2",466.8,11.4,0,3,2,0
3086457,"C44H56N8O7",809.0,3.9,8,8,11,0
3098234,"C16H16N2O2S",300.4,3.5,0,4,2,0
3101,"C12H8I+",279.10,4.1,0,0,0,1
3108,"C24H40N8O4",504.6,0.7,4,12,12,0
311389,"C20H31NO2S",349.5,7.1,1,3,4,0
3117,"C10H20N2S4",296.5,3.900,0,4,7,0
3121,"C8H16O2",144.21,2.800,1,2,5,0
312183,"C7H7BO4",165.94,"",3,4,2,0
31236,"C8H10O2",138.16,1.200,1,2,3,0
31239,"C21H38ClN",340.0,"",0,1,15,0
31241,"C8H16O",128.21,2.6,0,1,5,0
31244,"C8H8O2",136.15,1.800,0,2,2,0
31253,"C10H16",136.23,4.3,0,0,4,0
31272,"C6H12O2",116.16,1.800,0,2,4,0
31276,"C7H14O2",130.18,2.000,0,2,4,0
312890,"C9H9NO",147.17,1.0,1,2,0,0
31316,"C28H30O4",430.5,6.8,2,4,4,0
31368,"C4H5N",67.09,0.700,0,1,0,0
31370,"C3H7ClO",94.54,0.6,1,1,1,0
3137831,"C14H14N2S6",402.7,4.1,0,8,6,0
31423,"C16H10",202.25,4.900,0,0,0,0
3149824,"C22H20N6OS",416.5,3.5,1,5,7,0
316705,"C20H26",266.4,7.0,0,0,5,0
3177,"C17H12BrFO2S2",411.3,5.3,0,4,3,0
319187,"C19H21NS",295.4,4.8,1,2,3,0
3194,"C13H9NOSe",274.19,"",0,1,1,0
322372,"C27H27NO4",429.5,5.1,0,5,4,0
323,"C9H6O2",146.14,1.400,0,2,0,0
323178,"C3H7N5O",129.12,-1.5,2,5,2,0
3232656,"C25H25F7N2O",502.5,5.9,0,9,3,0
3232658,"C23H23F6N3O",471.4,5.3,0,9,2,0
3232681,"C30H34N2O2",454.6,5.7,0,3,5,0
3232692,"C20H14F3N3S",385.4,5.6,1,7,4,0
3232744,"C25H23F6N3O",495.5,5.1,0,9,3,0
3232745,"C24H24F6N2O",470.4,5.4,0,8,3,0
3232772,"C22H20N4OS",388.5,4.2,1,5,5,0
3232776,"C25H26F6N2O2",500.5,5.4,0,9,4,0
3232794,"C24H19N5O2S",441.5,4.5,1,7,6,0
3233000,"C28H29FN2O",428.5,6.0,0,3,3,0
3233009,"C25H20N4O3S",456.5,4.4,0,7,7,0
3233088,"C28H29FN2O",428.5,5.4,0,3,4,0
3233108,"C29H32N2O2",440.6,6.0,0,3,5,0
3233189,"C22H28F6N2O",450.5,5.600,0,8,3,0
3233226,"C28H29N5O",451.6,5.4,2,5,8,0
3233234,"C24H24N4",368.5,5.200,1,4,6,0
3233264,"C22H21FN6OS",436.5,2.7,0,8,4,0
3233321,"C25H24F7N3O2",531.5,5.2,1,9,2,0
3233323,"C26H19N5O2S",465.5,4.3,0,6,5,0
3233328,"C22H14N4O2S",398.4,4.6,0,6,4,0
3233330,"C28H30N2O2",426.5,5.5,0,3,4,0
3233331,"C19H14ClN3S",351.9,5.4,1,4,4,0
3233362,"C30H34N2O2",454.6,5.7,0,3,5,0
3233364,"C24H17FN4O3S",460.5,4.3,0,8,6,0
3233374,"C18H17N3O",291.3,3.6,1,4,5,0
3233485,"C25H23ClN4O3",462.9,4.3,0,6,7,0
3233536,"C27H31N3O",413.6,5.0,0,2,3,0
3233544,"C28H32N2O2S",460.6,5.4,0,4,5,0
3233564,"C26H23N5O2S",469.6,4.4,1,7,8,0
3233576,"C28H30N2O2",426.5,6.2,0,3,4,0
3233595,"C28H29N5O",451.6,5.4,2,5,8,0
3233606,"C25H25F7N2O",502.5,5.9,0,9,3,0
3233653,"C26H25F6N3O",509.5,5.5,0,9,3,0
3233709,"C25H21N5OS",439.5,4.5,1,6,7,0
3233711,"C26H28F6N2O2",514.5,5.7,0,9,4,0
3233720,"C29H32N2O2",440.6,6.0,0,3,5,0
3233750,"C26H21N5O",419.5,5.3,2,5,6,0
3233779,"C10H13N5O",219.24,-0.1,0,5,1,0
3233802,"C23H22F6N2O",456.4,5.7,0,8,2,0
3233817,"C26H21N5O",419.5,5.3,2,5,6,0
3233852,"C19H16F3N3",343.3,4.9,1,6,4,0
3233866,"C15H15N5",265.31,2.0,0,4,3,0
3233881,"C23H16N4O3S",428.5,4.6,0,7,5,0
3233909,"C21H16F3N3O",383.4,5.1,0,7,4,0
3233919,"C25H26N4O2",414.5,5.1,1,6,7,0
3233938,"C22H19F3N4O",412.4,5.1,2,7,6,0
3233960,"C18H17N3O",291.3,3.6,1,4,5,0
3233974,"C28H32N2O2S",460.6,5.4,0,4,5,0
3233987,"C29H32N2O2",440.6,5.9,0,3,4,0
3233996,"C20H18N4O2S2",410.5,3.7,2,7,6,0
3234038,"C28H30N2O2",426.5,5.600,0,3,5,0
3234068,"C28H30N2O2",426.5,6.2,0,3,4,0
3234122,"C28H29FN2O",428.5,6.0,0,3,3,0
3234159,"C22H20N4O3",388.4,4.0,2,6,6,0
3234178,"C26H28F6N2O2",514.5,5.7,0,9,4,0
3234193,"C29H32N2O2",440.6,5.9,0,3,4,0
3234199,"C20H17N3S",331.4,5.1,1,4,4,0
3234208,"C15H14N6OS",326.4,1.5,1,7,5,0
3234218,"C24H24F6N2O",470.4,6.1,0,8,2,0
3234222,"C25H26N4",382.5,5.2,1,4,6,0
3234313,"C13H14N6O2",286.29,-0.7,0,7,3,0
3234328,"C14H15N5OS",301.37,1.4,1,6,4,0
3234335,"C28H29FN2O",428.5,6.0,0,3,3,0
3234355,"C22H22N4O",358.4,4.6,2,4,6,0
3234357,"C19H19N3",289.4,4.4,1,3,4,0
3234363,"C16H15N3OS",297.4,3.4,1,5,5,0
3234410,"C23H17N5O2S",427.5,4.6,1,7,5,0
3234416,"C14H10FN3O",255.25,2.9,1,5,3,0
3234449,"C23H16FN5OS",429.5,4.3,1,7,5,0
3234450,"C20H16ClN3O",349.8,4.9,0,4,4,0
3234475,"C26H24N4O2",424.5,5.5,2,5,7,0
3234479,"C25H26N4",382.5,5.2,1,4,6,0
3234564,"C21H15N3O2",341.4,4.9,1,5,3,0
3234569,"C21H24N4O",348.4,3.5,1,5,5,0
3234576,"C21H19N5",341.4,4.400,1,5,4,0
3234604,"C25H26F6N2O",484.5,5.8,0,8,3,0
3234615,"C26H28F6N2O2",514.5,5.7,0,9,4,0
3234632,"C27H30N2O2S",446.6,5.6,0,4,4,0
3234656,"C19H18ClN3O2",355.8,4.2,1,5,6,0
3234682,"C25H20N4O4S",472.5,4.5,0,8,7,0
3234685,"C27H30N2O2S",446.6,5.6,0,4,4,0
3234686,"C16H15N3S",281.4,3.7,1,4,4,0
3234691,"C27H27FN2O",414.5,5.7,0,3,3,0
3234727,"C22H23N5O3S",437.5,3.2,3,7,8,0
3234730,"C22H20F6N2O",442.4,5.3,0,8,2,0
3234732,"C25H24F7N3O2",531.5,5.2,1,9,2,0
3234741,"C24H18ClN5O2",443.9,4.3,0,5,4,0
3234742,"C23H23F6N3O",471.4,5.3,0,9,2,0
3234770,"C23H16N4O3S",428.5,4.6,0,7,5,0
3234785,"C26H28F6N2O2",514.5,5.7,0,9,4,0
3234786,"C24H24F6N2O2",486.4,5.7,0,9,4,0
3234818,"C25H26F6N2O",484.5,5.8,0,8,3,0
3234825,"C25H26F6N2O2",500.5,5.4,0,9,4,0
3234905,"C22H28F6N2O",450.5,5.600,0,8,3,0
3234908,"C26H24N4O2",424.5,5.5,2,5,7,0
3234952,"C25H21N5O3S",471.5,4.5,1,8,7,0
3234964,"C23H15FN4O2S",430.5,4.3,0,7,5,0
3234984,"C24H19N5O3S",457.5,4.5,1,8,6,0
3234991,"C28H30N2O2",426.5,6.2,0,3,4,0
3234994,"C23H18N4",350.4,5.1,1,4,4,0
3234997,"C24H24N4O",384.5,5.1,1,5,6,0
3235075,"C22H19F3N4O",412.4,5.1,2,7,6,0
3235091,"C24H26F6N2O2S",520.5,5.5,0,10,4,0
3235122,"C23H17N5O2S",427.5,4.6,1,7,5,0
3235125,"C22H19F3N4O",412.4,5.1,2,7,6,0
3235160,"C18H16ClN3",309.8,4.7,1,3,4,0
3235219,"C27H28N2O2",412.5,5.3,0,3,5,0
3235231,"C23H24F6N2O2S",506.5,5.1,0,10,4,0
3235234,"C26H25F6N3O",509.5,5.5,0,9,3,0
3235264,"C27H30N2O2S",446.6,5.6,0,4,4,0
3235289,"C26H21N5O",419.5,5.3,2,5,6,0
3235324,"C29H31FN2O",442.6,5.8,0,3,4,0
3235341,"C19H20N4O2S",368.5,3.0,2,6,6,0
3235349,"C18H17N3O",291.3,3.6,1,4,5,0
3235350,"C27H31N3O",413.6,5.0,0,2,3,0
3235377,"C21H26F6N2O",436.4,5.3,0,8,3,0
3235398,"C20H17N3OS",347.4,4.7,1,5,5,0
3235425,"C20H14F3N3S",385.4,5.6,1,7,4,0
3235481,"C23H21N3O2",371.4,4.900,1,5,6,0
3235496,"C25H21N5O3S",471.5,4.5,1,8,7,0
3235504,"C29H31FN2O",442.6,5.8,0,3,4,0
3235517,"C24H24F6N2O",470.4,6.1,0,8,2,0
3235552,"C21H19ClN4O",378.9,4.9,2,4,6,0
3235553,"C27H30N4O",426.6,3.9,0,4,4,0
3235570,"C28H29FN2O",428.5,6.0,0,3,3,0
3235630,"C22H21N3O4S3",487.6,4.2,0,8,10,0
3235640,"C20H20N4S2",380.5,4.6,0,6,5,0
3235676,"C17H17F4N3",339.33,4.6,0,7,2,0
3235862,"C28H30N6OS",498.6,5.4,0,7,4,0
3236059,"C23H26ClF3N4O2",482.9,5.5,2,7,4,0
3236267,"C16H15F4N3",325.30,4.2,0,7,2,0
3236301,"C9H6N6O4",262.18,0.9,1,8,1,0
3236376,"C25H26N4O2",414.5,3.4,1,3,2,0
3236497,"C21H17ClN4O2",392.8,4.4,1,4,5,0
3236992,"C24H22FN3O2S",435.5,5.5,2,6,9,0
3237061,"C21H17BrN4O2",437.3,4.5,1,4,5,0
3237373,"C16H21F6N5O2",429.36,4.8,1,13,5,0
3237426,"C19H16Cl2N4O3",419.3,5.0,0,7,5,0
3237432,"C17H18Cl2N2O2",353.2,4.9,0,3,3,0
3237500,"C21H15N3O2",341.4,4.7,0,5,2,0
3237714,"C23H23F3N4O2",444.4,4.8,0,9,5,0
3237758,"C22H15FN2O4",390.4,4.1,1,6,3,0
3237858,"C29H29N3O4",483.6,4.8,0,6,7,0
3237940,"C30H32BN3O2S",509.5,"",0,4,6,0
3238031,"C18H21N5O2S",371.5,2.6,2,5,6,0
3238058,"C23H22ClN5O2",435.9,5.0,1,5,5,0
3238142,"C28H30N2O3S",474.6,5.1,1,6,8,0
3238268,"C21H17ClN4O2",392.8,4.4,1,4,5,0
3238500,"C27H23N3O5",469.5,3.9,1,7,8,0
3238555,"C23H27N3O2S",409.5,3.6,1,3,6,0
3238604,"C26H29N3O2",415.5,4.8,0,4,6,0
3238654,"C18H20F3N3O",351.4,4.7,1,7,4,0
3238670,"C21H20N4OS2",408.5,4.4,1,6,4,0
3238799,"C18H17N3O4S2",403.5,3.0,2,7,7,0
3239343,"C24H29N3O2S",423.6,4.1,1,3,6,0
3239424,"C14H13BrN2O2",321.17,2.7,1,3,4,0
3239450,"C18H12FN5O",333.3,2.6,2,6,2,0
3239471,"C26H29N3O2",415.5,4.9,0,4,4,0
3239560,"C17H12N4O2S",336.4,3.9,1,7,4,0
3239571,"C19H17FN4O2",352.4,2.0,2,3,2,0
3239703,"C20H23F3N4",376.4,4.9,0,7,2,0
3239707,"C25H26FN5OS",463.6,4.8,1,5,7,0
3239770,"C20H20F3NO4S2",459.5,"",0,8,2,0
3239804,"C22H25N5O2S",423.5,3.3,0,6,6,0
3239834,"C35H37BN2O2",528.5,"",0,3,7,0
3240177,"C16H12Cl2N4OS",379.3,5.1,0,5,3,0
3240205,"C18H20F3N3O",351.4,4.4,0,7,3,0
3240296,"C23H28N6OS",436.6,2.5,2,4,8,0
3240352,"C24H26N4O5S",482.6,2.2,1,6,6,0
3240372,"C19H20N2O3",324.4,4.4,3,4,5,0
3240443,"C25H25N5OS",443.6,4.1,0,4,6,0
3240449,"C28H24N4O4",480.5,3.8,0,7,5,0
3240654,"C23H24N6O3S2",496.6,4.8,1,9,10,0
3240724,"C23H22F4N4O2",462.4,4.9,0,10,5,0
3240939,"C24H22N4O3",414.5,4.1,1,5,5,0
3241026,"C22H19ClN4O2",406.9,4.5,1,4,5,0
3241487,"C23H24N4O3",404.5,3.5,1,6,3,0
3241605,"C21H22Cl2N4O2",433.3,5.3,1,4,4,0
3241824,"C18H15N3O3S3",417.5,3.5,0,7,5,0
3241882,"C23H19ClN4O2S",450.9,4.6,1,5,4,0
3241945,"C28H27N3O3",453.5,4.8,0,5,6,0
3242157,"C16H10F6N4O",388.27,3.7,0,10,3,0
3242249,"C28H35N5O",457.6,4.3,1,3,8,0
3242441,"C18H8ClF6NO3",435.7,4.900,1,9,5,0
3242789,"C14H8F6N4O",362.23,3.5,0,10,2,0
3242819,"C23H32N6O2",424.5,4.8,2,8,7,0
3242904,"C24H21ClN4O3",448.9,4.7,1,5,5,0
3243084,"C21H18N4O4S3",486.6,3.1,1,9,5,0
3243159,"C17H14N2O3",294.30,3.0,2,4,2,0
3243240,"C22H21F3N4O",414.4,4.8,0,8,4,0
3243291,"C23H28N4O2",392.5,4.8,1,4,5,0
3243309,"C18H17N3O3S",355.4,1.8,2,4,3,0
3243428,"C25H42N2O7",482.6,1.6,3,7,17,0
3243516,"C11H22N2O4",246.30,-4.5,3,6,10,0
3243528,"C18H21F2N3",317.4,4.6,0,5,3,0
3243578,"C18H11FN4O2S3",430.5,3.4,0,8,5,0
3243593,"C19H16F4N4O",392.3,4.0,0,9,3,0
3243849,"C25H24N6OS2",488.6,4.6,1,6,9,0
3243941,"C23H19ClN4O2S",450.9,4.6,1,5,4,0
3244099,"C37H39BN2O3",570.5,"",0,4,7,0
3244377,"C22H23N3",329.4,5.0,0,3,3,0
3244451,"C15H22N2O4",294.35,-2.9,2,5,4,0
3244588,"C22H20F4N4O",432.4,4.9,0,9,4,0
3244769,"C22H21F3N4O",414.4,4.8,0,8,4,0
3244774,"C25H32N4O2",420.5,5.3,1,4,5,0
3244821,"C28H27N3O3",453.5,4.8,0,5,6,0
3244906,"C26H25N3O5S",491.6,4.9,1,7,8,0
3244947,"C25H26N4O4S",478.6,4.8,1,7,7,0
3245331,"C23H29N5OS",423.6,4.2,1,4,7,0
3245383,"C18H20F3N3O",351.4,4.5,0,7,3,0
3245555,"C4H7N3O2",129.12,-1.7,3,4,2,0
3245700,"C26H28N4O2",428.5,3.4,0,3,2,0
3245904,"C26H24N4O2",424.5,4.1,0,5,4,0
3245970,"C23H18Cl2N4O4",485.3,5.0,1,6,5,0
3245996,"C20H16F6N4O3",474.4,4.9,1,11,4,0
3246005,"C8H14O8",238.19,-3.3,6,8,4,0
3246007,"C12H18CuN8S3-4",434.1,"",7,11,0,-4
3246013,"C20H30Cl4O2",444.3,6.7,1,2,2,0
3246015,"C24H24Cl4N2+2",482.3,7.0,0,0,5,2
3246017,"C26H36O3",396.6,7.100,1,3,5,0
3246020,"C21H21N3O7",427.4,-3.1,2,9,2,0
3246035,"C9H14AsNO5",291.13,"",4,6,4,0
3246047,"C8H9AsO6",276.07,"",4,6,3,0
3246048,"C12H14Cl5N2O2SSb-2",549.3,"",1,6,2,-2
3246049,"C5H10N2O4S",194.21,-5.2,3,6,5,0
3246061,"C14H13AsBr2N3O7+",570.00,"",1,7,2,1
3246063,"C3H8OS2",124.23,0.2,3,3,2,0
3246075,"C8H20N6O8S",360.35,"",10,10,2,0
3246089,"C27H20N2S",404.5,6.3,2,1,2,0
3246092,"C27H49N",387.7,9.1,1,1,5,0
3246098,"C29H44O12",584.7,-1.700,8,12,4,0
3246103,"C27H32O3",404.5,6.500,1,3,5,0
3246119,"C15H18I2O3",500.11,5.4,2,3,4,0
3246128,"C24H19NO",337.4,6.3,1,2,5,0
3246129,"C22H22N2+2",314.4,4.8,0,0,5,2
3246135,"C7H15NO2",145.20,-1.3,2,3,3,0
3246143,"C36H38N2O2",530.7,5.4,1,4,5,0
3246146,"C28H36N2O",416.6,6.1,1,3,1,0
3246156,"C11H17N2O2+",209.26,-1.800,2,3,3,1
3246171,"C17H12Br2O",392.1,6.0,0,1,2,0
3246172,"C19H26O2",286.4,5.5,0,2,5,0
3246180,"C19H21Br2N",423.2,6.300,0,1,5,0
3246192,"C24H23B3O6",439.9,"",0,6,4,0
3246197,"C5H11NO2S",149.21,-2.3,2,4,4,0
3246212,"C5H12N2O5",180.16,-3.7,6,6,4,0
3246223,"C2H4N4O",100.08,0.2,1,3,2,0
3246235,"C30H45NO3",467.7,7.200,1,4,3,0
3246251,"C25H42O3",390.6,6.6,1,3,5,0
3246275,"C38H41CuN2O12+3",781.3,"",8,11,2,3
3246276,"C38H41MnN2O12+3",772.7,"",8,11,2,3
3246278,"C22H13Cl6NO3",552.1,5.0,2,3,3,0
3246289,"C16H30N2O10",410.42,-4.2,8,12,4,0
3246298,"C23H33F3N2O",410.5,6.2,2,5,1,0
3246299,"C27H35F3N2O3",492.6,5.8,0,7,3,0
3246300,"C30H29NO10",563.6,2.8,4,11,3,0
3246302,"C3H8N2S2",136.24,-0.2,3,3,2,0
3246304,"C6H6AsN3O3",243.05,"",2,5,2,0
3246309,"C29H31NO12",585.6,0.4,6,13,3,0
3246313,"C12H19N3O4S",301.36,-2.100,3,6,3,0
3246317,"C7H9N3O2",167.17,-3.500,2,5,3,0
3246318,"C7H9N3O2",167.17,-3.5,2,5,3,0
3246319,"C5H10N2O4",162.14,-4.7,4,5,4,0
3246322,"C27H33BrO5S",549.5,5.200,0,5,5,0
3246327,"C7H9N3O2",167.17,-3.1,2,5,3,0
3246339,"C12H8HgN4O2S",472.88,"",2,6,4,0
3246343,"C28H33NO2S",447.6,5.4,1,4,2,0
3246346,"C36H38N2O6",594.7,6.0,2,8,2,0
3246348,"C32H39N7",521.7,5.4,0,7,8,0
3246354,"C22H35NO",329.5,5.3,0,2,5,0
3246367,"C14H25N3O9",379.36,-6.7,8,11,4,0
3246384,"C27H34N4O2S",478.7,4.300,0,6,4,0
3246390,"C21H16N2O2S",360.4,4.1,3,3,3,0
3246400,"C16H15AsN4O5",418.24,"",3,8,4,0
3246415,"C12H15NO6",269.25,-3.7,3,7,4,0
3246437,"C24H21N2O3P",416.4,5.900,0,5,5,0
3246438,"C31H28N2O",444.6,4.8,2,3,4,0
3246441,"C23H30O3S",386.5,6.4,0,3,5,0
3246454,"C29H37N3O3",475.6,4.6,3,5,5,0
3246455,"C17H22N2O6",350.4,-5.8,3,8,4,0
3246456,"C16H20N2O4",304.34,-3.5,2,5,1,0
3246467,"C30H31NO2S",469.6,5.5,0,3,3,0
3246468,"C25H20O2",352.4,6.1,1,2,2,0
3246473,"C14H16N8O6Se",471.30,"",4,11,4,0
3246477,"C30H26O12",578.5,2.4,10,12,3,0
3246478,"C30H26O14",610.5,1.6,11,14,4,0
3246484,"C4H8N2O4",148.12,-7.0,4,6,3,0
3246491,"C47H75NO18",942.1,-1.5,13,19,3,0
3246492,"C9H13N3O4",227.22,-3.600,3,5,4,0
3246498,"C28H21S2+",421.6,8.5,0,1,3,1
3246501,"C18H15NS2",309.5,4.500,1,2,4,0
3246503,"C3H8N2O3",120.11,-4.3,4,5,3,0
3246520,"C20H26N2S",326.5,5.500,0,3,5,0
3246529,"C19H20F3NO",335.4,4.9,0,5,4,0
3246532,"C14H16N8O5S",408.40,0.800,3,11,4,0
3246533,"C4H7N5O2",157.13,-3.8,3,6,3,0
3246534,"C12H14N4O4Pt-2",473.35,"",4,8,2,-2
3246541,"C35H34N2O5",562.7,5.9,1,7,2,0
3246542,"C12H10Cl4N2O4Pt",583.1,"",2,6,2,0
3246543,"C12H14Cl4N2O2Pt",555.1,"",2,4,2,0
3246544,"C21H26N2OS",354.5,5.400,0,4,4,0
3246556,"C21H17Cl2NO",370.3,6.0,1,1,4,0
3246569,"C5H11N5",141.18,-2.0,4,5,0,0
3246571,"C30H25N5P+",486.5,6.500,2,4,6,1
3246575,"C5H8N2O3",144.13,-1.3,2,3,1,0
3246578,"C6H9N3O3",171.15,-4.3,4,5,3,0
3246581,"C27H30N2O9",526.5,1.400,6,11,4,0
3246584,"C40H48N6O10",772.8,1.9,5,10,3,0
3246591,"C22H18N2O2S",374.5,5.3,0,4,2,0
3246593,"C3H12N14",244.22,"",8,12,4,0
3246598,"C8H20ClNO2PtS-",424.85,"",2,4,2,-1
3246599,"C32H26O14",634.5,1.9,6,14,5,0
3246614,"C27H29NO11W",727.4,"",6,12,5,0
3246616,"C26H23ClN2OS",447.0,6.6,1,3,4,0
3246617,"C25H16F6N4S",518.5,5.7,1,8,2,0
3246619,"C22H35N2PS",390.6,5.8,0,3,5,0
3246633,"C17H14ClN3OS",343.8,4.3,2,3,3,0
3246636,"C23H32O",324.5,7.7,1,1,5,0
3246637,"C27H34N2O2",418.6,7.3,2,4,7,0
3246638,"C8H16N6O6S3",388.5,-1.7,4,12,0,0
3246640,"C29H18O6",462.4,7.0,3,6,4,0
3246648,"C5H14N2O2",134.18,-2.4,4,4,5,0
3246674,"C28H42N4S2",498.8,8.8,2,2,1,0
3246677,"C27H23N3O3",437.5,5.8,3,5,4,0
3246679,"C26H16N6O8",540.4,4.7,4,12,2,0
3246680,"C17H11Cl2N3O3S2",440.3,4.7,3,5,5,0
3246681,"C19H19Cl3N2O5S",493.8,6.0,0,6,4,0
3246684,"C19H17ClN2O2",340.8,4.1,1,3,3,0
3246691,"C36H24I2N5+",780.4,9.9,2,4,4,1
3246695,"C37H40N2O6",608.7,5.8,1,8,3,0
3246731,"C48H52N2O10",816.9,"",9,12,5,0
3246738,"C24H40O3",376.6,6.3,2,3,4,0
3246783,"C23H27N7O3",449.5,3.3,0,10,7,0
3247075,"C38H37N5O4",627.7,5.2,1,5,8,0
3247077,"C39H39N5O5",657.8,5.2,1,6,9,0
3247079,"C39H38F3N3O6",701.7,6.7,0,9,10,0
3247082,"C41H39N3O4",637.8,6.8,0,4,8,0
3247083,"C33H32BrN3O4S",646.6,5.8,0,5,8,0
3247085,"C34H34BrN3O5S",676.6,5.8,0,6,9,0
3247086,"C37H37F2N3O5",641.7,5.6,0,7,9,0
3247087,"C35H32F3N3O4",615.6,5.4,0,7,8,0
3247088,"C36H34F3N3O5",645.7,5.4,0,8,9,0
3247089,"C35H34BrN3O4S",672.6,6.3,0,5,8,0
3247090,"C38H36F3N3O5",671.7,5.9,0,8,9,0
3247091,"C41H42N4O5",670.8,6.0,1,5,10,0
3247092,"C42H44N4O6",700.8,5.9,1,6,11,0
3247093,"C36H36BrN3O5S",702.7,6.3,0,6,9,0
3247094,"C39H39F2N3O5",667.7,6.1,0,7,9,0
3247095,"C39H37ClF3N3O5",720.2,7.1,0,8,9,0
3247097,"C39H41N3O7",663.8,5.1,2,7,10,0
3247098,"C39H41N3O7",663.8,5.2,1,7,10,0
3247099,"C40H43N3O7",677.8,5.5,1,7,11,0
3247100,"C40H42BrN3O6",740.7,6.5,0,6,11,0
3247101,"C41H42N4O6",686.8,5.6,2,6,10,0
3247103,"C40H41ClF3N5O5",764.2,6.7,1,10,12,0
3247104,"C41H41FN4O5",688.8,6.1,1,6,10,0
3247110,"C37H35ClF3N3O5",694.1,6.6,0,8,9,0
3247111,"C38H40BrN3O6",714.6,6.0,0,6,11,0
3247112,"C40H39N3O5",641.8,6.3,0,5,9,0
3247113,"C37H36F3N3O6",675.7,6.2,0,9,10,0
3247114,"C36H35F3N4O5",660.7,4.9,0,9,9,0
3247117,"C39H38ClF4N5O4",752.2,6.8,1,10,11,0
3247118,"C38H34ClF4N3O4",708.1,7.2,0,8,8,0
3247119,"C39H39BrFN3O5",728.6,6.6,0,6,10,0
3247120,"C41H38FN3O4",655.8,6.9,0,5,8,0
3247121,"C38H35F4N3O5",689.7,6.9,0,9,9,0
3247122,"C38H36F3N3O4",655.7,6.2,0,7,8,0
3247123,"C40H38F2N4O4",676.7,6.2,1,6,9,0
3247124,"C41H41FN4O5",688.8,6.1,1,6,10,0
3247125,"C40H39FN4O4",658.8,6.1,1,5,9,0
3247126,"C38H37ClF4N4O4",725.2,7.1,1,9,11,0
3247127,"C37H37BrFN3O5",702.6,6.2,0,6,10,0
3247128,"C39H36FN3O4",629.7,6.4,0,5,8,0
3247129,"C36H33F4N3O5",663.7,6.4,0,9,9,0
3247130,"C36H34F3N3O4",629.7,5.8,0,7,8,0
3247136,"C40H40FN3O7",693.8,5.1,0,8,9,0
3247137,"C40H43N3O7",677.8,5.5,0,7,11,0
3247138,"C38H37F3N4O5",686.7,5.4,0,9,9,0
3247139,"C39H38FN3O6",663.7,5.2,0,7,8,0
3247140,"C39H41N3O6",647.8,5.5,0,6,10,0
3247142,"C37H35F3N4O4",656.7,5.4,0,8,8,0
3247144,"C38H41N3O7",651.7,5.0,1,7,11,0
3247146,"C36H37N3O5",591.7,5.1,0,5,9,0
3247147,"C38H41N3O7",651.7,5.0,0,7,11,0
3247148,"C39H40N4O6",660.8,5.1,2,6,10,0
3247151,"C35H35N3O4",561.7,5.1,0,4,8,0
3247152,"C37H39N3O6",621.7,5.0,0,6,10,0
3247168,"C36H36FN3O6",625.7,4.800,2,7,9,0
3247169,"C37H38FN3O6",639.7,5.1,0,7,10,0
3247171,"C35H34FN3O4",579.7,5.2,0,5,8,0
3247172,"C35H31F4N3O4",633.6,5.500,0,8,8,0
3247173,"C39H39FN4O5",662.7,5.6,1,6,10,0
3247174,"C33H31BrFN3O4S",664.6,5.9,0,6,8,0
3247175,"C36H32ClF4N3O4",682.1,6.7,0,8,8,0
3247176,"C35H32F4N4O4",648.6,5.0,0,9,8,0
3247178,"C36H34FN5O4",619.7,4.8,1,6,8,0
3247181,"C36H36FN3O6",625.7,4.8,1,7,9,0
3247186,"C38H39N3O6",633.7,5.2,1,6,9,0
3247188,"C37H37N3O4",587.7,5.6,0,4,8,0
3247199,"C38H39N3O6S",665.8,4.8,0,6,9,0
3247200,"C39H41N3O7S",695.8,4.800,0,7,10,0
3247230,"C24H20FNO4",405.4,3.1,0,5,5,0
3247239,"C37H37FN4O4",620.7,4.9,0,6,9,0
3247240,"C38H38FN3O6",651.7,5.300,2,7,9,0
3247243,"C39H37F2N3O6",681.7,5.3,0,8,8,0
3247244,"C37H34F4N4O4",674.7,5.5,0,9,8,0
3247245,"C36H36FN3O5",609.7,5.2,0,6,8,0
3247246,"C37H36FN3O4",605.7,5.7,0,5,8,0
3247250,"C38H38FN3O6S",683.8,4.9,0,7,9,0
3247252,"C34H36FN3O4",569.7,4.8,0,5,8,0
3247264,"C31H36N2O4",500.6,5.200,3,4,12,0
3247265,"C31H36N2O4",500.6,5.200,3,4,12,0
3247282,"C29H32N2O3",456.6,5.3,2,3,10,0
3247283,"C32H35N3O3",509.6,5.9,3,3,11,0
3247291,"C29H32N2O3",456.6,5.3,2,3,10,0
3247292,"C32H35N3O3",509.6,5.9,3,3,11,0
3247297,"C33H29N2O2P",516.6,6.3,2,3,8,0
3247302,"C30H29N2O2P",480.5,5.0,2,3,9,0
3247303,"C33H32N3O2P",533.6,5.5,3,3,10,0
3247308,"C33H29N2O2P",516.6,6.3,2,3,8,0
3247313,"C30H29N2O2P",480.5,5.0,2,3,9,0
3247314,"C33H32N3O2P",533.6,5.5,3,3,10,0
3247319,"C31H36N2O5",516.6,5.300,2,5,12,0
3247320,"C30H32F2N2O3",506.6,5.9,2,5,10,0
3247321,"C29H30F3N3O3",525.6,5.2,2,7,10,0
3247322,"C33H34N2O3",506.6,6.6,2,3,10,0
3247323,"C31H36N2O5",516.6,5.300,2,5,12,0
3247324,"C30H32F2N2O3",506.6,5.9,2,5,10,0
3247327,"C32H33N2O4P",540.6,4.9,2,5,11,0
3247328,"C31H29F2N2O2P",530.5,5.5,2,5,9,0
3247331,"C34H31N2O2P",530.6,6.2,2,3,9,0
3247350,"C31H30N2O2",462.6,6.4,2,2,7,0
3247355,"C31H29FN2O3",496.6,6.8,2,4,8,0
3247356,"C30H30N2O3S",498.6,6.100,2,4,8,0
3247357,"C36H35N2O2P",558.6,7.5,2,3,9,0
3247358,"C31H30N2O2",462.6,6.4,2,2,7,0
3247363,"C31H29FN2O3",496.6,6.8,2,4,8,0
3247364,"C30H30N2O3S",498.6,6.100,2,4,8,0
3247365,"C37H36NO2P",557.7,7.9,1,3,10,0
3247368,"C36H34N2O3S",574.7,7.7,2,4,9,0
3247373,"C36H34N2O3S",574.7,7.7,2,4,9,0
3247379,"C34H32N2O3S",548.7,7.3,2,4,8,0
3247380,"C34H32N2O3S",548.7,7.3,2,4,8,0
3247383,"C30H28ClN3O2",498.0,6.0,2,3,7,0
325823,"C16H18F6N6",408.34,5.2,2,12,5,0
3270699,"C24H28O7",428.5,6.2,4,7,6,0
328931,"C21H13Cl2N3O2S",442.3,7.7,2,6,4,0
3291,"C7H11NO2",141.17,0.400,1,2,1,0
3301,"C2H8N2",60.10,-2.000,2,2,1,0
33032,"C5H9NO4",147.13,-3.700,3,5,4,0
331161,"C25H31ClN2O",411.0,6.9,1,2,3,0
33133,"C24H27O4P",410.4,7.2,0,4,6,0
3315620,"C35H20N4O21S6-6",1025.0,-1.3,4,21,6,-6
332058,"C22H15N3S",353.4,4.6,0,4,3,0
332061,"C25H12ClN3O2S",453.9,6.1,0,6,2,0
3339,"C20H21ClO4",360.8,5.2,0,4,7,0
335,"C7H8O",108.14,2.000,1,1,0,0
3350516,"C39H61NO5",623.9,8.2,0,6,7,0
335083,"C28H30Cl2N6",521.5,7.6,0,6,5,0
3352,"C12H4Cl2F6N4OS",437.1,4.5,1,11,2,0
33557,"N3Na",65.010,"",0,2,0,0
3363314,"C25H24O11",500.4,2.4,0,11,11,0
336494,"C31H30O2",434.6,6.8,2,2,5,0
3366,"C4H4FN3O",129.09,-0.9,2,3,0,0
3385,"C4H3FN2O2",130.08,-0.900,2,3,0,0
339,"C2H8NO3P",125.06,-4.8,3,4,2,0
3392731,"C29H46N2O3S",502.8,8.0,2,4,12,0
3393977,"C27H25NO4",427.5,5.5,0,5,4,0
3396,"C29H31F2N3O",475.6,5.600,1,5,7,0
3406,"C4H6N2",82.10,1.400,1,1,0,0
340661,"C26H16N2O2",388.4,6.3,0,4,3,0
340663,"C24H18N4O2",394.4,4.9,2,4,3,0
340667,"C24H20N2O4",400.4,4.4,0,6,3,0
340795,"C28H20N6",440.5,5.3,2,6,3,0
340797,"C28H20N6",440.5,5.3,2,6,3,0
340857,"C32H24N6",492.6,6.1,2,6,5,0
342550,"C14H17ClOS3",332.9,5.6,0,4,6,0
342553,"C26H23ClF3N3S",502.0,8.3,0,6,6,0
3448,"C6H8N2O2",140.14,-0.900,2,3,0,0
3450,"C30H60N3O3+3",510.8,5.3,0,3,21,3
3455,"C28H32F2N2O",450.6,5.6,0,5,10,0
3473197,"C30H30O13",598.5,2.7,0,13,13,0
348153,"C4H9N3O3",147.13,-4.600,4,4,3,0
3485,"C5H8O2",100.12,-0.5,0,2,4,0
3496,"C3H8NO5P",169.07,-4.6,4,6,4,0
3503,"C30H30O8",518.6,6.9,6,8,5,0
3503223,"C18H14Cl2O7",413.2,5.0,2,7,2,0
3505890,"C27H22O14",570.5,1.7,0,14,13,0
3515,"C15H18",198.30,4.8,0,0,1,0
3519541,"C19H30O2",290.4,5.5,1,2,5,0
3532,"C6H9NO2",127.14,-2.5,2,3,1,0
356629,"C17H27ClN8O5",458.9,"",7,7,9,0
357051,"C4H11NO3",121.14,-1.6,3,4,4,0
3591778,"C16H14ClN3O2S",347.8,2.6,1,5,4,0
3594,"C28H34O15",610.6,-1.100,8,15,7,0
3597695,"C49H30N6O23S6-6",1263.2,0.3,6,23,10,-6
3598,"C13H6Cl6O2",406.9,7.500,2,2,2,0
3599,"C21H46NO4P",407.6,6.7,0,4,20,0
3606,"C18H22O2",270.4,5.2,2,2,5,0
3607,"C21H45N3",339.6,5.7,1,3,12,0
360849,"C37H38N2O6",606.7,6.5,0,8,2,0
3614,"C6H11N3",125.17,-0.6,1,2,2,0
36159,"C12H5Br5O",564.7,6.9,0,1,2,0
3620079,"C21H20O2",304.4,5.2,0,2,6,0
3624980,"C19H36O4",328.5,5.4,2,4,17,0
3641574,"C17H18N2OS",298.4,3.3,1,2,3,0
3651377,"C27H34ClNO2S",472.1,7.6,1,3,8,0
3655573,"C19H26N4O2",342.4,1.6,1,4,5,0
3657,"CH4N2O2",76.055,-1.800,3,2,0,0
3661570,"C23H29NO3S",399.5,6.2,0,5,11,0
3663963,"C16H18ClN5",315.80,3.8,1,4,3,0
3675,"C8H12N2",136.19,1.200,2,2,3,0
3681,"C21H44O3",344.6,7.6,2,3,20,0
37034,"C12H4Cl6",360.9,7.200,0,0,1,0
3710744,"C35H34O18",742.6,2.0,0,18,18,0
3712,"C9H9NO",147.17,1.100,2,1,1,0
3739,"C20H14I6N2O6",1139.8,5.5,4,6,9,0
37392,"C26H31Cl3F3NO",536.9,"",2,5,10,0
3742,"C24H21I6N5O8",1268.9,2.8,6,8,10,0
3765,"C6H9NO2",127.14,-2.5,2,3,1,0
3767,"C6H7N3O",137.14,-0.700,2,3,1,0
3773,"C6H11NO2",129.16,-3.000,2,3,1,0
3776,"C3H8O",60.10,0.3,1,1,0,0
379,"C8H16O2",144.21,3.000,1,2,6,0
3797,"C23H25NO",331.4,5.1,0,2,7,0
3799,"C13H10O",182.22,3.800,0,1,2,0
3840,"C6H6O4",142.11,-0.9,2,4,1,0
3851247,"C60H92N12O10",1141.4,4.6,10,12,16,0
3858898,"C18H23NO3",301.4,4.0,1,4,6,0
3862,"C8H10N2O4",198.18,-3.5,3,6,3,0
38764,"C19H21N",263.4,6.2,0,1,6,0
38904,"C6H14N2O4Pt",373.27,"",4,6,0,0
3894573,"C24H29ClN2O2",412.9,5.5,2,3,10,0
3926,"C30H35F2N3O",491.6,6.0,1,5,9,0
3937,"C21H31N3O5",405.5,-2.900,4,7,12,0
3943541,"C51H34N6O23S6-6",1291.2,1.1,6,23,10,-6
3952079,"C19H34O4",326.5,4.9,2,4,16,0
3957,"C22H23ClN2O2",382.9,5.200,0,3,2,0
3959287,"C38H36N2NiO4+2",643.4,"",6,2,2,2
3978951,"C14H10N3O12PS2-4",507.4,-1.8,1,15,5,-4
398,"C3H7NO2",89.09,0.800,0,2,0,0
3995234,"C28H36Cl2N2O",487.5,9.0,1,1,13,0
401,"C3H6N2O2",102.09,-1.5,2,3,0,0
4019772,"C18H14N2O8S2Zn",515.8,"",4,10,2,0
403,"C6H7NO",109.13,0.000,2,2,0,0
4035263,"C64H88N10O16",1253.4,5.2,5,18,8,0
4051,"C14H12N3NaO4S2",373.4,"",1,7,2,0
407541,"C10H16MnN2O8",347.18,"",4,10,0,0
407542,"C10H16CuN2O8",355.79,"",4,10,0,0
4077460,"C20H10F6N2OS",440.4,6.6,0,10,3,0
408250,"C30H18O5",458.5,5.3,2,5,3,0
408275,"C32H20N2",432.5,7.9,0,2,2,0
408514,"C29H32N4O2",468.6,5.3,0,6,4,0
408515,"C31H36N4",464.6,7.7,0,4,4,0
408701,"C22H29NO2",339.5,4.9,2,3,2,0
4091,"C4H11N5",129.16,-1.3,3,1,2,0
409301,"CH3ClHg",251.08,"",0,0,0,0
4096,"C2H8NO2PS",141.13,-0.9,1,4,2,0
4101,"C6H12N4",140.19,0.3,0,4,0,0
4101591,"C14H13N3O2S2",319.4,3.6,2,5,4,0
4108,"C36H62N4O2",582.9,6.8,4,6,29,0
4112,"C20H22N8O5",454.4,-1.800,5,12,9,0
411668,"C25H18NO+",348.4,6.2,0,1,3,1
4124399,"C34H24N6O16S4-4",900.9,3.2,4,22,7,-4
413431,"C28H29NO2",411.5,6.9,2,3,5,0
413467,"C17H13Cl2N3S",362.3,5.7,1,4,5,0
4135,"C28H44NO2+",426.7,7.1,0,2,12,1
414710,"C7H22N4+2",162.28,-0.8,2,2,4,2
415105,"C8H14N2O3",186.21,-3.0,3,4,3,0
4156,"C2H6O3S",110.13,-0.400,0,3,1,0
415629,"C19H14F6N4",412.3,5.000,2,10,3,0
417320,"C16H13N3O8S2",439.4,1.6,5,11,4,0
418268,"C22H21N",299.4,6.0,1,1,4,0
418273,"C24H19N",321.4,6.5,1,1,4,0
418275,"C25H21N",335.4,6.9,1,1,4,0
418280,"C26H23N",349.5,7.3,1,1,4,0
418281,"C29H23N",385.5,8.1,1,1,4,0
4189,"C18H14Cl4N2O",416.1,5.300,0,2,6,0
418983,"C12H12AsNO5S",357.22,"",3,6,3,0
419081,"C12H24N2NiO6",351.02,"",6,8,0,0
419850,"C20H17N2+",285.4,4.4,1,0,3,1
419920,"C44H28O5",636.7,9.9,2,5,4,0
420295,"C5H11NO2S",149.21,-2.8,2,4,5,0
420848,"C26H40N2",380.6,6.6,0,2,7,0
4211,"C14H10Cl4",320.0,6.2,0,0,3,0
421105,"C26H27ClN4O2",463.0,5.0,2,6,5,0
421581,"C20H30S2",334.6,6.1,0,2,4,0
424408,"C12H13N2O2+",217.24,"",1,3,2,1
424513,"C2H6N6",114.11,-0.7,3,5,1,0
425241,"C26H14Cl8O4",674.0,10.6,4,4,5,0
4256680,"C21H16N6OS3",464.6,5.9,1,8,6,0
4259181,"C23H25N5",371.5,4.9,2,4,5,0
426356,"CoH12N4O6S2-4",287.19,"",8,12,0,-4
4266,"C4H6N2O2",114.10,-1.4,2,3,1,0
427265,"C32H18Cl2N2O4",565.4,7.7,2,6,5,0
4273754,"C23H21NO",327.4,5.8,0,1,4,0
4282864,"C34H24N6O14S4-4",868.9,4.0,4,20,5,-4
4302962,"C21H19Cl2IN4O2",557.2,5.300,1,4,4,0
4306515,"C17H12ClF3N2O",352.7,5.1,0,5,3,0
4311638,"C5H8NS2-",146.3,1.500,0,2,0,-1
432523,"C5H7NO3",129.11,-0.5,1,4,3,0
432606,"C25H32N3O3+",422.5,"",3,4,5,1
432607,"C26H32N3O3+",434.5,"",3,4,3,1
433294,"ClLi",42.4,"",0,1,0,0
433921,"C18H11N2O2S4+",415.6,7.9,1,7,4,1
434172,"C88H112O8",1297.8,25.9,8,8,8,0
434431,"C24H26N4O4Zn",499.9,"",4,8,2,0
434859,"C25H32N3O2+",406.5,"",2,3,5,1
4353,"C2H4BrNO",137.96,0.1,1,1,0,0
4355450,"C27H24BrN3O2",502.4,5.9,1,3,6,0
4362,"C6H7NO2",125.13,0.900,0,2,1,0
4376,"C5H9NO4",147.13,-3.4,3,5,4,0
439202,"C5H12N4O3",176.17,-4.800,4,5,5,0
439224,"C9H14N4O3",226.23,-4.0,4,5,6,0
439771,"C3H6ClNO2",123.54,-2.8,2,3,2,0
441130,"C17H25N3O5S",383.5,-2.4,3,7,5,0
441325,"C25H30ClI2NO3",681.8,"",1,4,11,0
441344,"C19H36ClNO2",345.9,"",1,3,8,0
441373,"C20H9Br2HgNa2O6",751.7,"",1,6,2,0
441422,"C12H22O11",342.30,-4.7,8,11,4,0
442428,"C27H32O14",580.5,-0.5,8,14,6,0
442649,"C9H10N2",146.19,0.6,0,2,1,0
443239,"C4H7NO5",149.10,-4.4,4,6,3,0
4432690,"C25H43NO18",645.6,-8.5,14,19,9,0
443657,"C4H10NO6P",199.10,-4.7,4,7,4,0
444041,"C42H70O35",1135.0,-15.0,21,35,7,0
444266,"C4H4O4",116.07,-0.300,2,4,2,0
444795,"C20H28O2",300.4,6.300,1,2,5,0
444899,"C20H32O2",304.5,6.3,1,2,14,0
444913,"C36H60O30",972.8,-12.9,18,30,6,0
444972,"C4H4O4",116.07,-0.300,2,4,2,0
445143,"C24H34N2O",366.5,5.3,0,3,10,0
445319,"C4H10N2S",118.20,1.0,2,2,2,0
445354,"C20H30O",286.5,5.700,1,1,5,0
44561,"CNa3O5P",191.95,"",0,5,0,0
445639,"C18H34O2",282.5,6.500,1,2,15,0
4457834,"C22H18N4O4",402.4,3.2,1,7,6,0
446849,"C22H24O2",320.4,5.1,2,2,2,0
446873,"C3H8NO5P",169.07,-5.2,4,6,3,0
4469,"C41H24N6Na8O29S8",1505.1,"",6,29,18,0
447043,"C38H72N2O12",749.0,4.000,5,14,7,0
447196,"C7H8IN3O4",325.06,-3.7,3,5,3,0
447212,"C4H9N3O2",131.13,-1.800,3,3,3,0
448041,"C10H17N3O6S",307.33,-4.5,6,8,9,0
448949,"C16H10BrN3O2",356.17,3.9,3,3,1,0
449293,"C8H15NO",141.21,0.8,1,2,0,0
452009,"C5H11NO3",133.15,-1.7,4,4,1,0
457193,"C62H86N12O16",1255.4,3.8,5,18,8,0
4574925,"C29H28O7",488.5,5.7,0,7,7,0
457825,"C38H42N2O6",622.7,6.4,0,8,4,0
4587968,"C26H26O6",434.5,4.1,1,6,2,0
4599,"C29H53NO5",495.7,10.0,1,5,23,0
460,"C7H8O2",124.14,1.300,1,2,1,0
4649906,"C2H2N3Na",91.05,"",0,3,0,0
4670,"C17H31F3O",308.4,8.500,0,4,14,0
4671,"C18H37NO2",299.5,6.2,2,2,16,0
4684,"C6H5ClO",128.55,2.400,1,1,0,0
4685,"C6H4Cl2",147.00,3.400,0,0,0,0
4712,"C20H13FN4O2",360.3,3.9,1,5,3,0
4713,"C16H13NO3",267.28,2.900,1,4,2,0
47445,"C15H10ClF3N2O3",358.70,5.600,2,6,3,0
476416,"C19H17Cl3N2S",411.8,6.4,0,2,7,0
4767,"C23H26O3",350.4,6.200,0,3,7,0
4837,"C4H10N2",86.14,-1.500,2,2,0,0
4843,"C6H10N2O2",142.16,-1.3,1,2,2,0
485185,"C30H48O3",456.7,7.3,2,3,1,0
4910,"C23H31NO2",353.5,4.600,0,3,11,0
4912,"C31H48O2S2",516.8,11.3,2,4,8,0
4936,"C19H26O4S",350.5,5.0,0,5,7,0
4971,"C34H34N4O4",562.7,4.6,4,6,8,0
500,"C5H11N3O2",145.16,-1.5,3,3,4,0
5004,"C14H8O6",272.21,2.5,4,6,0,0
50088,"C24H35ClN2O",403.0,"",1,3,10,0
5018304,"C14H10Cl2NNaO2",318.1,"",1,3,4,0
5026275,"C17H26Cl2N2",329.3,4.7,0,2,6,0
5029739,"C23H25ClN2O",380.9,5.6,0,3,5,0
5034182,"C14H10N3O12PS2-4",507.4,-1.8,1,15,5,-4
5035,"C28H27NO4S",473.6,6.1,2,6,7,0
5040063,"C24H22N2O3",386.4,5.5,3,4,5,0
5054,"C6H6O2",110.11,0.800,2,2,0,0
5063962,"C19H39NO",297.5,7.7,1,1,15,0
5074,"C27H25F2N3OS",477.6,5.2,0,6,5,0
5104,"C6H6AsNO6",263.04,"",3,6,1,0
51082,"C22H30Cl2N4O6",517.4,"",10,10,12,0
5125,"C12H27OPS3",314.5,3.200,0,4,12,0
5125341,"C32H32O15",656.6,2.5,0,15,15,0
5139,"C3H8N2S",104.18,0.5,2,2,2,0
5146,"C7H8O2",124.14,0.700,2,2,1,0
5147,"C7H7NO2",137.14,1.300,2,2,1,0
5149276,"C38H54O8",638.8,7.800,3,8,11,0
5152597,"C44H34O22",914.7,4.2,16,22,9,0
5152866,"C37H30O18",762.6,3.0,14,18,6,0
5154,"C20H14NO4+",332.3,4.4,0,4,0,1
5169,"C20H14FN3O",331.3,3.7,2,4,3,0
516902,"ClNaO3",106.44,"",0,3,0,0
516919,"HNaO4S",120.06,"",1,4,0,0
5175,"C17H22ClNO2S",339.9,5.6,1,3,8,0
5196,"CH5N3O",75.07,-1.8,3,2,0,0
520108,"C5H5NOS",127.17,1.0,0,3,1,0
521874,"CH6ClNO",83.52,"",2,2,0,0
5230,"C4H12NO2P",137.12,-4.0,2,3,3,0
5233,"C22H34N4O10",514.5,2.0,0,12,15,0
5234410,"C22H26FNO",339.4,4.900,0,3,7,0
5242,"C2H2NNaO3",111.03,"",1,3,1,0
525,"C4H6O5",134.09,-1.300,3,5,3,0
5280352,"C33H36N4O6",584.7,2.9,6,6,12,0
5280450,"C18H32O2",280.4,6.800,1,2,14,0
5280489,"C40H56",536.9,13.500,0,0,10,0
5280531,"C36H60O2",524.9,13.600,0,2,21,0
5280754,"C62H111N11O12",1202.6,7.5,5,12,15,0
5280795,"C27H44O",384.6,7.9,1,1,6,0
5280934,"C18H30O2",278.4,5.900,1,2,13,0
5280965,"C47H73NO17",924.1,0.0,12,18,3,0
5281,"C18H36O2",284.5,7.400,1,2,16,0
5281227,"C40H52O2",564.8,11.4,0,2,10,0
5281249,"C24H28O4",380.5,7.2,2,4,10,0
5281365,"C20H34O",290.5,6.6,1,1,10,0
5281515,"C15H24",204.35,4.400,0,0,0,0
5281614,"C15H10O6",286.24,2.0,4,6,1,0
5281650,"C24H26O6",410.5,6.3,3,6,5,0
5281764,"C22H18O12",474.4,2.0,6,12,11,0
5281855,"C14H6O8",302.19,1.1,4,8,0,0
5281858,"C22H34O3",346.5,8.500,2,3,14,0
5282379,"C20H28O2",300.4,6.300,1,2,5,0
5282407,"C26H28Cl2F2N2",477.4,"",2,4,6,0
5282759,"C18H34O2",282.5,6.500,1,2,15,0
5283387,"C18H35NO",281.5,6.6,1,1,15,0
5283389,"C22H35NO3",361.5,5.6,2,3,16,0
5283454,"C20H39NO2",325.5,6.3,2,2,17,0
5284416,"Cl2Hg",271.50,"",0,2,0,0
5284439,"C23H39NO4",393.6,"",3,5,6,0
5284459,"C8H7NO2",149.15,2.100,0,2,1,0
5284468,"C10H10Cl2Ti",248.96,"",0,4,0,0
5284469,"C10H8Cl8",411.8,4.7,0,0,2,0
5284643,"C26H29NO2",387.5,6.8,1,3,8,0
5286934,"C12H22O4S2",294.4,2.1,0,4,9,0
5288209,"C26H33NO2",391.5,7.300,2,2,6,0
5289501,"C24H28O2",348.5,7.5,1,2,3,0
5291488,"C21H20O11",448.4,0.5,7,11,4,0
5293655,"C27H30O16",610.5,-1.3,10,16,6,0
5302,"C10H10Cl8",413.8,5.7,0,0,1,0
5307104,"C25H27N5O2S",461.6,4.3,1,5,8,0
5307356,"C20H20N4OS2",396.5,4.6,0,5,5,0
5307422,"C25H28N2O5S",468.6,3.900,0,6,6,0
5307443,"C24H24FN5OS",449.5,4.4,1,5,7,0
5307444,"C25H27N5O2S",461.6,4.3,1,5,8,0
5307467,"C27H25N3O3S",471.6,5.1,0,6,5,0
5307522,"C16H17N3O2S",315.4,2.2,2,5,2,0
5307563,"C26H23FN4O3S",490.6,4.9,0,8,8,0
5307582,"C25H29N7",427.5,3.400,1,6,8,0
5307604,"C24H24FN5OS",449.5,4.4,1,5,7,0
5307621,"C25H27N5O2S",461.6,4.3,1,5,8,0
5307643,"C21H21FN2O7S",464.5,1.5,4,8,7,0
5307716,"C20H18N6",342.4,4.1,1,4,3,0
5307723,"C18H19N3O4S",373.4,2.1,2,5,4,0
5307790,"C25H27N5O2S",461.6,4.3,1,5,9,0
5307952,"C19H16N2O3",320.3,3.0,1,4,2,0
5308125,"C20H22Cl2N4O2",421.3,5.1,1,4,6,0
5308213,"C21H21ClN6",392.9,4.9,0,5,2,0
5308339,"C22H18N2O4",374.4,4.1,1,5,3,0
5308626,"C22H21N3O",343.4,4.7,1,3,4,0
5308639,"C22H19ClFN5OS",455.9,4.3,1,5,7,0
5308706,"C25H27ClN4O3S",499.0,3.500,0,6,4,0
5308718,"C24H23ClN4O2S",467.0,5.2,0,5,4,0
5308829,"C24H24ClN5O2S",482.0,4.5,1,5,8,0
5308860,"C23H21ClN4OS",437.0,5.3,0,4,3,0
5308862,"C21H23N3O3",365.4,2.7,1,5,9,0
5308876,"C25H24N4O2",412.5,4.6,1,4,4,0
5308887,"C10H10N4S",218.28,2.1,1,5,1,0
5308898,"C12H12O3",204.22,2.3,1,3,1,0
5308984,"C23H21ClFN5O2S",486.0,4.3,1,6,8,0
5309057,"C21H19N3O2S",377.5,3.5,0,5,2,0
5309130,"C17H17N3O2S",327.4,3.4,1,5,6,0
5309153,"C19H30N2O2",318.5,5.0,0,3,5,0
5309169,"C20H23N3O4S",401.5,2.7,1,6,7,0
5309173,"C25H24FN5OS",461.6,4.2,0,5,6,0
5309303,"C21H22N4O3S",410.5,2.300,1,6,4,0
5309329,"C25H27N5O2S2",493.6,4.6,0,6,6,0
5309409,"C24H24FN5OS",449.5,4.5,1,5,8,0
5309460,"C21H22N4O3S",410.5,2.3,1,6,4,0
5309514,"C22H24N2O4S",412.5,2.8,1,6,8,0
5309533,"C25H28FN5O3S",497.6,2.8,0,9,7,0
5309622,"C26H29ClFN3O3",486.0,4.7,1,4,5,0
5309717,"C23H29NO6",415.5,4.0,1,6,9,0
5309731,"C24H29N5O2S",451.6,4.0,0,7,5,0
5309876,"C22H19ClFN5OS",455.9,4.3,1,5,7,0
5309912,"C22H27NO6",401.5,3.6,1,6,8,0
5309927,"C17H18N2O3",298.34,2.6,1,3,5,0
5310695,"C16H15NO2",253.29,4.0,2,3,4,0
5310853,"C17H20N2O3",300.35,2.6,2,3,5,0
5310958,"C6H9NO4",159.14,-3.4,3,5,3,0
5311093,"C26H43NO3",417.6,8.1,2,3,18,0
5311192,"C36H35N3O4",573.7,5.900,3,4,10,0
5311257,"C24H17NO4",383.4,5.000,0,5,5,0
5311276,"C24H20BrClN2O",467.8,6.8,1,2,6,0
5312331,"C22H40O2",336.6,8.5,1,2,16,0
5317419,"C22H16O12",472.4,2.5,4,12,7,0
5317564,"C21H22O4",338.4,5.300,0,4,6,0
5319551,"C28H44O",396.6,7.4,1,1,4,0
5322280,"C14H14O3",230.26,2.9,1,3,0,0
5324275,"C4H9NO",87.12,0.700,1,2,1,0
5324278,"C4H9NO",87.12,0.8,1,2,2,0
5324707,"C5H7N",81.12,1.0,0,1,1,0
5328769,"C18H16N2O3",308.3,2.7,3,4,4,0
5328775,"C20H20N2O3",336.4,3.5,3,4,7,0
5328804,"C13H8N4O",236.23,0.9,2,5,2,0
5337372,"C13H18N2O3",250.29,2.0,1,4,3,0
5337428,"C17H15N3O2S",325.4,3.7,2,5,5,0
5344692,"C20H16O2S",320.4,5.2,0,3,6,0
535,"C4H7NO2",101.10,-2.800,2,3,1,0
5351655,"C4H10N4O2",146.15,-1.6,4,4,3,0
5351743,"C24H20O2",340.4,6.4,0,2,3,0
5351878,"C35H20N2O5",548.5,7.3,2,6,4,0
5351951,"C16H11Cl2N3",316.2,5.1,1,2,0,0
5353527,"C27H44O",384.6,7.9,1,1,6,0
5353532,"C26H28N2",368.5,5.8,0,2,6,0
5353610,"C28H44O",396.6,7.4,1,1,5,0
5354896,"C10H10O",146.19,2.2,0,1,2,0
5356785,"C14H12",180.24,4.800,0,0,2,0
5357218,"C15H12O3",240.25,3.5,2,3,3,0
5358385,"C19H18O11",422.3,-0.4,8,11,2,0
5362118,"C21H35N3O7",441.5,"",6,9,12,0
5364360,"C5H7N",81.12,1.2,0,1,1,0
5365543,"C9H12",120.19,2.2,0,0,0,0
5366546,"C19H34O3",310.5,5.500,0,3,11,0
5368,"C31H29N5O7",583.6,2.500,0,11,11,0
5368397,"C40H52O4",596.8,10.3,2,4,10,0
5369,"C32H29N3O7",567.6,4.0,1,9,10,0
5371728,"C22H43NO3",369.6,5.8,2,3,19,0
5382,"C16H8Cl4N2O2",402.1,6.0,0,4,4,0
5389871,"C21H21N5O3",391.4,2.7,1,5,6,0
539123,"C21H30O14",506.5,-0.2,0,14,20,0
5405,"C32H41NO2",471.7,6.6,2,3,9,0
5413,"C8H20N+",130.25,1.7,0,0,4,1
541532,"C15H13N5",263.30,2.0,1,3,2,0
5422,"C38H42N2O6",622.7,6.4,0,8,4,0
5425,"C4H7NO5",149.10,-4.4,4,6,3,0
543256,"C8H11N3O4",213.19,-0.8,2,6,0,0
5447,"C4H10O2S",122.19,-0.600,2,3,4,0
5456,"C32H55N4O+",511.8,9.9,0,4,22,1
5458227,"C20H12ClFN2",334.8,5.7,0,3,2,0
5459211,"C13H17N5O8S2",435.4,0.3,4,12,7,0
5459397,"C23H28N2O3Si",408.6,"",0,4,4,0
5459399,"C28H30N2O2Si",454.6,"",0,3,5,0
5459403,"C23H28N2OSi",376.6,"",0,2,5,0
5459404,"C26H30N2O4Si",462.6,"",1,5,3,0
5459405,"C21H24N2OSi",348.5,"",0,2,2,0
5459406,"C20H22N2OSi",334.5,"",0,2,2,0
5459412,"C24H30N2OSi",390.6,"",0,2,3,0
5459413,"C21H24N2OSi",348.5,"",0,2,2,0
5459414,"C21H24N2OSi",348.5,"",0,2,2,0
5459420,"C19H17NO",275.3,5.0,0,2,2,0
5459423,"C20H21NO",291.4,5.0,1,1,6,0
5459425,"C21H16N2S",328.4,5.1,2,1,4,0
5459426,"C21H14N2",294.3,5.4,1,1,1,0
5459428,"C19H18N2",274.4,5.6,1,1,3,0
5459434,"C18H20N2SSi",324.5,"",2,1,4,0
5459448,"C35H45F4NO8",683.7,4.7,0,12,11,0
5459449,"C32H39F4NO7",625.6,5.0,0,11,5,0
5459450,"C36H47F4NO8",697.8,5.3,0,12,12,0
5459451,"C33H41F4NO7",639.7,5.5,0,11,6,0
5459452,"C34H47F4NO6",641.7,5.2,0,10,10,0
5459454,"C33H45F4NO6",627.7,4.6,0,10,9,0
5459456,"C31H36N2O3",484.6,5.600,0,3,7,0
5459457,"C31H35ClN2O3",519.1,6.2,0,3,8,0
5459459,"C31H36N2O4",500.6,5.2,0,4,8,0
5459461,"C30H33ClN2O3",505.0,5.9,0,3,7,0
5459462,"C30H32F2N2O3",506.6,5.4,0,5,7,0
5459510,"C34H29F3N2O3",570.6,6.3,0,6,6,0
5459512,"C33H29FN2O3",520.6,5.2,0,4,6,0
5459513,"C34H29F3N2O3",570.6,6.0,0,6,6,0
5459515,"C33H30N2O3",502.6,5.1,0,3,6,0
5459516,"C33H30N2O3",502.6,5.4,0,3,6,0
5459519,"C17H13NO",247.29,3.800,0,2,1,0
5459535,"C30H32N2O5",500.6,5.0,1,5,12,0
5459539,"C29H36N2O5",492.6,5.7,2,5,11,0
5459542,"C30H30F2N2O5",536.6,5.6,2,7,12,0
5459544,"C33H35N5O5",581.7,5.8,2,7,13,0
5459545,"C31H31N3O5S",557.7,5.9,2,7,12,0
5459550,"C32H33N3O5",539.6,5.4,3,5,13,0
5459551,"C34H37N3O6",583.7,6.0,3,6,14,0
5459556,"C30H32N2O6",516.6,5.4,2,6,12,0
5459557,"C32H36N2O6",544.6,5.2,3,6,14,0
5459560,"C28H27IN2O5",598.4,5.8,2,5,11,0
5459568,"C33H34FN3O6",587.6,5.2,3,7,14,0
5459572,"C30H28FN3O5S",561.6,5.2,2,8,12,0
5459574,"C28H33FN2O5",496.6,5.0,2,6,11,0
5459576,"C29H27F3N2O5",540.5,4.9,2,8,12,0
5459580,"C35H33FN2O5",580.6,6.3,2,6,13,0
5459584,"C35H35N3O5",577.7,5.8,1,6,13,0
5459587,"C37H36N4O5",616.7,6.2,3,6,14,0
5459591,"C33H31N3O5",549.6,5.7,2,6,12,0
5459593,"C36H35N5O5",617.7,5.1,2,7,13,0
5459596,"C34H33N3O5",563.6,5.6,2,6,13,0
5459597,"C36H37N3O7",623.7,5.5,2,8,15,0
5459598,"C34H31F2N3O5",599.6,5.8,2,8,13,0
5459600,"C40H37N3O5",639.7,7.200,2,6,14,0
5459601,"C33H37N3O5",555.7,5.9,2,6,12,0
5459602,"C34H33N3O6",579.6,5.6,2,7,13,0
5459605,"C35H32N4O5S",620.7,6.1,2,8,13,0
5459607,"C36H37N3O6",607.7,5.4,3,7,15,0
5459608,"C49H60N4O5",785.0,9.4,2,5,23,0
5459609,"C49H60N4O6",801.0,9.1,3,6,23,0
5459610,"C55H64N4O5",861.1,11.1,2,5,24,0
5459611,"C51H62N4O7",843.1,9.3,2,7,25,0
5459612,"C44H58N4O5",723.0,8.1,2,5,22,0
5459614,"C31H32N2O5",512.6,4.9,2,5,12,0
5459615,"C56H66N4O10",955.1,8.9,2,10,27,0
5459616,"C52H62N4O10",903.1,8.5,4,10,27,0
5459617,"C49H58N6O8",859.0,6.6,2,9,21,0
5459619,"C29H36N2O5",492.6,4.9,2,5,12,0
5459621,"C32H34N2O5",526.6,5.2,1,5,13,0
5459624,"C51H60N4O11",905.0,6.700,2,11,27,0
5459625,"C48H59N5O5",786.0,8.4,2,6,23,0
5459626,"C49H61F3N4O10",923.0,8.400,2,13,28,0
5459627,"C52H70N4O10",911.1,9.2,2,10,29,0
5459628,"C48H61N5O12",900.0,7.4,2,12,28,0
5459630,"C48H61ClN4O10",889.5,8.2,2,10,28,0
5459631,"C48H61N5O12",900.0,7.4,2,12,28,0
5459632,"C52H64N4O10",905.1,8.8,2,10,28,0
5459633,"C54H66N4O10",931.1,9.2,2,10,29,0
5459634,"C48H68N4O10",861.1,8.3,2,10,28,0
5459635,"C55H60N4O10",937.1,8.3,2,10,26,0
5459636,"C56H62N4O10",951.1,8.800,2,10,27,0
5459637,"C54H59N5O10",938.1,7.3,2,11,26,0
5459638,"C55H61N5O10",952.1,7.8,2,11,27,0
5459640,"C51H62N4O8",859.1,9.5,3,8,25,0
5459641,"C52H64N4O8",873.1,9.3,2,8,27,0
5459642,"C31H38N2O5",518.6,5.8,2,5,12,0
5459643,"C45H62N4O10",819.0,6.6,2,10,28,0
5459644,"C54H72N4O10",937.2,10.1,2,10,29,0
5459700,"C28H24F4N2O2",496.5,5.8,1,6,6,0
5459703,"C30H29N3O2",463.6,5.400,2,2,7,0
5459704,"C29H28ClF3N4O2",557.0,6.7,2,7,9,0
5459723,"C26H26F4N2O2",474.5,5.4,1,6,4,0
5459733,"C30H29N3O2",463.6,5.400,2,2,7,0
5459734,"C29H28ClF3N4O2",557.0,6.7,2,7,9,0
546,"C2H5O5P",140.03,-2.0,3,5,2,0
5461299,"C26H30NO2P",419.5,6.3,1,3,10,0
5461300,"C27H32NO2P",433.5,6.6,1,3,10,0
5461301,"C25H26NOP",387.5,5.5,1,2,7,0
5461305,"C40H45N2O5PS",696.8,8.7,1,6,16,0
5461309,"C30H36NO3P",489.6,7.2,1,4,12,0
5461310,"C25H31NO3",393.5,6.1,1,3,10,0
5461312,"C25H31NO4",409.5,6.4,1,4,11,0
5461320,"C57H63N5O6",914.1,7.7,5,6,19,0
5461322,"C41H46NO2PSi",643.9,"",1,3,13,0
5461324,"C57H62N4O7",915.1,8.3,4,7,20,0
5461326,"C32H38NO2P",499.6,7.0,1,3,8,0
5461327,"C32H38NO2P",499.6,7.0,1,3,9,0
5461338,"C26H30NOP",403.5,7.0,1,2,9,0
5461339,"C39H42NO2PSi",615.8,"",1,3,12,0
5461359,"C32H38NOP",483.6,8.7,1,2,12,0
5461758,"C29H24NO3P",465.5,5.7,1,4,8,0
5461759,"C31H28NO3P",493.5,5.8,1,4,9,0
5461760,"C26H28NOP",401.5,6.3,1,2,8,0
5461764,"C25H26NOP",387.5,5.9,1,2,8,0
5461857,"C32H32N2O3",492.6,6.6,2,3,9,0
5461873,"C32H32N2O3",492.6,6.6,2,3,9,0
5462814,"C2H4N4O2",116.08,-1.0,2,2,0,0
5466987,"C13H17N5O8S2",435.4,0.3,4,12,7,0
54675757,"C6H6O3",126.11,0.5,1,3,0,0
54676535,"C26H26O6",434.5,5.4,2,6,4,0
54677783,"C28H22O6",454.5,5.1,2,6,4,0
54683839,"C26H26O6",434.5,5.4,2,6,4,0
54686781,"C29H38N4O10",602.6,-4.400,9,13,10,0
5469318,"C22H30O2S",358.5,7.2,1,3,10,0
54705186,"C31H35N2NaO11",634.6,"",4,11,9,0
54713175,"C43H54O18",858.9,2.9,2,18,14,0
54713176,"C32H40O14",648.6,-0.8,7,14,4,0
5477212,"C45H74O",631.1,15.9,1,1,25,0
54900,"C28H28ClNO4S",510.0,"",3,6,7,0
5494,"C22H37NO5",395.5,5.0,0,6,16,0
550758,"C7H14N2O",142.20,-0.500,0,2,0,0
5510,"C19H17NOS",307.4,5.5,0,2,3,0
5518,"C10H10Cl8",413.8,6.0,0,0,1,0
5520,"C6H12NO2P",161.14,-1.3,1,2,1,0
5537,"C24H27N3O3",405.5,3.9,0,4,3,0
5565,"C6H18N4",146.23,-2.5,4,4,7,0
5568,"C18H19F3N2S",352.4,5.200,0,6,4,0
5570,"C7H7NO2",137.14,1.2,0,2,0,0
5576,"C6H9NO3",143.14,0.3,0,3,0,0
560437,"C7H15NO2",145.20,-1.800,2,3,4,0
5610,"C8H11NO",137.18,1.100,2,2,2,0
564,"C6H13NO2",131.17,-3.000,2,3,5,0
5641,"C3H7NO2",89.09,-0.200,1,2,2,0
5649,"C54H90N6O18",1111.3,9.1,6,18,9,0
565816,"C16H10N2O2S",294.3,4.2,1,4,2,0
5702027,"C57H103N16Na5O28S5",1735.8,"",18,33,38,0
5702041,"C41H64O13",764.9,2.300,5,13,7,0
5702046,"C10H16N2Na3O8+3",361.21,"",4,10,11,3
5702105,"C56H100N16O17S",1301.6,"",20,22,29,0
5702123,"C9H13NO4S",231.27,"",3,5,1,0
5702162,"C23H26ClN",351.9,"",2,1,7,0
5702183,"C22H19N4NaO8S2",554.5,"",2,9,6,0
5702189,"C3H5CaO4P",176.12,"",0,4,0,0
5702198,"Cl2H6N2Pt",300.05,"",2,2,0,0
5702209,"C5H12ClNO2",153.61,"",1,2,1,0
5702223,"C18H19Cl2NS",352.3,"",1,2,3,0
5702227,"C42H33N3O6",675.7,"",7,9,6,0
5702238,"C28H44ClNO2",462.1,"",0,3,12,0
5702253,"C6H9ClN2O2",176.60,"",3,3,0,0
573747,"C12H6N2O4S2",306.3,3.4,0,7,4,0
5771518,"C32H32O14",640.6,2.1,5,14,5,0
5771520,"C6H12N2O2",144.17,0.1,2,4,3,0
5771529,"C9H9O5Sb",318.92,"",3,5,3,0
5771531,"C22H17N",295.4,5.500,0,1,3,0
5771538,"C25H38Br2O3",546.4,6.9,0,3,5,0
5771541,"C28H33ClN2",433.0,7.1,0,2,6,0
5771544,"C42H30",534.7,12.0,0,0,5,0
5771554,"C21H22HgN4O8-2",659.0,"",3,10,4,-2
5771566,"C4H9N3O2",131.13,-1.200,3,3,2,0
5771570,"C28H44O",396.6,7.4,1,1,4,0
5771588,"C6H8O4",144.12,-0.100,2,4,4,0
5771608,"C42H48N2",580.8,11.5,0,2,3,0
5771618,"C19H22N2O6",374.4,-3.4,3,7,3,0
5771623,"C37H47NO12",697.8,4.9,6,12,3,0
5771633,"C43H59N3O12",809.9,4.6,6,14,5,0
5771634,"C40H54N2O12",754.9,4.7,6,13,5,0
5771639,"C18H10Cl4N2",396.1,7.3,0,2,3,0
5771665,"C21H8Cl12O5S",797.8,6.1,2,5,2,0
5771669,"C4H8N2O4",148.12,-1.5,3,4,3,0
5771673,"C27H29ClN2O",433.0,5.4,2,3,3,0
5771693,"C6H10N2O2",142.16,-1.4,2,2,4,0
5771695,"C47H73NO17",924.1,0.0,12,18,3,0
5771777,"C38H36F3N3O5",671.7,6.8,0,8,9,0
5771780,"C22H27NO4",369.5,5.6,1,4,10,0
5771781,"C22H33NO3",359.5,5.9,1,3,10,0
5771782,"C30H33NO3",455.6,7.8,1,3,11,0
5771783,"C21H27NO4S2",421.6,5.9,1,6,11,0
5771784,"C29H33NO4S",491.6,7.5,1,5,12,0
5771785,"C20H23NO",293.4,5.3,1,1,7,0
5771786,"C22H27NO",321.5,5.5,1,1,9,0
5771788,"C26H27NO",369.5,6.9,1,1,8,0
5771789,"C21H22F3NO",361.4,6.2,1,4,7,0
5771793,"C21H24ClNO2",357.9,6.2,1,2,9,0
5771794,"C21H22F3NO2",377.4,6.5,1,5,8,0
5771795,"C17H21NO2",271.35,4.1,1,2,8,0
5771796,"C26H31NO5",437.5,6.0,1,5,12,0
5771797,"C25H31NO3",393.5,6.1,1,3,11,0
5771798,"C30H35NO2",441.6,8.2,1,2,11,0
5771800,"C21H25NO",307.4,5.5,1,1,7,0
5771802,"C27H29NO",383.5,7.2,1,1,8,0
5771803,"C28H31NO",397.6,7.1,1,1,9,0
5771804,"C25H27NO2",373.5,6.6,1,2,8,0
5771805,"C33H33NO",459.6,8.8,1,1,9,0
5771806,"C20H22F3NOS",381.5,6.4,1,5,7,0
5771808,"C25H27NOS",389.6,7.200,1,2,8,0
5771809,"C26H28N2O",384.5,6.1,1,2,8,0
5771810,"C29H30N2O2S",470.6,7.1,1,4,9,0
5771811,"C22H24F3NO",375.4,6.4,1,4,7,0
5771813,"C24H26F3NO3",433.5,6.3,1,6,9,0
5771814,"C28H31NOS",429.6,8.1,1,2,6,0
5771815,"C30H33NO",423.6,8.1,1,1,6,0
5771816,"C32H34N2O2S",510.7,8.1,1,4,7,0
5771817,"C31H35NO",437.6,8.1,1,1,7,0
5771818,"C32H34F3NO",505.6,9.0,1,4,7,0
5771819,"C28H30N2O",410.5,7.1,1,2,6,0
5771820,"C30H30F3NO",477.6,9.1,1,4,6,0
5771821,"C28H33ClNOP",466.0,8.0,1,2,10,0
5771822,"C26H31NO3",405.5,6.4,1,3,7,0
5771824,"C25H29ClN2O2S",457.0,6.9,1,4,9,0
5771825,"C21H26ClNO2",359.9,6.3,1,2,8,0
5771826,"C21H26ClNOS",376.0,6.9,1,2,8,0
5771828,"C21H24ClNO",341.9,6.2,1,1,7,0
5771829,"C22H26ClNO",355.9,6.1,1,1,8,0
5771830,"C19H22ClNOS",347.9,6.2,1,2,7,0
5771831,"C19H22ClNO2",331.8,5.6,1,2,7,0
5771833,"C23H28ClNO",369.9,6.9,1,1,8,0
5771834,"C29H32ClNO",446.0,8.5,1,1,9,0
5771835,"C22H32ClNO",361.9,6.9,1,1,5,0
5771836,"C30H32ClNO",458.0,8.8,1,1,6,0
5771837,"C22H24F3NO",375.4,6.4,1,4,7,0
5771839,"C20H22F3NO2",365.4,5.800,1,5,7,0
5771840,"C24H29NO3",379.5,6.2,1,3,10,0
5771841,"C27H39NO5S",489.7,5.8,1,6,12,0
5771842,"C26H30N2O4S",466.6,6.2,1,6,11,0
5771843,"C23H28ClNO4S",450.0,6.5,1,5,11,0
5771844,"C24H28F3NO4S",483.5,6.8,1,8,11,0
5771845,"C28H31F3NOP",485.5,8.3,1,5,10,0
5771846,"C22H27NO3S",385.5,6.2,1,4,10,0
5771847,"C22H33NO4",375.5,6.3,1,4,12,0
5771848,"C24H28FNO4",413.5,6.6,1,5,11,0
5771849,"C21H24F3NOS",395.5,7.2,1,5,8,0
5771850,"C25H30F3NO",417.5,7.5,1,4,10,0
5771851,"C24H25F6NO",457.5,8.1,1,7,8,0
5771852,"C22H26F3NO2S",425.5,6.9,1,6,9,0
5771853,"C33H36NOP",493.6,9.0,1,2,11,0
5771854,"C30H32N2O2S",484.7,7.9,1,4,10,0
5771855,"C28H30F3NO2S",501.6,8.5,1,6,10,0
5771857,"C22H27NO",321.5,6.3,1,1,8,0
5771858,"C23H26F3NO",389.5,7.2,1,4,8,0
5771859,"C20H31NO2",317.5,6.4,1,2,10,0
5771860,"C21H26ClNO2S",392.0,6.7,1,3,9,0
5771861,"C22H26F3NO2S",425.5,6.9,1,6,9,0
5781,"C4H2N2O4",142.07,-1.0,2,4,0,0
5798,"C7H6N2",118.14,1.300,1,1,0,0
5801,"C6H7NO",109.13,0.600,2,2,0,0
5818,"C5H11Cl2N3",184.06,"",4,2,2,0
5831,"C6H15ClN2O2",182.65,"",1,3,4,0
5844876,"C9H9BO4",191.98,"",3,4,3,0
588,"C4H7N3O",113.12,-1.800,1,1,0,0
5889,"C22H14",278.3,6.500,0,0,0,0
589406,"C16H13BrN4S",373.3,4.1,1,3,3,0
591073,"C7H7BO3",149.94,"",2,3,2,0
5917,"C6H10N4",138.17,0.100,0,3,0,0
5921,"C4H10N2O",102.14,0.500,0,3,2,0
5921886,"C14H12N2O3S",288.32,2.2,0,5,1,0
5930,"C14H20N2O6S",344.39,"",6,8,2,0
5940,"C3H11Br2N3S",281.02,"",5,3,3,0
5944,"C10H12O4",196.20,0.6,0,4,0,0
594518,"C17H15N3S2",325.5,4.6,0,4,4,0
59453,"C16H8F6N4S2",434.4,5.0,2,10,3,0
5949214,"C21H20O13",480.4,0.0,9,13,4,0
5950,"C3H7NO2",89.09,-3.000,2,3,1,0
5951,"C3H7NO3",105.09,-3.100,3,4,2,0
5960,"C4H7NO4",133.10,-2.800,3,5,3,0
5961,"C5H10N2O3",146.14,-3.100,3,4,4,0
5971,"C4H5NS",99.16,2.4,0,2,2,0
5975709,"C19H38O",282.5,7.6,1,1,12,0
5987,"H3NO3S",97.10,-1.6,2,4,0,0
5993710,"C32H50O2",466.7,8.9,0,2,6,0
6001,"C20H16",256.3,5.800,0,0,0,0
6028739,"C5H7N",81.12,1.2,0,1,0,0
6058,"C2H7NS",77.15,-0.4,2,2,1,0
6060,"C7H16ClNO2",181.66,"",0,3,4,0
60602,"C36H39N3O6",609.7,6.800,1,8,11,0
60663,"C29H38FN3O3",495.6,5.8,1,6,12,0
6072218,"C39H47ClO7",663.2,6.6,0,7,7,0
6093160,"C35H20N4Na6O21S6",1162.9,"",4,21,6,0
6093161,"C41H24N6Na8O29S8",1505.1,"",6,29,10,0
6099529,"C9H12N2Na3O15P3",550.09,"",4,15,8,0
6106,"C6H13NO2",131.17,-1.500,2,3,3,0
61100,"C8H14N2O4S",234.28,"",4,6,3,0
6113,"C3H8O3S",124.16,0.000,0,3,2,0
6115,"C6H7N",93.13,0.900,1,1,0,0
61186,"C5H9ClO",120.58,2.400,0,1,3,0
612,"C3H6O3",90.08,-0.700,2,3,1,0
61207,"C5H10O2",102.13,1.1,0,2,2,0
6124,"C2H6N2O",74.08,-0.600,0,3,0,0
61247,"C6H14O",102.17,1.6,0,1,2,0
61286,"C16H22Cl2O3",333.2,6.300,0,3,10,0
61444,"CoH14O11S",281.11,"",7,11,0,0
61527,"C8H10O2",138.16,1.5,0,2,1,0
61591,"BF3H4O2",103.84,"",2,5,0,0
6187145,"C15H24",204.35,4.5,0,0,0,0
6207,"C14H24N2O10",380.35,-6.2,4,12,17,0
6209,"C5H14ClNO",139.62,"",1,2,2,0
6212,"CHCl3",119.37,2.3,0,0,0,0
6213,"C2H6O2S",94.14,-0.4,0,2,0,0
6227,"C2H3BrO2",138.95,0.400,1,2,1,0
6228,"C3H7NO",73.09,-1.000,0,1,0,0
623376,"C17H10F10N6",488.29,4.0,0,15,2,0
6234,"C3H6N2O2",102.09,-1.5,2,3,0,0
6239,"C23H32Cl3N3O",472.9,"",3,4,9,0
62390,"C10H10Ni",188.88,"",0,2,0,0
62616,"C20H15Cl3O3",409.7,6.500,3,3,4,0
626332,"C14H9F3N2O2",294.23,4.600,1,7,3,0
62725,"C7H11NS",141.24,2.6,0,2,2,0
6274,"C6H9N3O2",155.15,-3.2,3,4,3,0
62753,"C21H20Br8O2",943.6,10.6,0,2,10,0
6276,"C5H12O",88.15,1.600,1,1,3,0
62770,"C27H30ClNO10",564.0,"",6,11,4,0
6278,"C2H3Cl3",133.40,2.4,0,0,0,0
627902,"C18H17N3O2",307.3,3.7,1,5,4,0
62881,"C26H52N6O11S",656.8,"",7,12,23,0
62886,"C65H82N2O18S2",1243.5,"",0,18,26,0
6294,"C14H10Cl4",320.0,6.200,0,0,3,0
6295,"C18H20Cl2",307.3,6.600,0,0,5,0
62969,"C27H39ClN2O4",491.1,"",1,6,13,0
630454,"C22H23N3O2",361.4,4.4,0,5,5,0
6322,"C6H14N4O2",174.20,-4.200,4,4,5,0
6332,"C2H5Br",108.97,1.4,0,0,0,0
6333,"CH2BrCl",129.38,1.7,0,0,0,0
6342,"C2H3N",41.05,0.0,0,1,0,0
6344,"CH2Cl2",84.93,1.500,0,0,0,0
6348,"CS2",76.15,2.1,0,2,0,0
6358,"C3H7Br",122.99,1.8,0,0,0,0
6364,"C3H8S",76.16,1.3,1,1,0,0
6365,"C2H4Cl2",98.96,1.9,0,0,0,0
6366,"C2H2Cl2",96.94,2.3,0,0,0,0
6367302,"C29H18NaO6",485.4,"",3,6,4,0
6367303,"C28H22NNaO6P",522.4,"",1,6,5,0
6371716,"C20H34O2",306.5,6.600,0,2,15,0
6375,"CH3NO2",61.040,0.1,0,2,0,0
637511,"C9H8O",132.16,1.900,0,1,2,0
637564,"C6H8O",96.13,1.2,0,1,2,0
637601,"C4H7NO2",101.10,-2.900,2,3,1,0
6376436,"C25H30O4",394.5,7.5,1,4,11,0
637759,"C10H10O",146.19,2.100,0,1,2,0
637892,"C4H6Cl2",124.99,2.1,0,0,1,0
637930,"C4H2N2",78.07,-0.200,0,2,0,0
638015,"C20H28O",284.4,6.200,0,1,5,0
638034,"C22H32O2",328.5,6.300,0,2,7,0
638186,"C2H2Cl2",96.94,1.900,0,0,0,0
6389,"CCl3F",137.36,2.5,0,1,0,0
6397,"C3H9ClSi",108.64,"",0,0,0,0
6398997,"C4H7NO2",101.10,0.4,1,3,1,0
6399289,"C30H56N16S4",769.1,-0.1,8,12,0,0
6400963,"C18H16N4S",320.4,3.8,0,4,3,0
6403,"C6H14",86.18,3.0,0,0,1,0
6410,"C4H10O2",90.12,0.6,1,2,1,0
641301,"C9H8O2",148.16,1.800,1,2,2,0
64142,"C33H49N3O7S2",663.9,"",5,9,10,0
641768,"C7H15N",113.20,1.500,1,1,0,0
6419891,"C6H10O3",130.14,-0.3,1,3,0,0
6419892,"C20H15Br2HgNa2O9",805.7,"",4,9,2,0
6419943,"C5H16N4O8S",292.27,"",7,10,5,0
6420033,"C9H16N2O3S",232.30,"",2,5,3,0
6420161,"C15H15N3O6",333.30,-3.2,3,7,6,0
642197,"C4H6Cl2",124.99,1.7,0,0,2,0
643460,"C6H8O2",112.13,1.300,1,2,2,0
6435801,"C8H15N2O5P",250.19,-7.0,4,7,4,0
6436079,"C20H28O",284.4,6.200,0,1,5,0
643833,"C2H2Cl2",96.94,1.900,0,0,0,0
644395,"C8H9NO",135.16,0.8,0,1,1,0
644405,"C26H36N6O3",480.6,4.0,1,7,7,0
644534,"C23H15FN4OS",414.5,5.2,0,7,5,0
644647,"C25H36N4O2",424.6,3.6,2,3,7,0
644688,"C20H21ClN4O2S",416.9,3.5,1,6,6,0
644737,"C27H36N6O3",492.6,3.7,1,7,7,0
644740,"C15H13N5S2",327.4,4.5,1,6,3,0
644828,"C17H17F6N5O2",437.34,4.9,0,13,6,0
644955,"C20H15F3N4O4S2",496.5,4.8,1,12,8,0
645036,"C21H17N3O2",343.4,4.0,1,4,4,0
645163,"C24H28N2O3",392.5,4.0,1,3,5,0
645171,"C19H17ClN2O5S",420.9,4.1,0,8,9,0
645211,"C22H23N3",329.4,4.9,0,3,3,0
645250,"C26H20N4O2S",452.5,5.3,1,5,4,0
645320,"C25H29ClN4O2",453.0,3.9,2,3,6,0
645431,"C27H30N6O2",470.6,3.9,1,6,6,0
645493,"C27H36N6O3",492.6,3.7,1,7,7,0
645624,"C27H34N6O3",490.6,4.0,1,7,9,0
645767,"C21H23N3O2S2",413.6,4.4,1,5,4,0
645800,"C26H36N6O3",480.6,4.1,1,7,10,0
645842,"C25H34N6O",434.6,4.1,1,5,7,0
646027,"C27H30N6O3",486.6,3.6,1,7,8,0
646133,"C28H30N6O3",498.6,3.8,1,7,11,0
646211,"C20H24N6",348.4,4.3,0,4,5,0
646213,"C26H33N7",443.6,4.6,0,6,6,0
646378,"C20H17N5O2S",391.4,3.1,0,7,3,0
646396,"C21H28N2O2",340.5,3.6,1,2,4,0
646464,"C17H21N3OS",315.4,3.1,1,4,4,0
646514,"C26H23N5O2S",469.6,4.8,1,6,8,0
646644,"C25H26N4O3S",462.6,4.6,1,7,10,0
646746,"C26H32N6O3",476.6,3.8,1,7,9,0
646879,"C23H20N2O4",388.4,4.8,2,6,5,0
647067,"C24H32N6O",420.6,3.7,1,5,6,0
647101,"C27H30N8S",498.6,5.2,0,8,6,0
647102,"C29H32N6O2",496.6,4.7,1,6,10,0
64713,"C25H29Cl3N2",463.9,"",2,2,5,0
647152,"C29H36N4O2",472.6,7.0,0,4,9,0
647203,"C14H13N7O2",311.30,0.6,1,7,4,0
647257,"C24H23N5OS",429.5,4.4,1,6,8,0
647332,"C25H34N6O",434.6,4.1,1,5,6,0
647438,"C27H34N4O3",462.6,3.7,2,4,7,0
647514,"C18H17Cl2N3OS",394.3,3.8,0,4,4,0
647576,"C29H30N6O2",494.6,4.2,1,6,8,0
647578,"C21H15ClN4OS",406.9,5.1,0,5,6,0
647619,"C25H34N6O",434.6,4.1,1,5,6,0
64764,"C17H27Cl2N",316.3,"",1,1,5,0
647688,"C22H23FN4O2S",426.5,3.3,1,6,6,0
647828,"C28H33N7O2",499.6,3.7,1,7,6,0
647949,"C18H17Cl2N3OS",394.3,3.8,0,4,4,0
648076,"C26H31FN6O2",478.6,3.5,2,7,9,0
648152,"C23H28FN3O",381.5,5.0,1,4,4,0
648291,"C16H24N2O4",308.37,-2.2,2,5,6,0
648296,"C21H15ClN4O2S2",455.0,4.5,0,6,4,0
648331,"C14H17N9S4",439.6,3.4,0,13,5,0
648363,"C29H29N7O",491.6,4.1,1,6,6,0
648434,"C18H20N4O",308.4,3.3,2,4,5,0
648448,"C27H26N6O2",466.5,3.5,1,6,5,0
648560,"C29H32N6O2",496.6,4.5,1,6,10,0
648681,"C24H32N6O",420.6,3.7,1,5,6,0
648696,"C24H24N4O2S",432.5,4.6,1,6,9,0
648705,"C22H17ClN6OS2",481.0,5.7,1,7,5,0
648964,"C26H32N6OS",476.6,4.5,1,6,8,0
648986,"C25H27FN6O",446.5,3.5,1,6,7,0
649128,"C25H16N4O2",404.4,4.8,0,6,4,0
649129,"C26H38N4O2",438.6,4.0,2,3,6,0
649170,"C20H18F3N3O2S",421.4,3.9,1,8,8,0
6492,"C10H12",132.20,2.5,0,0,0,0
649220,"C28H33N7O2",499.6,3.7,1,7,6,0
649289,"C26H34N6O2S",494.7,4.2,1,7,11,0
649320,"C27H30N6O3",486.6,3.6,1,7,7,0
649371,"C29H32N6O2",496.6,4.6,1,6,10,0
649376,"C26H33N7",443.6,4.6,0,6,6,0
649404,"C26H23N7OS",481.6,4.0,0,6,5,0
649409,"C9H11NO",149.19,2.0,1,2,0,0
649417,"C28H30N6O2",482.6,4.1,1,6,10,0
649444,"C22H22N6OS2",450.6,6.0,0,8,5,0
649670,"C23H20N4O2",384.4,4.5,2,4,4,0
649751,"C20H17ClN6O3S2",489.0,3.8,1,9,9,0
649767,"C19H23N3O3S",373.5,3.7,3,5,7,0
649837,"C25H28ClN7",462.0,4.6,0,6,5,0
649898,"C27H36N6O3",492.6,3.7,1,7,7,0
649919,"C23H27N3O2S2",441.6,4.8,1,5,5,0
649930,"C23H26N4O3S2",470.6,4.3,0,7,5,0
649975,"C27H32N6OS",488.6,4.2,1,6,7,0
650,"C4H6O2",86.09,-1.300,0,2,1,0
650011,"C28H30N6O2",482.6,4.3,1,6,10,0
650088,"C6H8N2O2",140.14,0.1,1,3,2,0
650129,"C25H27FN6O",446.5,3.5,1,6,7,0
650193,"C25H29N3O2S",435.6,4.7,0,4,5,0
650199,"C27H34N6O3",490.6,4.2,1,7,9,0
650317,"C18H20ClN3O3S",393.9,4.1,3,5,5,0
650369,"C19H21F3N6OS",438.5,3.2,2,8,4,0
650402,"C6H12N2O2",144.17,-3.1,2,4,2,0
650853,"C27H31N7O",469.6,3.7,1,6,5,0
650906,"C26H34N6O3",478.6,3.6,1,7,11,0
650939,"C28H33N7O2",499.6,3.7,1,7,6,0
650956,"C27H30N6O3",486.6,4.0,1,7,5,0
651231,"C25H38N4O2",426.6,3.800,2,3,9,0
651241,"C23H29N5S",407.6,4.7,0,5,6,0
651274,"C20H30N4OS",374.5,4.8,1,4,9,0
651286,"C23H20N4O2S2",448.6,5.1,0,8,8,0
651382,"C25H21F3N6O2",494.5,4.2,1,8,5,0
651397,"C26H24N8OS",496.6,5.1,1,7,8,0
651405,"C22H18N2OS",358.5,4.7,0,2,3,0
651443,"C15H12N2OS2",300.4,3.4,1,4,4,0
651711,"C26H23N5O2S",469.6,5.2,0,7,8,0
651714,"C26H24N6O2",452.5,3.8,1,6,5,0
6518171,"C30H29N3O4",495.6,6.4,2,7,12,0
6518263,"C37H46N4O4",610.8,7.3,0,7,9,0
6518269,"C36H41N5O5",623.7,5.5,1,8,12,0
6518270,"C37H41N3O5",607.7,7.7,0,7,9,0
6518329,"C33H39NO5",529.7,7.1,0,6,13,0
6518332,"C28H41N3O2",451.6,6.3,0,5,10,0
6518338,"C27H36N4O3",464.6,4.5,1,6,13,0
6518339,"C28H36N2O3",448.6,6.7,0,5,10,0
6518340,"C28H41NO3",439.6,7.1,0,4,14,0
651967,"C27H26N6O2",466.5,3.5,1,6,5,0
652076,"C17H21Cl2N5O3S",446.4,4.600,0,9,10,0
652091,"C22H21N5OS2",435.6,4.6,1,7,8,0
652106,"C13H12N4",224.26,2.0,1,3,1,0
652309,"C22H19N3O2S",389.5,4.4,0,5,7,0
652380,"C26H36N6O3",480.6,4.0,1,7,11,0
652416,"C25H19FN4O2S",458.5,5.1,1,6,7,0
652420,"C24H24N2O7",452.5,1.5,2,7,10,0
652422,"C16H14N4O3S",342.4,2.3,1,6,6,0
652442,"C23H18FN3O5",435.4,2.5,2,6,5,0
652480,"C25H26N4O2S",446.6,5.0,1,6,9,0
652562,"C27H30N6O3",486.6,3.6,1,7,7,0
652573,"C24H33N3O3",411.5,4.1,2,3,5,0
652678,"C21H20N6O4S2",484.6,3.1,1,10,10,0
652699,"C24H19F2N3O3S",467.5,5.0,0,8,8,0
652717,"C27H34N4O3",462.6,3.7,2,4,7,0
652736,"C24H22N2O3",386.4,3.6,1,3,5,0
652821,"C23H17F3N6O2",466.4,3.8,1,8,5,0
6529,"C21H21O4P",368.4,5.100,0,4,6,0
652994,"C22H20ClN5O2",421.9,3.8,0,5,3,0
652995,"C23H22N6O2",414.5,3.3,0,6,5,0
653084,"C25H22N2O5",430.5,3.7,1,5,5,0
653146,"C27H30N6O2",470.6,3.8,1,6,5,0
653217,"C23H28N4O3S",440.6,4.9,0,6,6,0
653275,"C27H23N5O2S",481.6,4.6,0,6,7,0
653302,"C24H21BrN2O4",481.3,3.9,1,4,7,0
653330,"C20H16F3N3O2S",419.4,4.3,0,8,4,0
65341,"C23H32ClNO2",390.0,"",1,3,11,0
653520,"C14H6ClFN2OS2",336.8,4.6,0,6,2,0
653544,"C27H30FN7O",487.6,3.8,1,7,5,0
65359,"C20H32N6O12S2",612.6,-9.1,10,16,21,0
653602,"C16H14N2O3S2",346.4,3.3,1,5,5,0
653699,"C25H30N6OS",462.6,4.0,1,6,8,0
6537,"C24H51O4P",434.6,8.9,0,4,21,0
6537492,"C24H28O4",380.5,7.2,2,4,10,0
6537493,"C45H73NO15",868.1,1.8,9,16,8,0
6537494,"C25H30O4",394.5,7.5,1,4,11,0
6537495,"C4H10CdO6",266.53,"",2,6,0,0
6537497,"C24H44Cl6",545.3,11.000,0,0,21,0
6537498,"C10H16Cl6",348.9,5.8,0,0,7,0
6537500,"C25H24O12",516.4,2.1,7,12,9,0
6537502,"C56H92O29",1229.3,-3.9,17,29,14,0
6537503,"C6H14O3",134.17,0.8,2,3,4,0
6537506,"C12H2Br8O",801.4,9.0,0,1,2,0
653761,"C21H20F3N3O3S",451.5,3.9,1,9,9,0
653784,"C28H30N6O2",482.6,4.3,1,6,10,0
653824,"C7H12N2O3",172.18,-3.4,2,4,2,0
6540,"C18H39O7P",398.5,2.800,0,7,21,0
654056,"C24H26N6",398.5,4.3,0,5,4,0
654078,"C23H25N5O2S2",467.6,3.4,0,7,7,0
654309,"C29H32N6O2",496.6,4.5,1,6,10,0
654377,"C28H30N6O3",498.6,3.8,1,7,10,0
654475,"C26H21N3O4S",471.5,4.9,1,7,8,0
654521,"C9H16N2O3",200.23,-3.3,1,4,4,0
654525,"C21H20FN3O2",365.4,3.6,0,5,4,0
654622,"C28H30N6O3",498.6,3.9,1,7,11,0
654722,"C25H20FN3O3S",461.5,5.1,0,7,6,0
654769,"C25H30N6OS",462.6,4.0,1,6,8,0
654791,"C24H28N2O3",392.5,4.0,1,3,5,0
654950,"C18H19N5O3S",385.4,2.7,1,7,8,0
654958,"C28H24N6O3",492.5,4.1,1,7,5,0
654999,"C24H22N4O2S",430.5,4.2,1,5,8,0
655079,"C25H26N4O2S",446.6,4.9,1,5,8,0
655084,"C22H16F4N4O2",444.4,4.3,0,8,2,0
655158,"C21H28N2O2",340.5,3.6,1,2,4,0
655262,"C27H38N6O3",494.6,3.3,2,7,9,0
655435,"C26H32N6O3",476.6,3.6,1,7,9,0
65552,"C14H8I4O4",747.83,5.2,2,4,4,0
655556,"C24H19F2N3O3S",467.5,5.0,0,8,8,0
6557,"C5H8",68.12,2.5,0,0,1,0
655744,"C23H24FN3O4",425.5,2.5,2,5,6,0
655761,"C25H18FN3O3S",459.5,5.0,1,7,7,0
6559,"C4H7N",69.11,0.500,0,1,0,0
655991,"C25H21N5O2S",455.5,4.8,0,7,8,0
6560,"C4H10O",74.12,0.800,1,1,1,0
6560141,"C29H50O2",430.7,10.7,1,2,12,0
6560355,"C17H18N6O6S",434.4,1.100,4,11,5,0
6561,"C4H8O",72.11,0.8,0,1,1,0
656129,"C5H6N2O2",126.11,-0.3,1,3,2,0
6564,"C3H6Cl2",112.98,1.8,0,0,1,0
6565,"C3H4Cl2",110.97,1.9,0,0,1,0
6567,"C3H10N2",74.13,-1.2,2,2,1,0
6568,"C4H10O",74.12,0.600,1,1,1,0
6569,"C4H8O",72.11,0.300,0,1,1,0
6570,"C4H6O",70.09,0.5,0,1,1,0
6574,"C2H3Cl3",133.40,1.900,0,0,1,0
6575,"C2HCl3",131.38,2.600,0,0,0,0
6575389,"C6H11NO2",129.16,-2.900,2,3,1,0
657553,"C20H19N5O2",361.4,2.9,2,4,5,0
657611,"C15H14N4",250.30,2.1,1,4,0,0
657699,"C22H22N4",342.4,3.300,0,4,0,0
6579,"C3H5NO",71.08,-0.700,1,1,1,0
658021,"C10H15N4PS3",318.4,3.1,0,6,2,0
658118,"C16H14BrN5O3S",436.3,3.1,1,6,5,0
658154,"C9H12N2S",180.27,2.7,1,3,1,0
6584,"C3H6O2",74.08,0.200,0,2,1,0
658431,"C16H30N2O8",378.42,-5.9,2,10,4,0
658522,"C8H16ClNO",177.67,"",1,2,0,0
658538,"C17H16N2O2",280.32,3.5,1,3,4,0
6587,"C2H5NO2",75.07,0.200,0,2,0,0
658751,"C23H26N4O3",406.5,4.0,2,5,6,0
658797,"C22H18ClN5O",403.9,4.7,1,4,5,0
6589,"C6H14",86.18,3.400,0,0,1,0
658922,"C16H13ClN4OS",344.8,2.7,2,3,2,0
659128,"C20H24ClN3O5",421.9,3.4,2,6,8,0
659226,"C21H16BrNO6",458.3,4.2,0,7,7,0
659229,"C14H13FN4S",288.35,2.7,1,5,1,0
659293,"C22H24N6O3",420.5,1.3,2,7,6,0
659453,"C20H18FN5",347.4,3.9,1,5,2,0
6595,"C4H7NO",85.10,0.1,1,1,1,0
659512,"C27H29FN6O",472.6,5.0,1,7,5,0
6597,"C2H2Cl2O2",128.94,0.900,1,2,1,0
6598,"C3H6ClNO",107.54,0.8,0,1,0,0
659808,"C4H4N2S2",144.2,1.7,0,4,0,0
65981,"C27H36N2O4",452.6,5.2,2,5,10,0
659872,"C17H14FN3O",295.31,3.9,2,5,3,0
659882,"C19H20N4",304.4,3.8,0,4,2,0
659886,"C24H23N3O2S",417.5,5.1,1,5,6,0
660,"C9H8O2",148.16,1.6,0,2,0,0
660052,"C23H21N3O2S",403.5,4.6,1,5,5,0
6602095,"C27H30O16",610.5,-1.3,10,16,6,0
6602515,"C37H46N2O5",598.8,8.1,0,6,13,0
660252,"C25H30N4O5",466.5,3.3,2,7,9,0
6602546,"C22H34ClFN6",437.0,"",1,6,7,0
6602553,"C19H21ClN4O2",372.8,"",4,6,5,0
6602627,"C23H29ClN6O3",473.0,"",1,8,8,0
6602752,"C6H9ClN2O",160.60,"",1,2,0,0
6602813,"C5H15ClN2O2",170.64,"",5,4,3,0
6603141,"C4H5ClN2O2S",180.61,"",3,5,1,0
6603190,"C20H22ClF3N4O2S",474.9,"",1,8,4,0
6603225,"C21H21ClN4O2",396.9,"",2,6,4,0
6603238,"C7H11BrN2",203.08,"",2,2,1,0
6603243,"C7H10ClN3",171.63,"",2,3,0,0
6603305,"C4H4BrNO2S",210.05,"",2,4,1,0
6603339,"C4H13ClNO2P",173.58,"",3,3,3,0
6603377,"C23H24ClN5O2",437.9,"",2,6,3,0
6603430,"C20H20ClN3O3",385.8,"",2,6,6,0
6603501,"C22H22ClN5O2",423.9,"",2,6,3,0
6603553,"C18H20ClN3O3",361.8,"",1,6,4,0
660358,"C23H24N4O3S2",468.6,5.8,1,8,7,0
6603593,"C23H28ClN3O",397.9,"",2,3,1,0
6603595,"C23H37ClN4O",421.0,"",2,4,5,0
6603603,"C24H26ClN5O2",451.9,"",2,6,4,0
6603655,"C7H14ClN3",175.66,"",3,2,2,0
6603697,"C4H7NO2",101.10,-3.2,2,3,2,0
6603699,"C6H9NO2",127.14,-3.0,2,3,3,0
6603705,"C18H22N6O7S",466.5,-1.8,5,11,14,0
6603716,"C40H52O4",596.8,9.1,2,4,10,0
6603720,"C4H8N2O2",116.12,-1.5,2,3,0,0
6603722,"C5H10N2S",130.21,0.600,1,2,0,0
6603731,"C19H21ClNNaO4",385.8,"",2,5,9,0
6603735,"C20H20BrN3O2S",446.4,3.5,2,5,8,0
6603741,"C13H15NO2S",249.33,2.7,0,3,3,0
6603751,"C25H27ClN2O",406.9,5.3,1,3,6,0
6603754,"C8H17N2O5P",252.20,-6.8,4,7,5,0
6603758,"C23H29N7O6",499.5,0.5,6,11,10,0
6603767,"C21H21ClN2O",352.9,5.5,0,2,4,0
6603770,"C6H14N2O4Pt",373.27,"",4,6,0,0
6603775,"C62H111N11O12",1202.6,7.5,5,12,15,0
6603778,"C10H12ClN5O4",301.69,-0.100,4,8,2,0
6603782,"C21H22Cl3N3O",438.8,6.5,0,2,7,0
6603784,"C28H53N2O7PS",592.8,8.2,1,8,28,0
6603787,"C10H12O4",196.20,0.6,0,4,0,0
6603792,"C23H22N4O",370.4,4.6,1,4,4,0
6603803,"C20H24Cl2O4",399.3,6.5,1,4,7,0
6603806,"C6H12F2N2O2",182.17,-2.9,3,6,5,0
6603809,"C29H46O12",586.7,-1.200,8,12,4,0
6603811,"C20H25N10O19P4-3",833.4,-8.500,7,27,14,-3
6603819,"C28H25F2N3OS",489.6,5.7,0,5,5,0
6603822,"C18H39NO2",301.5,5.8,3,3,16,0
6603835,"C29H32O13",588.6,0.800,3,13,5,0
6603836,"C27H58NO6P",523.7,7.6,0,6,27,0
6603842,"C28H59N2O6P",550.8,7.0,1,6,27,0
6603844,"C7H11NO2",141.17,0.400,1,2,1,0
6603864,"C20H32FNOSi",349.6,"",1,3,6,0
6603865,"C6H11N3",125.17,-0.300,2,2,2,0
6603890,"C48H74O14",875.1,4.1,3,14,8,0
6603892,"C23H21NO",327.4,5.8,0,1,4,0
6603896,"C27H29IN2",508.4,6.0,1,2,6,0
6603898,"C20H19F6NO",403.4,5.0,1,8,4,0
6603900,"C30H38N4O4S2",582.8,7.6,1,7,12,0
6603925,"C11H15N5O9P2-2",423.21,-3.100,3,13,7,-2
6603929,"C28H40N2O5",484.6,3.800,0,7,14,0
6603942,"C30H38FN3O2",491.6,6.3,1,5,11,0
6603946,"C10H16N4O7S",336.32,-4.8,5,10,10,0
6603952,"C29H44O12",584.7,-1.700,8,12,4,0
6603954,"C21H27NO",309.4,5.2,1,2,6,0
6603973,"C36H56O8",616.8,6.5,3,8,17,0
6603975,"C23H45N5O14",615.6,-8.7,13,19,9,0
6603977,"C21H18O4",334.4,5.0,0,4,6,0
6603979,"C23H30ClN3O",400.0,6.0,1,4,9,0
6603983,"C20H28O2",300.4,6.300,1,2,5,0
6603984,"H46N14O2Ru3",577.7,"",16,16,0,0
6603986,"C30H28O8",516.5,5.9,5,8,6,0
6604009,"C26H24N2O",380.5,5.9,1,2,5,0
6604017,"C30H47NOSi",465.8,"",1,1,16,0
6604028,"C47H51NO14",853.9,2.500,4,14,14,0
6604030,"C21H26N2S2",370.6,5.900,0,4,4,0
6604031,"C34H50O12",650.8,3.6,2,12,17,0
6604032,"C26H44NNaO7S",537.7,"",4,7,7,0
6604035,"C32H41NO2",471.7,6.6,2,3,9,0
6604039,"C30H44N6O2",520.7,5.4,1,8,5,0
6604040,"C29H40N2O3",464.6,4.000,1,4,9,0
6604043,"C66H75Cl2N9O24",1449.2,-2.6,19,26,13,0
6604044,"C46H56N4O10",825.0,2.800,3,12,10,0
6604045,"C28H30N4O",438.6,5.7,1,4,0,0
6604046,"C7H9N3O4",199.16,-4.4,3,5,3,0
6604050,"C17H12ClN2NaO4",366.7,"",0,6,5,0
6604052,"C11H14N5Na4O13P3S",641.20,"",3,18,8,0
6604054,"C15H21Br2N5Na3O12P3",785.05,"",3,16,11,0
6604064,"C10H11ClN5Na4O13P3",629.55,"",3,17,7,0
6604068,"C13H23N4NaO11P2",496.28,"",3,11,9,0
6604070,"C46H95NO3",710.3,"",2,3,36,0
6604072,"C16H19N3O8SZn",478.8,"",2,10,8,0
6604087,"C22H19N4NaO8S2",554.5,"",2,9,6,0
66041,"C10H10",130.19,3.5,0,0,2,0
6604128,"C11H14N5Na3O10P2S",539.24,"",3,15,6,0
6604133,"C11H16Li2N5O12P3",517.1,"",5,16,7,0
6604143,"C21H26N7Na4O17P3",833.3,"",5,22,12,0
6604149,"C13H10NNa3O7",361.19,"",1,7,4,0
6604157,"C3H5Na2O4P",182.02,"",0,4,0,0
6604167,"C21H27N7NaO16P3S",781.5,"",7,21,13,0
6604174,"C9H12N2Na2O12P2",448.12,"",4,12,6,0
6604177,"C28H44O",396.6,7.4,1,1,5,0
6604184,"C20H28O",284.4,4.500,1,1,1,0
6604186,"C21H27N7O14P2",663.4,-6.000,7,18,11,0
6604189,"C32H52N4O4+2",556.8,6.6,0,4,17,2
6604201,"C27H44O",384.6,7.9,1,1,6,0
6604202,"C63H88CoN14O14P",1355.4,"",9,21,26,0
6604209,"C30H48O3",456.7,7.3,2,3,1,0
6604213,"C29H50O",414.7,9.3,1,1,6,0
6604214,"C35H42N2O11",666.7,4.6,1,12,13,0
6604219,"C12H22O12",358.30,-5.0,9,12,8,0
6604221,"C37H67NO13",733.9,2.700,5,14,7,0
6604230,"C21H45N3",339.6,5.7,1,3,12,0
6604247,"C24H40O3",376.6,6.3,2,3,4,0
6604250,"C30H48O3",456.7,8.2,2,3,2,0
6604251,"C30H50O2",442.7,8.3,2,2,2,0
6604261,"C7H13NO3",159.18,0.1,1,3,0,0
6604263,"C28H34O15",610.6,-1.100,8,15,7,0
6604269,"C8H19NO",145.24,0.7,2,2,4,0
6604276,"C27H33NO10S",563.6,-0.400,5,11,7,0
6604287,"C10H12N2O5S",272.28,-4.000,2,7,4,0
6604289,"C25H27ClN2",390.9,5.8,0,2,5,0
6604293,"C23H45N5O14",615.6,-8.7,13,19,9,0
6604294,"C52H98N16O13",1155.4,-3.8,18,18,27,0
6604295,"C47H73NO17",924.1,0.0,12,18,3,0
6604297,"C47H75NO17",926.1,-0.2,12,18,3,0
6604298,"C66H75Cl2N9O24",1449.2,-2.6,19,26,13,0
6604299,"C25H50N6O13",642.7,-8.9,13,19,11,0
6604300,"C66H103N17O16S",1422.7,-4.1,17,21,31,0
6604302,"C20H23NS",309.5,4.9,0,2,2,0
6604304,"C9H11N",133.19,1.500,1,1,1,0
6604311,"C25H35NO5",429.5,5.2,0,6,14,0
6604320,"C21H41N7O12",583.6,-8.2,13,15,9,0
6604329,"C19H35N",277.5,6.8,1,1,4,0
6604330,"C35H61NO12",687.9,2.6,3,13,6,0
6604333,"C33H47NO13",665.7,-1.3,7,14,3,0
6604334,"C43H74N2O14",843.1,2.1,4,16,11,0
6604337,"C31H42O2",446.7,9.3,0,2,11,0
6604342,"C23H25N",315.5,5.5,1,1,7,0
6604349,"C48H78O19",959.1,0.1,12,19,10,0
6604350,"C42H69NO15",828.0,2.9,3,16,14,0
6604353,"C51H80O20",1013.2,1.4,8,20,12,0
6604359,"C45H73NO15",868.1,2.0,9,16,8,0
6604360,"C41H64O14",780.9,1.300,6,14,7,0
6604368,"C26H56N10",508.8,4.3,6,4,23,0
6604373,"C27H29NO10",527.5,1.800,5,11,4,0
6604381,"C59H96O12",997.4,13.2,3,12,37,0
6604382,"C27H29NO11",543.5,1.300,6,12,5,0
6604383,"C18H36N4O11",484.5,-6.9,11,15,6,0
6604384,"C34H63N5O9",685.9,3.0,8,9,22,0
6604385,"C18H14Cl4N2O",416.1,5.300,0,2,6,0
6604388,"C18H37N5O9",467.5,-6.2,10,14,6,0
6604389,"C29H32O13",588.6,0.600,3,13,5,0
6604393,"C41H67NO15",814.0,2.6,3,16,14,0
6604396,"C21H41N5O11",539.6,-7.0,11,16,6,0
6604399,"C25H43N13O10",685.7,-7.0,15,13,10,0
6604401,"C11H16N8O8",388.29,-3.4,8,8,6,0
6604407,"C21H41N5O12",555.6,-7.3,12,16,10,0
6604411,"C19H37N5O7",447.5,-5.1,8,12,6,0
6604412,"C17H34N4O10",454.5,-6.3,10,14,6,0
6604413,"C20H35NOS",337.6,5.8,2,3,12,0
6604416,"C21H41N5O7",475.6,-4.2,8,12,8,0
6604420,"C20H21N7O6S2",519.6,-3.200,4,12,10,0
6604421,"C18H15Cl3N2S",397.7,6.100,0,2,6,0
6604422,"C42H78N2O14",835.1,4.200,5,16,12,0
6604427,"C19H26I3N3O9",821.1,-3.000,8,9,12,0
6604428,"C17H17N7O8S4",575.6,0.100,4,15,9,0
6604429,"C48H74O14",875.1,4.1,3,14,8,0
6604430,"C46H68O14",845.0,3.0,3,14,7,0
6604445,"C29H35NO2",429.6,3.8,1,3,3,0
6604447,"C18H24I3N3O9",807.1,-3.000,8,9,12,0
6604448,"C35H44I6N6O15",1550.2,-3.400,13,15,22,0
6604451,"C20H15Cl3N2OS",437.8,6.300,0,3,6,0
6604465,"C18H23N9O4S3",525.6,-2.400,3,13,10,0
6604472,"C27H33NO3",419.6,"",3,4,9,0
6604484,"C60H125N15O25S",1488.8,"",26,40,19,0
6604502,"C23H36Cl3N3O3",508.9,"",5,6,9,0
6604510,"C37H52Cl2N2O11",771.7,"",8,13,2,0
6604518,"C29H60O20",728.8,"",16,20,4,0
6604520,"C27H34O15",598.5,"",9,15,6,0
6604530,"C10H16N5O8P",365.24,"",6,12,4,0
6604550,"C22H45N5O14",603.6,"",14,18,10,0
6604567,"C20H18N6Na2O9S",564.4,"",2,13,7,0
6604582,"C30H44K2O16S2",803.0,"",3,16,10,0
6604593,"C25H31N9O10S2",681.7,"",6,15,9,0
6604625,"C29H32O13",588.6,0.600,3,13,5,0
6604694,"C18H23N5O8P-",468.4,-0.6,1,11,8,-1
6604701,"C7H12N2O5",204.18,-4.300,4,6,6,0
6604702,"C3H6NO5S2-",200.2,-4.1,2,7,3,-1
6604703,"C4H6N2O2S",146.17,-0.2,3,4,3,0
6604710,"C3H5N5O2",143.10,-4.1,3,6,2,0
6604732,"C4H6O3",102.09,-0.6,2,3,2,0
6604733,"C21H42NO4+",372.6,6.0,1,4,18,1
6604736,"C28H44O3",428.6,10.8,1,3,20,0
6604739,"C19H22F3N",321.4,5.300,1,4,7,0
6604751,"C34H32N4O4Zn",626.0,"",2,8,8,0
6604754,"C33H32N2O3",504.6,4.9,2,4,4,0
6604759,"C4H10NO6P",199.10,-5.0,4,7,4,0
6604760,"C6H11NO4",161.16,-3.100,3,5,4,0
6604769,"C5H7NO4",145.11,-3.1,3,5,2,0
6604785,"C7H9NO4",171.15,-3.3,3,5,2,0
6604786,"C7H9NO6",203.15,-4.3,4,7,4,0
6604801,"C32H47F5O3S",606.8,9.200,2,9,14,0
6604805,"C6H7F2NO4",195.12,-3.1,3,7,3,0
6604806,"C11H14N5O13P3S-4",549.24,-5.200,3,18,8,-4
6604808,"C23H29N7O6",499.5,0.5,6,11,10,0
6604811,"C29H44O12",584.7,-1.700,8,12,4,0
6604814,"C47H51NO14",853.9,2.500,4,14,14,0
6604816,"C62H111N11O12",1202.6,7.5,5,12,15,0
6604819,"C8H11NO6",217.18,-4.0,4,7,3,0
6604820,"C8H11NO6",217.18,-4.0,4,7,3,0
6604822,"C26H37NO2",395.6,7.2,2,2,15,0
6604828,"C6H10N2O4",174.15,-6.500,4,6,2,0
6604832,"C62H86N12O16",1255.4,3.8,5,18,8,0
6604836,"C29H37N3O6",523.6,5.9,3,8,7,0
6604838,"C7H14NO5P",223.16,-3.9,4,6,3,0
6604842,"C46H58N4O9",811.0,4.200,3,12,10,0
6604843,"C46H56N4O10",825.0,3.300,3,12,10,0
6604845,"C29H40N2O3",464.6,4.000,1,4,9,0
6604847,"C15H24Br2N5O12P3",719.11,-2.700,6,16,11,0
6604867,"C11H15KOS2",266.5,"",0,3,2,0
6604869,"C6H12NO5P",209.14,-4.1,4,6,4,0
6604870,"C29H35NO2",429.6,3.8,1,3,3,0
6604891,"C11H14N5O10P2S-3",470.27,-4.000,3,15,6,-3
6604894,"C25H50N4O2",438.7,4.9,3,4,18,0
6604898,"C25H37KO4",440.7,"",1,4,5,0
6604902,"C23H29ClFN3O4",465.9,3.4,2,7,9,0
6604905,"C10H9NO2S",207.25,1.4,0,3,2,0
6604912,"C15H15N3O6",333.30,-3.2,3,7,6,0
6604915,"C27H45NO3",431.7,8.0,3,3,19,0
6604932,"C15H15N3O6",333.30,-3.2,3,7,6,0
6604939,"C4H14N4O4S3",278.4,"",4,6,2,0
6604940,"C11H29N9O9P2",493.35,"",9,17,7,0
6604942,"C45H69Cl2N4OP",783.9,"",4,3,20,0
6604947,"C95H146O28",1736.2,"",6,28,15,0
6604950,"C38H30F6N4O4",720.7,"",2,12,0,0
6604953,"C25H36N2O5S2",508.7,"",3,9,15,0
6604957,"C31H38N2O5S",550.7,6.6,1,6,13,0
6604959,"C51H88O38",1309.2,-14.200,21,38,16,0
6605061,"C24H35FN6",426.6,5.3,1,6,11,0
6605081,"C27H31FN6",458.6,5.2,0,6,6,0
6605095,"C25H38N6",422.6,5.5,1,5,12,0
6605096,"C28H36N6",456.6,5.7,1,5,11,0
6605097,"C27H40N6",448.6,6.1,1,5,10,0
660510,"C14H15N3O",241.29,2.1,2,3,3,0
6605127,"C25H36N6",420.6,5.3,1,5,9,0
6605128,"C28H34N6",454.6,5.5,1,5,8,0
6605129,"C27H32N6",440.6,5.6,1,5,7,0
6605130,"C27H38N6",446.6,5.8,1,5,7,0
6605134,"C24H36N6",408.6,5.1,1,5,12,0
6605135,"C27H34N6",442.6,5.3,1,5,11,0
6605136,"C26H32N6",428.6,5.4,1,5,10,0
6605137,"C26H38N6",434.6,5.7,1,5,10,0
6605141,"C27H32N6",440.6,5.3,1,5,8,0
6605156,"C25H34N6",418.6,5.1,1,5,6,0
66062,"C21H27ClN2S2",407.0,"",1,4,4,0
660649,"C19H18ClN3O2",355.8,3.4,2,2,2,0
66069,"C18H20ClF3N2S",388.9,"",1,6,4,0
660805,"C25H24N4OS",428.6,4.2,2,4,3,0
660844,"C4H7N3OS",145.19,-0.3,1,5,2,0
661002,"C23H24N4O2S",420.5,4.1,0,6,4,0
661092,"C26H30N8",454.6,4.8,0,7,4,0
661226,"C15H21BrN2O3",357.24,2.0,2,4,2,0
661650,"C17H14N4O2S",338.4,3.5,0,6,4,0
6618,"C15H12Br4O2",543.9,6.8,2,2,2,0
661874,"C25H18ClN5O2",455.9,3.8,0,5,4,0
661958,"C10H10ClN3OS2",287.8,4.5,2,6,4,0
661964,"C25H24N4O",396.5,4.6,1,5,4,0
662350,"C6H15NO2",133.19,-0.7,2,3,4,0
662369,"C24H22N4O2",398.5,3.9,0,5,3,0
662435,"C14H11Cl2N3S2",356.3,4.4,0,4,4,0
662443,"C22H28N4O2",380.5,4.7,0,6,9,0
662563,"C26H20N4O2S",452.5,4.6,0,6,8,0
662650,"C17H15FN2O3",314.31,3.2,2,5,4,0
662746,"C23H28N4O2",392.5,4.6,0,6,5,0
662823,"C20H27ClN4O4S",455.0,4.2,2,7,12,0
662944,"C19H14Cl2N4OS",417.3,4.3,0,5,6,0
663318,"C23H28N4O2",392.5,4.6,0,6,5,0
663380,"C16H18N4O",282.34,3.000,1,4,2,0
663415,"C22H23NO5",381.4,4.0,0,5,6,0
663455,"C22H20N6O",384.4,3.4,1,6,3,0
663473,"C20H17N3O2",331.4,4.000,0,5,3,0
663538,"C18H16N4OS2",368.5,5.3,0,6,5,0
663567,"C21H18Cl2N4O2",429.3,5.2,0,6,5,0
6636401,"C23H16N4O3S",428.5,4.3,0,6,4,0
6636419,"C19H26BrNO2",380.3,5.400,0,3,4,0
663693,"C21H14N2O3S2",406.5,5.1,0,7,6,0
663789,"C24H20FN5OS2",477.6,4.4,0,7,4,0
663831,"C23H23N3O3",389.4,3.000,0,3,3,0
663844,"C20H16N4O2",344.4,3.500,1,5,5,0
663972,"C21H20N4O",344.4,4.4,0,5,4,0
663973,"C24H20FN5OS2",477.6,4.4,0,7,4,0
664007,"C25H18N4O2",406.4,4.5,1,5,4,0
664196,"C14H14N4",238.29,3.1,2,3,3,0
664247,"C23H23N5OS",417.5,4.7,0,5,7,0
664282,"C24H20ClN5OS2",494.0,5.0,0,6,4,0
664380,"C28H26N4O2",450.5,5.5,0,6,6,0
66449,"C8H12ClNO",173.64,"",3,2,2,0
664611,"C20H19N3O3",349.4,4.8,1,6,7,0
664612,"C15H18N4O",270.33,2.6,2,4,6,0
664614,"C15H15ClN4O",302.76,3.1,2,4,3,0
664651,"C22H20Cl2N4O3",459.3,5.200,0,7,6,0
664724,"C22H18F4N4O",430.4,4.4,2,8,2,0
664728,"C21H21N3O3",363.4,4.6,1,6,6,0
664888,"C24H22N4O5",446.5,3.5,1,8,5,0
664890,"C23H21N5O2S",431.5,3.9,1,6,8,0
664959,"C19H20N2O4",340.4,3.8,2,5,6,0
66496,"C31H17NO3",451.5,6.8,1,4,2,0
664980,"C22H24BrN3O3S",490.4,5.5,1,6,9,0
665065,"C23H25N5O2S2",467.6,3.9,1,9,5,0
665250,"C20H16ClN3O",349.8,3.8,0,2,3,0
665304,"C19H15ClN4S",366.9,4.5,0,4,6,0
665341,"C7H6N2O",134.14,0.8,1,2,1,0
665356,"C6H9N3O",139.16,-0.500,1,2,1,0
665432,"C25H28N2O3",404.5,4.2,0,5,4,0
665507,"C23H25ClN2O3",412.9,4.200,0,5,4,0
665638,"C17H21N3O2S",331.4,3.2,0,6,1,0
665653,"C22H21N3O5",407.4,2.2,1,5,4,0
665737,"C21H23N5O2S3",473.6,5.5,1,8,7,0
665740,"C22H25N3O4S",427.5,3.6,0,6,6,0
6658,"C5H8O2",100.12,1.400,0,2,2,0
665899,"C16H16N4",264.32,2.800,1,3,0,0
666000,"C22H17N5S",383.5,4.1,0,5,5,0
666078,"C19H21ClN8",396.9,2.9,2,8,5,0
666145,"C20H19N3O4",365.4,1.9,0,5,5,0
666176,"C18H14N4OS",334.4,3.2,1,3,4,0
666286,"C25H28N6",412.5,4.9,0,5,5,0
666353,"C21H14ClN5S",403.9,4.4,0,5,5,0
666420,"C15H15Cl2N5O",352.2,2.9,2,2,5,0
66662,"C31H40O3",460.6,9.1,3,3,6,0
666621,"C6H10N2O2",142.16,-0.9,2,3,3,0
66666,"C10H10",130.19,3.5,0,0,2,0
666716,"C18H16ClN3O4",373.8,3.3,3,5,5,0
666790,"C20H16Cl2N4O2S2",479.4,4.8,1,6,8,0
666804,"C24H20N4O2S",428.5,4.6,0,6,8,0
666886,"C25H28N6",412.5,4.8,0,5,4,0
667115,"C18H13N3O2S",335.4,4.0,2,5,3,0
667263,"C16H11N5OS",321.4,2.2,2,6,2,0
667280,"C15H15Cl2N5O",352.2,2.9,2,2,5,0
667307,"C18H12N2O5S",368.4,3.3,0,8,5,0
667466,"C18H18ClNS",315.9,5.200,0,2,3,0
667493,"C5H6N2OS",142.18,-0.200,2,2,0,0
667534,"C19H24N2S",312.5,4.800,0,3,5,0
667601,"C10H8N2O2S",220.25,1.0,3,4,2,0
6683,"C14H8O5",256.21,2.9,3,5,0,0
6708773,"C48H76N2O4S",777.2,16.9,2,4,30,0
6710682,"C25H26O3",374.5,4.900,0,3,3,0
6710684,"C29H36O9",528.6,5.7,3,9,17,0
6710692,"C10H18N2O7",278.26,"",5,9,8,0
6710728,"C38H70O8",655.0,"",4,8,33,0
6710762,"C19H32O4",324.5,4.4,1,4,16,0
6713829,"C8H12CuN2O8-2",327.74,"",6,10,4,-2
6713880,"C25H30Cl2N2O",445.4,6.1,2,3,3,0
6720,"C6Cl5NO2",295.3,4.200,0,2,0,0
67485,"C16H11N",217.26,3.900,0,1,0,0
676306,"C16H12O4",268.26,3.200,1,4,2,0
6811,"C8H4O3",148.11,1.3,0,3,0,0
6815,"C26H38O2",382.6,8.6,2,2,6,0
681612,"C21H20N2O3",348.4,3.4,1,4,6,0
68289,"C7H6O3",138.12,1.200,1,3,0,0
68296,"C3H2S3",134.3,1.2,0,3,0,0
68539,"C19H24Cl2N2",351.3,"",1,2,4,0
68553,"C18H15Cl4N3O4",479.1,"",1,5,6,0
6857766,"C23H42O7",430.6,6.4,1,7,21,0
6857782,"C59H90O4",863.3,19.4,0,4,31,0
6857785,"C40H48O8",656.8,7.4,0,8,10,0
6857790,"C28H28O7",476.5,4.7,0,7,4,0
6857791,"C19H18O5",326.3,3.2,0,5,4,0
6857792,"C17H28O",248.4,7.1,0,1,12,0
6857793,"C38H46O8",630.8,7.0,3,8,8,0
6857794,"C38H46O9",646.8,7.6,3,9,9,0
6857795,"C17H30O",250.4,8.000,0,1,12,0
6857796,"C47H76O2",673.1,16.5,0,2,27,0
6857797,"C17H26O",246.4,6.5,0,1,11,0
68643,"C8H14Cl2N2",209.11,"",3,2,3,0
6880170,"C26H24N6O2",452.5,4.2,0,6,5,0
688057,"C18H20O2",268.3,5.100,2,2,4,0
68841,"C3H8NO6P",185.07,-5.1,4,7,4,0
6893,"C8H11N",121.18,2.300,1,1,0,0
6894,"C7H8ClN",141.60,3.000,1,1,0,0
6896,"C8H11N",121.18,1.800,1,1,0,0
6901113,"C27H24N6OS",480.6,5.5,0,6,5,0
690911,"C14H9N3O2",251.24,2.9,1,5,1,0
6917575,"C28H28O3",412.5,5.5,1,3,8,0
69398,"C5H12ClNO2",153.61,"",3,3,4,0
6944,"C7H7NO2",137.14,2.300,0,2,0,0
6946,"C6H6N2O2",138.12,1.900,1,3,0,0
6947,"C6H5NO3",139.11,1.800,1,3,0,0
696873,"C18H14N2O2S",322.4,3.6,0,4,4,0
6996,"C7H5ClO",140.56,2.300,0,1,1,0
6997,"C8H10O",122.16,2.500,1,1,1,0
6997825,"C22H15ClN4OS",418.9,4.9,0,4,3,0
700,"C2H7NO",61.08,-1.300,2,2,1,0
7000,"C7H9NO",123.15,1.200,1,2,1,0
7002,"C11H10",142.20,3.900,0,0,0,0
701,"C7H12O3",144.17,0.900,0,3,4,0
701067,"C15H9NO2S3",331.4,3.9,0,5,2,0
702,"C2H6O",46.07,-0.100,1,1,0,0
70269,"C4H5N3O2",127.10,-0.300,2,3,0,0
7044,"C10H18",138.25,4.6,0,0,0,0
70452,"C5H13N",87.16,1.1,0,1,1,0
7046,"C9H11N",133.19,1.600,1,1,0,0
7047,"C9H7N",129.16,2.000,0,1,0,0
7055,"C11H10",142.20,3.900,0,0,0,0
7057,"C10H9N",143.18,2.300,1,1,0,0
7059,"C10H9N",143.18,2.600,0,1,0,0
7061,"C10H15N",149.23,3.300,0,1,3,0
7061086,"C8H12N2O3S",216.26,-2.100,2,5,1,0
70766,"C9H8N2",144.17,1.4,1,2,0,0
7095,"C12H10",154.21,4.000,0,0,1,0
71070,"C6H14N4O2",174.20,-4.200,4,4,5,0
71080,"C3H7NO2",89.09,-3.000,2,3,1,0
71082,"C5H12N2O2",132.16,-4.400,3,4,4,0
71083,"C6H9N3O2",155.15,-3.2,3,4,3,0
711223,"C17H17N3OS",311.4,3.7,0,5,2,0
712700,"C14H12N4S",268.34,2.6,1,4,1,0
713,"CH3NO",45.041,-0.8,1,1,0,0
713672,"C13H11Cl2N3S2",344.3,4.5,0,4,3,0
7150,"C8H8O2",136.15,2.100,0,2,2,0
71572,"C7H6FNO",139.13,0.900,1,2,1,0
71777,"C17H8Cl2F8N2O3",511.1,6.400,2,11,5,0
7203,"C8H11NO",137.18,1.500,1,2,2,0
7211,"C8H18O2",146.23,1.3,2,2,5,0
7220,"C6H5N3",119.12,1.0,1,2,0,0
7222,"C7H5NS",135.19,2.000,0,2,0,0
7237,"C8H10",106.16,3.100,0,0,0,0
7239,"C6H4Cl2",147.00,3.400,0,0,0,0
7240,"C6H6ClN",127.57,1.900,1,1,0,0
7242,"C7H9N",107.15,1.300,1,1,0,0
7243,"C6H8N2",108.14,0.100,2,2,0,0
72440,"C20H22N8O5",454.4,-1.800,5,12,9,0
7245,"C6H5ClO",128.55,2.100,1,1,0,0
7248,"C8H11N",121.18,2.500,1,1,0,0
7249,"C8H10O",122.16,2.200,1,1,0,0
7250,"C8H11N",121.18,1.700,1,1,0,0
7251175,"C21H22O4",338.4,5.6,0,4,6,0
7255,"C7H8ClN",141.60,2.900,1,1,0,0
7259,"C8H11N",121.18,1.800,1,1,0,0
7260,"C7H8ClN",141.60,1.400,1,1,0,0
7261,"C7H10N2",122.17,0.100,2,2,0,0
7263,"C6H7ClN2",142.58,1.300,2,2,0,0
7264,"C7H9NO",123.15,1.200,2,2,0,0
7267,"C8H10O",122.16,2.300,1,1,0,0
7276,"C8H8O",120.15,1.600,0,1,1,0
728280,"C15H18N6O2",314.34,1.4,2,8,3,0
7285,"C3H5Cl3",147.43,1.800,0,0,2,0
7289,"C3H6Cl2O",128.98,0.8,1,1,2,0
7294,"C4H6O2",86.09,0.800,0,2,2,0
7298,"C5H10O",86.13,0.800,1,1,0,0
7301,"C5H10O",86.13,1.000,0,1,0,0
73078,"C38H42N2O6",622.7,6.4,0,8,4,0
73157,"C25H28O8",456.5,6.1,2,8,10,0
732503,"C15H14ClNO2S",307.8,3.3,0,3,2,0
73265265,"C38H69NO13",748.0,3.200,4,14,8,0
73265355,"C21H39N7O12",581.6,-8.0,12,15,9,0
73277,"C4H3ClN2",114.53,0.700,0,2,0,0
7352,"C8H14O2",142.20,2.700,0,2,4,0
7362,"C5H4O2",96.08,0.400,0,2,1,0
73629,"C4H10N4O4",178.15,-3.9,6,6,3,0
7368,"C7H5F3",146.11,3.000,0,3,0,0
7390,"C11H16",148.24,4.500,0,0,1,0
73917,"C6H10O4",146.14,0.300,1,4,5,0
7406,"C9H12",120.19,3.700,0,0,1,0
7407,"C9H10",118.18,3.500,0,0,1,0
7416,"C6H5NO2",123.11,1.900,0,2,0,0
7418,"C8H8O2",136.15,2.400,1,2,1,0
7421,"C8H11NO",137.18,1.600,1,2,1,0
7422,"C7H7NO2",137.14,2.400,0,2,0,0
7423,"C6H6N2O2",138.12,1.400,1,3,0,0
74603,"C6H6Br6",557.5,5.0,0,0,0,0
7470,"C8H8O2",136.15,2.300,1,2,1,0
7471,"C9H13N",135.21,2.800,0,1,1,0
7473,"C7H7NO2",137.14,2.400,0,2,0,0
7475,"C6H6N2O2",138.12,1.400,1,3,0,0
7497,"C6H15NO",117.19,0.3,1,2,4,0
74989,"C22H19ClO3",366.8,5.2,1,3,2,0
7499,"C8H12",108.18,2.8,0,0,1,0
750,"C2H5NO2",75.07,-3.200,2,3,1,0
7500,"C8H10",106.16,3.100,0,0,1,0
7501,"C8H8",104.15,2.900,0,0,1,0
7503,"C7H7Cl",126.58,2.300,0,0,1,0
7505,"C7H5N",103.12,1.600,0,1,0,0
7515,"C7H9N",107.15,1.700,1,1,1,0
7517,"C6H11NO",113.16,1.200,1,2,0,0
7521,"C7H7N",105.14,1.500,0,1,1,0
752440,"C16H17N3OS",299.4,4.0,1,3,4,0
7526,"C5H10N2O",114.15,0.400,0,3,0,0
7529,"C9H10",118.18,3.600,0,0,1,0
753,"C3H8O3",92.09,-1.800,3,3,2,0
756537,"C17H18F3N3",321.34,4.4,0,6,2,0
7566616,"C21H20O13",480.4,-0.5,9,13,4,0
7566679,"C43H46N2O8",718.8,8.9,0,10,10,0
7610,"C8H11NO",137.18,1.200,1,2,1,0
7611,"C10H10Fe",186.03,"",0,2,0,0
7628,"BH3O3",61.84,"",3,3,0,0
7641,"C22H42O4",370.6,6.8,0,4,19,0
766823,"C18H23NO4",317.4,3.6,1,5,7,0
7670,"C8H11N",121.18,2.200,1,1,2,0
7671,"C7H7NO",121.14,1.200,1,1,1,0
767342,"C14H10F3NOS",297.30,4.900,1,6,3,0
767400,"C18H23NO2",285.4,5.0,3,3,4,0
7681,"C9H13N",135.21,2.000,0,1,2,0
7684,"C9H11NO",149.19,1.700,1,1,1,0
7699,"C30H53NO11",603.7,2.400,1,12,33,0
7719,"C8H19N",129.24,2.800,1,1,5,0
7720,"C8H18O",130.23,3.100,1,1,5,0
7724,"C8H7N",117.15,2.400,0,1,0,0
7726,"C7H5ClO",140.56,2.100,0,1,1,0
7732,"C7H9NO",123.15,0.900,1,2,1,0
7737,"C6H6N2O2",138.12,1.100,2,4,1,0
774,"C5H9N3",111.15,-0.700,2,2,2,0
7741,"C5H9N3",111.15,-0.4,2,2,2,0
7745,"C6H14O",102.17,1.8,1,1,3,0
7747,"C4H5NO2",99.09,-0.500,0,3,2,0
7765,"C6H14O2",118.17,0.800,0,2,4,0
7766,"C5H10O3",118.13,1.200,0,3,4,0
7771,"C8H10O",122.16,2.300,1,1,0,0
7791,"C16H35N",241.46,6.1,1,1,12,0
7809,"C8H10",106.16,3.200,0,0,0,0
7810,"C7H7Cl",126.58,3.300,0,0,0,0
7812,"C6H6ClN",127.57,1.900,1,1,0,0
781537,"C14H10N2OS2",286.4,3.8,1,4,3,0
7819,"C7H12O2",128.17,2.200,0,2,4,0
7820,"C6H10O4",146.14,0.400,0,4,5,0
7833,"C8H12O2",140.18,0.8,0,2,1,0
7834,"C4H8O",72.11,0.8,0,1,1,0
7835,"C3H5ClO",92.52,0.500,0,1,1,0
7837,"C7H10O3",142.15,0.8,0,3,4,0
7838,"C6H10O2",114.14,0.4,0,2,4,0
7840,"C3H7Br",122.99,2.100,0,0,1,0
7841,"C3H5Br",120.98,1.800,0,0,1,0
7847,"C3H4O",56.06,0.000,0,1,1,0
784748,"C17H17NO4",299.32,3.8,2,4,5,0
7849,"C2H4BrCl",143.41,1.6,0,0,1,0
785,"C6H6O2",110.11,0.600,2,2,0,0
7850,"C3H5Cl",76.52,1.5,0,0,1,0
7854,"C3H5N",55.08,0.200,0,1,0,0
7855,"C3H3N",53.06,0.200,0,1,0,0
7858,"C3H6O",58.08,0.200,1,1,1,0
7859,"C3H4O",56.06,-0.400,1,1,0,0
7860,"C2H2O2",58.04,-0.4,0,2,1,0
787,"H3NO",33.030,-1.2,2,2,0,0
78938,"C3H8O3S",124.16,0.0,1,3,2,0
7903,"C3H7NO2",89.09,0.900,0,2,1,0
7904,"C4H6O2",86.09,0.700,0,2,2,0
7909,"C6H12O",100.16,1.300,0,1,2,0
7912,"C6H15N",101.19,1.400,1,1,2,0
7913,"C2H5N3O2",103.08,-0.7,3,2,0,0
7915,"C5H10O2",102.13,0.9,0,2,2,0
7916,"C5H8O2",100.12,1.0,0,2,2,0
7918,"C4H6O3",102.09,-0.1,0,3,2,0
7922,"C4H4O3",100.07,-0.5,0,3,0,0
7929,"C8H10",106.16,3.200,0,0,0,0
7932,"C6H6ClN",127.57,1.900,1,1,0,0
7933,"C6H5ClO",128.55,2.500,1,1,0,0
7935,"C6H8N2",108.14,-0.300,2,2,0,0
79418,"C6H14N4",142.20,-1.6,4,4,0,0
7948,"C8H10O",122.16,2.400,1,1,0,0
7949,"C8H11N",121.18,2.000,1,1,0,0
795,"C3H4N2",68.08,-0.100,1,1,0,0
79599,"C6H6BBrO2",200.83,"",2,2,1,0
7964,"C6H5Cl",112.55,2.900,0,0,0,0
7966,"C6H12O",100.16,1.200,1,1,0,0
7967,"C6H10O",98.14,0.800,0,1,0,0
7970,"C6H7N",93.13,1.200,0,1,0,0
797232,"C18H15N3O2",305.3,4.4,1,5,5,0
7977,"C5H4ClN",113.54,1.200,0,1,0,0
79799,"C7H9BO2",135.96,"",2,2,1,0
8003,"C5H12",72.15,3.400,0,0,2,0
8004,"C5H10",70.13,2.4,0,0,2,0
8005,"C4H9Cl",92.57,2.600,0,0,2,0
801271,"C14H15N3S",257.36,2.7,1,3,3,0
8021,"C4H11N",73.14,0.600,1,1,2,0
80263,"C24H38N2+2",354.6,7.3,0,0,13,2
8028,"C4H8O",72.11,0.500,0,1,0,0
8029,"C4H4O",68.07,1.300,0,1,0,0
8030,"C4H4S",84.14,1.800,0,1,0,0
8031,"C8H18O2",146.23,0.8,2,2,3,0
8033,"C8H18O2",146.23,2.1,0,2,3,0
8035,"C6H10O2",114.14,-0.300,0,2,3,0
80365,"C7H15NO",129.20,1.1,0,1,3,0
804739,"C18H21NO4",315.4,2.4,0,4,5,0
8053,"C5H11NO2",117.15,1.7,0,3,3,0
805455,"C17H13ClN2O3",328.7,3.5,2,4,4,0
8061,"C5H9N",83.13,1.100,0,1,2,0
8062,"C4H4N2",80.09,-1.000,0,2,1,0
8063,"C5H10O",86.13,1.1,0,1,3,0
8064,"C4H10O2",90.12,-0.800,2,2,3,0
80642,"C6H6O4",142.11,0.0,2,4,2,0
80733,"C34H14N2O6",546.5,7.7,0,6,0,0
8076,"C4H10O2",90.12,-0.300,1,2,3,0
8081,"C3H6O3",90.08,-0.400,0,3,0,0
8094,"C7H14O2",130.18,2.500,1,2,5,0
8095,"C6H12O3",132.16,0.3,0,3,5,0
8102,"C6H15N",101.19,2.100,1,1,4,0
8103,"C6H14O",102.17,2.000,1,1,4,0
8113,"C4H11NO2",105.14,-1.400,3,3,4,0
8115,"C4H8Cl2O",143.01,1.300,0,1,4,0
8119,"C6H13N",99.17,1.200,1,1,0,0
8125,"C8H16",112.21,4.600,0,0,5,0
8127,"C7H17N",115.22,2.600,1,1,5,0
8128,"C6H8N2",108.14,-0.300,0,2,3,0
8130,"C7H14O",114.19,2.300,0,1,5,0
8133,"C6H14O2",118.17,0.800,1,2,5,0
8141,"C9H20",128.25,4.500,0,0,6,0
8143,"C8H19N",129.24,3.100,1,1,6,0
81530,"C6H7NO2",125.13,1.0,0,3,3,0
81770,"C5H14N2",102.18,-0.5,2,2,2,0
81899,"C3H6N2O2S",134.16,-0.2,3,4,3,0
8192,"C12H25Cl",204.78,6.900,0,0,10,0
824226,"C20H16N6",340.4,3.0,4,4,2,0
8268,"C14H9Cl5O",370.5,4.300,1,1,2,0
827711,"C22H23N3",329.4,4.9,0,3,3,0
828652,"C17H14N4OS",322.4,2.8,2,3,3,0
82917,"C10H10Cl2V-2",252.03,"",0,2,0,-2
830,"C5H7N3O4",173.13,-3.2,2,6,5,0
830758,"C19H18N2S",306.4,5.0,0,3,3,0
8312,"C8H10AsNO5",275.09,"",4,5,3,0
8314,"C5H10O2",102.13,1.200,1,2,2,0
8343,"C24H38O4",390.6,7.400,0,4,16,0
8346,"C24H38O4",390.6,9.100,0,4,18,0
83609,"C7H9NO",123.15,0.9,1,2,0,0
8369,"C6H6O3",126.11,0.4,1,3,0,0
8373,"C8H8O2",136.15,2.500,1,2,1,0
83791,"CH5NO3S",111.12,-4.0,2,4,1,0
83887,"C4H7NO4",133.10,-2.800,3,5,3,0
8394,"C8H6N2O",146.15,0.800,1,2,0,0
8404,"C10H12",132.20,3.500,0,0,0,0
8443,"C9H11NO",149.19,0.900,1,1,1,0
8445,"C8H11NO",137.18,1.700,1,2,1,0
8447,"C14H8N2S4",332.5,5.6,0,6,3,0
847,"C5H11NO3S",165.21,-4.100,2,5,4,0
8480,"C7H9AsN2O4",260.08,"",4,4,2,0
8486,"C3H3N3O2S",145.14,0.800,1,5,0,0
8514,"C51H34N6Na6O23S6",1429.2,"",6,23,10,0
85237,"C5H10N2",98.15,-0.5,1,1,0,0
854158,"C6H12N2O",128.17,-1.300,2,2,1,0
8561,"C18H26O4",306.4,5.800,0,4,12,0
8606,"C9H8Cl3NO2S",300.6,2.400,0,3,1,0
8640,"C10H9N",143.18,2.200,1,1,0,0
8697,"C8H16O2",144.21,2.600,1,2,5,0
87163,"C5H8N4",124.14,-0.4,1,4,0,0
8717,"C9H13N",135.21,2.300,1,1,0,0
8722,"C6H12N2S4Zn",305.8,"",0,4,0,0
874018,"C19H14N2OS",318.4,4.5,0,3,3,0
8758,"C6H9NO6",191.14,-3.2,3,7,6,0
8794,"C8H7N",117.15,1.600,0,1,1,0
87983,"C4H8N2O4",148.12,-5.9,3,6,4,0
8815,"C10H12O",148.20,3.400,0,1,3,0
8816,"C21H38BrN",384.4,"",0,1,15,0
8821,"C5H8O2",100.12,1.300,0,2,3,0
8846,"C7H12O2",128.17,2.400,0,2,5,0
8855,"C4H7ClO",106.55,1.6,0,1,2,0
8857,"C4H8O2",88.11,0.700,0,2,2,0
885979,"C18H22N2O",282.4,3.5,1,2,6,0
887,"CH4O",32.042,-0.5,1,1,0,0
8881,"C3H6Cl2",112.98,2.000,0,0,2,0
889692,"C20H23N3O",321.4,4.8,2,3,7,0
892164,"C19H24N2O",296.4,4.3,1,3,5,0
892204,"C19H17N3O2",319.4,4.8,1,5,6,0
892458,"C20H20N2O3",336.4,3.0,1,4,4,0
89643,"C5H9NO2",115.13,-2.900,2,3,1,0
9015,"C7H8O2",124.14,1.300,1,2,1,0
9016,"C8H10O2",138.16,2.000,0,2,2,0
904,"C8H9NO",135.16,1.200,1,1,1,0
90424,"C6H17N3",131.22,-1.100,2,3,5,0
9076,"C8H11NO",137.18,1.200,1,2,2,0
9082,"C2H8ClNS",113.61,"",3,2,1,0
9087,"C6H9N3O3",171.15,-3.500,2,5,5,0
912,"C6H11N3",125.17,-0.200,2,2,3,0
9128,"C20H12",252.3,6.400,0,0,0,0
9147,"C15H10",190.24,4.4,0,0,0,0
91486,"C18H39NO2",301.5,5.8,3,3,16,0
9153,"C20H12",252.3,6.400,0,0,0,0
9154,"C16H10",202.25,5.200,0,0,0,0
9158,"C20H12",252.3,6.400,0,0,0,0
9223,"C8H6O",118.13,2.700,0,1,0,0
92269,"C6H8BNO2",136.95,"",3,3,1,0
92305,"C27H38N2O4",454.6,3.800,0,6,13,0
9246,"C6H10O",98.14,1.2,0,1,0,0
9253,"C5H10",70.13,3.000,0,0,0,0
92863,"C5H11NO2S",149.21,-1.800,3,4,2,0
92884,"C10H10Co",189.12,"",0,2,0,0
92980,"C6H12N2O",128.17,-1.300,2,2,1,0
931,"C10H8",128.17,3.300,0,0,0,0
934050,"C15H14BrN3",316.20,3.9,1,2,3,0
935327,"C14H15N3O2S2",321.4,2.4,2,5,6,0
938,"C6H5NO2",123.11,0.400,1,3,1,0
9380,"C2H10Cl2N2",133.02,"",4,2,1,0
9394,"C34H50N4O2+2",546.8,5.7,2,4,18,2
94308,"C5H13Cl2N",158.07,"",1,1,3,0
948836,"C23H20N2O",340.4,5.4,2,3,4,0
949,"C8H11N",121.18,2.300,0,1,1,0
9500,"C6H7N3O",137.14,0.700,2,3,1,0
95170,"C12H6Br4O",485.79,6.2,0,1,2,0
9532,"C4H14Cl2N2",161.07,"",4,2,3,0
9539,"C7H22Cl3N3",254.6,"",6,3,7,0
9547713,"C5H10N2O",114.15,-0.3,2,1,2,0
9548498,"C30H28N2O10",576.5,2.3,0,11,11,0
9549823,"C27H33NO4",435.6,5.8,0,5,11,0
9549924,"C24H34O7",434.5,5.0,0,7,16,0
9552079,"C22H30Cl2N10",505.4,0.100,6,2,13,0
9555994,"C34H41N3O4",555.7,6.3,0,7,10,0
9555997,"C29H43N5O",477.7,5.5,0,6,7,0
9556004,"C29H38N4O2",474.6,5.9,0,6,7,0
9556005,"C29H43N3O2",465.7,6.3,0,5,11,0
9556008,"C33H39N3O4",541.7,5.9,0,7,10,0
9556018,"C28H36N4O2",460.6,5.5,0,6,7,0
9556019,"C28H41N3O2",451.6,5.9,0,5,11,0
9556106,"C35H43N3O4",569.7,6.1,0,7,12,0
9556110,"C29H43N5O",477.7,5.0,0,6,9,0
9556116,"C30H40N4O2",488.7,5.8,0,6,9,0
9556117,"C30H45N3O2",479.7,6.2,0,5,13,0
9556120,"C43H43N3O4",665.8,7.8,0,7,12,0
9556124,"C37H43N5O",573.8,6.7,0,6,9,0
9556129,"C37H40N6O2",600.8,5.2,1,7,12,0
9556130,"C38H40N4O2",584.7,7.4,0,6,9,0
9556131,"C38H45N3O2",575.8,7.8,0,5,13,0
9556529,"C18H14Cl4N4O4",492.1,"",1,6,6,0
9568070,"C21H18N2O",314.4,5.0,0,2,4,0
9568636,"C22H14N2O2",338.4,5.0,0,4,4,0
9568647,"C15H14N2S2",286.4,4.7,0,4,2,0
957,"C8H18O",130.23,3.000,1,1,6,0
9595220,"C27H30N2O10",542.5,2.600,6,12,4,0
9595237,"C3H9N3O",103.12,-1.1,3,3,1,0
9601171,"C19H15N3S",317.4,4.7,0,3,4,0
9604975,"C18H16N8Na2O7S3",598.6,"",2,14,7,0
9604981,"C16H15N5O7S2",453.5,-0.700,4,12,8,0
9604982,"C41H76N2O15",837.0,3.100,5,17,13,0
9604984,"C22H32N6O12S2",636.7,"",8,17,8,0
96215,"C5H6N2O2",126.11,-0.4,2,3,2,0
96890,"C7H10N2O",138.17,0.500,1,3,3,0
969516,"C21H20O6",368.4,3.2,2,6,8,0
970473,"C18H18N2O5",342.3,2.4,2,5,5,0
9705,"C22H28Cl2N2",391.4,5.3,2,2,8,0
9709,"C6H5F2N",129.11,1.500,1,3,0,0
9750,"C6H13N3O3",175.19,-4.300,4,4,5,0
97587,"C3H10NO3P",139.09,-4.5,3,4,3,0
97725,"C6H13NO3",147.17,-2.800,3,4,5,0
977306,"C21H14N2OS",342.4,4.7,0,3,4,0
978,"C7H7NO2",137.14,0.800,2,3,1,0
978969,"C19H17Cl2N3O5S",470.3,3.800,2,7,7,0
9811493,"C49H57N11O6",896.0,3.8,5,8,16,0
9829825,"C29H44O12",584.7,-1.700,8,12,4,0
9829836,"C30H40N4O6S",584.7,4.3,6,8,17,0
9855548,"C8H12ClN",157.64,"",2,1,2,0
9887884,"C26H18F2N2O",412.4,5.800,0,5,4,0
9903,"C24H40O3",376.6,6.3,2,3,4,0
9911463,"C23H24Cl2N2O3",447.4,5.1,0,4,5,0
991372,"C23H26O5",382.4,3.3,2,5,1,0
9917275,"C38H48O8",632.8,7.2,3,8,8,0
993245,"C20H16F3N3O2S",419.4,4.2,0,8,4,0
9934458,"C21H17F4NO3S2",471.5,6.0,1,10,7,0
995,"C14H10",178.23,4.500,0,0,0,0
9954280,"C22H15Cl2NO2S",428.3,6.8,1,3,5,0
99558,"C5H12N2O2S",164.23,-3.7,3,5,5,0
996,"C6H6O",94.11,1.500,1,1,0,0
99601,"C14H20N2S2",280.5,4.0,0,3,5,0
9982268,"C30H48O4",472.7,6.1,3,4,1,0
99891,"C17H32O4",300.4,6.1,2,4,14,0
