PUBCHEM_RESULT_TAG,PUBCHEM_SID,PUBCHEM_CID,PUBCHEM_EXT_DATASOURCE_SMILES,PUBCHEM_ACTIVITY_OUTCOME,PUBCHEM_ACTIVITY_SCORE,PUBCHEM_ACTIVITY_URL,PUBCHEM_ASSAYDATA_COMMENT,Phenotype,Potency,Efficacy,Analysis Comment,Curve_Description,Fit_LogAC50,Fit_HillSlope,Fit_R2,Fit_InfiniteActivity,Fit_ZeroActivity,Fit_CurveClass,Excluded_Points,Max_Response,Activity at 0.0007000000 uM,Activity at 0.0007359453 uM,Activity at 0.00165 uM,Activity at 0.00330 uM,Activity at 0.00368 uM,Activity at 0.00823 uM,Activity at 0.016 uM,Activity at 0.018 uM,Activity at 0.041 uM,Activity at 0.082 uM,Activity at 0.092 uM,Activity at 0.206 uM,Activity at 0.408 uM,Activity at 0.460 uM,Activity at 1.028 uM,Activity at 2.041 uM,Activity at 2.299 uM,Activity at 5.141 uM,Activity at 10.20 uM,Activity at 11.49 uM,Activity at 25.70 uM,Activity at 51.02 uM,Activity at 57.47 uM,Compound QC,candidate_exclusion_reason,source_smiles_nonallowed_elements,PubChem_formula,PubChem_MW,PubChem_XLogP_not_historical_AlogP,PubChem_HBD,PubChem_HBA,PubChem_rotatable_bonds,PubChem_charge
2,4253520,266698,C1CCC(C1)(C#N)NC2=CC=C(C=C2)C3=CC=C(C=C3)NC4(CCCC4)C#N,Inactive,0,,,Inactive,,,,,,,,,,4,,14.8626,,-8.0802,,,-12.1494,,,7.186,,,-19.4263,,,-2.667,,,-3.0071,,,14.8626,,,,QC'd by NCI,candidate_step3_property,,C24H26N4,370.5,5.2,2,4,5,0
11,26749608,16758032,C(C1C(C(C([C@@H](O1)OC2C(C(O[C@@]2(CO)O[C@H]3C(C(C(C(O3)CO)O)O)O)CO)O)O)O)O)O,Inactive,0,,,Inactive,,,,,,,,,,4,,-6.2356,,,,,16.4845,,,20.5458,,,32.9732,,,9.9941,,,13.2544,,,17.4482,,,-6.2356,QC'd by Microsource,candidate_step3_property,,C18H32O16,504.4,-5.800,11,16,8,0
65,26749607,54676535,CC(=CCC1=C2C(=C3C(=C1OC)C(=C(C(=O)O3)C4=CC=C(C=C4)O)O)C=CC(O2)(C)C)C,Inactive,0,,,Inactive,,,,,,,,,,4,,10.5959,,,,,-6.0835,,,6.3931,,,4.2084,,,-2.0439,,,-17.9636,,,-4.898,,,10.5959,QC'd by Microsource,candidate_step3_property,,C26H26O6,434.5,5.4,2,6,4,0
192,26749615,16667749,CC(=O)CC1CCCCN1.Cl,Inactive,0,,,Inactive,,,,,,,,,,4,,-2.3599,,,,,8.4378,,,-11.0985,,,7.4167,,,14.5689,,,6.4328,,,-1.9809,,,-2.3599,QC'd by Microsource,property_value_missing,,C8H16ClNO,177.67,,2,2,2,0
207,4253524,266881,CC1=CC=C(C=C1)S(=O)(=O)NC2=CC=CC=C2C(=O)C3=CC(=C(C=C3)C)C,Inactive,0,,,Inactive,,,,,,,,,,4,,18.255,,1.5825,,,11.9952,,,1.7728,,,21.6515,,,16.0039,,,10.0404,,,18.255,,,,QC'd by NCI,candidate_step3_property,,C22H21NO3S,379.5,5.4,1,4,5,0
214,26749620,16758036,CC(C)CCCC(C)C1CCC2[C@]1(CCC3C2CC=C4[C@]3(CCC(C4)OC(=O)C)C)C,Inactive,0,,,Inactive,,,,,,,,,,4,,9.3072,,,,,-6.904,,,-3.4118,,,28.2335,,,-3.566,,,3.2429,,,-23.3491,,,9.3072,QC'd by Microsource,candidate_step3_property,,C29H48O2,428.7,9.1,0,2,7,0
248,4253525,266921,C1=NNC(=N1)NC=O,Inactive,0,,,Inactive,,,,,,,,,,4,,-2.4237,,42.4079,,,13.7177,,,7.641,,,20.9407,,,15.7056,,,11.5181,,,-2.4237,,,,QC'd by NCI,candidate_step3_property,,C3H4N4O,112.09,-0.5,2,3,1,0
435,4253513,16677983,C[C@H](CN(CCN(C[C@@H](C)O)C[C@@H](C)O)C[C@@H](C)O)O.[N+](=O)(O)[O-].[Cu],Inactive,0,,,Inactive,,,,,,,,,,4,,-14.4462,,3.1273,,,6.1964,,,5.5517,,,-1.3703,,,-10.229,,,-0.6443,,,-14.4462,,,,QC'd by NCI,candidate_step1_inorganic,Cu,C14H33CuN3O7,418.97,,5,9,4,0
530,850062,652573,COC1=CC2=C(C=C1)NC(=O)C(=C2)CN(C3CCCCC3)C(=O)NC4CCCCC4,Inactive,0,,,Inactive,,,,,,,,,,4,,15.3865,,,,,-11.879,,,10.3963,,,3.9677,,,7.2635,,,11.6976,,,12.4519,,,15.3865,QC'd by DPISMR,residual_possible_step4_or_definition_mismatch,,C24H33N3O3,411.5,4.1,2,3,5,0
538,26749639,16758044,C(C(C(C([C@@H](C(=O)O)N)O)O)O)O,Inactive,0,,,Inactive,,,,,,,,,,4,,4.3911,,,,,-11.3099,,,-1.8935,,,-10.2912,,,-11.1475,,,-0.7623,,,17.0025,,,4.3911,QC'd by Microsource,candidate_step3_property,,C6H13NO6,195.17,-5.9,6,7,5,0
586,4253552,268954,CC1=CC(=NC2=C1C=C(C=C2)CC3=CC4=C(C=C3)N=C(C=C4C)Cl)Cl,Inactive,0,,,Inactive,,,,,,,,,,4,,4.7698,,8.4513,,,-5.0228,,,-3.8712,,,2.9907,,,4.299,,,16.5002,,,4.7698,,,,QC'd by NCI,candidate_step3_property,,C21H16Cl2N2,367.3,7.0,0,2,2,0
591,4237896,3233009,COC1=CC=CC(=C1)CN2C3=NC(=NC=C3N=C(C2=O)C4=CC=CS4)OCC5=CC=CC=C5,Inactive,0,,,Inactive,,,,,,,,,,4,,12.1203,,,,,-2.0744,,,-3.5467,,,5.5267,,,13.0746,,,11.8336,,,5.2457,,,12.1203,QC'd by Pharmacopeia,residual_possible_step4_or_definition_mismatch,,C25H20N4O3S,456.5,4.4,0,7,7,0
600,4253551,,,Inactive,0,,,Inactive,,,,,,,,,,4,,12.6658,,4.7482,,,5.2155,,,1.673,,,-27.4561,,,-2.844,,,-5.3273,,,12.6658,,,,QC'd by NCI,property_lookup_missing,,,,,,,,
623,26749644,16758045,CC(=C)C1CC[C@]2(C1[C@H]3CCC4[C@]5(CCC(C(C5CC[C@@]4([C@]3(CC2)C)C)(C)C)O)C)CO,Inactive,0,,,Inactive,,,,,,,,,,4,,6.3611,,,,,7.7238,,,5.5956,,,-4.4385,,,8.0469,,,2.3433,,,8.6782,,,6.3611,QC'd by Microsource,candidate_step3_property,,C30H50O2,442.7,8.3,2,2,2,0
633,4253549,268787,CC1(CCC(C2=C1C=CC(=C2CC3=C(C=CC4=C3C(CCC4(C)C)(C)C)O)O)(C)C)C,Inactive,0,,,Inactive,,,,,,,,,,4,,-8.1111,,-4.7792,,,-10.0887,,,-6.3496,,,-6.7139,,,-8.6747,,,-10.0707,,,-8.1111,,,,QC'd by NCI,candidate_step3_property,,C29H40O2,420.6,9.4,2,2,2,0
672,4253563,5771608,CC1=C(C=C(C=C1)[C@]2(CC/C(=N\N=C/3\CC[C@](C4=C3C=C(C(=C4)C)C)(C)C5=CC(=C(C=C5)C)C)/C6=C2C=C(C(=C6)C)C)C)C,Inactive,0,,,Inactive,,,,,,,,,,4,,3.9042,,8.762,,,6.8646,,,-5.327,,,14.2586,,,7.8879,,,11.3611,,,3.9042,,,,QC'd by NCI,candidate_step3_property,,C42H48N2,580.8,11.5,0,2,3,0
686,4253562,419081,C1CCC(C1)(C(=O)O)[NH-].C1CCC(C1)(C(=O)O)[NH-].O.O.[Ni+2],Inactive,0,,,Inactive,,,,,,,,,,4,,9.9667,,-16.1179,,,14.0327,,,-9.139,,,-5.7028,,,5.0107,,,-0.9421,,,9.9667,,,,QC'd by NCI,candidate_step1_inorganic,Ni,C12H24N2NiO6,351.02,,6,8,0,0
707,26749649,16758049,CC(CCC(=O)O)C1CCC2[C@]1(CCC3C2CC[C@H]4[C@]3(CCCC4)C)C,Inactive,0,,,Inactive,,,,,,,,,,4,,3.611,,,,,0.4475,,,20.8114,,,11.646,,,8.7631,,,13.3202,,,8.0611,,,3.611,QC'd by Microsource,candidate_step3_property,,C24H40O2,360.6,8.000,1,2,4,0
715,845593,647949,C1CN(CCN1CCC#N)C(=S)C2=CC=C(O2)C3=CC(=C(C=C3)Cl)Cl,Inactive,0,,,Inactive,,,,,,,,,,4,,-9.5509,,,,,-2.0912,,,-1.1117,,,-4.8736,,,6.8015,,,2.455,,,2.4893,,,-9.5509,QC'd by DPISMR,residual_possible_step4_or_definition_mismatch,,C18H17Cl2N3OS,394.3,3.8,0,4,4,0
723,26749650,16758050,C/C/1=C\CC(=C)[C@H]2CC(C2CC1)(C)C,Inactive,0,,,Inactive,,,,,,,,,,4,,10.83,,,,,7.8486,,,15.1462,,,13.2119,,,8.8139,,,4.3359,,,20.8225,,,10.83,QC'd by Microsource,residual_possible_step4_or_definition_mismatch,,C14H22,190.32,4.1,0,0,0,0
744,26749651,16758051,CC(C)CCCC(C)C1CCC2[C@]1(CCC3C2=CC[C@H]4[C@]3(CCC(C4)O)C)C,Inactive,0,,,Inactive,,,,,,,,,,4,,17.3235,,,,,-3.2108,,,-6.3689,,,4.6332,,,-1.9406,,,-0.3691,,,-1.9988,,,17.3235,QC'd by Microsource,candidate_step3_property,,C27H46O,386.7,8.3,1,1,5,0
759,26749652,16758052,CC(C)CCCC(C)C1CCC2[C@]1(CCC3C2CC=C4[C@]3(CCC(C4)O)C)C,Inactive,0,,,Inactive,,,,,,,,,,4,,11.0662,,,,,12.1442,,,18.5987,,,12.8149,,,16.3925,,,20.5227,,,-8.974,,,11.0662,QC'd by Microsource,candidate_step3_property,,C27H46O,386.7,8.700,1,1,5,0
773,26749653,16758053,CC(C)CCCC(C)C1CCC2[C@]1(CCC3C2CC=C4[C@]3(CCC(=O)C4)C)C,Inactive,0,,,Inactive,,,,,,,,,,4,,14.799,,,,,-9.6797,,,-19.4757,,,-2.3331,,,-16.5331,,,-16.6467,,,3.6224,,,14.799,QC'd by Microsource,candidate_step3_property,,C27H44O,384.6,8.2,0,1,5,0
791,26749654,16758054,CC(C)CCCC(C)C1CCC2[C@]1(CCC3C2CC[C@@H]4[C@]3(CCC(=O)C4)C)C,Inactive,0,,,Inactive,,,,,,,,,,4,,9.5399,,,,,2.5181,,,-4.1418,,,-19.3301,,,1.2948,,,-5.1666,,,5.8564,,,9.5399,QC'd by Microsource,candidate_step3_property,,C27H46O,386.7,8.9,0,1,5,0
794,26749623,16758039,CC1CC[C@]2(CCC3(C(=CC(=O)C4[C@@]3(CCC5[C@]4(CCC(C5(C)C)OC(=O)C)C)C)C2C1C)C)C(=O)O,Inactive,0,,,Inactive,,,,,,,,,,4,,-14.3324,,,,,6.7949,,,17.6476,,,-5.87,,,-5.4159,,,33.2,,,14.7168,,,-14.3324,QC'd by Microsource,candidate_step3_property,,C32H48O5,512.7,6.9,1,5,3,0
814,26749622,16758038,CC1CC[C@]23CCC4([C@]5(CCC6[C@](C5C=C[C@]4(C2C1C)OC3=O)(CCC(C6(C)C)O)C)C)C,Inactive,0,,,Inactive,,,,,,,,,,4,,10.36,,,,,21.5316,,,3.7588,,,12.6072,,,-8.0079,,,11.1461,,,-13.9354,,,10.36,QC'd by Microsource,candidate_step3_property,,C30H46O3,454.7,7.2,1,3,0,0
842,26753573,275,C(CON=C(N)N)C(C(=O)O)N,Inactive,0,,,Inactive,,,,,,,,,,4,,-16.7748,,13.1122,,,6.7407,,,-1.7071,,,19.8158,,,19.5442,,,10.5768,,,-8.5859,,,-16.7748,QC'd by SigmaAldrich,candidate_step3_property,,C5H12N4O3,176.17,-4.800,4,5,5,0
851,26749624,16758040,CC1CC[C@]23CCC4([C@]5(CCC6[C@](C5C=C[C@]4(C2C1C)OC3=O)(CCC(=O)C6(C)C)C)C)C,Inactive,0,,,Activator,39.8107,49.6008,,Single point of activity,-4.4,4.9549,0.7632,42.3973,-7.2035,3,0 0 0 0 0 0 0,35.6599,,,,,-3.6143,,,-11.641,,,7.7032,,,-20.8355,,,-2.7987,,,-12.5936,,,35.6599,QC'd by Microsource,candidate_step3_property,,C30H44O3,452.7,6.8,0,3,0,0
865,4253536,5351951,CC1=CC2=C(C=C1C)N=C3C(=N2)C4=C(N3)C(=CC(=C4)Cl)Cl,Inactive,0,,,Inactive,,,,,,,,,,4,,-17.9147,,-9.1476,,,-12.9513,,,-1.1183,,,10.7382,,,5.4739,,,1.1522,,,-17.9147,,,,QC'd by NCI,candidate_step3_property,,C16H11Cl2N3,316.2,5.1,1,2,0,0
868,26749627,6710682,C[C@]12CCC3C(C1CCC2=O)CCC4=C3C=CC(=C4)OC(=O)C5=CC=CC=C5,Inactive,0,,,Inactive,,,,,,,,,,4,,-1.6512,,,,,-5.0217,,,3.2922,,,-10.8891,,,-6.5369,,,7.1602,,,-40.6067,,,-1.6512,QC'd by Microsource,residual_possible_step4_or_definition_mismatch,,C25H26O3,374.5,4.900,0,3,3,0
904,4258007,2304191,CC1=CC(=CC(=C1)OCC2=NN=C(O2)SCC(=O)C3=CC=C(C=C3)Br)C,Inactive,0,,,Inactive,,,,,,,,,,4,,-18.386,,,,,-6.1386,,,-5.72,,,3.7158,,,-10.3277,,,-5.4596,,,-13.2474,,,-18.386,QC'd by DPISMR,residual_possible_step4_or_definition_mismatch,,C19H17BrN2O3S,433.3,4.9,0,6,7,0
914,26749628,253305,C(C(C(=O)O)N)SCSCC(C(=O)O)N,Inactive,0,,,Inactive,,,,,,,,,,4,,11.4245,,,,,5.1369,,,7.2915,,,12.3239,,,-0.4003,,,17.4696,,,4.6542,,,11.4245,QC'd by Microsource,candidate_step3_property,,C7H14N2O4S2,254.3,-5.6,4,8,8,0
921,4253532,2787141,C1(=O)C(=S)NNC(=O)N1,Inactive,0,,,Inactive,,,,,,,,,,4,,8.1192,,-15.7496,,,-15.3268,,,-10.1297,,,-9.3421,,,12.0518,,,-6.8158,,,8.1192,,,,QC'd by NCI,candidate_step3_property,,C3H3N3O2S,145.14,-0.6,3,3,0,0
936,4265450,135509352,CC1=CC=C(C=C1)SCC2=CC(=O)NC(=N2)N3CCN(CC3)CC4=CC=CC=C4,Inactive,0,,,Inactive,,,,,,,,,,4,,-8.9092,,,,,4.7683,,,-13.026,,,9.4631,,,1.7162,,,-2.5632,,,1.9677,,,-8.9092,QC'd by DPISMR,residual_possible_step4_or_definition_mismatch,,C23H26N4OS,406.5,3.0,1,4,6,0
960,26749634,135398638,C1=NC2=C(N1)C(=O)NC=N2,Inactive,0,,,Inactive,,,,,,,,,,4,,4.8502,,,,,3.7331,,,8.1576,,,-32.7844,,,3.9131,,,6.8418,,,2.9461,,,4.8502,QC'd by Microsource,candidate_step3_property,,C5H4N4O,136.11,-0.5,2,3,0,0
972,4237887,3233000,C1CC2(CCN(CC2)C(=O)C3=CC(=CC=C3)F)CN(C1)C4=CC=C(C=C4)C5=CC=CC=C5,Inactive,0,,,Inactive,,,,,,,,,,4,,-22.4652,,,,,-22.0314,,,-5.8038,,,-21.0692,,,-13.086,,,-7.1391,,,-8.3352,,,-22.4652,QC'd by Pharmacopeia,candidate_step3_property,,C28H29FN2O,428.5,6.0,0,3,3,0
975,26749633,5975709,CC(C)CCCC(C)CCCC(C)CC/C(=C/CO)/C,Inactive,0,,,Inactive,,,,,,,,,,4,,27.626,,,,,2.0337,,,0.531,,,11.1082,,,-0.3974,,,8.1319,,,18.2968,,,27.626,QC'd by Microsource,candidate_step3_property,,C19H38O,282.5,7.6,1,1,12,0
985,3716952,2621540,CC(C)(C)C1=CC=C(C=C1)C2=NN=C(N2C3CCCC3)SCCC#N,Inactive,0,,,Inactive,,,,,,,,,,4,,18.3273,,,,,-0.1992,,,4.7943,,,21.8035,,,14.5437,,,14.5495,,,12.3924,,,18.3273,QC'd by DPISMR,residual_possible_step4_or_definition_mismatch,,C20H26N4S,354.5,4.5,0,4,6,0
1056,4253541,418983,C1=CC(=CC=C1C2=CC=C(C=C2)[As](=O)(O)O)S(=O)(=O)N,Inactive,0,,,Inactive,,,,,,,,,,4,,14.4991,,18.944,,,5.5251,,,12.1849,,,8.8259,,,14.5658,,,6.7736,,,14.4991,,,,QC'd by NCI,candidate_step1_inorganic,As,C12H12AsNO5S,357.22,,3,6,3,0
1060,859053,660358,CCOC(=O)C1=C(C(=C(S1)NC(=O)CSC2=C(C=C3CCCCCCC3=N2)C#N)C#N)C,Inactive,0,,,Inactive,,,,,,,,,,4,,11.4923,,,,,-2.9148,,,6.8188,,,0.6951,,,6.6572,,,-4.5813,,,3.8738,,,11.4923,QC'd by DPISMR,candidate_step3_property,,C23H24N4O3S2,468.6,5.8,1,8,7,0
1133,4253586,270978,CC1=NN=C(S1)S(=O)(=O)C2=CC=C(C=C2)N=NC3=C(N=C(N=C3N)N)N,Inactive,0,,,Inactive,,,,,,,,,,4,,-12.3603,,-3.0482,,,-9.8273,,,0.7194,,,9.9335,,,-2.7233,,,3.6351,,,-12.3603,,,,QC'd by NCI,candidate_step3_property,,C13H13N9O2S2,391.4,0.9,3,12,4,0
1147,26749543,121805,COC1=C(C=CC=C1O)O,Inactive,0,,,Inactive,,,,,,,,,,4,,5.147,,,,,15.642,,,4.9174,,,-0.4323,,,6.9435,,,-6.2148,,,0.0084,,,5.147,QC'd by Microsource,candidate_step3_property,,C7H8O3,140.14,0.600,2,3,1,0
1185,26749541,3505890,CC(=O)OC1=CC(=CC(=C1OC(=O)C)OC(=O)C)C2=COC3=CC(=C(C(=C3C2=O)OC(=O)C)OC(=O)C)OC(=O)C,Inactive,0,,,Inactive,,,,,,,,,,4,,-2.0609,,,,,11.3179,,,-0.5565,,,-0.9656,,,6.7297,,,1.4657,,,-38.0151,,,-2.0609,QC'd by Microsource,candidate_step3_property,,C27H22O14,570.5,1.7,0,14,13,0
1210,26749555,539123,CC(=O)OCC(C(C(C(C(COC(=O)C)OC(=O)C)OC(=O)C)OC(=O)C)OC(=O)C)OC(=O)C,Inactive,0,,,Inactive,,,,,,,,,,4,,19.4165,,,,,41.2247,,,22.1345,,,36.4673,,,40.159,,,13.1676,,,20.5028,,,19.4165,QC'd by Microsource,candidate_step3_property,,C21H30O14,506.5,-0.2,0,14,20,0
1250,4253591,3246400,CC1=NN(C(=O)[C@@H]1N=NC2=CC(=C(C=C2)[As](=O)(O)O)O)C3=CC=CC=C3,Inactive,0,,,Inactive,,,,,,,,,,4,,13.8248,,-4.5858,,,11.9956,,,6.9767,,,6.4967,,,-11.9268,,,1.8755,,,13.8248,,,,QC'd by NCI,candidate_step1_inorganic,As,C16H15AsN4O5,418.24,,3,8,4,0
1338,850051,652562,CC1=CC2=C(C=C1C)NC(=O)C(=C2)CN(CC3=CC4=C(C=C3)OCO4)CC5=NN=NN5C6CCCC6,Inactive,0,,,Inactive,,,,,,,,,,4,,0.0185,,,,,0.7751,,,-3.939,,,-9.55,,,-4.7535,,,-7.404,,,-8.4637,,,0.0185,QC'd by DPISMR,residual_possible_step4_or_definition_mismatch,,C27H30N6O3,486.6,3.6,1,7,7,0
1339,4250079,3243941,CC1=CC=CC=C1N2C(=C3CSCC3=N2)NC(=O)C4=C(ON=C4C5=CC=CC=C5Cl)C,Inactive,0,,,Inactive,,,,,,,,,,4,,-4.9816,,,,,3.7966,,,-7.6528,,,-12.1227,,,-2.4873,,,1.7757,,,-12.7472,,,-4.9816,QC'd by DPISMR,residual_possible_step4_or_definition_mismatch,,C23H19ClN4O2S,450.9,4.6,1,5,4,0
1397,4253568,3246390,C1=CC=C(C=C1)C2=C(C(=O)NC(=S)N2)CC3=C(C=CC4=CC=CC=C43)O,Inactive,0,,,Inactive,,,,,,,,,,4,,-2.5333,,17.2058,,,0.7194,,,-5.1341,,,10.5879,,,-11.6023,,,-8.417,,,-2.5333,,,,QC'd by NCI,residual_possible_step4_or_definition_mismatch,,C21H16N2O2S,360.4,4.1,3,3,3,0
1425,26749525,16758012,CC(CCC=C(C)C)C1CC[C@]2([C@@]1(CCC3=C2CCC4C3(CCC(C4(C)C)OC(=O)C)C)C)C,Inactive,0,,,Inactive,,,,,,,,,,4,,5.8381,,,,,16.0686,,,-2.0477,,,-7.0604,,,16.1492,,,-6.2391,,,6.1984,,,5.8381,QC'd by Microsource,candidate_step3_property,,C32H52O2,468.8,9.5,0,2,6,0
1493,26749538,6072218,CC(=C1CCC2(CC1C3=CC4=C(C(=C3O2)CCC(C)(C)Cl)OC56C7CC(C=C5C4=O)C(=O)C6(OC7(C)C)C/C=C(\C)/C(=O)OC)C)C,Inactive,0,,,Inactive,,,,,,,,,,4,,15.2662,,,,,46.3251,,,13.6528,,,34.2543,,,32.2577,,,7.8898,,,23.4874,,,15.2662,QC'd by Microsource,candidate_step3_property,,C39H47ClO7,663.2,6.6,0,7,7,0
1502,26749536,16758013,CC(=CCCC1(C=CC2=C(O1)C3=C(C(=C2OC(=O)C)CC=C(C)C)O[C@]45C6CC(C=C4C3=O)C(=O)C5(OC6(C)C)C/C=C(\C)/C(=O)O)C)C,Inactive,0,,,Inactive,,,,,,,,,,4,,-10.7527,,,,,15.4534,,,-6.7199,,,2.6199,,,23.1052,,,13.9581,,,8.1728,,,-10.7527,QC'd by Microsource,candidate_step3_property,,C40H46O9,670.8,6.9,1,9,10,0
1557,3712509,2998049,CCCCC(CC)CN1C2=C(C3=NC4=CC=CC=C4N=C31)C(=N)OC(=N2)C,Inactive,0,,,Inactive,,,,,,,,,,4,,24.14,,,,,8.8022,,,0.4268,,,6.9895,,,3.6059,,,-1.3854,,,8.5626,,,24.14,QC'd by DPISMR,residual_possible_step4_or_definition_mismatch,,C21H25N5O,363.5,4.5,1,5,6,0
1648,4258058,1164869,CC1=CC=CC=C1CN2C=CC(=N2)NC(=O)CCSC3=NC(=CC(=N3)C(F)(F)F)C4=CC=CO4,Inactive,0,,,Inactive,,,,,,,,,,4,,28.0837,,,,,2.3936,,,3.6437,,,16.0763,,,16.1416,,,17.4191,,,8.8324,,,28.0837,QC'd by DPISMR,residual_possible_step4_or_definition_mismatch,,C23H20F3N5O2S,487.5,4.1,1,9,8,0
1661,4253614,272358,CC1=CC=C(C=C1)C2=C(OC(=N2)C3=NC=CC4=CC=CC=C43)C5=CC=CC=C5,Inactive,0,,,Inactive,,,,,,,,,,4,,-6.4577,,-4.1438,,,9.2127,,,-2.1283,,,9.3255,,,-19.5552,,,0.2132,,,-6.4577,,,,QC'd by NCI,candidate_step3_property,,C25H18N2O,362.4,5.9,0,3,3,0
1668,26749573,16758022,CC(C)CCCC(C)C1CCC2[C@]1(CCC3C2CC([C@@]4([C@]3(CCC(C4)O)C)O)O)C,Inactive,0,,,Inactive,,,,,,,,,,4,,-6.623,,,,,-7.0228,,,-5.3722,,,-3.6863,,,0.3296,,,-11.5195,,,-0.0497,,,-6.623,QC'd by Microsource,candidate_step3_property,,C27H48O3,420.7,7.0,3,3,5,0
1761,846076,648448,CC1=CC2=C(C=C1C)NC(=O)C(=C2)C(C3=NN=NN3CC4=CC=CO4)N5CCC6=CC=CC=C6C5,Inactive,0,,,Inactive,,,,,,,,,,4,,1.7914,,,,,5.9454,,,1.8909,,,-2.6054,,,9.9169,,,3.3096,,,11.8036,,,1.7914,QC'd by DPISMR,residual_possible_step4_or_definition_mismatch,,C27H26N6O2,466.5,3.5,1,6,5,0
1825,4253628,272658,C1=CC(=C(C=C1N=NC2=C(N=C(N=C2N)N)N)O)[As](=O)(O)O,Inactive,0,,,Inactive,,,,,,,,,,4,,-4.6197,,11.0932,,,12.2077,,,9.9556,,,-7.1161,,,-1.1348,,,16.6486,,,-4.6197,,,,QC'd by NCI,candidate_step1_inorganic,As,C10H12AsN7O4,369.17,,6,11,3,0
1827,26749582,73157,CCCCCC1=C(C(=CC2=C1OC3=CC(=CC(=C3C(=O)O2)C(=O)CCCC)OC)O)C(=O)O,Inactive,0,,,Activator,25.1189,72.2351,,Single point of activity,-4.6,1.8579,0.9838,50.9506,-21.2845,3,1 0 0 0 0 0 0,38.677,,,,,2.1826,,,-25.4073,,,-23.4665,,,-20.6419,,,-15.482,,,-6.842,,,38.677,QC'd by Microsource,candidate_step3_property,,C25H28O8,456.5,6.1,2,8,10,0
1856,3712558,2125695,C1=CC=C(C=C1)CN2C(=NN=C2SCN3C(=O)C4=CC=CC=C4N=N3)C5=CC=CS5,Inactive,0,,,Inactive,,,,,,,,,,4,,-2.7522,,,,,-0.3527,,,-1.1256,,,-1.4585,,,2.2584,,,31.7918,,,-2.4005,,,-2.7522,QC'd by DPISMR,residual_possible_step4_or_definition_mismatch,,C21H16N6OS2,432.5,4.7,0,7,6,0
1884,4253600,271326,CN(CC1=C(C(=O)C=C(O1)CO)O)CC(=O)O,Inactive,0,,,Inactive,,,,,,,,,,4,,4.0335,,-41.7907,,,4.0333,,,-0.2211,,,-23.1311,,,10.4103,,,4.916,,,4.0335,,,,QC'd by NCI,candidate_step3_property,,C10H13NO6,243.21,-3.7,3,7,5,0
1960,26749556,9917275,CC(=CCCC1(C=CC2=C(C3=C(C(=C2O1)CC=C(C)C)OC45C(C3=O)CC6CC4C(OC5(C6O)C/C=C(/C)\C(=O)O)(C)C)O)C)C,Inactive,0,,,Inactive,,,,,,,,,,4,,37.4017,,,,,36.6236,,,25.4437,,,38.0733,,,46.7632,,,33.3156,,,31.2113,,,37.4017,QC'd by Microsource,candidate_step3_property,,C38H48O8,632.8,7.2,3,8,8,0
1994,26749558,3624980,CC(=O)OCC(CC(CCCCCCCCCCCC=C)O)O,Inactive,0,,,Inactive,,,,,,,,,,4,,-17.1498,,,,,48.7279,,,0.2704,,,13.2395,,,26.5319,,,3.6347,,,18.9958,,,-17.1498,QC'd by Microsource,candidate_step3_property,,C19H36O4,328.5,5.4,2,4,17,0
2004,4253608,272208,CC1CCN(CC1)CC(=O)N2C3=CC=CC=C3SC4=CC5=CC=CC=C5C=C42,Inactive,0,,,Inactive,,,,,,,,,,4,,-12.3239,,-23.7574,,,-2.7614,,,-2.1278,,,-22.3016,,,5.965,,,-11.6003,,,-12.3239,,,,QC'd by NCI,candidate_step3_property,,C24H24N2OS,388.5,5.6,0,3,2,0
2045,26749572,16758021,CC(C)CCCC(C)C1CCC2[C@]1(CCC3C2CC(=O)[C@@H]4[C@@]3(CCC(C4)O)C)C,Inactive,0,,,Inactive,,,,,,,,,,4,,13.3564,,,,,-6.5462,,,2.9197,,,12.2448,,,-14.5707,,,0.9755,,,-11.7554,,,13.3564,QC'd by Microsource,candidate_step3_property,,C27H46O2,402.7,7.7,1,2,5,0
2053,4253607,135451591,C(NC1=C(N=C([N+](=C1N)[O-])N)N)O,Inactive,0,,,Inactive,,,,,,,,,,4,,-9.5026,,-11.3816,,,-8.6774,,,-5.9525,,,2.2128,,,-2.2085,,,2.5996,,,-9.5026,,,,QC'd by NCI,residual_possible_step4_or_definition_mismatch,,C5H10N6O2,186.17,-2.4,5,7,2,0
2061,26749571,16758020,CCC(/C=C/C(C)C1CCC2[C@]1(CCC3C2CCC4=CC(=O)CC[C@@]34C)C)C(C)C,Inactive,0,,,Inactive,,,,,,,,,,4,,2.2703,,,,,-3.2881,,,16.6051,,,18.5593,,,5.2376,,,9.194,,,1.1943,,,2.2703,QC'd by Microsource,candidate_step3_property,,C29H46O,410.7,8.500,0,1,5,0
2066,26749565,193112,CCCCCCCCCCCCCCC(C(=O)O)C(CC(=O)OC)(C(=O)O)O,Inactive,0,,,Inactive,,,,,,,,,,4,,-12.9912,,,,,16.9723,,,6.8359,,,14.5637,,,3.8162,,,-8.7839,,,6.4962,,,-12.9912,QC'd by Microsource,candidate_step3_property,,C21H38O7,402.5,5.7,3,7,19,0
2121,26749566,6710684,CCCCCC(=O)CC1=C(C(=CC(=C1)O)O)C(=O)OC2=CC(=C(C(=C2)OC)C(=O)O)CC(=O)CCCCC,Inactive,0,,,Inactive,,,,,,,,,,4,,22.3197,,,,,-1.0975,,,-15.3473,,,2.019,,,-2.3145,,,-1.1381,,,-1.6139,,,22.3197,QC'd by Microsource,candidate_step3_property,,C29H36O9,528.6,5.7,3,9,17,0
2133,4253659,274104,C1=CC2=C(C=C1O)OC3=C(C2C4=C(C(=C(C(=C4Br)Br)Br)Br)C(=O)O)C=CC(=C3)O,Inactive,0,,,Inactive,,,,,,,,,,4,,-24.2203,,52.9655,,,16.5426,,,6.1267,,,9.0683,,,7.8216,,,-19.1404,,,-24.2203,,,,QC'd by NCI,candidate_step3_property,,C20H10Br4O5,649.9,6.500,3,5,2,0
2172,26749747,5281650,CC(=CCC1=C(C2=C(C=C1O)OC3=C(C2=O)C(=C(C(=C3)O)OC)CC=C(C)C)O)C,Inactive,0,,,Activator,19.9526,41.213,,Partial curve; partial efficacy,-4.7,0.8,0.8715,44,2.787,2.2,0 0 0 1 0 0 0,34.1203,,,,,-1.0108,,,8.9543,,,1.0549,,,27.993,,,12.8007,,,13.9301,,,34.1203,QC'd by Microsource,candidate_step3_property,,C24H26O6,410.5,6.3,3,6,5,0
2189,26749746,5281650,CC(=CCC1=C(C2=C(C=C1O)OC3=C(C2=O)C(=C(C(=C3)O)OC)CC=C(C)C)O)C,Inactive,0,,,Inactive,,,,,,,,,,4,,10.1725,,,,,-11.3294,,,-7.1611,,,0.8353,,,-8.0205,,,-7.2875,,,1.509,,,10.1725,QC'd by Microsource,candidate_step3_property,,C24H26O6,410.5,6.3,3,6,5,0
2221,26749752,16758086,CC1=C2CC=C3[C@](C2=CC(=C1OC(=O)C)OC(=O)C)(CC[C@@]4([C@]3(CC[C@]5(C4C[C@](CC5)(C)C(=O)O)C)C)C)C,Inactive,0,,,Inactive,,,,,,,,,,4,,11.3128,,,,,8.2986,,,3.5635,,,-0.0041,,,-5.5619,,,9.2743,,,16.3387,,,11.3128,QC'd by Microsource,candidate_step3_property,,C33H44O6,536.7,7.6,1,6,5,0
2252,4253658,419920,C1=CC=C(C=C1)C2=C(C(=C3C(=C2C4=CC=CC=C4)C(=O)OC35C6=C(C=C(C=C6)O)OC7=C5C=CC(=C7)O)C8=CC=CC=C8)C9=CC=CC=C9,Inactive,0,,,Inactive,,,,,,,,,,4,,12.7684,,21.2237,,,21.976,,,43.7805,,,56.8702,,,28.1855,,,40.3891,,,12.7684,,,,QC'd by NCI,candidate_step3_property,,C44H28O5,636.7,9.9,2,5,4,0
2257,26749750,2723597,C1=CC=C(C=C1)C(=O)CN.Cl,Inactive,0,,,Inactive,,,,,,,,,,4,,-7.7079,,,,,11.6479,,,13.6396,,,23.6489,,,0.0714,,,4.151,,,27.557,,,-7.7079,QC'd by Microsource,property_value_missing,,C8H10ClNO,171.62,,2,2,2,0
2272,26749741,6857785,CC(=CCCC1(C=CC2=C(O1)C(=C3C(=C2OC)C(=O)C4=CC5CC6C4(O3)C(C5=O)(OC6(C)C)C/C=C(/C)\C(=O)OC)CC=C(C)C)C)C,Inactive,0,,,Inactive,,,,,,,,,,4,,14.1496,,,,,12.1905,,,2.1718,,,11.6504,,,-6.1922,,,8.7921,,,18.0373,,,14.1496,QC'd by Microsource,candidate_step3_property,,C40H48O8,656.8,7.4,0,8,10,0
2289,26749740,16758083,C1[C@@H](C(OC2=C1C(=CC(=C2)OC(=O)C3=CC=CC=C3)OC(=O)C4=CC=CC=C4)C5=CC(=C(C=C5)OC(=O)C6=CC=CC=C6)OC(=O)C7=CC=CC=C7)OC(=O)C8=CC=CC=C8,Inactive,0,,,Inactive,,,,,,,,,,4,,0.5476,,,,,-11.8311,,,-19.3652,,,4.1594,,,-16.8898,,,-0.7539,,,2.4619,,,0.5476,QC'd by Microsource,candidate_step3_property,,C50H34O11,810.8,10.7,0,11,16,0
2294,4253652,419850,C1=CC=C(C=C1)C[N+]2=CC=CC(=C2)C3=CC4=CC=CC=C4N3,Inactive,0,,,Inactive,,,,,,,,,,4,,-17.3338,,-4.6908,,,-0.6167,,,-4.1578,,,-7.2881,,,-21.5277,,,-15.8922,,,-17.3338,,,,QC'd by NCI,residual_possible_step4_or_definition_mismatch,,C20H17N2+,285.4,4.4,1,0,3,1
2295,26753719,444899,CCCCC/C=C\C/C=C\C/C=C\C/C=C\CCCC(=O)O,Inactive,0,,,Inactive,,,,,,,,,,4,,3.1891,,25.5701,9.822,,34.9713,28.6946,,16.3675,19.9818,,12.295,10.9498,,14.224,20.2416,,7.8624,9.1158,,14.3685,10.156,,3.1891,QC'd by Timtec,candidate_step3_property,,C20H32O2,304.5,6.3,1,2,14,0
2331,4258156,2219052,CCCCN1N=C(N=N1)NC(=O)C2=C(C3=C(S2)C=C(C=C3)Cl)Cl,Inactive,0,,,Inactive,,,,,,,,,,4,,-15.3481,,,,,-1.3747,,,9.4445,,,-66.2509,,,2.0995,,,11.0933,,,-3.9897,,,-15.3481,QC'd by DPISMR,candidate_step3_property,,C14H13Cl2N5OS,370.3,5.1,1,5,5,0
2333,26749745,641301,C1=CC(=CC=C1/C=C/C=O)O,Inactive,0,,,Inactive,,,,,,,,,,4,,15.811,,,,,11.3245,,,13.3604,,,-5.7625,,,-2.0545,,,11.0038,,,9.3039,,,15.811,QC'd by Microsource,candidate_step3_property,,C9H8O2,148.16,1.800,1,2,2,0
2354,4253648,71082,C(C[C@H](C(=O)O)N)CN,Inactive,0,,,Inactive,,,,,,,,,,4,,-7.7527,,-21.2131,,,1.7358,,,-11.0192,,,-11.2731,,,4.6162,,,-8.0846,,,-7.7527,,,,QC'd by NCI,candidate_step3_property,,C5H12N2O2,132.16,-4.400,3,4,4,0
2376,4253649,135485446,C1/C(=N/N)/NC(=O)NC1=O,Inactive,0,,,Inactive,,,,,,,,,,4,,-12.7893,,43.1153,,,11.5628,,,12.3116,,,15.761,,,4.8337,,,0.0666,,,-12.7893,,,,QC'd by NCI,candidate_step3_property,,C4H6N4O2,142.12,-1.2,3,4,0,0
2393,4253650,6713829,C([C@H](C(=O)O)[NH-])C(=O)O.C([C@H](C(=O)O)[NH-])C(=O)O.[Cu],Inactive,0,,,Inactive,,,,,,,,,,4,,0.1548,,-5.8466,,,17.2469,,,12.1976,,,-8.0278,,,3.6127,,,14.1738,,,0.1548,,,,QC'd by NCI,candidate_step1_inorganic,Cu,C8H12CuN2O8-2,327.74,,6,10,4,-2
2397,26749742,54683839,CC(=CCC1=C2C(=C(C3=C1OC(C=C3)(C)C)OC)C(=C(C(=O)O2)C4=CC=C(C=C4)O)O)C,Inactive,0,,,Inactive,,,,,,,,,,4,,0.9939,,,,,2.5092,,,8.5384,,,9.2363,,,15.8145,,,9.8238,,,13.7757,,,0.9939,QC'd by Microsource,candidate_step3_property,,C26H26O6,434.5,5.4,2,6,4,0
2398,26749732,16758079,CCC(CCC(C)C1CCC2[C@]1(CCC3C2CC=C4[C@]3(CCC(C4)O)C)C)C(C)C,Inactive,0,,,Inactive,,,,,,,,,,4,,13.9174,,,,,3.0119,,,14.3498,,,19.1059,,,7.2072,,,13.1264,,,12.8725,,,13.9174,QC'd by Microsource,candidate_step3_property,,C29H50O,414.7,9.3,1,1,6,0
2416,26749733,16758080,CCC(CCC(C)C1CCC2[C@]1(CCC3C2CC=C4[C@]3(CCC(C4)OC(=O)C)C)C)C(C)C,Inactive,0,,,Inactive,,,,,,,,,,4,,-8.9591,,,,,5.2981,,,2.6893,,,2.7977,,,16.3944,,,18.9306,,,15.7106,,,-8.9591,QC'd by Microsource,candidate_step3_property,,C31H52O2,456.7,9.9,0,2,8,0
2421,4253643,3246415,C1CN(C[C@@H]1C(=O)O)CC2=C(C(=O)C=C(O2)CO)O,Inactive,0,,,Inactive,,,,,,,,,,4,,-8.3646,,11.4011,,,5.5104,,,6.59,,,8.6393,,,6.8192,,,-18.8431,,,-8.3646,,,,QC'd by NCI,candidate_step3_property,,C12H15NO6,269.25,-3.7,3,7,4,0
2433,849971,652480,CC1=CC=C(C=C1)C(=O)CSC2=NN=C(N2CC3=CC=CO3)CNC4=C(C=C(C=C4)C)C,Inactive,0,,,Inactive,,,,,,,,,,4,,-1.7331,,,,,-0.4321,,,11.6617,,,20.142,,,17.747,,,13.9109,,,-5.9998,,,-1.7331,QC'd by DPISMR,candidate_step3_property,,C25H26N4O2S,446.6,5.0,1,6,9,0
2466,26749736,135438671,C1C(C(OC2=CC(=CC(=C21)O)O)C3=CC4=C(C(=C(C=C4C5C(CC6=C(C=C(C=C6O5)O)O)O)O)O)C(=O)C(=C3)O)O,Inactive,0,,,Inactive,,,,,,,,,,4,,-27.439,,,,,6.7547,,,-2.2257,,,-12.7007,,,-0.862,,,-13.8612,,,-2.5645,,,-27.439,QC'd by Microsource,candidate_step3_property,,C29H24O12,564.5,2.4,9,12,2,0
2491,845963,648331,CC1=NN=C(S1)SC2=NC(=NC(=N2)N3CCN(CC3)C)SC4=NN=C(S4)C,Inactive,0,,,Inactive,,,,,,,,,,4,,-24.2997,,,,,-14.9265,,,-2.861,,,-11.3744,,,-14.544,,,-4.9702,,,6.1983,,,-24.2997,QC'd by DPISMR,candidate_step3_property,,C14H17N9S4,439.6,3.4,0,13,5,0
2535,26749723,6857796,CC(=CCC/C(=C/CC/C(=C/CC/C(=C/CC/C(=C/CC/C(=C/CC/C(=C/CC/C(=C/CC/C(=C/COC(=O)C)/C)/C)/C)/C)/C)/C)/C)/C)C,Inactive,0,,,Inactive,,,,,,,,,,4,,-0.2719,,,,,-12.3285,,,-9.9972,,,7.4711,,,4.1204,,,10.8196,,,9.8949,,,-0.2719,QC'd by Microsource,candidate_step3_property,,C47H76O2,673.1,16.5,0,2,27,0
2593,26749722,5477212,CC(=CCC/C(=C/CC/C(=C/CC/C(=C/CC/C(=C/CC/C(=C/CC/C(=C/CC/C(=C/CC/C(=C/CO)/C)/C)/C)/C)/C)/C)/C)/C)C,Inactive,0,,,Inactive,,,,,,,,,,4,,15.9949,,,,,14.6679,,,12.2862,,,23.6279,,,13.7319,,,23.5577,,,17.9976,,,15.9949,QC'd by Microsource,candidate_step3_property,,C45H74O,631.1,15.9,1,1,25,0
2609,26749727,16758076,CC(C)C(C)/C=C/C(C)C1CCC2[C@]1(CCC3C2=CCC4[C@]3(CCC(=O)C4)C)C,Inactive,0,,,Inactive,,,,,,,,,,4,,16.0374,,,,,-0.4211,,,9.8565,,,3.8777,,,4.4528,,,12.6067,,,6.3227,,,16.0374,QC'd by Microsource,candidate_step3_property,,C28H44O,396.6,7.3,0,1,4,0
2682,4253694,3246438,C1=CC=C(C=C1)[C@H]2C3[C@@H](N[C@@H](C(C3=O)[C@@H](N2)C4=CC=CC=C4)C5=CC=CC=C5)C6=CC=CC=C6,Inactive,0,,,Inactive,,,,,,,,,,4,,-24.7881,,-3.1398,,,0.8367,,,-0.3715,,,2.577,,,0.2343,,,-2.8911,,,-24.7881,,,,QC'd by NCI,residual_possible_step4_or_definition_mismatch,,C31H28N2O,444.6,4.8,2,3,4,0
2702,26749779,588,CN1CC(=O)N=C1N,Inactive,0,,,Inactive,,,,,,,,,,4,,8.9904,,,,,13.3083,,,-7.493,,,24.6371,,,-4.8029,,,-1.2514,,,4.2473,,,8.9904,QC'd by Microsource,candidate_step3_property,,C4H7N3O,113.12,-1.800,1,1,0,0
2731,4253693,3246437,CC1=CC=C(C=C1)OP(=O)(N2C=CC3=CC=CC=C3[C@H]2C#N)OC4=CC=C(C=C4)C,Inactive,0,,,Inactive,,,,,,,,,,4,,-18.1578,,-5.6978,,,0.1937,,,2.5024,,,-13.2042,,,-3.2595,,,8.9314,,,-18.1578,,,,QC'd by NCI,candidate_step3_property,,C24H21N2O3P,416.4,5.900,0,5,5,0
2785,26749786,5125,CCCCSP(=O)(SCCCC)SCCCC,Inactive,0,,,Inactive,,,,,,,,,,4,,3.9731,,,,,1.7489,,,3.2947,,,-1.4873,,,17.8537,,,-0.0612,,,-4.5101,,,3.9731,QC'd by Microsource,residual_possible_step4_or_definition_mismatch,,C12H27OPS3,314.5,3.200,0,4,12,0
2812,3712354,135415413,CCOC1=CC=CC=C1N2CCN(CC2)C/C(=C(\C#N)/C3=NC(=CS3)C4=CC=C(C=C4)Cl)/O,Inactive,0,,,Inactive,,,,,,,,,,4,,-9.9965,,,,,-5.0403,,,-6.1102,,,-2.8772,,,0.895,,,1.0043,,,-14.6194,,,-9.9965,QC'd by DPISMR,residual_possible_step4_or_definition_mismatch,,C25H25ClN4O2S,481.0,4.6,1,7,7,0
2816,4253686,275178,CC1=CC=C(C=C1)C2=C(C(=O)C(=C(C2=O)Cl)C3=CC=C(C=C3)C)Cl,Inactive,0,,,Inactive,,,,,,,,,,4,,9.8099,,18.6757,,,0.0126,,,3.8288,,,5.7132,,,7.1042,,,6.4254,,,9.8099,,,,QC'd by NCI,candidate_step3_property,,C20H14Cl2O2,357.2,5.7,0,2,2,0
2845,864053,665304,C=CCN1C(=NN=C1SCC2=CC=C(C=C2)C#N)C3=CC(=CC=C3)Cl,Inactive,0,,,Inactive,,,,,,,,,,4,,29.1984,,,,,11.6825,,,10.8263,,,17.0758,,,-12.7319,,,16.2026,,,10.2544,,,29.1984,QC'd by DPISMR,residual_possible_step4_or_definition_mismatch,,C19H15ClN4S,366.9,4.5,0,4,6,0
2903,4253683,275085,C1=CN=CN1.C1=CN(C=N1)S(=O)(=O)O,Inactive,0,,,Inactive,,,,,,,,,,4,,-12.3564,,-29.7808,,,-8.5134,,,-13.3405,,,-8.8846,,,-24.754,,,-9.8058,,,-12.3564,,,,QC'd by NCI,property_value_missing,,C6H8N4O3S,216.22,,2,5,1,0
2917,26749778,13622,COC1=CC=CC(=C1O)O,Inactive,0,,,Inactive,,,,,,,,,,4,,-30.5782,,,,,-19.5523,,,-14.3238,,,-15.5648,,,-11.2697,,,-30.7337,,,-11.3337,,,-30.5782,QC'd by Microsource,candidate_step3_property,,C7H8O3,140.14,0.800,2,3,1,0
2970,26749765,3681,CCCCCCCCCCCCCCCCCCOCC(CO)O,Inactive,0,,,Inactive,,,,,,,,,,4,,0.2349,,,,,4.8726,,,3.2199,,,20.4072,,,13.5684,,,10.5476,,,-17.1679,,,0.2349,QC'd by Microsource,candidate_step3_property,,C21H44O3,344.6,7.6,2,3,20,0
2998,845478,647828,CC1=CC2=C(C=C1)C=C(C(=O)N2)C(C3=NN=NN3C4CCCC4)N5CCN(CC5)C6=CC=CC=C6OC,Inactive,0,,,Inactive,,,,,,,,,,4,,7.6097,,,,,4.3485,,,9.7342,,,38.1344,,,32.6711,,,12.1228,,,-0.6975,,,7.6097,QC'd by DPISMR,residual_possible_step4_or_definition_mismatch,,C28H33N7O2,499.6,3.7,1,7,6,0
3002,26749767,16758093,C(C1C(C(C([C@H](O1)O[C@H]([C@@H](CO)O)C(C(CO)O)O)O)O)O)O,Inactive,0,,,Inactive,,,,,,,,,,4,,-0.0931,,,,,19.6532,,,-1.6592,,,11.378,,,9.3894,,,-0.1534,,,-0.0122,,,-0.0931,QC'd by Microsource,candidate_step3_property,,C12H24O11,344.31,-5.2,9,11,8,0
3024,4253674,5458227,C1=CC=C2C(=C1)C3=CC=CC=C3C2=N/N=C\C4=C(C=CC=C4Cl)F,Inactive,0,,,Inactive,,,,,,,,,,4,,-19.9,,-10.6389,,,5.6086,,,-2.495,,,-5.3874,,,-0.2993,,,-19.2922,,,-19.9,,,,QC'd by NCI,candidate_step3_property,,C20H12ClFN2,334.8,5.7,0,3,2,0
3034,26749769,6376436,C/C(=C\C=C\C=C(/C)\C=C\C=C(/C)\C=C\C(=O)OC)/C=C/C=C(\C)/C=C/C(=O)O,Inactive,0,,,Inactive,,,,,,,,,,4,,-3.2029,,,,,-8.5176,,,-10.3404,,,-2.1392,,,-7.0183,,,5.7943,,,0.1933,,,-3.2029,QC'd by Microsource,candidate_step3_property,,C25H30O4,394.5,7.5,1,4,11,0
3050,26749770,16758094,C1[C@](C([C@@H](O1)O[C@@H]2C(C(C(OC2OC3=CC(=C4C(=C3)OC(=CC4=O)C5=CC=C(C=C5)O)O)CO)O)O)O)(CO)O,Inactive,0,,,Inactive,,,,,,,,,,4,,-15.8985,,,,,8.2307,,,29.5862,,,25.3032,,,16.8551,,,6.9003,,,16.6776,,,-15.8985,QC'd by Microsource,candidate_step3_property,,C26H28O14,564.5,-0.4,8,14,7,0
3061,845996,648363,CC1=CC2=C(C=C1)C=C(C(=O)N2)C(C3=NN=NN3CC4=CC=CC=C4)N5CCN(CC5)C6=CC=CC=C6,Inactive,0,,,Inactive,,,,,,,,,,4,,-9.6244,,,,,4.6025,,,5.9391,,,-0.1887,,,4.5459,,,5.701,,,6.3513,,,-9.6244,QC'd by DPISMR,residual_possible_step4_or_definition_mismatch,,C29H29N7O,491.6,4.1,1,6,6,0
3075,26749754,16758088,CC(C)C1=CC2=CCC3[C@](C2CC1)(CCC[C@@]3(C)C(=O)O)C,Inactive,0,,,Inactive,,,,,,,,,,4,,-10.2797,,,,,6.6031,,,12.22,,,2.4483,,,-7.1283,,,8.9962,,,4.9124,,,-10.2797,QC'd by Microsource,residual_possible_step4_or_definition_mismatch,,C20H30O2,302.5,4.8,1,2,2,0
3088,3712337,2113703,CC1=CC(=C(C=C1C)C(=O)CSC2=NN=C(O2)C3=CC=CC=C3Br)C,Inactive,0,,,Inactive,,,,,,,,,,4,,8.095,,,,,-14.1353,,,3.8369,,,7.6071,,,8.5161,,,0.683,,,-2.4934,,,8.095,QC'd by DPISMR,candidate_step3_property,,C19H17BrN2O2S,417.3,5.5,0,5,5,0
3093,26749755,16758089,CC1C(C([C@@H](C(O1)OCC2C(C(C([C@@H](O2)OC3=C(C(=C4C(=C3)OC(=CC4=O)C5=CC=C(C=C5)OC)O)OC)O)O)O)O)O)O,Inactive,0,,,Inactive,,,,,,,,,,4,,-0.3187,,,,,-2.1983,,,-2.0948,,,-8.5837,,,5.7829,,,0.5857,,,0.3211,,,-0.3187,QC'd by Microsource,candidate_step3_property,,C29H34O15,622.6,-0.5,7,15,8,0
3121,26749757,16758091,CC1C(C(C([C@@H](O1)O[C@@H]2C(C(C(OC2OC3=CC(=C4C(=O)CC(OC4=C3)C5=CC=C(C=C5)O)O)CO)O)O)O)O)O,Inactive,0,,,Inactive,,,,,,,,,,4,,5.2102,,,,,-4.9628,,,3.9422,,,13.405,,,1.2793,,,0.4209,,,10.1152,,,5.2102,QC'd by Microsource,candidate_step3_property,,C27H32O14,580.5,-0.5,8,14,6,0
3132,26749758,286947,C(=N)(N)N.C(=O)(O)O,Inactive,0,,,Inactive,,,,,,,,,,4,,4.6784,,,,,-2.0024,,,-4.0138,,,4.1163,,,-6.1511,,,-0.9268,,,3.3652,,,4.6784,QC'd by Microsource,property_value_missing,,C2H7N3O3,121.10,,5,4,0,0
3146,4245772,3240205,COC1=CC=C(C=C1)C2=CC(=NC(=N2)N3CCCCCC3)C(F)(F)F,Inactive,0,,,Inactive,,,,,,,,,,4,,1.448,,,,,16.9788,,,15.2338,,,1.0423,,,13.3952,,,22.5537,,,17.0383,,,1.448,QC'd by DPISMR,residual_possible_step4_or_definition_mismatch,,C18H20F3N3O,351.4,4.4,0,7,3,0
3164,26749760,560437,CCC(C)C(C(=O)O)NC,Inactive,0,,,Inactive,,,,,,,,,,4,,17.6624,,,,,1.6593,,,5.4246,,,10.8294,,,-0.1834,,,15.3117,,,10.6667,,,17.6624,QC'd by Microsource,candidate_step3_property,,C7H15NO2,145.20,-1.800,2,3,4,0
3222,4242176,3237061,CC1=CC=C(C=C1)CN2C=CC(=N2)NC(=O)C3=NOC(=C3)C4=CC=C(C=C4)Br,Inactive,0,,,Inactive,,,,,,,,,,4,,23.9115,,,,,19.3527,,,8.4617,,,26.3866,,,5.4171,,,6.4485,,,15.7199,,,23.9115,QC'd by DPISMR,residual_possible_step4_or_definition_mismatch,,C21H17BrN4O2,437.3,4.5,1,4,5,0
3254,26753666,8514,CC1=C(C=C(C=C1)C(=O)NC2=C3C(=CC(=CC3=C(C=C2)S(=O)(=O)[O-])S(=O)(=O)[O-])S(=O)(=O)[O-])NC(=O)C4=CC(=CC=C4)NC(=O)NC5=CC=CC(=C5)C(=O)NC6=C(C=CC(=C6)C(=O)NC7=C8C(=CC(=CC8=C(C=C7)S(=O)(=O)[O-])S(=O)(=O)[O-])S(=O)(=O)[O-])C.[Na+].[Na+].[Na+].[Na+].[Na+].[Na+],Inactive,0,,,Inactive,,,,,,,,,,4,,-9.9472,,-19.0697,,,-8.2252,,,-10.8813,,,-15.6377,,,-15.312,,,-18.9308,,,-29.6198,,,-9.9472,QC'd by SigmaAldrich,candidate_step1_inorganic,Na,C51H34N6Na6O23S6,1429.2,,6,23,10,0
3267,3712392,270782,C1=CC=C(C=C1)C(=NC#N)N,Inactive,0,,,Inactive,,,,,,,,,,4,,-19.1465,,,,,1.4872,,,-17.6955,,,6.3768,,,1.647,,,4.8525,,,-7.772,,,-19.1465,QC'd by DPISMR,candidate_step3_property,,C8H7N3,145.16,1.100,1,2,1,0
3300,4253726,277277,C1=CC=C2C(=C1)C(=O)C3=C(C2=O)C(=C(C=C3NC4=CC=C(C=C4)C5=C(C=C(C=C5)N)S(=O)(=O)O)S(=O)(=O)O)N,Inactive,0,,,Inactive,,,,,,,,,,4,,-11.281,,12.4602,,,3.4318,,,-4.8967,,,13.2555,,,9.2368,,,14.0104,,,-11.281,,,,QC'd by NCI,candidate_step3_property,,C26H19N3O8S2,565.6,3.3,5,11,5,0
3311,26749681,16758064,C[C@]12CCC([C@@](C1CC[C@]3(C2CC=C4[C@@]3(CC[C@@]5(C4CC(CC5)(C)C)C(=O)O)C)C)(C)CO)O,Inactive,0,,,Inactive,,,,,,,,,,4,,-1.968,,,,,-7.445,,,5.1868,,,3.3329,,,15.0353,,,9.9664,,,2.7169,,,-1.968,QC'd by Microsource,candidate_step3_property,,C30H48O4,472.7,6.8,3,4,2,0
3326,11113333,6604694,CCCC(=O)NC1=C2C(=NC=N1)N(C=N2)[C@H]3[C@@H]([C@H]4[C@H](O3)COP(=O)(O4)[O-])OC(=O)CCC,Inactive,0,,,Inactive,,,,,,,,,,4,,-10.353,,17.9827,12.9404,,29.9537,4.5188,,-0.4959,-1.6564,,4.1483,17.4384,,8.5401,-0.816,,2.851,14.003,,8.4006,11.9096,,-10.353,QC'd by Tocris,candidate_step3_property,,C18H23N5O8P-,468.4,-0.6,1,11,8,-1
3340,4253728,277509,CCCC1C2=C(C=CC3=CC=CC=C32)OC4=C1C5=CC=CC=C5C=C4,Inactive,0,,,Inactive,,,,,,,,,,4,,2.4033,,0.5948,,,-12.727,,,-10.0403,,,1.9436,,,7.4563,,,10.6069,,,2.4033,,,,QC'd by NCI,candidate_step3_property,,C24H20O,324.4,7.4,0,1,2,0
3348,26749679,16758062,COC1=C(C=C(C=C1)C2=C(C(=O)C3=C(C(=C(C=C3O2)O[C@H]4C(C(C(C(O4)CO)O)O)O)OC)O)OC)O,Inactive,0,,,Inactive,,,,,,,,,,4,,4.6044,,,,,10.3119,,,-17.3767,,,16.715,,,17.6681,,,5.0889,,,-7.7315,,,4.6044,QC'd by Microsource,candidate_step3_property,,C24H26O13,522.5,1.0,6,13,7,0
3366,4253714,276306,C1=CC=C(C=C1)C2=C(C=CC(=C2)C3(C4=C(C(=C(C(=C4Cl)Cl)Cl)Cl)C(=O)O3)C5=CC(=C(C=C5)O)C6=CC=CC=C6)O,Inactive,0,,,Inactive,,,,,,,,,,4,,-3.4714,,-9.4279,,,-0.7737,,,-9.604,,,-5.6317,,,-17.1957,,,-17.6173,,,-3.4714,,,,QC'd by NCI,candidate_step3_property,,C32H18Cl4O4,608.3,9.6,2,4,4,0
3374,11113331,6603983,CC1=C(C(CCC1)(C)C)/C=C\C(=C\C=C/C(=C/C(=O)O)/C)\C,Inactive,0,,,Inactive,,,,,,,,,,4,,-7.9409,,,,,-4.3551,,,-19.0695,,,1.2354,,,-1.9927,,,2.4465,,,-8.2996,,,-7.9409,QC'd by SigmaAldrich,candidate_step3_property,,C20H28O2,300.4,6.300,1,2,5,0
3376,845923,648291,C1COCCN1CCCNC(=O)C2C3CC(C2C(=O)O)C=C3,Inactive,0,,,Inactive,,,,,,,,,,4,,4.9315,,,,,-10.8675,,,-15.2998,,,5.1894,,,-1.6942,,,-1.9261,,,-6.6439,,,4.9315,QC'd by DPISMR,residual_possible_step4_or_definition_mismatch,,C16H24N2O4,308.37,-2.2,2,5,6,0
3420,4253717,276707,C1=CC2=C(C(=C1)O)N=C(C=C2)SSC3=NC4=C(C=CC=C4O)C=C3,Inactive,0,,,Inactive,,,,,,,,,,4,,13.5044,,17.8428,,,8.154,,,9.5373,,,16.6576,,,11.0617,,,15.2445,,,13.5044,,,,QC'd by NCI,residual_possible_step4_or_definition_mismatch,,C18H12N2O2S2,352.4,4.5,2,6,3,0
3444,4237663,3232776,COC1=CC=CC=C1CN2CC[C@]3(C2)CCCN(C3)C(=O)C4=CC(=CC(=C4)C(F)(F)F)C(F)(F)F,Inactive,0,,,Inactive,,,,,,,,,,4,,-4.5487,,,,,-9.002,,,-9.0934,,,-2.3792,,,12.248,,,14.5681,,,14.7886,,,-4.5487,QC'd by Pharmacopeia,candidate_step3_property,,C25H26F6N2O2,500.5,5.4,0,9,4,0
3450,26749673,16758060,C([C@@H]1[C@H](C(C(C(O1)O)O)O)O[C@@H]2C(C(C(C(O2)CO)O)O)O)O,Inactive,0,,,Inactive,,,,,,,,,,4,,14.7496,,,,,-9.3702,,,0.3174,,,12.9467,,,-4.1229,,,6.2965,,,-5.4625,,,14.7496,QC'd by Microsource,candidate_step3_property,,C12H22O11,342.30,-4.7,8,11,4,0
3544,4253707,275698,CC(C)CNC(=O)O,Inactive,0,,,Inactive,,,,,,,,,,4,,7.0358,,21.8278,,,22.9818,,,8.6357,,,11.717,,,-0.4666,,,-2.5225,,,7.0358,,,,QC'd by NCI,candidate_step3_property,,C5H11NO2,117.15,0.9,2,2,2,0
3545,26749669,6187145,C/C/1=C/CC(/C=C/C/C(=C/CC1)/C)(C)C,Inactive,0,,,Inactive,,,,,,,,,,4,,-3.2186,,,,,-9.5695,,,-25.1426,,,-2.5464,,,-4.6258,,,-28.5001,,,12.7397,,,-3.2186,QC'd by Microsource,residual_possible_step4_or_definition_mismatch,,C15H24,204.35,4.5,0,0,0,0
3586,26749663,1760913,C1=C(NC=N1)C[C@H](C(=O)O)NC(=O)CCN,Inactive,0,,,Inactive,,,,,,,,,,4,,-18.0353,,,,,-0.5553,,,-15.5455,,,4.8749,,,-5.3278,,,-5.1153,,,3.6336,,,-18.0353,QC'd by Microsource,candidate_step3_property,,C9H14N4O3,226.23,-4.0,4,5,6,0
3598,26749664,16758059,CC1[C@@H](C(C[C@H](O1)OC2CC[C@@]3([C@@H](C2)CCC4C3CC[C@]5([C@]4(CC(C5C6=CC(=O)OC6)O)O)C)C)O)OC7CC([C@H](C(O7)C)OC8CC(C(C(O8)C)O)O)O,Inactive,0,,,Inactive,,,,,,,,,,4,,13.2154,,,,,6.2633,,,-4.9325,,,9.2344,,,4.4296,,,2.8664,,,9.4842,,,13.2154,QC'd by Microsource,candidate_step3_property,,C41H64O14,780.9,1.500,6,14,7,0
3600,4253711,5771618,C1CN2CC3=CCO[C@@H]4CC(=O)N[C@@H]5[C@H]4[C@H]3C[C@H]2[C@]51/C(=C\C(=O)O)/C(=O)O,Inactive,0,,,Inactive,,,,,,,,,,4,,4.259,,-3.786,,,8.8369,,,-2.0663,,,6.5771,,,-2.7829,,,-12.2129,,,4.259,,,,QC'd by NCI,candidate_step3_property,,C19H22N2O6,374.4,-3.4,3,7,3,0
3603,849904,652416,C1=CC=C(C=C1)CN(C2=CC=C(C=C2)F)C(=O)CSC3=NN=C(O3)C4=CNC5=CC=CC=C54,Inactive,0,,,Inactive,,,,,,,,,,4,,-2.7196,,,,,3.042,,,5.8078,,,4.1174,,,-3.5349,,,-7.578,,,-8.6906,,,-2.7196,QC'd by DPISMR,candidate_step3_property,,C25H19FN4O2S,458.5,5.1,1,6,7,0
3629,26749661,5570,C[N+]1=CC=CC(=C1)C(=O)[O-],Inactive,0,,,Inactive,,,,,,,,,,4,,-0.7873,,,,,-6.5791,,,-11.4634,,,1.561,,,-4.7472,,,5.0515,,,11.2218,,,-0.7873,QC'd by Microsource,candidate_step3_property,,C7H7NO2,137.14,1.2,0,2,0,0
3642,4253697,275479,CC(=C)C1=CC=CC=C1.C1C=CC2=CC=CC=C21.C1=CC=C(C=C1)N=[N+]=[N-],Inactive,0,,,Inactive,,,,,,,,,,4,,-18.0795,,-7.2132,,,-9.2921,,,-4.7686,,,3.4003,,,-16.4699,,,-3.7723,,,-18.0795,,,,QC'd by NCI,property_value_missing,,C24H23N3,353.5,,0,2,2,0
3688,26749657,5280352,CC1=C(NC(=C1CCC(=O)O)CC2=C(C(=C(N2)/C=C\3/C(=C(C(=O)N3)C)C=C)C)CCC(=O)O)/C=C\4/C(=C(C(=O)N4)C=C)C,Inactive,0,,,Inactive,,,,,,,,,,4,,-5.4468,,,,,-1.917,,,-12.5667,,,1.5468,,,-6.8983,,,-13.219,,,-9.5824,,,-5.4468,QC'd by Microsource,residual_possible_step4_or_definition_mismatch,,C33H36N4O6,584.7,2.9,6,6,12,0
3703,4245740,3240177,CCC1=NN=C2N1N=C(CS2)C3=CC=C(O3)C4=C(C=C(C=C4)Cl)Cl,Inactive,0,,,Inactive,,,,,,,,,,4,,-28.9024,,,,,5.7471,,,-0.4151,,,-8.6446,,,-7.9275,,,-13.6019,,,-19.0031,,,-28.9024,QC'd by DPISMR,candidate_step3_property,,C16H12Cl2N4OS,379.3,5.1,0,5,3,0
3727,4253704,420295,C(CSCCN)C(=O)O,Inactive,0,,,Inactive,,,,,,,,,,4,,-11.2182,,20.1102,,,-10.2154,,,0.9904,,,8.2449,,,18.5544,,,-15.9882,,,-11.2182,,,,QC'd by NCI,candidate_step3_property,,C5H11NO2S,149.21,-2.8,2,4,5,0
3728,26749655,16758055,C(C1[C@H]([C@@H](C(C(O1)O)N)O[C@@H]2C(C(C([C@@H](O2)C(=O)O)O)O)O)O)O,Inactive,0,,,Inactive,,,,,,,,,,4,,3.2652,,,,,12.9468,,,14.3257,,,13.8196,,,17.9602,,,21.9647,,,4.5088,,,3.2652,QC'd by Microsource,candidate_step3_property,,C12H21NO11,355.29,-6.5,8,12,4,0
3741,26749656,16758056,CC(C)CCCC(C)C1CCC2[C@]1(CCC3C2C(=O)C=C4[C@]3(CCC(C4)O)C)C,Inactive,0,,,Inactive,,,,,,,,,,4,,-8.813,,,,,-9.5942,,,-18.5707,,,-23.3795,,,-19.4315,,,-8.7644,,,-14.4866,,,-8.813,QC'd by Microsource,candidate_step3_property,,C27H44O2,400.6,7.5,1,2,5,0
3743,4253703,3246441,CC1=CC=C(C=C1)S(=O)(=O)O[C@H]2C[C@H](CC[C@@H]2C3=CC=CC=C3)C(C)(C)C,Inactive,0,,,Inactive,,,,,,,,,,4,,10.2001,,-0.0602,,,-8.6425,,,-10.7305,,,7.4345,,,-3.5512,,,3.3375,,,10.2001,,,,QC'd by NCI,candidate_step3_property,,C23H30O3S,386.5,6.4,0,3,5,0
3756,4253756,3246455,C1CN2CC3=CCO[C@@H]([C@H]4[C@@H]3C[C@@H]2[C@@]1([C@@H]4N)C(=O)C(=O)O)CC(=O)O,Inactive,0,,,Inactive,,,,,,,,,,4,,-11.1016,,-9.868,,,-4.7927,,,-4.0648,,,-3.5403,,,-2.6414,,,11.1988,,,-11.1016,,,,QC'd by NCI,candidate_step3_property,,C17H22N2O6,350.4,-5.8,3,8,4,0
3769,26749717,228398,CCNC(=O)CCC(C(=O)O)N,Inactive,0,,,Inactive,,,,,,,,,,4,,12.5027,,,,,2.4177,,,-25.1684,,,3.9713,,,5.0177,,,-1.0467,,,6.2136,,,12.5027,QC'd by Microsource,candidate_step3_property,,C7H14N2O3,174.20,-3.600,3,4,5,0
3777,4253757,3246456,C1CN2CC3=CCO[C@@H]4CC(=O)N[C@@H]5[C@H]4[C@H]3C[C@H]2[C@]51C(=O)O,Inactive,0,,,Inactive,,,,,,,,,,4,,-1.1069,,-19.8622,,,-7.5795,,,-7.0509,,,4.5661,,,-13.6162,,,12.5737,,,-1.1069,,,,QC'd by NCI,candidate_step3_property,,C16H20N2O4,304.34,-3.5,2,5,1,0
3816,4253755,3246454,CC[C@H]1CN2CCC3=CC(=C(C=C3[C@H]2C[C@@H]1C[C@@H]4C5=C(CCN4)C6=C(N5)C=CC(=C6)O)OC)OC,Inactive,0,,,Inactive,,,,,,,,,,4,,-13.8855,,-5.0213,,,-5.3007,,,-10.4192,,,-6.5764,,,10.0307,,,-5.5318,,,-13.8855,,,,QC'd by NCI,residual_possible_step4_or_definition_mismatch,,C29H37N3O3,475.6,4.6,3,5,5,0
3828,11113365,1711971,C1CN(CCN1C/C=C\C2=CC=CC=C2)C(C3=CC=C(C=C3)F)C4=CC=C(C=C4)F,Inactive,0,,,Inactive,,,,,,,,,,4,,-23.0369,,3.8933,4.8968,,17.3984,4.1281,,-3.6693,-17.0921,,4.8614,4.6588,,7.0517,8.5332,,9.8092,6.7543,,-7.1062,-5.7703,,-23.0369,QC'd by Tocris,candidate_step3_property,,C26H26F2N2,404.5,6.000,0,4,6,0
3887,11113368,2801,CN(C)CCCN1C2=CC=CC=C2CCC3=C1C=C(C=C3)Cl,Inactive,0,,,Inactive,,,,,,,,,,4,,6.9529,,-16.8739,-15.1959,,9.9086,-22.5697,,-21.5888,2.3894,,-1.3235,-6.236,,-28.1067,-7.4044,,-21.9298,6.0687,,2.7143,-17.6063,,6.9529,QC'd by Tocris,candidate_step3_property,,C19H23ClN2,314.9,5.200,0,2,4,0
3892,4253759,135431975,COC1=C(C2=C(C=C1)C(=CN=C2)CC3=C4C=CC=CC4=CC5=CC=CC=C53)O,Inactive,0,,,Inactive,,,,,,,,,,4,,-11.4114,,4.4709,,,10.2474,,,-4.8811,,,7.7397,,,2.6109,,,-21.6885,,,-11.4114,,,,QC'd by NCI,candidate_step3_property,,C25H19NO2,365.4,6.1,1,3,3,0
3929,3712416,2998012,COC1=CC=C(C=C1)N2CCN(CC2)C3=NC4=CC=CC=C4N3CC(=O)C5=CC=CC=C5,Inactive,0,,,Inactive,,,,,,,,,,4,,-0.3986,,,,,-10.7062,,,-3.5336,,,-15.7184,,,11.014,,,-16.5681,,,-21.0306,,,-0.3986,QC'd by DPISMR,candidate_step3_property,,C26H26N4O2,426.5,5.0,0,5,6,0
3952,26753626,9829825,C[C@H]1[C@@H]([C@H]([C@H]([C@@H](O1)O[C@H]2C[C@H]([C@@]3([C@H]4[C@@H](C[C@@]5([C@H](CC[C@@]5(C4CC[C@@]3(C2)O)O)C6=CC(=O)OC6)C)O)CO)O)O)O)O,Inactive,0,,,Inactive,,,,,,,,,,4,,16.1557,,17.7025,23.2187,,9.2912,17.1455,,11.6182,16.8785,,11.1489,11.6814,,6.5866,12.7799,,-1.0648,19.6296,,10.2044,9.6152,,16.1557,QC'd by Timtec,candidate_step3_property,,C29H44O12,584.7,-1.700,8,12,4,0
3955,26749711,3363314,CC(=O)OC1CC2=C(C=C(C=C2OC(=O)C)OC(=O)C)OC1C3=CC(=C(C=C3)OC(=O)C)OC(=O)C,Inactive,0,,,Inactive,,,,,,,,,,4,,-17.3482,,,,,1.832,,,9.2019,,,0.3248,,,-1.0911,,,4.3747,,,14.5647,,,-17.3482,QC'd by Microsource,candidate_step3_property,,C25H24O11,500.4,2.4,0,11,11,0
3960,4253747,421105,CN1CCN(CC1)CC2=C(C=CC(=C2)NC3=C4C=C(C=CC4=NC5=C3C=CC(=C5)Cl)OC)O,Inactive,0,,,Inactive,,,,,,,,,,4,,-10.511,,-10.9785,,,-16.1781,,,-3.3557,,,-20.0489,,,-20.292,,,-8.9179,,,-10.511,,,,QC'd by NCI,candidate_step3_property,,C26H27ClN4O2,463.0,5.0,2,6,5,0
3993,11113358,3108,C1CCN(CC1)C2=NC(=NC3=C2N=C(N=C3N4CCCCC4)N(CCO)CCO)N(CCO)CCO,Inactive,0,,,Inactive,,,,,,,,,,4,,-12.3042,,,,,-9.4324,,,-12.9653,,,-0.729,,,5.9621,,,-14.6146,,,6.5551,,,-12.3042,QC'd by SigmaAldrich,candidate_step3_property,,C24H40N8O4,504.6,0.7,4,12,12,0
4065,845928,648296,CN1C(=NN=C1SCC(=O)N2C3=CC=CC=C3SC4=C2C=C(C=C4)Cl)C5=CC=CO5,Inactive,0,,,Inactive,,,,,,,,,,4,,-2.4328,,,,,2.0666,,,-0.6745,,,-5.9147,,,12.1978,,,-13.2156,,,-2.2304,,,-2.4328,QC'd by DPISMR,residual_possible_step4_or_definition_mismatch,,C21H15ClN4O2S2,455.0,4.5,0,6,4,0
4083,4253739,278721,C1=CC=C2C(=C1)C=CC3=C2C=C(C4=CC=CC=C34)N5C(=O)C6=CC=CC=C6C7=CC=CC=C7C5=O,Inactive,0,,,Inactive,,,,,,,,,,4,,1.7312,,5.1296,,,17.7613,,,-1.238,,,12.0399,,,-5.151,,,2.0479,,,1.7312,,,,QC'd by NCI,candidate_step3_property,,C32H19NO2,449.5,7.8,0,2,1,0
4097,4253738,278710,C1C2=C(C=CC(=C2)NC(=O)C3=CC=CC=C3C4=CC=CC=C4C(=O)O)C5=C1C=C(C=C5)F,Inactive,0,,,Inactive,,,,,,,,,,4,,-26.3958,,-5.3117,,,-6.7294,,,6.4721,,,-6.8929,,,-4.4463,,,-0.8212,,,-26.3958,,,,QC'd by NCI,candidate_step3_property,,C27H18FNO3,423.4,5.6,2,4,4,0
4116,4250260,3244099,[B-](C1=CC=CC=C1)(C2=CC=CC=C2)(C3=CC=CC=C3)C4=CC=CC=C4.CC1=[N+](C=CC(=C1)OC)OC(=O)N2CCCCC2,Inactive,0,,,Inactive,,,,,,,,,,4,,-9.4233,,,,,18.1745,,,9.8147,,,11.7615,,,12.996,,,8.1696,,,-2.0009,,,-9.4233,QC'd by DPISMR,candidate_step1_inorganic,B,C37H39BN2O3,570.5,,0,4,7,0
4117,864091,665341,C1=COC(=C1)C2=NC=CN2,Inactive,0,,,Inactive,,,,,,,,,,4,,-6.8053,,,,,-18.8458,,,-11.9784,,,-7.4079,,,-1.3559,,,-2.1575,,,-10.646,,,-6.8053,QC'd by DPISMR,candidate_step3_property,,C7H6N2O,134.14,0.8,1,2,1,0
4127,849872,652380,CCCC(C1=NN=NN1CC(=O)OCC)N(CC2=CC3=C(C=C(C=C3NC2=O)C)C)C4CCCC4,Inactive,0,,,Inactive,,,,,,,,,,4,,-6.9534,,,,,-2.7238,,,-1.8072,,,-17.1289,,,-2.0047,,,0.5683,,,24.1918,,,-6.9534,QC'd by DPISMR,residual_possible_step4_or_definition_mismatch,,C26H36N6O3,480.6,4.0,1,7,11,0
4130,26749697,3270699,CCC(C)C(=O)C1=C(C2=C(C(=C1O)C)OC3=C2C(=C(C(=C3C)O)C(=O)C(C)CC)O)O,Inactive,0,,,Inactive,,,,,,,,,,4,,17.4731,,,,,0.2508,,,3.4545,,,6.2623,,,0.0886,,,14.295,,,15.1699,,,17.4731,QC'd by Microsource,candidate_step3_property,,C24H28O7,428.5,6.2,4,7,6,0
4215,26749693,16758072,CC1C(C(C([C@@H](O1)O[C@@H]2C(C(C(OC2OC3=CC(=C4C(=C3)OC(=CC4=O)C5=CC=C(C=C5)O)O)CO)O)O)O)O)O,Inactive,0,,,Inactive,,,,,,,,,,4,,1.9468,,,,,10.3493,,,8.7884,,,5.6954,,,7.9106,,,7.9939,,,-10.5939,,,1.9468,QC'd by Microsource,candidate_step3_property,,C27H30O14,578.5,-0.2,8,14,6,0
4231,864106,665356,CC1=NN(C=C1C(=O)N)C,Inactive,0,,,Inactive,,,,,,,,,,4,,-3.5892,,,,,4.0123,,,-12.7441,,,-20.6535,,,-7.369,,,-16.062,,,-17.7933,,,-3.5892,QC'd by DPISMR,candidate_step3_property,,C6H9N3O,139.16,-0.500,1,2,1,0
4235,26749694,16758073,CC1=C2CC=C3[C@](C2=CC(=C1O)O)(CC[C@@]4([C@]3(CC[C@]5(C4C[C@](CC5)(C)C(=O)O)C)C)C)C,Inactive,0,,,Inactive,,,,,,,,,,4,,16.6426,,,,,2.5118,,,7.4442,,,6.1857,,,5.5534,,,10.1968,,,16.1833,,,16.6426,QC'd by Microsource,candidate_step3_property,,C29H40O4,452.6,7.300,3,4,1,0
4237,4253731,278037,C1=CC=C2C(=C1)C3=C(C=C(C=C3)NC(=O)C4=CC=CC=C4C5=CC=CC=C5C(=O)O)NC2=O,Inactive,0,,,Inactive,,,,,,,,,,4,,-0.231,,-8.592,,,5.4299,,,-3.7714,,,-10.4473,,,14.0651,,,2.9573,,,-0.231,,,,QC'd by NCI,residual_possible_step4_or_definition_mismatch,,C27H18N2O4,434.4,4.4,3,4,4,0
4281,4253736,278497,CC(C)(C)C1=CC(=C(C=C1)CN(C)C)C2=C(C=CC(=C2)C(C)(C)C)CN(C)C,Inactive,0,,,Inactive,,,,,,,,,,4,,2.6508,,9.61,,,10.6555,,,13.9987,,,-15.9338,,,2.7435,,,11.2076,,,2.6508,,,,QC'd by NCI,candidate_step3_property,,C26H40N2,380.6,6.6,0,2,7,0
4288,26749689,16758068,CCC(/C=C/C(C)C1CCC2[C@]1(CCC3C2CC=C4[C@]3(CCC(C4)O)C)C)C(C)C,Inactive,0,,,Inactive,,,,,,,,,,4,,26.6245,,,,,9.834,,,16.4312,,,17.1237,,,-8.6249,,,14.6309,,,10.5189,,,26.6245,QC'd by Microsource,candidate_step3_property,,C29H48O,412.7,8.6,1,1,5,0
4302,4253735,420848,CC(C)(C)C1=CC(=C(C=C1)C2=C(C=C(C=C2)C(C)(C)C)CN(C)C)CN(C)C,Inactive,0,,,Inactive,,,,,,,,,,4,,11.8039,,-1.9994,,,9.6063,,,1.7568,,,8.9616,,,-5.7771,,,-1.3145,,,11.8039,,,,QC'd by NCI,candidate_step3_property,,C26H40N2,380.6,6.6,0,2,7,0
4303,26749690,16758069,CCC(CCC(C)C1CCC2[C@]1(CCC3C2CCC4[C@]3(CCC(C4)O)C)C)C(C)C,Inactive,0,,,Inactive,,,,,,,,,,4,,5.3002,,,,,1.0973,,,-4.8628,,,9.5862,,,5.8479,,,4.2052,,,9.8936,,,5.3002,QC'd by Microsource,candidate_step3_property,,C29H52O,416.7,10.2,1,1,6,0
4313,4237681,3232794,COC1=CC=CC(=C1)CN2C3=NC(=NC=C3N=C(C2=O)C4=CC=CS4)NC5=CC=CC=C5,Inactive,0,,,Inactive,,,,,,,,,,4,,-5.3188,,,,,-2.4507,,,-13.2105,,,9.7521,,,-3.025,,,-2.653,,,2.8887,,,-5.3188,QC'd by Pharmacopeia,residual_possible_step4_or_definition_mismatch,,C24H19N5O2S,441.5,4.5,1,7,6,0
4332,11113373,1550579,C(CP(=O)(O)O)[C@H](C(=O)O)N,Inactive,0,,,Inactive,,,,,,,,,,4,,-14.7236,,3.6781,,,-12.046,,,8.9541,,,-32.1994,,,-0.0252,,,-14.8427,,,3.6417,,,-14.7236,QC'd by SigmaAldrich,candidate_step3_property,,C4H10NO5P,183.10,-5.500,4,6,4,0
4337,17385572,5459734,C[C@@H]1C=C[C@](N1C(=O)C2=CC=CC=C2)(CC3=CC=CC=C3)C(=O)NCCCNC4=C(C=C(C=N4)C(F)(F)F)Cl,Inactive,0,,,Inactive,,,,,,,,,,4,,-8.3556,,,,,11.8195,,,11.1428,,,-0.4518,,,22.5257,,,7.2211,,,12.6401,,,-8.3556,QC'd by UPCMLD,candidate_step3_property,,C29H28ClF3N4O2,557.0,6.7,2,7,9,0
4351,11113374,1550579,C(CP(=O)(O)O)[C@H](C(=O)O)N,Inactive,0,,,Inactive,,,,,,,,,,4,,26.9919,,12.9582,17.6637,,18.7025,14.8708,,10.7743,23.0945,,7.1029,4.0828,,17.2437,22.8076,,24.2593,10.668,,26.9779,11.408,,26.9919,QC'd by Tocris,candidate_step3_property,,C4H10NO5P,183.10,-5.500,4,6,4,0
4374,11113375,179394,C(CP(=O)(O)O)[C@@H](C(=O)O)N,Inactive,0,,,Inactive,,,,,,,,,,4,,13.4858,,-11.9377,,,22.2737,,,-12.351,,,1.6917,,,12.9653,,,12.3971,,,13.4858,,,,QC'd by NCI,candidate_step3_property,,C4H10NO5P,183.10,-5.500,4,6,4,0
4380,26749328,6857782,CC1=C(C(=O)C(=C(C1=O)OC)OC)C/C=C(\C)/CC/C=C(\C)/CC/C=C(\C)/CC/C=C(/C)\CC/C=C(\C)/CC/C=C(\C)/CC/C=C(\C)/CC/C=C(\C)/CC/C=C(\C)/CCC=C(C)C,Inactive,0,,,Inactive,,,,,,,,,,4,,9.1938,,,,,23.3213,,,6.3214,,,-1.9415,,,6.1432,,,-2.1122,,,6.0685,,,9.1938,QC'd by Microsource,candidate_step3_property,,C59H90O4,863.3,19.4,0,4,31,0
4382,26753870,16759259,C[C@@H]1[C@H]2[C@@H](C3C[C@@H]4[C@H]([C@@H]5C3=C1C(=O)N6[C@@]5(C(=NCCOC)OC6=O)CC7=CC=CC=C7)C(=O)N(C4=O)CC(=O)OC)C(=O)N(C2=O)CC(=O)OC,Inactive,0,,,Inactive,,,,,,,,,,4,,10.3469,,,,,12.9766,,,13.9754,,,16.5251,,,7.9885,,,-8.5133,,,3.7259,,,10.3469,QC'd by UPCMLD,candidate_step3_property,,C35H36N4O12,704.7,-0.4,0,13,11,0
4391,4253768,5771623,C[C@H]1/C=C\C=C(/C(=O)NC2=CC(=C3C(=C2O)C(=C(C4=C3C(=O)[C@@](O4)(O/C=C\[C@H]([C@H]([C@H]([C@H]([C@H]([C@H]([C@@H]1O)C)O)C)OC(=O)C)C)OC)C)C)O)O)\C,Inactive,0,,,Inactive,,,,,,,,,,4,,-12.3399,,-10.0891,,,-4.2127,,,-0.4594,,,-8.6545,,,-4.9947,,,-13.6122,,,-12.3399,,,,QC'd by NCI,candidate_step3_property,,C37H47NO12,697.8,4.9,6,12,3,0
4394,11113377,135342,C(C[C@H](C(=O)O)N)CP(=O)(O)O,Inactive,0,,,Inactive,,,,,,,,,,4,,0.3245,,-19.6168,,,-2.904,,,10.3822,,,3.722,,,11.7627,,,-4.7238,,,2.4704,,,0.3245,QC'd by SigmaAldrich,candidate_step3_property,,C5H12NO5P,197.13,-5.300,4,6,5,0
4399,26753869,11948965,CCC1=C(N2C(=O)OC(=NCCC3=CNC4=CC=CC=C43)[C@@]2([C@H]5C1=CC[C@@H]6[C@H]5C(=O)N(C6=O)CC(=O)OC)CC7=CC=CC=C7)OC(=O)N(CC)CC,Inactive,0,,,Inactive,,,,,,,,,,4,,27.1429,,,,,3.967,,,-19.2341,,,11.9636,,,16.4762,,,11.3454,,,24.0451,,,27.1429,QC'd by UPCMLD,residual_possible_step4_or_definition_mismatch,,C40H43N5O8,721.8,4.3,1,9,13,0
4406,26749330,16757909,CC1=C(C(=O)C=C2C1=CC=C3[C@@]2(CC[C@@]4([C@]3(CC[C@]5(C4C[C@](CC5)(C)C(=O)OC)C)C)C)C)O,Inactive,0,,,Inactive,,,,,,,,,,4,,-19.1493,,,,,39.7657,,,14.7371,,,25.4766,,,25.9478,,,20.363,,,33.1771,,,-19.1493,QC'd by Microsource,candidate_step3_property,,C30H40O4,464.6,6.300,1,4,2,0
4420,11113378,135342,C(C[C@H](C(=O)O)N)CP(=O)(O)O,Inactive,0,,,Inactive,,,,,,,,,,4,,13.1781,,13.6014,6.9937,,1.5659,-1.8879,,1.4563,1.0958,,19.7659,8.8582,,9.0093,6.2305,,4.4614,14.0676,,-2.4067,-0.9201,,13.1781,QC'd by Tocris,candidate_step3_property,,C5H12NO5P,197.13,-5.300,4,6,5,0
4424,26749329,16757908,CC(=C)C1CC[C@]2(C1C3CCC4[C@@](C3CC2)(CCC5[C@@]4(CCC(C5(C)C)O)C)C)C(=O)O,Inactive,0,,,Inactive,,,,,,,,,,4,,23.1724,,,,,31.4008,,,0.519,,,4.2524,,,16.2906,,,-0.5274,,,23.1433,,,23.1724,QC'd by Microsource,candidate_step3_property,,C29H46O3,442.7,7.8,2,3,2,0
4440,11113379,1617110,C(C[C@@H](C(=O)O)N)CP(=O)(O)O,Inactive,0,,,Inactive,,,,,,,,,,4,,-14.1617,,-8.4043,-11.2458,,-14.4985,-14.1671,,-11.2045,-16.7727,,-8.7653,-4.1496,,-10.7498,-14.265,,-1.8999,-5.9535,,-26.4436,-11.1103,,-14.1617,QC'd by Tocris,candidate_step3_property,,C5H12NO5P,197.13,-5.300,4,6,5,0
4444,4253763,280491,COC1=CC2=C(C=C1)C3=C(C2)C=C(C=C3)N=[N+](C4=CC5=C(C=C4)C6=C(C5)C=C(C=C6)OC)[O-],Inactive,0,,,Inactive,,,,,,,,,,4,,1.5464,,14.2049,,,-8.8297,,,-10.9933,,,-21.2608,,,-3.1622,,,-17.9899,,,1.5464,,,,QC'd by NCI,candidate_step3_property,,C28H22N2O3,434.5,6.3,0,4,4,0
4497,26749334,16757910,CC1CC[C@@]2(CC[C@@]3(C(=CCC4[C@@]3(CCC5[C@@]4(CCC(C5(C)C)O)C)C)C2C1C)C)CO,Inactive,0,,,Inactive,,,,,,,,,,4,,-1.7697,,,,,19.0413,,,-1.3725,,,11.939,,,15.9667,,,-0.0183,,,13.5322,,,-1.7697,QC'd by Microsource,candidate_step3_property,,C30H50O2,442.7,7.400,2,2,1,0
4501,11113383,6604701,C(CC(=O)NCC(=O)O)[C@H](C(=O)O)N,Inactive,0,,,Inactive,,,,,,,,,,4,,7.2895,,-1.6856,4.17,,3.7482,-7.7805,,6.3937,-4.5845,,-2.008,2.5584,,7.4954,-5.5285,,5.5137,-6.0064,,3.5231,2.9069,,7.2895,QC'd by Tocris,candidate_step3_property,,C7H12N2O5,204.18,-4.300,4,6,6,0
4521,11113384,22880,CN[C@H](CC(=O)O)C(=O)O,Inactive,0,,,Inactive,,,,,,,,,,4,,19.256,,12.1817,6.5208,,3.6156,9.7922,,-2.4654,10.9461,,5.7353,11.1236,,12.3758,2.0931,,4.6794,8.0792,,9.7377,-6.3048,,19.256,QC'd by SigmaAldrich,candidate_step3_property,,C5H9NO4,147.13,-3.4,3,5,4,0
4535,4253775,177120,C([C@@H](C(=O)O)N)P(=O)(O)O,Inactive,0,,,Inactive,,,,,,,,,,4,,13.0562,,-7.5018,,,16.5155,,,2.6787,,,1.0854,,,14.0108,,,8.0439,,,13.0562,,,,QC'd by NCI,candidate_step3_property,,C3H8NO5P,169.07,-5.2,4,6,3,0
4545,11113385,446873,C([C@H](C(=O)O)N)P(=O)(O)O,Inactive,0,,,Inactive,,,,,,,,,,4,,4.1205,,3.9357,-6.6127,,-11.6394,-3.5732,,-3.2958,-4.1221,,-11.2482,-3.2555,,7.0166,4.8176,,1.3402,3.4397,,1.411,9.4292,,4.1205,QC'd by SigmaAldrich,candidate_step3_property,,C3H8NO5P,169.07,-5.2,4,6,3,0
4583,11113387,6604702,C([C@@H](C(=O)O)N)SS(=O)(=O)[O-],Inactive,0,,,Inactive,,,,,,,,,,4,,-17.3142,,0.336,-11.9148,,8.1243,-4.3283,,-5.1103,-6.0392,,11.1464,-11.0097,,-12.3849,-5.4974,,9.7534,-11.2731,,-14.2996,-4.5864,,-17.3142,QC'd by Tocris,candidate_step3_property,,C3H6NO5S2-,200.2,-4.1,2,7,3,-1
4592,4253774,339,C(CP(=O)(O)O)N,Inactive,0,,,Inactive,,,,,,,,,,4,,-1.862,,-7.2655,,,-4.0715,,,6.9949,,,2.5502,,,14.5458,,,2.1728,,,-1.862,,,,QC'd by NCI,candidate_step3_property,,C2H8NO3P,125.06,-4.8,3,4,2,0
4601,4238115,3233226,CN(C)CC1=CC=CC=C1C2=NC3=CC=CC=C3C(=N2)NCCC4=CNC5=C4C=C(C=C5)OC,Inactive,0,,,Inactive,,,,,,,,,,4,,19.0921,,,,,10.6019,,,1.5556,,,-23.7085,,,-24.8241,,,3.3194,,,1.2603,,,19.0921,QC'd by Pharmacopeia,candidate_step3_property,,C28H29N5O,451.6,5.4,2,5,8,0
4657,11113391,6603754,C1CN(C[C@@H](N1)C(=O)O)CCCP(=O)(O)O,Inactive,0,,,Inactive,,,,,,,,,,4,,22.9421,,7.7258,13.2472,,-1.1579,-0.9295,,8.3424,7.7804,,-4.764,1.6801,,13.0194,9.1052,,6.4939,11.5632,,12.45,20.9986,,22.9421,QC'd by SigmaAldrich,candidate_step3_property,,C8H17N2O5P,252.20,-6.8,4,7,5,0
4666,26753851,11948982,CCC1=C(N2C(=O)OC(=NCC(=O)OC)[C@@]2([C@H]3C1=CC[C@@H]4[C@H]3C(=O)N(C4=O)CC(=O)OC)CC5=CC=CC=C5)OC(=O)N(CC)CC,Inactive,0,,,Inactive,,,,,,,,,,4,,16.703,,,,,17.5953,,,-3.0813,,,-3.0017,,,21.1165,,,4.0495,,,4.2985,,,16.703,QC'd by UPCMLD,candidate_step3_property,,C33H38N4O10,650.7,2.3,0,11,13,0
4677,11113393,6604703,C(=C\SC(=N)N)\C(=O)O,Inactive,0,,,Inactive,,,,,,,,,,4,,17.8861,,11.3799,0.1978,,14.208,3.9001,,-6.4168,-4.1846,,10.3456,-9.2068,,14.2933,11.5838,,15.3056,-0.5211,,-6.4755,-5.3976,,17.8861,QC'd by Tocris,candidate_step3_property,,C4H6N2O2S,146.17,-0.2,3,4,3,0
4692,4253784,281622,C(CNCC(=O)O)C(=O)O,Inactive,0,,,Inactive,,,,,,,,,,4,,3.2416,,-7.1145,,,-1.0933,,,-5.4667,,,7.1641,,,-6.9767,,,-5.9544,,,3.2416,,,,QC'd by NCI,candidate_step3_property,,C5H9NO4,147.13,-3.400,3,5,5,0
4696,26749344,5281858,CCCCCC/C=C\CCCCCCCC1=C(C(=CC=C1)O)C(=O)O,Inactive,0,,,Inactive,,,,,,,,,,4,,-5.8398,,,,,24.1281,,,17.7828,,,16.06,,,23.8465,,,8.1816,,,-2.088,,,-5.8398,QC'd by Microsource,candidate_step3_property,,C22H34O3,346.5,8.500,2,3,14,0
4721,11113395,443239,[C@H]([C@@H](C(=O)O)O)(C(=O)O)N,Inactive,0,,,Inactive,,,,,,,,,,4,,4.5462,,5.4188,6.6809,,5.2357,-11.4652,,2.8935,-11.6318,,8.3231,6.4892,,10.0719,1.1741,,6.4637,15.9639,,4.2795,-7.1464,,4.5462,QC'd by SigmaAldrich,candidate_step3_property,,C4H7NO5,149.10,-4.4,4,6,3,0
4742,11113394,6603697,C(/C=C\C(=O)O)N,Inactive,0,,,Inactive,,,,,,,,,,4,,17.1734,,,,,1.2323,,,-1.9711,,,2.3472,,,9.9394,,,-4.5022,,,14.3344,,,17.1734,QC'd by SigmaAldrich,candidate_step3_property,,C4H7NO2,101.10,-3.2,2,3,2,0
4797,4238123,3233234,CN(C)CC1=CC=CC=C1C2=NC3=CC=CC=C3C(=N2)NCC4=CC=CC=C4,Inactive,0,,,Inactive,,,,,,,,,,4,,28.1206,,,,,-6.9261,,,-8.8115,,,0.6632,,,-2.5945,,,-5.1224,,,-2.9445,,,28.1206,QC'd by Pharmacopeia,candidate_step3_property,,C24H24N4,368.5,5.200,1,4,6,0
4804,26753859,11948964,CCC1=C2CC[C@@H]3[C@H]([C@H]2[C@]4(C(=NCCC5=CNC6=CC=CC=C65)OC(=O)N4C1=O)CC7=CC=CC=C7)C(=O)N(C3=O)C8=CC=CC=C8,Inactive,0,,,Inactive,,,,,,,,,,4,,12.9345,,,,,4.164,,,-9.2519,,,6.0166,,,14.6947,,,-6.1682,,,14.5166,,,12.9345,QC'd by UPCMLD,candidate_step3_property,,C38H34N4O5,626.7,5.2,1,6,7,0
4812,4253795,160555,C(COC[C@@H](C(=O)O)N)N,Inactive,0,,,Inactive,,,,,,,,,,4,,7.9576,,-8.5764,,,-5.361,,,3.1083,,,2.3491,,,1.0514,,,-0.0866,,,7.9576,,,,QC'd by NCI,candidate_step3_property,,C5H12N2O3,148.16,-4.5,3,5,5,0
4824,26749351,11617,C=CCSCC=C,Inactive,0,,,Inactive,,,,,,,,,,4,,23.6653,,,,,26.9548,,,-0.4143,,,35.0095,,,26.9234,,,16.9345,,,25.498,,,23.6653,QC'd by Microsource,candidate_step3_property,,C6H10S,114.21,2.2,0,1,4,0
4832,4253794,3246468,C1CC2=C([C@H]([C@H]1C(=O)O)C3=CC=CC4=CC=CC=C43)C5=CC=CC=C5C=C2,Inactive,0,,,Inactive,,,,,,,,,,4,,6.083,,27.6113,,,12.0554,,,20.3918,,,21.375,,,-0.7148,,,21.452,,,6.083,,,,QC'd by NCI,candidate_step3_property,,C25H20O2,352.4,6.1,1,2,2,0
4852,4253793,421581,CC1=C(C(=C(C(=C1C)CC2(CSC2)C)CC3(CSC3)C)C)C,Inactive,0,,,Inactive,,,,,,,,,,4,,10.4664,,-15.4438,,,7.027,,,-10.9434,,,-2.8671,,,-9.1489,,,-6.6947,,,10.4664,,,,QC'd by NCI,candidate_step3_property,,C20H30S2,334.6,6.1,0,2,4,0
4857,4253791,246977,CC1=CC(=CC(=C1O)C(C)(C)C)C2=CC(=C(C(=C2)C)O)C(C)(C)C,Inactive,0,,,Inactive,,,,,,,,,,4,,-7.7886,,-12.2115,,,-4.6063,,,-5.5375,,,-12.9573,,,-3.2108,,,-1.7019,,,-7.7886,,,,QC'd by NCI,candidate_step3_property,,C22H30O2,326.5,6.9,2,2,3,0
4861,26749353,16757916,CC(C1C(C(C([C@@H](O1)O[C@@H]2[C@H](CC(C(C2O)OC3[C@@H](C([C@@](CO3)(C)O)NC)O)N)N)N)O)O)O.OS(=O)(=O)O.OS(=O)(=O)O,Inactive,0,,,Inactive,,,,,,,,,,4,,-4.5815,,,,,16.0619,,,14.6646,,,10.3615,,,31.9261,,,-0.8341,,,9.5889,,,-4.5815,QC'd by Microsource,property_value_missing,,C20H44N4O18S2,692.7,,14,22,6,0
4883,4253790,3246467,C1CCN(CC1)[C@@H]2[C@H](S(=O)(=O)[C@H]2C3=CC=CC=C3)[C@H]4CC5C6=CC=CC=C6C4C7=CC=CC=C57,Inactive,0,,,Inactive,,,,,,,,,,4,,15.7503,,-9.1149,,,15.1847,,,-10.6498,,,4.7098,,,7.1382,,,16.6365,,,15.7503,,,,QC'd by NCI,candidate_step3_property,,C30H31NO2S,469.6,5.5,0,3,3,0
4886,11113403,71080,C[C@H](C(=O)O)N,Inactive,0,,,Inactive,,,,,,,,,,4,,-20.0811,,-13.8812,-12.6816,,0.9312,-7.3441,,-6.9872,-13.3484,,-1.5166,-15.3499,,3.0102,-11.3567,,2.6124,-5.9687,,-2.9694,-22.7808,,-20.0811,QC'd by Tocris,candidate_step3_property,,C3H7NO2,89.09,-3.000,2,3,1,0
4899,26753864,11948938,CCC1=C(N2C(=O)OC(=NCC3=CC=CC=C3)[C@@]2([C@H]4C1=CC[C@@H]5[C@H]4C(=O)N(C5=O)C6=CC=CC=C6)C)OC(=O)N(CC)CC,Inactive,0,,,Inactive,,,,,,,,,,4,,7.4536,,,,,7.0814,,,6.1178,,,11.2949,,,12.0758,,,-20.69,,,-3.7123,,,7.4536,QC'd by UPCMLD,residual_possible_step4_or_definition_mismatch,,C34H36N4O6,596.7,3.9,0,7,8,0
4926,11113405,239,C(CN)C(=O)O,Inactive,0,,,Inactive,,,,,,,,,,4,,1.3462,,-5.3448,-9.1682,,10.288,5.1653,,-0.1767,-0.3557,,7.4217,12.351,,2.5725,-7.3013,,4.6626,-1.4981,,-4.4102,-6.3165,,1.3462,QC'd by Tocris,candidate_step3_property,,C3H7NO2,89.09,-3.000,2,3,2,0
4937,26749357,14856193,CCCCCCCC/C=C/CCCCCCCCOP(=O)([O-])OCC[N+](C)(C)C,Inactive,0,,,Inactive,,,,,,,,,,4,,19.8538,,,,,18.7528,,,1.4807,,,0.9941,,,23.7396,,,8.9876,,,15.7293,,,19.8538,QC'd by Microsource,candidate_step3_property,,C23H48NO4P,433.6,6.9,0,4,21,0
4944,11113404,5950,C[C@@H](C(=O)O)N,Inactive,0,,,Inactive,,,,,,,,,,4,,2.066,,0.0557,4.1243,,-2.4944,-0.2581,,-6.4979,1.3345,,-3.6677,5.189,,-3.6998,1.8349,,0.3666,5.5682,,-6.9017,0.5419,,2.066,QC'd by Tocris,candidate_step3_property,,C3H7NO2,89.09,-3.000,2,3,1,0
4953,11113408,83887,C([C@H](C(=O)O)N)C(=O)O,Inactive,0,,,Inactive,,,,,,,,,,4,,-2.7012,,1.0432,12.1183,,3.8902,-3.9147,,5.6518,2.8384,,-0.9762,9.3198,,-2.4699,4.0526,,3.4856,5.6486,,-5.1017,5.2551,,-2.7012,QC'd by Tocris,candidate_step3_property,,C4H7NO4,133.10,-2.800,3,5,3,0
4965,17385541,5459700,C[C@@]1(C=C[C@H](N1C(=O)C2=CC=CC=C2)CC3=CC=CC=C3)C(=O)NCC4=CC(=CC(=C4)F)C(F)(F)F,Inactive,0,,,Inactive,,,,,,,,,,4,,30.7525,,,,,8.6216,,,20.874,,,3.3104,,,24.576,,,5.7885,,,20.193,,,30.7525,QC'd by UPCMLD,candidate_step3_property,,C28H24F4N2O2,496.5,5.8,1,6,6,0
4966,11113409,5960,C([C@@H](C(=O)O)N)C(=O)O,Inactive,0,,,Inactive,,,,,,,,,,4,,38.2969,,38.6485,,,32.3011,,,41.8655,,,29.3518,,,31.5714,,,28.7394,,,34.523,,,38.2969,QC'd by SigmaAldrich,candidate_step3_property,,C4H7NO4,133.10,-2.800,3,5,3,0
4981,11113410,1549098,C([C@@H](C(=O)O)N)S(=O)O,Inactive,0,,,Inactive,,,,,,,,,,4,,13.4371,,13.7194,,,16.753,,,0.5993,,,23.5364,,,11.3317,,,11.5512,,,22.1776,,,13.4371,QC'd by SigmaAldrich,candidate_step3_property,,C3H7NO4S,153.16,-4.2,3,6,3,0
4985,26749360,16757919,CC(=O)OC1CC2[C@@](C(CC(C2(C)C)OC(=O)C)OC(=O)C)(C3[C@@]1([C@@]45C(O4)C(=O)OC([C@@]5(CC3OC(=O)C)C)C6=COC=C6)C)C,Inactive,0,,,Inactive,,,,,,,,,,4,,3.8573,,,,,-4.131,,,-0.9212,,,8.7225,,,11.5026,,,-3.8021,,,1.9179,,,3.8573,QC'd by Microsource,candidate_step3_property,,C34H44O12,644.7,3.9,0,12,9,0
4987,11113406,107812,C(CS(=O)O)N,Inactive,0,,,Inactive,,,,,,,,,,4,,12.896,,16.0239,,,6.6554,,,13.6909,,,10.6271,,,7.8474,,,13.6215,,,-3.9418,,,12.896,QC'd by SigmaAldrich,candidate_step3_property,,C2H7NO2S,109.15,-1.5,2,4,2,0
5004,26749359,16757918,CC12CCC3[C@@](C1)(OC([C@]3(COC(=O)C4=CC=CC=C4)O[C@H]5C(C(C(C(O5)CO)O)O)O)O2)O,Inactive,0,,,Inactive,,,,,,,,,,4,,7.9947,,,,,12.8214,,,7.9243,,,0.8301,,,8.6111,,,-13.4245,,,1.6172,,,7.9947,QC'd by Microsource,candidate_step3_property,,C23H30O11,482.5,-0.6,5,11,7,0
5008,11113407,1123,C(CS(=O)(=O)O)N,Inactive,0,,,Inactive,,,,,,,,,,4,,23.0711,,4.3819,8.7455,,21.6158,7.9277,,-8.9668,14.483,,14.8749,22.4306,,5.2703,4.4719,,3.5751,19.5126,,22.725,13.7218,,23.0711,QC'd by SigmaAldrich,candidate_step3_property,,C2H7NO3S,125.15,-4.1,2,4,2,0
5015,4253803,283211,C1=CC=C(C(=C1)NN(CC2=CC=NC=C2)C3=CC=CC=C3Cl)Cl,Inactive,0,,,Inactive,,,,,,,,,,4,,-3.1905,,3.0655,,,1.4534,,,-6.7174,,,-3.6809,,,-3.0027,,,-13.5492,,,-3.1905,,,,QC'd by NCI,candidate_step3_property,,C18H15Cl2N3,344.2,5.6,1,3,5,0
5031,4253796,282667,C1=CC=C(C=C1)C2=CC=C(C=C2)C3=NC4=CC5=CC=CC=C5C=C4C(=C3)C(=O)O,Inactive,0,,,Inactive,,,,,,,,,,4,,-12.3147,,-2.8614,,,-11.299,,,5.8564,,,-17.1458,,,-11.4571,,,-1.9856,,,-12.3147,,,,QC'd by NCI,candidate_step3_property,,C26H17NO2,375.4,5.9,1,3,3,0
5039,11113413,750,C(C(=O)O)N,Inactive,0,,,Inactive,,,,,,,,,,4,,-19.4986,,-23.999,-16.9414,,1.3718,-13.9064,,-10.2971,3.5974,,-21.2169,3.3854,,-2.9996,-23.1711,,-3.9846,2.3246,,-10.638,-2.604,,-19.4986,QC'd by Tocris,candidate_step3_property,,C2H5NO2,75.07,-3.200,2,3,1,0
5043,17385545,5459704,C[C@@]1(C=C[C@H](N1C(=O)C2=CC=CC=C2)CC3=CC=CC=C3)C(=O)NCCCNC4=C(C=C(C=N4)C(F)(F)F)Cl,Inactive,0,,,Inactive,,,,,,,,,,4,,0.2012,,,,,6.1256,,,-23.1825,,,-4.5811,,,-0.8444,,,-13.7994,,,-17.7275,,,0.2012,QC'd by UPCMLD,candidate_step3_property,,C29H28ClF3N4O2,557.0,6.7,2,7,9,0
5075,11113411,23327,C(CC(=O)O)[C@H](C(=O)O)N,Inactive,0,,,Inactive,,,,,,,,,,4,,10.3229,,23.6955,23.0365,,28.6811,23.7616,,15.3799,16.9276,,1.0954,15.6132,,24.6276,3.5486,,14.5534,25.0563,,13.5994,11.3483,,10.3229,QC'd by Tocris,candidate_step3_property,,C5H9NO4,147.13,-3.700,3,5,4,0
5088,26749362,54713175,CC(C)/C(=C/1\C2[C@@](C(C([C@@]34[C@@]25C([C@@]6(C(C7(CC6([C@@]3(C7CC(=O)OC)C)OC(O4)(O5)C)C)OC(=O)C(C)C)O)OC(=O)C)OC(=O)C)OC(=O)C)(C(OC1=O)C8=COC=C8)C)/O,Inactive,0,,,Inactive,,,,,,,,,,4,,13.3905,,,,,2.5329,,,5.9765,,,17.6627,,,19.4721,,,-3.8107,,,10.3239,,,13.3905,QC'd by Microsource,candidate_step3_property,,C43H54O18,858.9,2.9,2,18,14,0
5094,17385544,5459703,C[C@@]1(C=C[C@H](N1C(=O)C2=CC=CC=C2)CC3=CC=CC=C3)C(=O)NCCC4=CNC5=CC=CC=C54,Inactive,0,,,Inactive,,,,,,,,,,4,,8.0639,,,,,0.3783,,,1.7561,,,14.867,,,11.5275,,,8.3292,,,14.8681,,,8.0639,QC'd by UPCMLD,candidate_step3_property,,C30H29N3O2,463.6,5.400,2,2,7,0
5095,11113412,33032,C(CC(=O)O)[C@@H](C(=O)O)N,Inactive,0,,,Inactive,,,,,,,,,,4,,-7.9097,,-7.231,-23.4115,,-10.1125,-7.4569,,-8.7656,-6.9479,,-2.8037,-1.6447,,2.2666,-12.4955,,-2.804,-30.1354,,2.7775,-13.3058,,-7.9097,QC'd by Tocris,candidate_step3_property,,C5H9NO4,147.13,-3.700,3,5,4,0
5098,26753838,135481525,C1=CC=C(C=C1)C(=O)OCC2C(C(C(O2)N3C=NC4=C3N=C(NC4=O)N)OC(=O)C5=CC=CC=C5)OC(=O)C6=CC=CC=C6,Inactive,0,,,Inactive,,,,,,,,,,4,,-22.6297,,,,,-2.7702,,,13.0439,,,3.8721,,,16.9211,,,14.5947,,,6.2037,,,-22.6297,QC'd by Biolog,candidate_step3_property,,C31H25N5O8,595.6,4.300,2,10,11,0
5102,11113417,5951,C([C@@H](C(=O)O)N)O,Inactive,0,,,Inactive,,,,,,,,,,4,,6.524,,15.2911,-3.4312,,15.4865,-1.2334,,-10.5379,9.2003,,-1.143,-1.1049,,-4.0361,-4.8652,,6.2566,7.7389,,9.1921,-3.2359,,6.524,QC'd by Tocris,candidate_step3_property,,C3H7NO3,105.09,-3.100,3,4,2,0
5117,4253808,546,C(C(=O)O)P(=O)(O)O,Inactive,0,,,Inactive,,,,,,,,,,4,,13.2663,,-8.3967,,,-3.0515,,,-26.4377,,,5.353,,,13.3097,,,3.0015,,,13.2663,,,,QC'd by NCI,candidate_step3_property,,C2H5O5P,140.03,-2.0,3,5,2,0
5122,11113418,5951,C([C@@H](C(=O)O)N)O,Inactive,0,,,Inactive,,,,,,,,,,4,,4.7673,,-3.3131,1.2397,,5.8689,-21.1423,,-2.4807,0.1688,,1.1917,0.9648,,10.5214,-3.8006,,-3.5174,9.4424,,14.0003,-0.2997,,4.7673,QC'd by Tocris,candidate_step3_property,,C3H7NO3,105.09,-3.100,3,4,2,0
5162,4253811,3246473,CN1C=NC(=C1[Se]C2=NC(=NC3=C2N=CN3[C@H]4[C@H]([C@H]([C@@H](O4)CO)O)O)N)[N+](=O)[O-],Inactive,0,,,Inactive,,,,,,,,,,4,,2.556,,-17.6726,,,7.5318,,,3.2719,,,5.2607,,,-7.4526,,,3.678,,,2.556,,,,QC'd by NCI,candidate_step1_inorganic,Se,C14H16N8O6Se,471.30,,4,11,4,0
5180,11113421,6575389,C1C[C@@H](CNC1)C(=O)O,Inactive,0,,,Inactive,,,,,,,,,,4,,12.3324,,1.5815,,,-6.511,,,-25.0172,,,2.0616,,,5.7406,,,-6.8362,,,-5.4692,,,12.3324,QC'd by SigmaAldrich,candidate_step3_property,,C6H11NO2,129.16,-2.900,2,3,1,0
5184,4253804,283212,C1=CC=C(C(=C1)NN(CC2=CC=CC=N2)C3=CC=CC=C3Cl)Cl,Inactive,0,,,Inactive,,,,,,,,,,4,,2.8406,,15.1002,,,-3.9809,,,14.7347,,,-6.2968,,,-15.6035,,,0.3331,,,2.8406,,,,QC'd by NCI,candidate_step3_property,,C18H15Cl2N3,344.2,5.6,1,3,5,0
5192,26753849,16759257,C[C@@H]1[C@H]2[C@@H](C3C[C@@H]4[C@H]([C@@H]5C3=C1C(=O)N6[C@@]5(C(=NCCC7=CNC8=CC=CC=C87)OC6=O)CC9=CC=CC=C9)C(=O)N(C4=O)C1=CC=CC=C1)C(=O)N(C2=O)C1=CC=CC=C1,Inactive,0,,,Inactive,,,,,,,,,,4,,5.744,,,,,15.0696,,,-5.9808,,,15.092,,,5.7455,,,5.533,,,-1.2282,,,5.744,QC'd by UPCMLD,candidate_step3_property,,C48H39N5O7,797.8,5.1,1,8,7,0
5198,4242094,3236992,CCC1=CC=C(C=C1)N/C(=C(/C#N)\C(=O)NCC2=CC=CO2)/SCC3=CC(=CC=C3)F,Inactive,0,,,Inactive,,,,,,,,,,4,,-6.7447,,,,,0.7105,,,-11.0594,,,-7.9191,,,-0.2292,,,-0.8027,,,-3.8451,,,-6.7447,QC'd by DPISMR,candidate_step3_property,,C24H22FN3O2S,435.5,5.5,2,6,9,0
5217,11113419,3532,C1CNCC(=C1)C(=O)O,Inactive,0,,,Inactive,,,,,,,,,,4,,9.9627,,5.5171,16.1373,,-8.2415,-8.4705,,5.9206,5.7534,,3.4533,15.4865,,-0.5402,6.7817,,-6.3152,8.1112,,7.4414,1.9211,,9.9627,QC'd by Tocris,candidate_step3_property,,C6H9NO2,127.14,-2.5,2,3,1,0
5241,11113420,3765,C1CNCC=C1C(=O)O,Inactive,0,,,Inactive,,,,,,,,,,4,,15.1789,,-0.9315,3.4361,,-0.5299,3.5794,,-13.9521,-4.1086,,6.8015,10.3905,,0.7004,9.6004,,14.1557,15.3845,,-5.0142,3.5891,,15.1789,QC'd by Tocris,candidate_step3_property,,C6H9NO2,127.14,-2.5,2,3,1,0
5257,11113426,6603754,C1CN(C[C@@H](N1)C(=O)O)CCCP(=O)(O)O,Inactive,0,,,Inactive,,,,,,,,,,4,,-4.3607,,-3.3081,-7.1848,,-3.032,-10.5852,,-3.309,-10.716,,0.2777,-9.6715,,-6.4463,-10.6891,,-8.1076,0.3108,,-1.2507,-2.5363,,-4.3607,QC'd by Tocris,candidate_step3_property,,C8H17N2O5P,252.20,-6.8,4,7,5,0
5263,26749377,16757936,CCC(C)C(C(=O)OC1C(C(C(=C)C2([C@]1(C(CC2=O)C3=COC=C3)C)O)[C@]4(C(CC(=O)O[C@@](C4CC(=O)OC)(C)COC(=O)C)OC(=O)C)C)OC=O)O,Inactive,0,,,Activator,5.0119,12.5,,Complete curve; partial efficacy; poor fit,-5.3,4.9549,0.6168,27,14.5,1.4,1 0 0 0 0 0 0,22.9356,,,,,43.5694,,,13.6063,,,12.1101,,,22.4405,,,10.3024,,,30.7801,,,22.9356,QC'd by Microsource,candidate_step3_property,,C38H50O16,762.8,2.1,2,16,17,0
5281,26749378,16757937,CCC(C)C(C(=O)OC1C(C(C(=C)C2([C@]1(C(CC2=O)C3=COC=C3)C)O)[C@]4(C(CC(=O)O[C@@](C4CC(=O)OC)(C)COC(=O)C)OC(=O)C)C)OC=O)OC(=O)C,Inactive,0,,,Inactive,,,,,,,,,,4,,18.1819,,,,,27.8704,,,15.1496,,,0.0772,,,40.1076,,,24.5792,,,-4.3543,,,18.1819,QC'd by Microsource,candidate_step3_property,,C40H52O17,804.8,2.7,1,17,19,0
5320,11113423,68841,C([C@@H](C(=O)O)N)OP(=O)(O)O,Inactive,0,,,Inactive,,,,,,,,,,4,,8.5987,,17.8032,,,0.1763,,,6.812,,,21.2931,,,5.7879,,,11.332,,,18.653,,,8.5987,QC'd by SigmaAldrich,candidate_step3_property,,C3H8NO6P,185.07,-5.1,4,7,4,0
5344,11113429,89643,C1CC(C1)(C(=O)O)N,Inactive,0,,,Inactive,,,,,,,,,,4,,-1.9537,,-8.1001,5.5276,,8.2195,-4.0077,,-34.3447,-13.845,,-27.9884,-19.0957,,-25.9873,-14.6762,,9.2452,3.8961,,-14.5444,-9.7305,,-1.9537,QC'd by Tocris,candidate_step3_property,,C5H9NO2,115.13,-2.900,2,3,1,0
5358,26749382,16757941,CC(CC(C1C(O1)(C)C)O)C2CCC3([C@]2(CCC4C3=CCC5C4(CCC(=O)C5(C)C)C)C)C,Inactive,0,,,Inactive,,,,,,,,,,4,,9.8381,,,,,-2.2291,,,-0.4616,,,4.1175,,,11.0908,,,-4.1192,,,4.1207,,,9.8381,QC'd by Microsource,candidate_step3_property,,C30H48O3,456.7,6.4,1,3,4,0
5399,26749380,16757939,CCC(C)C(=O)O[C@@H]1C[C@]2(C(OC(=O)CC23[C@@]45[C@@]1([C@]6(C(C7(CC6([C@](C4OC(=O)C)(C7OC(=O)C8(C(O8)C)C)O)O)C)CC(=O)OC)C)OC(O5)(O3)C)C9=COC=C9)C,Inactive,0,,,Inactive,,,,,,,,,,4,,6.9212,,,,,2.3642,,,-1.8644,,,-3.3793,,,10.3945,,,-7.0885,,,9.8036,,,6.9212,QC'd by Microsource,candidate_step3_property,,C41H52O17,816.8,1.5,2,17,13,0
5417,11113434,183351,C1CN(C(=O)[C@H]1N)O,Inactive,0,,,Inactive,,,,,,,,,,4,,5.0293,,-0.7324,-2.3774,,19.7211,-1.2359,,-15.1767,5.2171,,-3.0564,4.2661,,14.677,9.7199,,4.4204,3.703,,-10.4108,7.3223,,5.0293,QC'd by Tocris,candidate_step3_property,,C4H8N2O2,116.12,-1.5,2,3,0,0
5424,4253824,9595220,C[C@H]1[C@@H]([C@H](C[C@@H](O1)O[C@H]2C[C@](CC3=C2C(=C4C(=C3O)C(=O)C5=C(C4=O)C(=CC=C5)OC)O)(/C(=N\O)/C)O)N)O,Inactive,0,,,Inactive,,,,,,,,,,4,,-7.0016,,-13.6754,,,1.3211,,,10.9695,,,5.4913,,,-26.4248,,,-3.2493,,,-7.0016,,,,QC'd by NCI,candidate_step3_property,,C27H30N2O10,542.5,2.600,6,12,4,0
5435,11113433,6603720,C1CN(C(=O)[C@@H]1N)O,Inactive,0,,,Inactive,,,,,,,,,,4,,-2.3354,,-2.1606,8.0238,,16.6877,-9.6469,,-15.6946,-6.0348,,6.5999,9.9398,,10.9315,8.1928,,7.0425,-0.1598,,5.9301,-4.5441,,-2.3354,QC'd by Tocris,candidate_step3_property,,C4H8N2O2,116.12,-1.5,2,3,0,0
5458,11113432,1214,C1C(CC1(C(=O)O)N)C(=O)O,Inactive,0,,,Inactive,,,,,,,,,,4,,18.4854,,3.8786,9.8806,,3.2307,2.823,,12.937,8.6025,,3.9466,-0.9221,,1.6812,9.2966,,13.2884,-0.9702,,-14.5792,8.3762,,18.4854,QC'd by Tocris,candidate_step3_property,,C6H9NO4,159.14,-3.5,3,5,2,0
5472,17385563,5459723,CC1(C=CC2(N1C(=O)C3=CC=CC=C3)CCCCC2)C(=O)NCC4=CC(=CC(=C4)F)C(F)(F)F,Inactive,0,,,Activator,12.5893,36.1573,,Partial curve; partial efficacy,-4.9,1.5386,0.9447,34.5,-1.6573,2.2,0 0 0 0 0 0 0,31.7812,,,,,-2.3715,,,2.2832,,,-0.8518,,,-7.6311,,,2.4152,,,14.2423,,,31.7812,QC'd by UPCMLD,candidate_step3_property,,C26H26F4N2O2,474.5,5.4,1,6,4,0
5480,17385571,5459733,C[C@@H]1C=C[C@](N1C(=O)C2=CC=CC=C2)(CC3=CC=CC=C3)C(=O)NCCC4=CNC5=CC=CC=C54,Inactive,0,,,Inactive,,,,,,,,,,4,,-6.5534,,,,,-4.7061,,,-2.4519,,,7.1423,,,-16.7792,,,-3.9771,,,5.8509,,,-6.5534,QC'd by UPCMLD,candidate_step3_property,,C30H29N3O2,463.6,5.400,2,2,7,0
5481,4253821,3246477,C1[C@H]([C@@H](OC2=C1C(=CC(=C2[C@H]3[C@@H]([C@H](OC4=CC(=CC(=C34)O)O)C5=CC(=C(C=C5)O)O)O)O)O)C6=CC(=C(C=C6)O)O)O,Inactive,0,,,Inactive,,,,,,,,,,4,,-18.6873,,2.5155,,,-12.5978,,,-8.7054,,,-9.348,,,-6.519,,,-2.9839,,,-18.6873,,,,QC'd by NCI,candidate_step3_property,,C30H26O12,578.5,2.4,10,12,3,0
5491,11113438,1515192,C1[C@H](CN[C@@H]1C(=O)O)C(=O)O,Inactive,0,,,Inactive,,,,,,,,,,4,,13.9338,,13.3235,1.7663,,-2.4237,-2.5508,,-0.231,-1.8767,,-1.2642,1.4,,10.5585,-4.9695,,0.3757,7.8482,,-0.0576,0.1256,,13.9338,QC'd by Tocris,candidate_step3_property,,C6H9NO4,159.14,-3.2,3,5,2,0
5504,26749390,54713176,CC(C)/C(=C/1\C2[C@](C(C([C@@]34[C@@]25C([C@@]6(C(C7(CC6([C@@]3(C7CC(=O)O)C)OC(O4)(O5)C)C)O)O)O)O)O)(C(OC1=O)C8=COC=C8)C)/O,Inactive,0,,,Inactive,,,,,,,,,,4,,15.6455,,,,,28.4288,,,8.0967,,,8.254,,,15.1508,,,3.1254,,,15.0998,,,15.6455,QC'd by Microsource,candidate_step3_property,,C32H40O14,648.6,-0.8,7,14,4,0
5507,850323,284957,CC1CC(NC(=O)O1)(C)C,Inactive,0,,,Inactive,,,,,,,,,,4,,2.9161,,,,,-7.6104,,,-7.1257,,,-4.5226,,,10.3847,,,10.6824,,,21.0308,,,2.9161,QC'd by DPISMR,candidate_step3_property,,C7H13NO2,143.18,1.1,1,2,0,0
5511,11113437,4266,C1=C(ONC1=O)CN,Inactive,0,,,Inactive,,,,,,,,,,4,,-7.9023,,-48.3785,-37.1252,,4.0646,-32.6224,,-33.7292,-10.8865,,-15.8135,-14.1688,,-6.5867,-39.522,,-1.6993,-4.9655,,-4.1694,-21.8141,,-7.9023,QC'd by Tocris,candidate_step3_property,,C4H6N2O2,114.10,-1.4,2,3,1,0
5543,4253822,3246478,C1[C@H]([C@@H](OC2=CC(=CC(=C21)O)O)C3=CC(=C(C=C3)O)O)O[C@@]4([C@H]([C@H](C5=C(C=C(C=C5O4)O)O)O)O)C6=CC(=C(C(=C6)O)O)O,Inactive,0,,,Inactive,,,,,,,,,,4,,-15.3052,,-3.7974,,,-1.4168,,,-4.111,,,-21.1735,,,-17.1378,,,5.7455,,,-15.3052,,,,QC'd by NCI,candidate_step3_property,,C30H26O14,610.5,1.6,11,14,4,0
5558,26749264,830,C(C(C(=O)O)N)OC(=O)C=[N+]=[N-],Inactive,0,,,Inactive,,,,,,,,,,4,,-15.6926,,,,,19.6322,,,10.7329,,,18.0979,,,20.1722,,,-3.5282,,,-5.7391,,,-15.6926,QC'd by Microsource,candidate_step3_property,,C5H7N3O4,173.13,-3.2,2,6,5,0
5583,4253832,5771633,C[C@@H]1C=C/C=C(\C(=O)NC2=C(C(=C3C(=C2O)C(=C(C4=C3C(=O)[C@@](O4)(OC=C[C@H]([C@H]([C@H]([C@H]([C@@H]([C@H]([C@@H]1O)C)O)C)OC(=O)C)C)OC)C)C)O)O)CN5CCN(CC5)C)/C,Inactive,0,,,Inactive,,,,,,,,,,4,,-1.1385,,12.9697,,,-21.5358,,,0.2463,,,-7.553,,,-3.2425,,,-1.3607,,,-1.1385,,,,QC'd by NCI,candidate_step3_property,,C43H59N3O12,809.9,4.6,6,14,5,0
5599,26749266,16757891,CC(=O)NC1C(C(C(OC1OC)CO)OC2C([C@@H](C(C(O2)C(=O)O)OC3C(C(C(C(O3)COS(=O)(=O)[O-])OC4C([C@@H](C(C(O4)C(=O)O)OC5C(C(C(C(O5)CO)OC6C([C@@H](C(C(O6)C(=O)O)OC7C(C(C(C(O7)COS(=O)(=O)[O-])OC8C([C@H](C=C(O8)C(=O)[O-])O)OS(=O)(=O)[O-])O)NC(=O)C)O)O)O)NC(=O)C)O)O)O)NC(=O)C)O)O)O.[Na+].[Na+].[Na+].[Na+],Inactive,0,,,Inactive,,,,,,,,,,4,,2.2149,,,,,0.7676,,,4.559,,,-7.6076,,,-2.2506,,,5.8186,,,7.5525,,,2.2149,QC'd by Microsource,candidate_step1_inorganic,Na,C57H82N4Na4O53S3,1859.4,,20,53,29,0
5637,4253835,161509,C=CC(=O)O.C=C(CC(=O)O)C(=O)O,Inactive,0,,,Inactive,,,,,,,,,,4,,-0.8209,,20.0023,,,7.1031,,,-1.9212,,,11.7124,,,5.3168,,,4.5598,,,-0.8209,,,,QC'd by NCI,property_value_missing,,C8H10O6,202.16,,3,6,4,0
5638,11113439,126569,C1=C(C(=O)NC(=O)N1C[C@@H](C(=O)O)N)F,Inactive,0,,,Inactive,,,,,,,,,,4,,6.5966,,16.0779,5.4748,,6.5003,-10.6068,,12.5806,2.5583,,4.9346,0.2731,,19.5366,-0.3923,,3.261,6.2143,,10.3839,-9.8559,,6.5966,QC'd by Tocris,candidate_step3_property,,C7H8FN3O4,217.15,-4.400,3,6,3,0
5653,4253836,3246484,[C@H]([C@@H](C(=O)O)N)(C(=O)O)N,Inactive,0,,,Inactive,,,,,,,,,,4,,1.1367,,-8.5439,,,-15.8575,,,-3.9513,,,-6.0853,,,12.2485,,,-4.9782,,,1.1367,,,,QC'd by NCI,candidate_step3_property,,C4H8N2O4,148.12,-7.0,4,6,3,0
5655,11113440,447196,C1=C(C(=O)NC(=O)N1C[C@@H](C(=O)O)N)I,Inactive,0,,,Inactive,,,,,,,,,,4,,14.0751,,28.5841,,,15.1111,,,21.9507,,,10.0186,,,23.2452,,,12.6628,,,-12.109,,,14.0751,QC'd by SigmaAldrich,candidate_step3_property,,C7H8IN3O4,325.06,-3.7,3,5,3,0
5660,11113442,6604710,C1(=NNN=N1)[C@@H](C(=O)O)N,Inactive,0,,,Inactive,,,,,,,,,,4,,1.0914,,9.4716,2.9521,,18.4471,7.8658,,1.7705,-1.925,,11.4862,4.1437,,16.8827,10.8668,,16.5111,12.6711,,13.5542,9.771,,1.0914,QC'd by Tocris,candidate_step3_property,,C3H5N5O2,143.10,-4.1,3,6,2,0
5668,4253833,5771634,C[C@@H]1C=C/C=C(\C(=O)NC2=C(C(=C3C(=C2O)C(=C(C4=C3C(=O)[C@@](O4)(O/C=C\[C@H]([C@H]([C@H]([C@H]([C@@H]([C@H]([C@@H]1O)C)O)C)OC(=O)C)C)OC)C)C)O)O)CN(C)C)/C,Inactive,0,,,Inactive,,,,,,,,,,4,,-14.3553,,-2.5509,,,7.7964,,,-7.1633,,,-4.1634,,,9.1393,,,-3.9931,,,-14.3553,,,,QC'd by NCI,candidate_step3_property,,C40H54N2O12,754.9,4.7,6,13,5,0
5682,26753803,135398943,CC(=O)OCC1C(C(C(O1)N2C3=C(C(=O)NC(=N3)N)N=C2Br)OC(=O)C)OC(=O)C,Inactive,0,,,Inactive,,,,,,,,,,4,,3.3442,,,,,0.3061,,,-1.0096,,,1.4268,,,8.2725,,,11.9481,,,-1.7069,,,3.3442,QC'd by Biolog,candidate_step3_property,,C16H18BrN5O8,488.25,-0.5,2,10,8,0
5710,11113452,5310958,C1[C@H]([C@H]1C(=O)O)[C@@H](C(=O)O)N,Inactive,0,,,Inactive,,,,,,,,,,4,,7.582,,0.5951,7.131,,32.1891,3.0835,,5.7393,8.6575,,2.46,-2.4633,,9.5653,7.7846,,1.782,3.5716,,6.2709,-9.7557,,7.582,QC'd by SigmaAldrich,candidate_step3_property,,C6H9NO4,159.14,-3.4,3,5,3,0
5713,26749271,9380,CNNC.Cl.Cl,Inactive,0,,,Inactive,,,,,,,,,,4,,14.4485,,,,,-2.774,,,-12.7909,,,1.403,,,-14.9271,,,-2.9888,,,-16.0537,,,14.4485,QC'd by Microsource,property_value_missing,,C2H10Cl2N2,133.02,,4,2,1,0
5714,850306,652821,CC1=CC=CC=C1CN2C=CC(=N2)NC(=O)C3=NN4C(=CC(=NC4=C3)C5=CC=CO5)C(F)(F)F,Inactive,0,,,Inactive,,,,,,,,,,4,,19.3862,,,,,2.8148,,,2.8824,,,16.7928,,,8.6842,,,-5.1061,,,2.2096,,,19.3862,QC'd by DPISMR,residual_possible_step4_or_definition_mismatch,,C23H17F3N6O2,466.4,3.8,1,8,5,0
5753,26749273,4112,CN(CC1=CN=C2C(=N1)C(=NC(=N2)N)N)C3=CC=C(C=C3)C(=O)NC(CCC(=O)O)C(=O)O,Inactive,0,,,Inactive,,,,,,,,,,4,,12.711,,,,,-1.8459,,,5.5619,,,2.2774,,,15.5046,,,3.4734,,,-1.1539,,,12.711,QC'd by Microsource,candidate_step3_property,,C20H22N8O5,454.4,-1.800,5,12,9,0
5766,11113455,3062646,C(CCP(=O)(O)O)C[C@@H](C(=O)O)N,Inactive,0,,,Inactive,,,,,,,,,,4,,11.2833,,4.4023,-5.5425,,1.4218,-14.8645,,-15.7505,8.1943,,9.8465,10.437,,10.5298,5.8631,,-12.5204,8.7042,,1.7248,4.036,,11.2833,QC'd by Tocris,candidate_step3_property,,C6H14NO5P,211.15,-3.900,4,6,6,0
5795,26749267,16757893,CCCCCCCCCCCCCC(=O)OC1C([C@@]2([C@H]3C=C(C(=O)[C@]3(CC(=CC2[C@H]4[C@@]1(C4(C)C)OC(=O)C)CO)O)C)O)C,Inactive,0,,,Inactive,,,,,,,,,,4,,21.7903,,,,,40.9254,,,9.6752,,,8.9917,,,42.016,,,19.9254,,,24.2722,,,21.7903,QC'd by Microsource,candidate_step3_property,,C36H56O8,616.8,6.5,3,8,17,0
5811,3716786,83609,CC1=CC(=O)C=C(N1)C,Inactive,0,,,Inactive,,,,,,,,,,4,,-14.0065,,,,,-10.1957,,,-4.5924,,,6.9158,,,0.1325,,,-5.2103,,,4.3004,,,-14.0065,QC'd by DPISMR,candidate_step3_property,,C7H9NO,123.15,0.9,1,2,0,0
5818,4253841,287936,C#CCOCCCC(=O)O,Inactive,0,,,Inactive,,,,,,,,,,4,,3.0542,,6.6236,,,6.9901,,,8.7485,,,8.3097,,,11.407,,,7.9307,,,3.0542,,,,QC'd by NCI,candidate_step3_property,,C7H10O3,142.15,0.0,1,3,5,0
5837,11113451,5310958,C1[C@H]([C@H]1C(=O)O)[C@@H](C(=O)O)N,Inactive,0,,,Inactive,,,,,,,,,,4,,-8.2097,,-7.1858,-3.1174,,7.1394,-2.0499,,-4.8034,-17.2302,,-17.2312,-7.9808,,1.4344,-8.0933,,-2.486,-5.6992,,-0.5883,0.9525,,-8.2097,QC'd by Tocris,candidate_step3_property,,C6H9NO4,159.14,-3.4,3,5,3,0
5859,26749279,5422,CN1CCC2=CC(=C3C=C2C1CC4=CC=C(C=C4)OC5=C(C=CC(=C5)CC6C7=C(O3)C(=C(C=C7CCN6C)OC)OC)OC)OC,Inactive,0,,,Inactive,,,,,,,,,,4,,-22.1593,,,,,3.1349,,,3.6656,,,-4.3909,,,9.0549,,,-19.0211,,,-9.2956,,,-22.1593,QC'd by Microsource,candidate_step3_property,,C38H42N2O6,622.7,6.4,0,8,4,0
5872,11113460,550758,CC(=O)N1CCN(CC1)C,Inactive,0,,,Inactive,,,,,,,,,,4,,-2.0414,,-0.6167,1.0305,,6.1898,-7.0445,,-9.9866,12.4754,,9.0026,8.5152,,-1.1644,0.1902,,12.1214,-7.1931,,3.7263,-0.5792,,-2.0414,QC'd by Tocris,candidate_step3_property,,C7H14N2O,142.20,-0.500,0,2,0,0
5895,845789,648152,C1CCC(CC1)C(=O)NC2=CC=CC=C2N3CCN(CC3)C4=CC=C(C=C4)F,Inactive,0,,,Inactive,,,,,,,,,,4,,6.1949,,,,,-10.7191,,,-8.8365,,,-10.0976,,,-6.0575,,,0.445,,,-9.5621,,,6.1949,QC'd by DPISMR,candidate_step3_property,,C23H28FN3O,381.5,5.0,1,4,4,0
5920,26749275,16757894,CC[C@]1(CC2C[C@](C3=C(CCN(C2)C1)C4=CC=CC=C4N3)(C5=C(C=C6C(=C5)[C@@]78CCN9C7[C@@](C=CC9)(C([C@@](C8N6C)(C(=O)OC)O)OC(=O)C)CC)OC)C(=O)OC)O.OS(=O)(=O)O,Inactive,0,,,Activator,0.01,50.0322,,Complete curve; partial efficacy; poor fit,-8,3.6772,0.8496,19.7603,-30.2719,1.4,0 0 0 0 0 1 0,12.4773,,,,,-28.9766,,,15.0216,,,18.9568,,,34.825,,,12.1734,,,-14.1576,,,12.4773,QC'd by Microsource,property_value_missing,,C46H60N4O13S,909.1,,5,16,10,0
5921,11113457,119,C(CC(=O)O)CN,Inactive,0,,,Inactive,,,,,,,,,,4,,18.6747,,11.1173,,,5.3659,,,18.7335,,,17.4383,,,14.0947,,,15.9332,,,21.9313,,,18.6747,QC'd by SigmaAldrich,candidate_step3_property,,C4H9NO2,103.12,-3.200,2,3,3,0
5962,845238,647578,C1=CC=C2C(=C1)C=CC=C2OCC3=NN=C(N3C4=CC(=CC=C4)Cl)SCC#N,Inactive,0,,,Inactive,,,,,,,,,,4,,-26.7038,,,,,-7.2601,,,2.0169,,,14.9397,,,15.0278,,,0.8802,,,0.761,,,-26.7038,QC'd by DPISMR,candidate_step3_property,,C21H15ClN4OS,406.9,5.1,0,5,6,0
5975,4253857,3246492,CC1=CN(C(=O)NC1=O)CC[C@@H](C(=O)O)N,Inactive,0,,,Inactive,,,,,,,,,,4,,-6.7682,,-10.944,,,-10.1613,,,-10.4922,,,10.6384,,,4.2794,,,-17.145,,,-6.7682,,,,QC'd by NCI,candidate_step3_property,,C9H13N3O4,227.22,-3.600,3,5,4,0
5992,4253856,3496,C(C(=O)O)NCP(=O)(O)O,Inactive,0,,,Inactive,,,,,,,,,,4,,7.2742,,-36.3223,,,-7.0938,,,1.6068,,,-16.4963,,,-1.0746,,,5.7771,,,7.2742,,,,QC'd by NCI,candidate_step3_property,,C3H8NO5P,169.07,-4.6,4,6,4,0
6021,4253854,3246491,C[C@H]1[C@@H](OC(=O)C[C@@H](C[C@@H](C[C@@H](CC[C@@H]([C@@H](CC(=O)C[C@@H]([C@@H]([C@@H](C[C@@H](C=CC=CC=CC=CCCC=CC=C[C@@]([C@H]1O)(C)O)O[C@H]2[C@H]([C@@H]([C@H]([C@@H](O2)C)O)N)O)O)C(=O)O)O)O)O)O)O)O)C,Inactive,0,,,Inactive,,,,,,,,,,4,,-3.7647,,4.2309,,,-0.838,,,-2.1206,,,7.5378,,,15.5613,,,6.6746,,,-3.7647,,,,QC'd by NCI,candidate_step3_property,,C47H75NO18,942.1,-1.5,13,19,3,0
6023,845235,647576,CC1=CC2=C(C=C1)C=C(C(=O)N2)C(C3=NN=NN3C4CCCC4)N(CC5=CC=CC=C5)CC6=CC=CO6,Inactive,0,,,Inactive,,,,,,,,,,4,,-16.9912,,,,,-4.6962,,,-7.0982,,,-13.3401,,,12.5267,,,-9.9688,,,-3.3488,,,-16.9912,QC'd by DPISMR,residual_possible_step4_or_definition_mismatch,,C29H30N6O2,494.6,4.2,1,6,8,0
6117,26749287,68296,C1=CSSC1=S,Inactive,0,,,Inactive,,,,,,,,,,4,,-16.2696,,,,,-7.3072,,,1.1511,,,-23.6041,,,-8.0088,,,1.4061,,,1.0457,,,-16.2696,QC'd by Microsource,candidate_step3_property,,C3H2S3,134.3,1.2,0,3,0,0
6164,26749297,16757899,CC1=C(C(CC(C1)O)(C)C)/C=C/C(=C/C=C/C(=C/C=C/C=C(\C)/C=C/C=C(\C)/C=C/C(=O)[C@@]2(CC(CC2(C)C)O)C)/C)/C,Inactive,0,,,Inactive,,,,,,,,,,4,,-1.932,,,,,-6.2454,,,8.9821,,,1.6431,,,11.9677,,,-6.8279,,,11.5871,,,-1.932,QC'd by Microsource,candidate_step3_property,,C40H56O3,584.9,10.6,2,3,11,0
6181,4253865,5771639,C1=CC(=CC=C1/C=C\C2=NC(=C(C(=N2)Cl)C3=CC=C(C=C3)Cl)Cl)Cl,Inactive,0,,,Activator,3.9811,29.4471,,Single point of activity,-5.4,4.095,0.7513,30.6047,1.1575,3,0 0 0 0 0 0 0,30.0731,,1.144,,,-10.8571,,,3.7196,,,10.2564,,,0.8169,,,4.0042,,,30.0731,,,,QC'd by NCI,candidate_step3_property,,C18H10Cl4N2,396.1,7.3,0,2,3,0
6188,26753771,5281650,CC(=CCC1=C(C2=C(C=C1O)OC3=C(C2=O)C(=C(C(=C3)O)OC)CC=C(C)C)O)C,Inactive,0,,,Inactive,,,,,,,,,,4,,-1.4526,,-0.515,-6.2068,,4.4652,-14.6992,,-2.0087,4.9265,,-0.4222,-0.5095,,-7.1881,5.1808,,5.1929,-0.6111,,0.9873,3.7877,,-1.4526,QC'd by Timtec,candidate_step3_property,,C24H26O6,410.5,6.3,3,6,5,0
6221,26749293,16590,C=CCSSCC=C,Inactive,0,,,Inactive,,,,,,,,,,4,,-5.4487,,,,,10.4661,,,-12.6686,,,9.0155,,,-4.9832,,,-15.3992,,,-3.22,,,-5.4487,QC'd by Microsource,candidate_step3_property,,C6H10S2,146.3,2.2,0,2,5,0
6222,11113473,5230,CP(=O)(CCCN)O,Inactive,0,,,Inactive,,,,,,,,,,4,,15.8105,,1.3043,-14.676,,-14.6402,-6.8872,,8.7946,2.224,,7.5779,12.4087,,-3.8499,-9.5206,,9.9426,3.8474,,2.5667,-8.5387,,15.8105,QC'd by Tocris,candidate_step3_property,,C4H12NO2P,137.12,-4.0,2,3,3,0
6248,4238078,3233189,CC(C)CN1CCC2(CC1)CCN(CC2)C(=O)C3=CC(=CC(=C3)C(F)(F)F)C(F)(F)F,Inactive,0,,,Inactive,,,,,,,,,,4,,5.2234,,,,,4.4366,,,-0.5272,,,-14.4175,,,4.2991,,,10.1675,,,0.7211,,,5.2234,QC'd by Pharmacopeia,candidate_step3_property,,C22H28F6N2O,450.5,5.600,0,8,3,0
6255,26749307,16757900,C1[C@H]([C@@H](C([C@H](C1NC(=O)C(CCN)O)O[C@@H]2C(C(C(C(O2)CO)O)N)O)O)O[C@H]3C(C(C(C(O3)CN)O)O)O)N.OS(=O)(=O)O.OS(=O)(=O)O,Inactive,0,,,Inactive,,,,,,,,,,4,,10.0472,,,,,-2.8979,,,3.6137,,,8.4134,,,14.3525,,,-4.9524,,,10.94,,,10.0472,QC'd by Microsource,property_value_missing,,C22H47N5O21S2,781.8,,17,25,10,0
6325,26749303,9500,C1=CC(=NC=C1C(=O)N)N,Inactive,0,,,Inactive,,,,,,,,,,4,,15.165,,,,,9.7134,,,-3.3791,,,-0.4351,,,13.9948,,,0.6528,,,15.1815,,,15.165,QC'd by Microsource,candidate_step3_property,,C6H7N3O,137.14,0.700,2,3,1,0
6335,4253874,3246498,CC1=C2C=CC=C(C2=C3C[S+](C4=CC=CC1=C34)C5=CC=CC=C5)SC6=CC=CC=C6,Inactive,0,,,Inactive,,,,,,,,,,4,,2.099,,-6.1164,,,-15.8473,,,-5.4137,,,-1.6933,,,-3.3892,,,-7.0108,,,2.099,,,,QC'd by NCI,candidate_step3_property,,C28H21S2+,421.6,8.5,0,1,3,1
6340,845279,647619,CC1=C(C2=C(C=C1)C=C(C(=O)N2)CN(CC3=NN=NN3C4CCCC4)C5CCCCC5)C,Inactive,0,,,Inactive,,,,,,,,,,4,,-11.5163,,,,,10.9835,,,9.5962,,,-11.9191,,,-3.1368,,,2.3548,,,0.189,,,-11.5163,QC'd by DPISMR,residual_possible_step4_or_definition_mismatch,,C25H34N6O,434.6,4.1,1,5,6,0
6355,4253875,54677783,CC(C)C1=CC=C(C=C1)C(C2=C(C3=CC=CC=C3OC2=O)O)C4=C(C5=CC=CC=C5OC4=O)O,Inactive,0,,,Inactive,,,,,,,,,,4,,4.6028,,10.0447,,,-5.0895,,,8.6148,,,-4.5559,,,12.5928,,,-7.6528,,,4.6028,,,,QC'd by NCI,candidate_step3_property,,C28H22O6,454.5,5.1,2,6,4,0
6390,4253877,291903,CC1=CC(=C(C(=C1)C(C)(C)C)O)CC2=C(C(=C(C(=C2C)C)CC3=C(C(=CC(=C3)C)C(C)(C)C)O)C)C,Inactive,0,,,Inactive,,,,,,,,,,4,,2.4296,,0.8823,,,-2.3177,,,13.378,,,4.4573,,,9.8457,,,-18.6328,,,2.4296,,,,QC'd by NCI,candidate_step3_property,,C34H46O2,486.7,10.6,2,2,6,0
6405,11113496,5175,CCCCCCCNS(=O)(=O)C1=CC=CC2=C1C=CC=C2Cl,Inactive,0,,,Inactive,,,,,,,,,,4,,20.2643,,-3.1933,-1.8488,,-4.0788,-3.125,,-10.8088,-6.2146,,0.9051,-1.2267,,-0.0017,0.1338,,8.8856,3.6386,,13.353,16.7416,,20.2643,QC'd by Tocris,candidate_step3_property,,C17H22ClNO2S,339.9,5.6,1,3,8,0
6432,7966271,5308125,CC1=C(C(=NN1CC2=CC(=C(C=C2)Cl)Cl)C)NC(=O)C3=NOC(=C3)CC(C)C,Inactive,0,,,Inactive,,,,,,,,,,4,,5.9611,,,,,4.632,,,-5.8649,,,-3.0209,,,5.2542,,,2.462,,,4.3592,,,5.9611,QC'd by DPISMR,candidate_step3_property,,C20H22Cl2N4O2,421.3,5.1,1,4,6,0
6437,26749313,16757903,CC1C(C(C([C@@H](O1)OC2CC([C@]3(C4C(CC[C@@]3(C2)O)[C@]5(CCC([C@@]5(CC4O)C)C6=CC(=O)OC6)O)CO)O)O)O)O,Inactive,0,,,Inactive,,,,,,,,,,4,,-12.3997,,,,,16.8398,,,-7.3038,,,2.0318,,,0.8769,,,-3.5842,,,12.0331,,,-12.3997,QC'd by Microsource,candidate_step3_property,,C29H44O12,584.7,-1.700,8,12,4,0
6459,4253880,3246501,C1=CC=C(C=C1)SCC(=S)NC2=CC=CC3=CC=CC=C32,Inactive,0,,,Activator,3.9811,24,,Single point of activity,-5.4,4.9549,0.9442,31,7,3,1 0 0 0 1 0 0,30.651,,31.4501,,,4.8914,,,11.2478,,,5.2969,,,19.4351,,,8.4905,,,30.651,,,,QC'd by NCI,residual_possible_step4_or_definition_mismatch,,C18H15NS2,309.5,4.500,1,2,4,0
6463,11113493,9394,CC[N+](CC)(CCCNC1=CC(=O)C(=CC1=O)NCCC[N+](CC)(CC)CC2=CC=CC=C2)CC3=CC=CC=C3,Inactive,0,,,Inactive,,,,,,,,,,4,,7.9209,,-10.5987,10.3361,,11.6546,1.1115,,3.975,3.8035,,11.698,17.8299,,9.0987,6.0641,,18.6276,-1.1329,,-7.9237,6.1725,,7.9209,QC'd by Tocris,candidate_step3_property,,C34H50N4O2+2,546.8,5.7,2,4,18,2
6472,4253883,3246503,C([C@@H](C(=O)O)N)NO,Inactive,0,,,Inactive,,,,,,,,,,4,,4.3336,,-9.6477,,,2.862,,,-15.2061,,,-0.7171,,,0.7209,,,-15.0292,,,4.3336,,,,QC'd by NCI,candidate_step3_property,,C3H8N2O3,120.11,-4.3,4,5,3,0
6480,11113492,3455,C1CN(CCN1CCCC2=CC=CC=C2)CCOC(C3=CC=C(C=C3)F)C4=CC=C(C=C4)F,Inactive,0,,,Inactive,,,,,,,,,,4,,-6.9774,,5.7544,17.3771,,3.3303,0.0447,,8.5315,7.8647,,6.5084,25.837,,13.5784,11.8968,,23.5587,8.9266,,-0.6997,15.6075,,-6.9774,QC'd by Tocris,candidate_step3_property,,C28H32F2N2O,450.6,5.6,0,5,10,0
6491,4249836,312890,C1CC(=O)C2=C1C=C(C=C2)N,Inactive,0,,,Inactive,,,,,,,,,,4,,-4.0063,,,,,3.9011,,,-4.105,,,-7.1359,,,6.9773,,,13.4035,,,-12.6367,,,-4.0063,QC'd by DPISMR,candidate_step3_property,,C9H9NO,147.17,1.0,1,2,0,0
6516,26753751,2117,CC1=C(C(=C(C2=C1OC(CC2)(C)CCCC(C)CCCC(C)CCCC(C)C)C)OC(=O)C)C,Inactive,0,,,Inactive,,,,,,,,,,4,,21.5919,,18.1871,4.3558,,29.041,4.6051,,8.0349,9.4288,,-10.8354,13.2586,,9.4672,9.86,,7.3653,0.654,,9.4738,9.4603,,21.5919,QC'd by Timtec,candidate_step3_property,,C31H52O3,472.7,10.8,0,3,14,0
6630,3716736,1540494,CCOC(=O)NC1(OC2=CC=CC=C2O1)NC3CCCCC3,Inactive,0,,,Inactive,,,,,,,,,,4,,-7.2731,,,,,6.9625,,,4.1402,,,11.981,,,7.7431,,,-9.0733,,,0.5918,,,-7.2731,QC'd by DPISMR,residual_possible_step4_or_definition_mismatch,,C16H22N2O4,306.36,3.8,2,5,5,0
6632,11113499,124172,C1=CC=C(C=C1)CCCCCCNS(=O)(=O)C2=CC=CC3=C2C=CC=C3Cl,Inactive,0,,,Activator,15.8489,35.3769,,Complete curve; partial efficacy; poor fit,-4.8,2.7202,0.7869,37.7433,2.3664,1.4,1 0 1 0 0 0 0 0 0 0 0 0 0 0 0,34.6731,,11.2584,0.8702,,20.738,-1.0277,,-0.0646,-6.4651,,2.6872,17.9747,,6.3578,-2.9069,,8.658,2.1278,,10.796,36.0254,,34.6731,QC'd by Tocris,candidate_step3_property,,C22H24ClNO2S,401.9,6.5,1,3,9,0
6645,11113498,1348,C1=CC=C(C=C1)C2=NN=C(C3=CC=CC=C32)NC4=CC(=CC=C4)Cl,Inactive,0,,,Inactive,,,,,,,,,,4,,-3.9319,,0.3713,-2.3751,,-14.2575,-1.6979,,-8.7509,-2.8668,,-3.4038,5.5914,,-2.4636,-6.582,,1.2967,9.5047,,-5.0688,-5.0033,,-3.9319,QC'd by Tocris,candidate_step3_property,,C20H14ClN3,331.8,5.300,1,3,3,0
6684,863728,664980,CC1=CC(=C(C=C1C)Br)NC(=O)CSC2=NN=C(O2)CCCC3=CC=C(C=C3)OC,Inactive,0,,,Inactive,,,,,,,,,,4,,-7.1375,,,,,14.0286,,,2.9702,,,2.5291,,,10.7503,,,5.685,,,3.0704,,,-7.1375,QC'd by DPISMR,candidate_step3_property,,C22H24BrN3O3S,490.4,5.5,1,6,9,0
6723,845181,647514,C1CN(CCN1CCC#N)C(=S)C2=CC=C(O2)C3=C(C=CC(=C3)Cl)Cl,Inactive,0,,,Inactive,,,,,,,,,,4,,-4.9731,,,,,7.8353,,,3.9655,,,12.8661,,,9.4857,,,-0.4421,,,15.9885,,,-4.9731,QC'd by DPISMR,residual_possible_step4_or_definition_mismatch,,C18H17Cl2N3OS,394.3,3.8,0,4,4,0
6725,26749467,16758004,CC(=O)OC1CC[C@]2(C(C1(C)C)CC[C@]3(C2CC=C4[C@@]3(CC[C@@]5(C4CC(CC5)(C)C)C(=O)O)C)C)C,Inactive,0,,,Inactive,,,,,,,,,,4,,-7.8976,,,,,43.4372,,,-5.8138,,,-5.0808,,,1.9633,,,5.6485,,,13.2034,,,-7.8976,QC'd by Microsource,candidate_step3_property,,C32H50O4,498.7,8.1,1,4,3,0
6752,4253906,8312,C1=CC(=CC=C1NC(=O)CO)[As](=O)(O)O,Inactive,0,,,Inactive,,,,,,,,,,4,,4.1448,,-8.5257,,,4.5291,,,14.5153,,,-0.7309,,,11.8888,,,9.0583,,,4.1448,,,,QC'd by NCI,candidate_step1_inorganic,As,C8H10AsNO5,275.09,,4,5,3,0
6801,11113521,135408763,C1=C(N=C(NC1=O)N)N,Inactive,0,,,Inactive,,,,,,,,,,4,,1.289,,18.6396,,,28.3616,,,16.9568,,,17.3706,,,31.0776,,,23.9236,,,14.5965,,,1.289,QC'd by SigmaAldrich,candidate_step3_property,,C4H6N4O,126.12,-1.8,3,3,0,0
6832,4253902,294609,CC1=C2C=CN=CC2=C(C3=C1N(C4=CC=CC=C43)CCOC(=O)C5=CC=CC=C5)C,Inactive,0,,,Inactive,,,,,,,,,,4,,-3.5037,,-0.9236,,,-3.4475,,,2.5785,,,-5.7893,,,-10.0341,,,-0.6034,,,-3.5037,,,,QC'd by NCI,candidate_step3_property,,C26H22N2O2,394.5,5.7,0,3,5,0
6845,26753999,11949209,C1[C@@H]2C(C3(CC2(C3)[C@H](N1CC4=CC=C(C=C4)C(F)(F)F)C5=CC=CC=C5)C6=CC=C(C=C6)C#N)C7=CN=C(C=C7)Cl,Inactive,0,,,Inactive,,,,,,,,,,4,,-0.2169,,,,,-2.6422,,,24.7943,,,-25.5371,,,-10.0629,,,6.7454,,,-8.642,,,-0.2169,QC'd by UPCMLD,candidate_step3_property,,C34H27ClF3N3,570.0,7.700,0,6,5,0
6865,26754000,11949217,C1CCC(CC1)CN2C[C@@H]3C(C4(CC3(C4)[C@H]2C5=CC=CC=C5)C6=CN=CC=C6)C7=CN=C(C=C7)Cl,Inactive,0,,,Inactive,,,,,,,,,,4,,-11.5321,,,,,20.6922,,,50.8931,,,13.2762,,,14.1018,,,7.8811,,,16.2434,,,-11.5321,QC'd by UPCMLD,candidate_step3_property,,C31H34ClN3,484.1,6.9,0,3,5,0
6870,26754001,11949225,COC(=O)C1=CC(=CC=C1)C23CC4(C2)[C@@H](C3C5=CC=CC=C5)CN([C@@H]4C6=CC=CC=C6)CC7=CN=CC=C7,Inactive,0,,,Inactive,,,,,,,,,,4,,-14.9701,,,,,20.2422,,,61.7618,,,19.8679,,,26.9321,,,17.08,,,12.5818,,,-14.9701,QC'd by UPCMLD,candidate_step3_property,,C34H32N2O2,500.6,6.0,0,4,7,0
6885,26754002,11949233,COC(=O)C1=CC(=CC=C1)C23CC4(C2)[C@@H](C3C5=CN=C(C=C5)Cl)CN([C@@H]4C6=CC=CC=C6)CC7=CC=C(C=C7)C(F)(F)F,Inactive,0,,,Inactive,,,,,,,,,,4,,-6.1396,,,,,10.7828,,,21.5024,,,8.4899,,,7.7109,,,18.082,,,0.5681,,,-6.1396,QC'd by UPCMLD,candidate_step3_property,,C35H30ClF3N2O2,603.1,7.8,0,7,7,0
6903,4237975,3233088,C1C[C@@]2(CCN(C2)C(C3=CC=CC=C3)C4=CC=CC=C4)CN(C1)C(=O)C5=CC(=CC=C5)F,Inactive,0,,,Inactive,,,,,,,,,,4,,9.7479,,,,,20.2031,,,11.5903,,,20.4727,,,11.5308,,,31.1154,,,41.4307,,,9.7479,QC'd by Pharmacopeia,candidate_step3_property,,C28H29FN2O,428.5,5.4,0,3,4,0
6930,4253897,1766440,C([C@H](C(=O)O)NC(=O)CN)O,Inactive,0,,,Inactive,,,,,,,,,,4,,-5.5834,,18.764,,,3.3975,,,-0.0687,,,26.7759,,,13.0009,,,9.3664,,,-5.5834,,,,QC'd by NCI,candidate_step3_property,,C5H10N2O4,162.14,-4.7,4,5,4,0
6977,26753992,11949232,COC(=O)C1=CC(=CC=C1)C23CC4(C2)[C@@H](C3C5=CN=C(C=C5)Cl)CN([C@@H]4C6=CC=CC=C6)CC7CCCCC7,Inactive,0,,,Inactive,,,,,,,,,,4,,-3.0566,,,,,-16.7953,,,-3.2259,,,-3.2409,,,4.7618,,,-0.5178,,,0.494,,,-3.0566,QC'd by UPCMLD,candidate_step3_property,,C34H37ClN2O2,541.1,7.8,0,4,7,0
6996,26753991,11949224,COC(=O)C1=CC(=CC=C1)C23CC4(C2)[C@@H](C3C5=CC=CC=C5)CN([C@@H]4C6=CC=CC=C6)CC7=CC=C(C=C7)C8=CC=CC=C8,Inactive,0,,,Inactive,,,,,,,,,,4,,1.1005,,,,,-2.8911,,,-5.3931,,,19.3636,,,14.4956,,,8.3825,,,11.4666,,,1.1005,QC'd by UPCMLD,candidate_step3_property,,C41H37NO2,575.7,8.7,0,3,8,0
7021,26753994,11949169,C1[C@@H]2C(C3(CC2(C3)[C@H](N1CC4=CC=C(C=C4)C(F)(F)F)C5=CC=CC=C5)C6=CC=CC=C6)C7=CC=C(C=C7)C(F)(F)F,Inactive,0,,,Inactive,,,,,,,,,,4,,1.3077,,,,,2.8744,,,48.1226,,,-9.2817,,,-6.6249,,,-22.8776,,,-25.5484,,,1.3077,QC'd by UPCMLD,candidate_step3_property,,C35H29F6N,577.6,9.0,0,7,5,0
7051,26753996,11949185,COC(=O)C1=CC=C(C=C1)C23CC4(C2)[C@@H](C3C5=CC=C(C=C5)C(F)(F)F)CN([C@@H]4C6=CC=CC=C6)CC7=CC=C(C=C7)C8=CC=CC=C8,Inactive,0,,,Inactive,,,,,,,,,,4,,-2.4352,,,,,1.6549,,,28.9027,,,11.4338,,,6.8833,,,1.6145,,,-0.7859,,,-2.4352,QC'd by UPCMLD,candidate_step3_property,,C42H36F3NO2,643.7,9.6,0,6,8,0
7058,26749487,99891,CCCCCCCCCCCCC(C(C)C(=O)O)C(=O)O,Inactive,0,,,Inactive,,,,,,,,,,4,,14.1141,,,,,39.5499,,,15.5753,,,6.716,,,35.7937,,,17.6997,,,26.1754,,,14.1141,QC'd by Microsource,candidate_step3_property,,C17H32O4,300.4,6.1,2,4,14,0
7071,26753995,11949177,CN1C[C@@H]2C(C3(CC2(C3)[C@H]1C4=CC=CC=C4)C5=CC=C(C=C5)C(=O)OC)C6=CC=CC=C6,Inactive,0,,,Inactive,,,,,,,,,,4,,-20.4552,,,,,-1.8377,,,34.2177,,,-6.7194,,,-1.3222,,,-16.7199,,,0.3278,,,-20.4552,QC'd by UPCMLD,candidate_step3_property,,C29H29NO2,423.5,5.6,0,3,5,0
7075,845714,648076,CC1=CC(=C2C=C(C(=O)NC2=C1)CN(CCO)C(C3=NN=NN3CC4=CC=C(C=C4)F)C(C)C)C,Inactive,0,,,Activator,0.01,21,,Complete curve; partial efficacy; poor fit,-8,4.9549,0.7531,34.5,13.5,1.4,0 0 0 0 0 0 0,40.3973,,,,,13.4333,,,33.4881,,,39.0687,,,32.2915,,,35.4319,,,26.5032,,,40.3973,QC'd by DPISMR,residual_possible_step4_or_definition_mismatch,,C26H31FN6O2,478.6,3.5,2,7,9,0
7088,26753998,11949201,C1[C@@H]2C(C3(CC2(C3)[C@H](N1CC4=CN=CC=C4)C5=CC=CC=C5)C6=CC=C(C=C6)C#N)C7=CC=CC=C7,Inactive,0,,,Inactive,,,,,,,,,,4,,-2.1649,,,,,-7.781,,,48.0819,,,-0.565,,,11.493,,,-4.769,,,-5.2432,,,-2.1649,QC'd by UPCMLD,candidate_step3_property,,C33H29N3,467.6,5.8,0,3,5,0
7106,26753997,11949193,C1CCC(CC1)CN2C[C@@H]3C(C4(CC3(C4)[C@H]2C5=CC=CC=C5)C6=CN=CC=C6)C7=CC=CC=C7,Inactive,0,,,Inactive,,,,,,,,,,4,,1.3686,,,,,16.333,,,56.4695,,,12.0316,,,41.1794,,,15.5346,,,12.4792,,,1.3686,QC'd by UPCMLD,candidate_step3_property,,C32H36N2,448.6,7.0,0,2,5,0
7114,11113538,5026275,CN(CCC1=CC(=C(C=C1)Cl)Cl)CCN2CCCCCC2,Inactive,0,,,Inactive,,,,,,,,,,4,,13.4231,,12.1993,4.4386,,9.628,-5.0029,,-5.5106,-11.798,,6.6472,-14.8114,,-2.3253,-15.2943,,3.6986,7.1395,,0.429,4.5112,,13.4231,QC'd by Tocris,residual_possible_step4_or_definition_mismatch,,C17H26Cl2N2,329.3,4.7,0,2,6,0
7119,4253921,4019772,C1=CC2=C(C=CC(=C2N=C1)O)S(=O)(=O)O.C1=CC2=C(C=CC(=C2N=C1)O)S(=O)(=O)O.[Zn],Inactive,0,,,Inactive,,,,,,,,,,4,,-3.6116,,-39.8348,,,-9.5937,,,-17.1101,,,-13.0395,,,5.3706,,,-11.6557,,,-3.6116,,,,QC'd by NCI,candidate_step1_inorganic,Zn,C18H14N2O8S2Zn,515.8,,4,10,2,0
7153,26749474,3503223,CC1=C2C(=C(C(=C1Cl)O)Cl)OC3=C(C(=C(C(=C3C)C(=O)OC)O)C)OC2=O,Inactive,0,,,Inactive,,,,,,,,,,4,,23.1416,,,,,31.0373,,,8.575,,,11.0099,,,25.7784,,,8.5162,,,13.9989,,,23.1416,QC'd by Microsource,candidate_step3_property,,C18H14Cl2O7,413.2,5.0,2,7,2,0
7155,850227,652736,CC1=C(C2=C(C=C1)C=C(C(=O)N2)CN(CC3=CC=CO3)C(=O)C4=CC=CC=C4)C,Inactive,0,,,Inactive,,,,,,,,,,4,,21.4316,,,,,5.6919,,,26.8853,,,8.1423,,,27.9607,,,7.499,,,22.3658,,,21.4316,QC'd by DPISMR,residual_possible_step4_or_definition_mismatch,,C24H22N2O3,386.4,3.6,1,3,5,0
7163,26753986,11949184,COC(=O)C1=CC=C(C=C1)C23CC4(C2)[C@@H](C3C5=CC=C(C=C5)C(F)(F)F)CN([C@@H]4C6=CC=CC=C6)CC7=CC=C(C=C7)C(F)(F)F,Inactive,0,,,Inactive,,,,,,,,,,4,,-29.4924,,,,,8.9434,,,-7.259,,,-5.7769,,,-1.881,,,1.641,,,-4.7068,,,-29.4924,QC'd by UPCMLD,candidate_step3_property,,C37H31F6NO2,635.6,8.8,0,9,7,0
7167,4237995,3233108,C1CC2(CCN(CC2)C(=O)OC3=CC=CC=C3)CN(C1)C(C4=CC=CC=C4)C5=CC=CC=C5,Inactive,0,,,Inactive,,,,,,,,,,4,,8.8206,,,,,-20.3474,,,-14.7703,,,-2.4791,,,-24.5929,,,-7.5076,,,-10.514,,,8.8206,QC'd by Pharmacopeia,candidate_step3_property,,C29H32N2O2,440.6,6.0,0,3,5,0
7169,26749477,5317419,CC1=CC(=C(C2=C1C(=O)OC3=C(O2)C(=C(C(=C3COC(=O)/C=C/C(=O)O)O)C(=O)O)C)C=O)O,Inactive,0,,,Inactive,,,,,,,,,,4,,-28.9306,,,,,28.7991,,,-1.7217,,,10.2613,,,17.3657,,,-8.0662,,,7.3297,,,-28.9306,QC'd by Microsource,candidate_step3_property,,C22H16O12,472.4,2.5,4,12,7,0
7180,26753984,11949168,C1CCC(CC1)CN2C[C@@H]3C(C4(CC3(C4)[C@H]2C5=CC=CC=C5)C6=CC=CC=C6)C7=CC=C(C=C7)C(F)(F)F,Inactive,0,,,Activator,3.1623,26.035,,Single point of activity,-5.5,4.9549,0.7401,25.0225,-1.0125,3,0 0 0 1 0 0 0,15.4922,,,,,-7.2642,,,7.3797,,,-3.1684,,,27.0627,,,2.397,,,34.7807,,,15.4922,QC'd by UPCMLD,candidate_step3_property,,C34H36F3N,515.6,9.0,0,4,5,0
7183,26753985,11949176,C1[C@@H]2C(C3(CC2(C3)[C@H](N1CC4=CN=CC=C4)C5=CC=CC=C5)C6=CC=CC=C6)C7=CN=C(C=C7)Cl,Inactive,0,,,Inactive,,,,,,,,,,4,,-26.1025,,,,,3.9743,,,-15.9231,,,-13.101,,,-5.0448,,,-0.632,,,7.1821,,,-26.1025,QC'd by UPCMLD,candidate_step3_property,,C31H28ClN3,478.0,6.0,0,3,5,0
7204,26749479,16758006,CC1C(C([C@@H](C(O1)OCC2C(C(C([C@@H](O2)OC3=CC(=C4C(=C3)OC(=CC4=O)C5=CC=C(C=C5)OC)O)O)O)O)O)O)O,Inactive,0,,,Inactive,,,,,,,,,,4,,12.409,,,,,41.767,,,15.222,,,19.6989,,,19.8046,,,5.5719,,,32.3046,,,12.409,QC'd by Microsource,candidate_step3_property,,C28H32O14,592.5,-0.5,7,14,7,0
7205,4253913,424513,C1=NN=C(N1N)NN,Inactive,0,,,Inactive,,,,,,,,,,4,,-14.7329,,11.3659,,,-3.9099,,,-6.6989,,,-2.7182,,,14.8109,,,3.1139,,,-14.7329,,,,QC'd by NCI,candidate_step3_property,,C2H6N6,114.11,-0.7,3,5,1,0
7210,26753988,11949200,C1[C@@H]2C(C3(CC2(C3)[C@H](N1CC4=CC=C(C=C4)C5=CC=CC=C5)C6=CC=CC=C6)C7=CC=C(C=C7)C#N)C8=CC=CC=C8,Inactive,0,,,Inactive,,,,,,,,,,4,,-8.3636,,,,,5.8373,,,-6.2163,,,-0.7564,,,19.8791,,,2.6233,,,-13.0666,,,-8.3636,QC'd by UPCMLD,candidate_step3_property,,C40H34N2,542.7,8.5,0,2,6,0
7236,4253911,424408,C1=CC=NC=C1.C1=CC=[N+](C=C1)CC(=O)O,Inactive,0,,,Inactive,,,,,,,,,,4,,22.7708,,92.4496,,,34.0695,,,51.7398,,,70.5901,,,37.8362,,,31.3679,,,22.7708,,,,QC'd by NCI,property_value_missing,,C12H13N2O2+,217.24,,1,3,2,1
7252,4257893,713672,CCN1C(=NN=C1SC)C2=C(C3=C(S2)C=C(C=C3)Cl)Cl,Inactive,0,,,Inactive,,,,,,,,,,4,,-18.7502,,,,,-0.9908,,,-6.1968,,,-4.0453,,,-3.0989,,,-9.6952,,,-17.0332,,,-18.7502,QC'd by DPISMR,residual_possible_step4_or_definition_mismatch,,C13H11Cl2N3S2,344.3,4.5,0,4,3,0
7264,26753989,11949208,C1CCC(CC1)CN2C[C@@H]3C(C4(CC3(C4)[C@H]2C5=CC=CC=C5)C6=CC=C(C=C6)C#N)C7=CN=C(C=C7)Cl,Inactive,0,,,Inactive,,,,,,,,,,4,,-16.488,,,,,-13.4922,,,-29.3113,,,-2.3548,,,4.567,,,7.32,,,-7.7016,,,-16.488,QC'd by UPCMLD,candidate_step3_property,,C33H34ClN3,508.1,7.7,0,3,5,0
7280,26753976,11949183,COC(=O)C1=CC=C(C=C1)C23CC4(C2)[C@@H](C3C5=CC=C(C=C5)C(F)(F)F)CN([C@@H]4C6=CC=CC=C6)CC7CCCCC7,Inactive,0,,,Inactive,,,,,,,,,,4,,-9.8538,,,,,10.6932,,,-4.6805,,,-6.8643,,,14.4089,,,-4.9088,,,-6.2402,,,-9.8538,QC'd by UPCMLD,candidate_step3_property,,C36H38F3NO2,573.7,8.8,0,6,7,0
7281,26749500,16758009,COC1=CC(=CC(=C1OC)O)C2=COC3=CC(=C(C(=C3C2=O)O)OC)O[C@@H]4C(C(C(C(O4)CO)O)O)O,Inactive,0,,,Inactive,,,,,,,,,,4,,17.3062,,,,,13.7347,,,19.7703,,,4.7378,,,28.2589,,,15.6269,,,19.8151,,,17.3062,QC'd by Microsource,candidate_step3_property,,C24H26O13,522.5,0.8,6,13,7,0
7289,4253940,,,Inactive,0,,,Inactive,,,,,,,,,,4,,15.0571,,3.7131,,,15.2615,,,4.9641,,,1.0801,,,5.0861,,,-1.5653,,,15.0571,,,,QC'd by NCI,property_lookup_missing,,,,,,,,
7300,26753977,11949191,COC(=O)C1=CC=C(C=C1)C23CC4(C2)[C@@H](C3C5=CN=C(C=C5)Cl)CN([C@@H]4C6=CC=CC=C6)CC7=CN=CC=C7,Inactive,0,,,Inactive,,,,,,,,,,4,,-2.7815,,,,,-9.6182,,,-7.5582,,,4.8595,,,5.3128,,,-6.9659,,,-12.8754,,,-2.7815,QC'd by UPCMLD,candidate_step3_property,,C33H30ClN3O2,536.1,5.9,0,5,7,0
7320,26753974,11949167,CN1C[C@@H]2C(C3(CC2(C3)[C@H]1C4=CC=CC=C4)C5=CC=CC=C5)C6=CC=C(C=C6)C(F)(F)F,Inactive,0,,,Inactive,,,,,,,,,,4,,1.7626,,,,,-32.5671,,,5.1965,,,19.5077,,,12.9889,,,8.7925,,,-5.1341,,,1.7626,QC'd by UPCMLD,candidate_step3_property,,C28H26F3N,433.5,6.6,0,4,3,0
7339,26753975,11949175,C1[C@@H]2C(C3(CC2(C3)[C@H](N1CC4=CC=C(C=C4)C5=CC=CC=C5)C6=CC=CC=C6)C7=CC=CC=C7)C8=CN=C(C=C8)Cl,Inactive,0,,,Inactive,,,,,,,,,,4,,-14.5296,,,,,4.522,,,-6.418,,,1.5769,,,-3.1474,,,-10.7947,,,-13.3201,,,-14.5296,QC'd by UPCMLD,candidate_step3_property,,C38H33ClN2,553.1,8.7,0,2,6,0
7346,4253937,,,Inactive,0,,,Inactive,,,,,,,,,,4,,-3.0334,,9.348,,,9.2081,,,-1.2352,,,18.0685,,,8.7068,,,8.0031,,,-3.0334,,,,QC'd by NCI,property_lookup_missing,,,,,,,,
7359,26753980,11949215,C1[C@@H]2C(C3(CC2(C3)[C@H](N1CC4=CN=CC=C4)C5=CC=CC=C5)C6=CN=CC=C6)C7=CC=C(C=C7)C(F)(F)F,Inactive,0,,,Inactive,,,,,,,,,,4,,-6.1798,,,,,7.3301,,,4.3965,,,5.9312,,,2.5255,,,1.8406,,,4.5517,,,-6.1798,QC'd by UPCMLD,candidate_step3_property,,C32H28F3N3,511.6,5.9,0,6,5,0
7368,11113553,6604732,C(/C=C\C(=O)O)O,Inactive,0,,,Inactive,,,,,,,,,,4,,9.1814,,-3.0731,3.6529,,6.2864,0.1257,,8.3928,13.2726,,-4.9326,8.008,,3.8617,2.411,,13.1895,-15.3395,,5.2442,0.4045,,9.1814,QC'd by Tocris,candidate_step3_property,,C4H6O3,102.09,-0.6,2,3,2,0
7375,4253936,,,Inactive,0,,,Inactive,,,,,,,,,,4,,-5.2298,,2.3752,,,1.3634,,,-2.5416,,,-8.0089,,,1.212,,,6.8826,,,-5.2298,,,,QC'd by NCI,property_lookup_missing,,,,,,,,
7377,26753981,11949223,COC(=O)C1=CC(=CC=C1)C23CC4(C2)[C@@H](C3C5=CC=CC=C5)CN([C@@H]4C6=CC=CC=C6)CC7=CC=C(C=C7)C(F)(F)F,Inactive,0,,,Inactive,,,,,,,,,,4,,-1.6128,,,,,6.5542,,,15.1267,,,-0.7382,,,34.5998,,,20.8592,,,17.6632,,,-1.6128,QC'd by UPCMLD,candidate_step3_property,,C36H32F3NO2,567.6,7.9,0,6,7,0
7382,850206,652717,CCN1CCCC1CN(CC2=CC3=CC(=CC(=C3NC2=O)C)C)C(=O)NC4=CC=CC=C4OC,Inactive,0,,,Inactive,,,,,,,,,,4,,1.38,,,,,-9.9041,,,13.3609,,,14.613,,,11.8356,,,-5.2928,,,-0.6128,,,1.38,QC'd by DPISMR,residual_possible_step4_or_definition_mismatch,,C27H34N4O3,462.6,3.7,2,4,7,0
7388,4253939,,,Inactive,0,,,Inactive,,,,,,,,,,4,,19.7252,,-7.6137,,,1.9896,,,3.9483,,,16.7331,,,2.4222,,,-1.1767,,,19.7252,,,,QC'd by NCI,property_lookup_missing,,,,,,,,
7396,26753978,11949199,C1[C@@H]2C(C3(CC2(C3)[C@H](N1CC4=CC=C(C=C4)C(F)(F)F)C5=CC=CC=C5)C6=CC=C(C=C6)C#N)C7=CC=CC=C7,Inactive,0,,,Inactive,,,,,,,,,,4,,-3.8605,,,,,8.5932,,,-5.4609,,,16.276,,,-15.0437,,,22.9192,,,-18.401,,,-3.8605,QC'd by UPCMLD,candidate_step3_property,,C35H29F3N2,534.6,7.8,0,5,5,0
7407,4253938,,,Inactive,0,,,Inactive,,,,,,,,,,4,,-4.1055,,-15.4192,,,-14.3342,,,1.7848,,,-4.2675,,,-13.7933,,,-11.9074,,,-4.1055,,,,QC'd by NCI,property_lookup_missing,,,,,,,,
7428,26753968,11949198,C1CCC(CC1)CN2C[C@@H]3C(C4(CC3(C4)[C@H]2C5=CC=CC=C5)C6=CC=C(C=C6)C#N)C7=CC=CC=C7,Inactive,0,,,Inactive,,,,,,,,,,4,,-2.8982,,,,,7.4387,,,-4.1024,,,-9.3086,,,8.8273,,,14.747,,,6.3743,,,-2.8982,QC'd by UPCMLD,candidate_step3_property,,C34H36N2,472.7,7.8,0,2,5,0
7442,4253932,3246520,CCC1=CC2=C(C=C1)SC3=CC=CC=C3N2C[C@H](C)CN(C)C,Inactive,0,,,Inactive,,,,,,,,,,4,,11.2477,,-2.3523,,,5.0385,,,-2.0499,,,11.2271,,,-9.1105,,,-5.8003,,,11.2477,,,,QC'd by NCI,candidate_step3_property,,C20H26N2S,326.5,5.500,0,3,5,0
7444,26753969,11949206,C1[C@@H]2C(C3(CC2(C3)[C@H](N1CC4=CN=CC=C4)C5=CC=CC=C5)C6=CC=C(C=C6)C#N)C7=CC=C(C=C7)C(F)(F)F,Inactive,0,,,Inactive,,,,,,,,,,4,,5.5229,,,,,8.3419,,,-15.63,,,0.2994,,,17.9362,,,1.9065,,,6.2531,,,5.5229,QC'd by UPCMLD,candidate_step3_property,,C34H28F3N3,535.6,6.7,0,6,5,0
7461,4253935,,,Inactive,0,,,Inactive,,,,,,,,,,4,,2.7343,,0.3611,,,-14.9983,,,-2.1898,,,13.9733,,,4.4059,,,7.0729,,,2.7343,,,,QC'd by NCI,property_lookup_missing,,,,,,,,
7466,4265310,977306,C1=CC=C(C(=C1)CN2C=C(C3=CC=CC=C32)C(=O)C4=CC=CS4)C#N,Inactive,0,,,Inactive,,,,,,,,,,4,,9.5206,,,,,-1.6024,,,-6.5429,,,-19.2345,,,-1.6187,,,-4.33,,,4.1389,,,9.5206,QC'd by DPISMR,residual_possible_step4_or_definition_mismatch,,C21H14N2OS,342.4,4.7,0,3,4,0
7468,26753966,11949182,CN1C[C@@H]2C(C3(CC2(C3)[C@H]1C4=CC=CC=C4)C5=CC=C(C=C5)C(=O)OC)C6=CC=C(C=C6)C(F)(F)F,Inactive,0,,,Inactive,,,,,,,,,,4,,-16.8682,,,,,1.9266,,,-11.9042,,,3.2159,,,1.592,,,13.029,,,-18.8504,,,-16.8682,QC'd by UPCMLD,candidate_step3_property,,C30H28F3NO2,491.5,6.4,0,6,5,0
7487,26753967,11949190,COC(=O)C1=CC=C(C=C1)C23CC4(C2)[C@@H](C3C5=CN=C(C=C5)Cl)CN([C@@H]4C6=CC=CC=C6)CC7=CC=C(C=C7)C8=CC=CC=C8,Inactive,0,,,Inactive,,,,,,,,,,4,,-9.6961,,,,,7.2026,,,-3.0175,,,0.014,,,-0.4673,,,-1.1485,,,-2.7389,,,-9.6961,QC'd by UPCMLD,candidate_step3_property,,C40H35ClN2O2,611.2,8.6,0,4,8,0
7496,26753972,11949230,COC(=O)C1=CC(=CC=C1)C23CC4(C2)[C@@H](C3C5=CC=C(C=C5)C(F)(F)F)CN([C@@H]4C6=CC=CC=C6)CC7=CN=CC=C7,Inactive,0,,,Inactive,,,,,,,,,,4,,-11.4305,,,,,-0.3024,,,-15.5975,,,-10.4083,,,-1.6976,,,6.5987,,,10.4893,,,-11.4305,QC'd by UPCMLD,candidate_step3_property,,C35H31F3N2O2,568.6,6.9,0,7,7,0
7504,26749496,5319551,CC(C)C(C)/C=C/C(C)C1CCC2C1(CCC3C2=CC=C4C3(CCC(C4)O)C)C,Inactive,0,,,Inactive,,,,,,,,,,4,,30.5483,,,,,22.8433,,,4.9513,,,20.131,,,29.0572,,,19.725,,,19.0979,,,30.5483,QC'd by Microsource,candidate_step3_property,,C28H44O,396.6,7.4,1,1,4,0
7510,11113546,5234410,C1CN(CCC1C(=O)C2=CC=C(C=C2)F)CCCCC3=CC=CC=C3,Inactive,0,,,Inactive,,,,,,,,,,4,,-11.7628,,10.689,6.7019,,9.4694,-7.8355,,-17.2862,2.0555,,1.1578,8.077,,-5.8839,6.3506,,5.6687,9.4872,,-3.2827,0.9469,,-11.7628,QC'd by Tocris,residual_possible_step4_or_definition_mismatch,,C22H26FNO,339.4,4.900,0,3,7,0
7513,26749497,5993710,CC(C)C(C)/C=C/C(C)C1CCC2C1(CCC3C2=CC=C4C3(CCC(C4(C)C)OC(=O)C)C)C,Inactive,0,,,Inactive,,,,,,,,,,4,,5.5847,,,,,8.1071,,,-6.4441,,,1.6305,,,21.7649,,,11.7427,,,9.9862,,,5.5847,QC'd by Microsource,candidate_step3_property,,C32H50O2,466.7,8.9,0,2,6,0
7532,26753970,11949214,C1[C@@H]2C(C3(CC2(C3)[C@H](N1CC4=CC=C(C=C4)C5=CC=CC=C5)C6=CC=CC=C6)C7=CN=CC=C7)C8=CC=C(C=C8)C(F)(F)F,Inactive,0,,,Inactive,,,,,,,,,,4,,5.2866,,,,,0.7064,,,0.4506,,,1.4719,,,11.6252,,,-1.5571,,,13.3168,,,5.2866,QC'd by UPCMLD,candidate_step3_property,,C39H33F3N2,586.7,8.6,0,5,6,0
7542,11113544,128795,CCN(CC)CCN1C2=C(C=C(C=C2)N=C=S)N=C1CC3=CC=C(C=C3)OCC,Inactive,0,,,Inactive,,,,,,,,,,4,,-26.5304,,12.9283,-10.9838,,8.934,11.8851,,5.9569,2.6233,,5.7138,-1.0137,,16.425,12.0192,,22.4392,-2.4857,,-1.1768,0.4867,,-26.5304,QC'd by Tocris,candidate_step3_property,,C23H28N4OS,408.6,5.8,0,5,10,0
7548,26753971,11949222,COC(=O)C1=CC(=CC=C1)C23CC4(C2)[C@@H](C3C5=CC=CC=C5)CN([C@@H]4C6=CC=CC=C6)CC7CCCCC7,Inactive,0,,,Inactive,,,,,,,,,,4,,-9.9757,,,,,13.2064,,,-44.3309,,,-4.2904,,,16.7709,,,-3.7563,,,16.3703,,,-9.9757,QC'd by UPCMLD,candidate_step3_property,,C35H39NO2,505.7,7.9,0,3,7,0
7567,26753961,11949221,CN1C[C@@H]2C(C3(CC2(C3)[C@H]1C4=CC=CC=C4)C5=CC=CC(=C5)C(=O)OC)C6=CC=CC=C6,Inactive,0,,,Inactive,,,,,,,,,,4,,-19.9246,,,,,11.771,,,3.3484,,,-0.5524,,,7.8008,,,-15.2071,,,-9.993,,,-19.9246,QC'd by UPCMLD,candidate_step3_property,,C29H29NO2,423.5,5.6,0,3,5,0
7574,26749518,6857794,CC(=CCCC1(C=CC2=C(C3=C(C(=C2O1)CC=C(C)C)OC45C(CCC=C4C3=O)C(O[C@@]5(C/C=C(\C)/C(=O)O)C(=O)O)(C)C)O)C)C,Inactive,0,,,Inactive,,,,,,,,,,4,,16.349,,,,,8.7389,,,-5.3393,,,0.9067,,,19.7028,,,-22.3174,,,-4.1666,,,16.349,QC'd by Microsource,candidate_step3_property,,C38H46O9,646.8,7.6,3,9,9,0
7589,26753960,11949213,C1[C@@H]2C(C3(CC2(C3)[C@H](N1CC4=CC=C(C=C4)C(F)(F)F)C5=CC=CC=C5)C6=CN=CC=C6)C7=CC=C(C=C7)C(F)(F)F,Inactive,0,,,Inactive,,,,,,,,,,4,,-24.7324,,,,,0.3436,,,3.8201,,,11.8071,,,4.1617,,,3.7938,,,5.0734,,,-24.7324,QC'd by UPCMLD,candidate_step3_property,,C34H28F6N2,578.6,7.9,0,8,5,0
7600,850188,652699,COC1=CC=C(C=C1)CN(C2=CC=C(C=C2)F)C(=O)CSC3=NN=C(O3)C4=CC=CC=C4F,Inactive,0,,,Inactive,,,,,,,,,,4,,-0.7888,,,,,-18.0978,,,2.5124,,,-4.0524,,,-25.2371,,,-5.5677,,,-23.9952,,,-0.7888,QC'd by DPISMR,candidate_step3_property,,C24H19F2N3O3S,467.5,5.0,0,8,8,0
7604,26753959,11949205,C1[C@@H]2C(C3(CC2(C3)[C@H](N1CC4=CC=C(C=C4)C5=CC=CC=C5)C6=CC=CC=C6)C7=CC=C(C=C7)C#N)C8=CC=C(C=C8)C(F)(F)F,Inactive,0,,,Inactive,,,,,,,,,,4,,14.3394,,,,,0.6052,,,-4.0283,,,19.9094,,,10.6036,,,-1.1049,,,8.459,,,14.3394,QC'd by UPCMLD,candidate_step3_property,,C41H33F3N2,610.7,9.4,0,5,6,0
7624,26753958,11949197,CN1C[C@@H]2C(C3(CC2(C3)[C@H]1C4=CC=CC=C4)C5=CC=C(C=C5)C#N)C6=CC=CC=C6,Inactive,0,,,Inactive,,,,,,,,,,4,,6.3248,,,,,8.6114,,,9.3732,,,15.8284,,,8.9248,,,-5.7846,,,-3.3325,,,6.3248,QC'd by UPCMLD,candidate_step3_property,,C28H26N2,390.5,5.4,0,2,3,0
7642,4253952,3246533,C(C1=NNN=N1)[C@@H](C(=O)O)N,Inactive,0,,,Inactive,,,,,,,,,,4,,-30.7925,,-17.073,,,-19.5251,,,-22.4598,,,-14.765,,,-31.6369,,,-16.7322,,,-30.7925,,,,QC'd by NCI,candidate_step3_property,,C4H7N5O2,157.13,-3.8,3,6,3,0
7644,11113570,156615,C[C@H](CC1=CN=CN1)N,Inactive,0,,,Inactive,,,,,,,,,,4,,4.5993,,-13.1922,-3.7889,,-7.997,-5.5756,,-26.6494,-5.7633,,-7.4381,-3.1052,,-17.1095,-28.8418,,-3.3893,-1.3056,,-2.3635,-1.9361,,4.5993,QC'd by Tocris,candidate_step3_property,,C6H11N3,125.17,-0.300,2,2,2,0
7650,26753965,11949174,C1[C@@H]2C(C3(CC2(C3)[C@H](N1CC4=CC=C(C=C4)C(F)(F)F)C5=CC=CC=C5)C6=CC=CC=C6)C7=CN=C(C=C7)Cl,Inactive,0,,,Inactive,,,,,,,,,,4,,3.232,,,,,-12.8846,,,-23.4965,,,-8.9857,,,0.895,,,7.4238,,,-7.6351,,,3.232,QC'd by UPCMLD,candidate_step3_property,,C33H28ClF3N2,545.0,8.000,0,5,5,0
7666,11113571,3036027,CN(CCC1=CC(=C(C=C1)Cl)Cl)[C@H]2CCCC[C@H]2N3CCCC3,Inactive,0,,,Inactive,,,,,,,,,,4,,15.214,,-2.5637,-0.6895,,1.3906,-12.4708,,-6.4519,-8.4486,,-8.8384,-5.9967,,4.7509,-0.4617,,-1.8407,-8.2143,,1.3321,5.0781,,15.214,QC'd by Tocris,candidate_step3_property,,C19H28Cl2N2,355.3,5.3,0,2,5,0
7668,26753964,11949166,C1[C@@H]2C(C3(CC2(C3)[C@H](N1CC4=CN=CC=C4)C5=CC=CC=C5)C6=CC=CC=C6)C7=CC=CC=C7,Inactive,0,,,Inactive,,,,,,,,,,4,,-8.3846,,,,,3.7652,,,1.4635,,,5.2375,,,-3.254,,,1.8251,,,8.1728,,,-8.3846,QC'd by UPCMLD,candidate_step3_property,,C32H30N2,442.6,6.1,0,2,5,0
7693,4253955,3246534,C1=CN=CC=C1C(=O)O.C1=CN=CC=C1C(=O)O.[NH2-].[NH2-].[Pt],Inactive,0,,,Inactive,,,,,,,,,,4,,-14.1789,,-12.2025,,,-9.3742,,,-1.9593,,,-8.4043,,,-11.3488,,,-15.6421,,,-14.1789,,,,QC'd by NCI,candidate_step1_inorganic,Pt,C12H14N4O4Pt-2,473.35,,4,8,2,-2
7699,11113569,114745,C1CCC(CC1)(C2=CC(=CC=C2)N=C=S)N3CCCCC3,Inactive,0,,,Inactive,,,,,,,,,,4,,12.2651,,7.2938,6.5583,,15.4987,-4.5546,,1.4679,5.5707,,11.7006,9.2875,,1.4884,13.5349,,6.5384,1.1493,,3.0118,8.363,,12.2651,QC'd by Tocris,candidate_step3_property,,C18H24N2S,300.5,5.000,0,3,3,0
7702,26749519,5149276,CC(C)CCCC1(C=CC2=C(C3=C(C(=C2O1)CCC(C)C)OC45C(C3=O)CC6CC4C(OC5(C6O)CCC(C)C(=O)O)(C)C)O)C,Inactive,0,,,Activator,0.1259,15.5,,Complete curve; partial efficacy; poor fit,-6.9,4.095,0.771,29.5,14,1.4,0 0 0 0 1 0 0,28.2605,,,,,20.2778,,,8.3563,,,18.0151,,,33.1851,,,-10.915,,,27.5737,,,28.2605,QC'd by Microsource,candidate_step3_property,,C38H54O8,638.8,7.800,3,8,11,0
7704,26753962,11949229,COC(=O)C1=CC(=CC=C1)C23CC4(C2)[C@@H](C3C5=CC=C(C=C5)C(F)(F)F)CN([C@@H]4C6=CC=CC=C6)CC7=CC=C(C=C7)C8=CC=CC=C8,Inactive,0,,,Inactive,,,,,,,,,,4,,-1.5115,,,,,1.6795,,,-1.1132,,,9.1025,,,-8.3597,,,-3.7846,,,-3.9567,,,-1.5115,QC'd by UPCMLD,candidate_step3_property,,C42H36F3NO2,643.7,9.6,0,6,8,0
7713,11113568,6604733,CCCCCCCCCCCCCC(=O)O[C@H](CC(=O)O)C[N+](C)(C)C,Inactive,0,,,Inactive,,,,,,,,,,4,,-2.9852,,-1.0989,-3.6896,,-12.1603,-16.5669,,-3.9773,-3.9209,,-16.0988,2.6811,,-1.5181,-7.6061,,-3.39,14.468,,-3.8005,-6.661,,-2.9852,QC'd by Tocris,candidate_step3_property,,C21H42NO4+,372.6,6.0,1,4,18,1
7718,26753952,11949228,COC(=O)C1=CC(=CC=C1)C23CC4(C2)[C@@H](C3C5=CC=C(C=C5)C(F)(F)F)CN([C@@H]4C6=CC=CC=C6)CC7=CC=C(C=C7)C(F)(F)F,Inactive,0,,,Inactive,,,,,,,,,,4,,3.0797,,,,,6.7289,,,-0.3854,,,-20.0012,,,11.3,,,6.6984,,,12.6434,,,3.0797,QC'd by UPCMLD,candidate_step3_property,,C37H31F6NO2,635.6,8.8,0,9,7,0
7722,4257863,1006276,CC1=C(OC(=C1)C(C)(C)C)C(=O)N2CCN(CC2)C(=O)C3=C(C=C(O3)C(C)(C)C)C,Inactive,0,,,Inactive,,,,,,,,,,4,,-10.7328,,,,,-10.4113,,,-16.7482,,,-10.1078,,,-6.7014,,,-15.177,,,-16.5468,,,-10.7328,QC'd by DPISMR,candidate_step3_property,,C24H34N2O4,414.5,5.3,0,4,4,0
7729,26753953,11949236,C1[C@@H]2C(C3(CC2(C3)[C@H](N1P(=O)(C4=CC=CC=C4)C5=CC=CC=C5)C6=CC=CC=C6)C7=CC=C(C=C7)C#N)C8=CN=C(C=C8)Cl,Inactive,0,,,Inactive,,,,,,,,,,4,,-3.8253,,,,,3.0656,,,9.274,,,-0.8546,,,7.5003,,,-0.4477,,,1.1865,,,-3.8253,QC'd by UPCMLD,candidate_step3_property,,C38H31ClN3OP,612.1,7.8,0,4,6,0
7738,11113558,107984,CC(=NCCC[C@@H](C(=O)O)N)N,Inactive,0,,,Inactive,,,,,,,,,,4,,0.1549,,-8.8915,-8.2946,,10.0906,-4.279,,5.7394,-5.0709,,-13.0275,-5.8733,,10.8145,6.4657,,1.6924,7.118,,3.6537,-2.3329,,0.1549,QC'd by Tocris,candidate_step3_property,,C7H15N3O2,173.21,-3.600,3,4,5,0
7752,26753950,11949212,C1CCC(CC1)CN2C[C@@H]3C(C4(CC3(C4)[C@H]2C5=CC=CC=C5)C6=CN=CC=C6)C7=CC=C(C=C7)C(F)(F)F,Inactive,0,,,Inactive,,,,,,,,,,4,,11.0641,,,,,16.3528,,,2.4919,,,22.728,,,14.6392,,,20.302,,,9.5709,,,11.0641,QC'd by UPCMLD,candidate_step3_property,,C33H35F3N2,516.6,7.9,0,5,5,0
7767,4253950,3246532,CN1C=NC(=C1SC2=NC(=NC3=C2N=CN3[C@H]4C[C@@H]([C@H](O4)CO)O)N)[N+](=O)[O-],Inactive,0,,,Inactive,,,,,,,,,,4,,15.6371,,8.5096,,,-1.0832,,,4.8634,,,3.4356,,,10.3313,,,14.9553,,,15.6371,,,,QC'd by NCI,candidate_step3_property,,C14H16N8O5S,408.40,0.800,3,11,4,0
7773,26753949,11949204,C1[C@@H]2C(C3(CC2(C3)[C@H](N1CC4=CC=C(C=C4)C(F)(F)F)C5=CC=CC=C5)C6=CC=C(C=C6)C#N)C7=CC=C(C=C7)C(F)(F)F,Inactive,0,,,Inactive,,,,,,,,,,4,,-17.4461,,,,,7.0457,,,-30.1358,,,15.1721,,,3.2254,,,3.7267,,,5.5619,,,-17.4461,QC'd by UPCMLD,candidate_step3_property,,C36H28F6N2,602.6,8.7,0,8,5,0
7798,26753957,11949189,COC(=O)C1=CC=C(C=C1)C23CC4(C2)[C@@H](C3C5=CN=C(C=C5)Cl)CN([C@@H]4C6=CC=CC=C6)CC7=CC=C(C=C7)C(F)(F)F,Inactive,0,,,Inactive,,,,,,,,,,4,,4.3322,,,,,-11.2276,,,-0.4209,,,2.6863,,,0.3365,,,8.0144,,,2.2479,,,4.3322,QC'd by UPCMLD,candidate_step3_property,,C35H30ClF3N2O2,603.1,7.8,0,7,7,0
7799,4246050,3240443,CC1=CC=C(C=C1)N2C(=NN=C2SCC(=O)N3CCC4=CC=CC=C43)CC5=CC=CN5C,Inactive,0,,,Inactive,,,,,,,,,,4,,5.248,,,,,-4.1291,,,-3.9295,,,-5.5111,,,-9.3651,,,8.8994,,,-6.2978,,,5.248,QC'd by DPISMR,residual_possible_step4_or_definition_mismatch,,C25H25N5OS,443.6,4.1,0,4,6,0
7814,26753956,11949181,COC(=O)C1=CC=C(C=C1)C23CC4(C2)[C@@H](C3C5=CC=CC=C5)CN([C@@H]4C6=CC=CC=C6)CC7=CN=CC=C7,Inactive,0,,,Inactive,,,,,,,,,,4,,-3.2363,,,,,9.2689,,,4.512,,,15.7543,,,8.2924,,,17.5057,,,14.0568,,,-3.2363,QC'd by UPCMLD,candidate_step3_property,,C34H32N2O2,500.6,6.0,0,4,7,0
7829,11113559,168382,CCCCCCCCCCCC(=O)O[C@H](CC(=O)O)C[N+](C)(C)C,Inactive,0,,,Inactive,,,,,,,,,,4,,22.4678,,4.4239,10.2782,,24.8215,8.2971,,14.713,9.8142,,18.365,18.2974,,17.7139,7.6709,,-3.4424,25.4527,,15.3356,0.8687,,22.4678,QC'd by Tocris,candidate_step3_property,,C19H38NO4+,344.5,4.9,1,4,16,1
7832,4253946,3246529,CN(C)CCC[C@@H]1C2=CC=CC=C2OC3=C1C=C(C=C3)C(F)(F)F,Inactive,0,,,Inactive,,,,,,,,,,4,,-4.0529,,-5.4671,,,8.6862,,,6.8291,,,2.7125,,,-5.7581,,,8.8672,,,-4.0529,,,,QC'd by NCI,residual_possible_step4_or_definition_mismatch,,C19H20F3NO,335.4,4.9,0,5,4,0
7836,26753955,11949173,C1CCC(CC1)CN2C[C@@H]3C(C4(CC3(C4)[C@H]2C5=CC=CC=C5)C6=CC=CC=C6)C7=CN=C(C=C7)Cl,Inactive,0,,,Inactive,,,,,,,,,,4,,-4.0912,,,,,-6.294,,,6.9719,,,0.7248,,,-9.5472,,,-5.4621,,,2.3888,,,-4.0912,QC'd by UPCMLD,candidate_step3_property,,C32H35ClN2,483.1,8.0,0,2,5,0
7854,4253947,425241,C1=C(C=C(C(=C1Cl)O)Cl)C(C2=CC(=C(C(=C2)Cl)O)Cl)C(C3=CC(=C(C(=C3)Cl)O)Cl)C4=CC(=C(C(=C4)Cl)O)Cl,Inactive,0,,,Inactive,,,,,,,,,,4,,16.6227,,26.7819,,,6.4879,,,16.8427,,,19.7884,,,20.0885,,,22.3173,,,16.6227,,,,QC'd by NCI,candidate_step3_property,,C26H14Cl8O4,674.0,10.6,4,4,5,0
7856,26753954,11949165,C1[C@@H]2C(C3(CC2(C3)[C@H](N1CC4=CC=C(C=C4)C5=CC=CC=C5)C6=CC=CC=C6)C7=CC=CC=C7)C8=CC=CC=C8,Inactive,0,,,Inactive,,,,,,,,,,4,,4.8636,,,,,-5.9064,,,9.4389,,,0.0431,,,10.4847,,,-2.0001,,,4.4247,,,4.8636,QC'd by UPCMLD,candidate_step3_property,,C39H35N,517.7,8.8,0,1,6,0
7865,26753945,11949172,CN1C[C@@H]2C(C3(CC2(C3)[C@H]1C4=CC=CC=C4)C5=CC=CC=C5)C6=CN=C(C=C6)Cl,Inactive,0,,,Inactive,,,,,,,,,,4,,-7.4009,,,,,-3.3437,,,-5.4705,,,-0.3338,,,1.5901,,,-2.1587,,,-7.8388,,,-7.4009,QC'd by UPCMLD,candidate_step3_property,,C26H25ClN2,400.9,5.6,0,2,3,0
7885,26753946,11949180,COC(=O)C1=CC=C(C=C1)C23CC4(C2)[C@@H](C3C5=CC=CC=C5)CN([C@@H]4C6=CC=CC=C6)CC7=CC=C(C=C7)C8=CC=CC=C8,Inactive,0,,,Inactive,,,,,,,,,,4,,-2.9172,,,,,3.282,,,-27.4268,,,-5.7018,,,-6.7016,,,-9.5034,,,-6.6287,,,-2.9172,QC'd by UPCMLD,candidate_step3_property,,C41H37NO2,575.7,8.7,0,3,8,0
7892,26749404,16757959,CC(C)C1=C(C=CC2=C1CCC3[C@]2(CCCC3(C)C)C)OC(=O)C,Inactive,0,,,Inactive,,,,,,,,,,4,,9.6939,,,,,8.2744,,,14.8699,,,13.0297,,,19.5143,,,14.5036,,,7.1218,,,9.6939,QC'd by Microsource,candidate_step3_property,,C22H32O2,328.5,6.8,0,2,3,0
7900,4253971,3246543,C1=CN=CC=C1CO.C1=CN=CC=C1CO.Cl[Pt](Cl)(Cl)Cl,Inactive,0,,,Inactive,,,,,,,,,,4,,-10.1041,,6.7098,,,-16.5337,,,-4.5867,,,-1.6949,,,-17.3978,,,1.3116,,,-10.1041,,,,QC'd by NCI,candidate_step1_inorganic,Pt,C12H14Cl4N2O2Pt,555.1,,2,4,2,0
7905,26753947,11949188,COC(=O)C1=CC=C(C=C1)C23CC4(C2)[C@@H](C3C5=CN=C(C=C5)Cl)CN([C@@H]4C6=CC=CC=C6)CC7CCCCC7,Inactive,0,,,Inactive,,,,,,,,,,4,,7.1334,,,,,2.0121,,,-20.3171,,,-8.28,,,2.9418,,,1.4356,,,4.6085,,,7.1334,QC'd by UPCMLD,candidate_step3_property,,C34H37ClN2O2,541.1,7.8,0,4,7,0
7912,26749405,16757960,CC(C)C1=C(C=CC2=C1CCC3[C@]2(CCC[C@]3(C)C=O)C)O,Inactive,0,,,Inactive,,,,,,,,,,4,,3.204,,,,,-6.7065,,,1.6089,,,-5.0855,,,5.4637,,,6.7211,,,20.4362,,,3.204,QC'd by Microsource,candidate_step3_property,,C20H28O2,300.4,5.2,1,2,2,0
7916,4253970,3246542,C1=CN=CC=C1C(=O)O.C1=CN=CC=C1C(=O)O.Cl[Pt](Cl)(Cl)Cl,Inactive,0,,,Inactive,,,,,,,,,,4,,-5.6472,,3.8166,,,-9.1609,,,-2.9474,,,2.8653,,,-11.9433,,,2.1331,,,-5.6472,,,,QC'd by NCI,candidate_step1_inorganic,Pt,C12H10Cl4N2O4Pt,583.1,,2,6,2,0
7934,4253969,3246541,CN1CCC2=CC(=C3C4=C2[C@H]1CC5=CC=C(C=C5)OC6=C(C=CC(=C6)C[C@H]7C8=CC(=C(O3)C=C8CCN7)O4)OC)OC,Inactive,0,,,Inactive,,,,,,,,,,4,,-17.9338,,-19.3596,,,4.4839,,,-8.9328,,,3.5195,,,-3.2703,,,5.2459,,,-17.9338,,,,QC'd by NCI,candidate_step3_property,,C35H34N2O5,562.7,5.9,1,7,2,0
7946,26753941,11949219,C1[C@@H]2C(C3(CC2(C3)[C@H](N1CC4=CC=C(C=C4)C5=CC=CC=C5)C6=CC=CC=C6)C7=CN=CC=C7)C8=CN=C(C=C8)Cl,Inactive,0,,,Inactive,,,,,,,,,,4,,14.3456,,,,,-2.5217,,,-13.3599,,,3.0225,,,21.8355,,,1.5677,,,19.3559,,,14.3456,QC'd by UPCMLD,candidate_step3_property,,C37H32ClN3,554.1,7.6,0,3,6,0
7961,26753942,11949227,COC(=O)C1=CC(=CC=C1)C23CC4(C2)[C@@H](C3C5=CC=C(C=C5)C(F)(F)F)CN([C@@H]4C6=CC=CC=C6)CC7CCCCC7,Inactive,0,,,Inactive,,,,,,,,,,4,,3.2998,,,,,-6.0684,,,20.437,,,19.4911,,,-10.2782,,,10.3915,,,2.5866,,,3.2998,QC'd by UPCMLD,candidate_step3_property,,C36H38F3NO2,573.7,8.8,0,6,7,0
7981,26753943,11949235,COC(=O)C1=CC(=CC=C1)C23CC4(C2)[C@@H](C3C5=CN=C(C=C5)Cl)CN([C@@H]4C6=CC=CC=C6)CC7=CN=CC=C7,Inactive,0,,,Inactive,,,,,,,,,,4,,0.0535,,,,,6.8915,,,25.699,,,12.5847,,,3.4944,,,10.8304,,,-14.985,,,0.0535,QC'd by UPCMLD,candidate_step3_property,,C33H30ClN3O2,536.1,5.9,0,5,7,0
7995,4253974,3246544,CN1CCCC[C@@H]1CCN2C3=CC=CC=C3SC4=C2C=C(C=C4)OC,Inactive,0,,,Inactive,,,,,,,,,,4,,3.8902,,5.9144,,,-14.6924,,,6.5479,,,-4.0323,,,12.4951,,,-14.4363,,,3.8902,,,,QC'd by NCI,candidate_step3_property,,C21H26N2OS,354.5,5.400,0,4,4,0
7997,26753944,11949164,C1[C@@H]2C(C3(CC2(C3)[C@H](N1CC4=CC=C(C=C4)C(F)(F)F)C5=CC=CC=C5)C6=CC=CC=C6)C7=CC=CC=C7,Inactive,0,,,Inactive,,,,,,,,,,4,,-19.1064,,,,,16.2994,,,26.8888,,,17.4443,,,35.4321,,,15.5674,,,-8.989,,,-19.1064,QC'd by UPCMLD,candidate_step3_property,,C34H30F3N,509.6,8.1,0,4,5,0
8046,26753938,11949195,C1[C@@H]2C(C3(CC2(C3)[C@H](N1CC4=CC=C(C=C4)C5=CC=CC=C5)C6=CC=CC=C6)C7=CN=CC=C7)C8=CC=CC=C8,Inactive,0,,,Inactive,,,,,,,,,,4,,-6.1664,,,,,19.7078,,,-14.2907,,,21.7198,,,-13.547,,,10.1195,,,7.0762,,,-6.1664,QC'd by UPCMLD,candidate_step3_property,,C38H34N2,518.7,7.8,0,2,6,0
8067,4253962,135485450,C[C@@H]1[C@@H](/C=C\O[C@@]2(C(=O)C3=C(O2)C(=C(C4=C3C(=N[C@H]5CC[C@@H](O[C@@H]5C)O)C=C(C4=O)NC(=O)/C(=C\C(=O)[C@@H]6C[C@@H]6[C@H]([C@@H]([C@H]([C@@H]([C@@H]1OC(=O)C)C)O)C)O)/C)O)C)C)OC,Inactive,0,,,Inactive,,,,,,,,,,4,,12.0378,,-6.1413,,,7.5838,,,10.5313,,,4.3549,,,2.7155,,,11.4318,,,12.0378,,,,QC'd by NCI,candidate_step3_property,,C43H54N2O14,822.9,3.5,5,15,4,0
8068,26753939,11949203,C1CCC(CC1)CN2C[C@@H]3C(C4(CC3(C4)[C@H]2C5=CC=CC=C5)C6=CC=C(C=C6)C#N)C7=CC=C(C=C7)C(F)(F)F,Inactive,0,,,Inactive,,,,,,,,,,4,,-10.0382,,,,,-8.4069,,,-29.9069,,,-11.4081,,,2.4729,,,-9.138,,,4.1617,,,-10.0382,QC'd by UPCMLD,candidate_step3_property,,C35H35F3N2,540.7,8.7,0,5,5,0
8077,3716642,135415528,CCC1=CC=C(C=C1)OCC2=NN=C(N2CC=C)SC/C(=C(\C#N)/C3=NC4=CC=CC=C4N3)/O,Inactive,0,,,Inactive,,,,,,,,,,4,,-1.9117,,,,,0.201,,,3.6034,,,12.931,,,12.3131,,,4.2005,,,-6.6238,,,-1.9117,QC'd by DPISMR,residual_possible_step4_or_definition_mismatch,,C25H24N6O2S,472.6,4.0,2,7,10,0
8089,26753940,11949211,CN1C[C@@H]2C(C3(CC2(C3)[C@H]1C4=CC=CC=C4)C5=CN=CC=C5)C6=CC=C(C=C6)C(F)(F)F,Inactive,0,,,Inactive,,,,,,,,,,4,,-2.8663,,,,,3.0174,,,14.2828,,,10.8802,,,5.5271,,,7.3017,,,11.4905,,,-2.8663,QC'd by UPCMLD,candidate_step3_property,,C27H25F3N2,434.5,5.5,0,5,3,0
8092,11113573,6603865,C[C@@H](CC1=CN=CN1)N,Inactive,0,,,Inactive,,,,,,,,,,4,,-6.9603,,-3.9715,-1.729,,2.3954,7.8731,,0.6327,-3.4912,,-8.4545,-10.1874,,-0.2891,-0.9244,,10.7685,-6.6263,,-9.517,-6.0608,,-6.9603,QC'd by Tocris,candidate_step3_property,,C6H11N3,125.17,-0.300,2,2,2,0
8096,26753933,11949234,COC(=O)C1=CC(=CC=C1)C23CC4(C2)[C@@H](C3C5=CN=C(C=C5)Cl)CN([C@@H]4C6=CC=CC=C6)CC7=CC=C(C=C7)C8=CC=CC=C8,Inactive,0,,,Inactive,,,,,,,,,,4,,-3.1442,,,,,4.5276,,,7.7148,,,14.8819,,,15.9326,,,-7.6735,,,-2.7795,,,-3.1442,QC'd by UPCMLD,candidate_step3_property,,C40H35ClN2O2,611.2,8.6,0,4,8,0
8115,26753934,11949163,C1CCC(CC1)CN2C[C@@H]3C(C4(CC3(C4)[C@H]2C5=CC=CC=C5)C6=CC=CC=C6)C7=CC=CC=C7,Inactive,0,,,Inactive,,,,,,,,,,4,,17.7223,,,,,7.6859,,,20.7033,,,11.3304,,,21.8827,,,23.348,,,4.294,,,17.7223,QC'd by UPCMLD,candidate_step3_property,,C33H37N,447.7,8.1,0,1,5,0
8118,4253967,301653,C[Si](C)(C1=CC=C(C=C1)C(=O)O)C2=CC=C(C=C2)C(=O)O,Inactive,0,,,Inactive,,,,,,,,,,4,,17.4374,,19.7754,,,5.1719,,,6.5314,,,7.884,,,26.4931,,,14.0622,,,17.4374,,,,QC'd by NCI,candidate_step1_inorganic,Si,C16H16O4Si,300.38,,2,4,4,0
8130,26753935,11949171,C1[C@@H]2C(C3(CC2(C3)[C@H](N1CC4=CN=CC=C4)C5=CC=CC=C5)C6=CC=CC=C6)C7=CC=C(C=C7)C(F)(F)F,Inactive,0,,,Inactive,,,,,,,,,,4,,3.8083,,,,,0.0648,,,13.3301,,,-13.5922,,,-7.8746,,,7.7483,,,-4.3427,,,3.8083,QC'd by UPCMLD,candidate_step3_property,,C33H29F3N2,510.6,7.0,0,5,5,0
8148,11113574,912,CNCCC1=CN=CN1,Inactive,0,,,Inactive,,,,,,,,,,4,,1.8583,,8.2482,-10.5539,,6.6924,-10.2336,,-11.705,-4.4723,,6.6272,8.2497,,7.2701,9.1624,,1.068,-12.1302,,3.221,-10.1025,,1.8583,QC'd by Tocris,candidate_step3_property,,C6H11N3,125.17,-0.200,2,2,3,0
8149,26753936,11949179,COC(=O)C1=CC=C(C=C1)C23CC4(C2)[C@@H](C3C5=CC=CC=C5)CN([C@@H]4C6=CC=CC=C6)CC7=CC=C(C=C7)C(F)(F)F,Inactive,0,,,Inactive,,,,,,,,,,4,,4.5471,,,,,6.9136,,,-1.616,,,20.3427,,,16.6171,,,13.8338,,,9.7276,,,4.5471,QC'd by UPCMLD,candidate_step3_property,,C36H32F3NO2,567.6,7.9,0,6,7,0
8175,26753930,11949210,C1[C@@H]2C(C3(CC2(C3)[C@H](N1CC4=CC=C(C=C4)C5=CC=CC=C5)C6=CC=CC=C6)C7=CC=C(C=C7)C#N)C8=CN=C(C=C8)Cl,Inactive,0,,,Inactive,,,,,,,,,,4,,-2.3892,,,,,3.5797,,,-7.0145,,,1.5795,,,6.5906,,,13.9819,,,0.5538,,,-2.3892,QC'd by UPCMLD,candidate_step3_property,,C39H32ClN3,578.1,8.4,0,3,6,0
8181,26749421,16757975,C[C@@]12CC[C@]3(C(=CCC4[C@@]3(CCC5[C@@]4(CCC(C5(C)C)O)C)C)C1CC(CC2)(C)C)C,Inactive,0,,,Inactive,,,,,,,,,,4,,-9.6492,,,,,13.8002,,,12.9162,,,-0.1001,,,21.2814,,,11.9567,,,7.3183,,,-9.6492,QC'd by Microsource,candidate_step3_property,,C30H50O,426.7,9.2,1,1,0,0
8189,26753929,11949202,CN1C[C@@H]2C(C3(CC2(C3)[C@H]1C4=CC=CC=C4)C5=CC=C(C=C5)C#N)C6=CC=C(C=C6)C(F)(F)F,Inactive,0,,,Inactive,,,,,,,,,,4,,-16.9086,,,,,-4.4469,,,-5.8878,,,4.6196,,,4.5437,,,-9.1607,,,-19.8686,,,-16.9086,QC'd by UPCMLD,candidate_step3_property,,C29H25F3N2,458.5,6.3,0,5,3,0
8193,11113602,3035672,C1CN(CCC1C2=CC=CC=C2)CCCCC3=CC=CC=C3,Inactive,0,,,Inactive,,,,,,,,,,4,,-22.2912,,15.4002,7.8056,,-0.6268,10.646,,-9.193,13.0088,,20.1372,9.7542,,13.1282,12.4851,,9.9393,14.7227,,16.0013,-4.4037,,-22.2912,QC'd by Tocris,candidate_step3_property,,C21H27N,293.4,5.2,0,1,6,0
8206,26753932,11949226,CN1C[C@@H]2C(C3(CC2(C3)[C@H]1C4=CC=CC=C4)C5=CC=CC(=C5)C(=O)OC)C6=CC=C(C=C6)C(F)(F)F,Inactive,0,,,Inactive,,,,,,,,,,4,,6.0848,,,,,4.8887,,,-1.4306,,,4.218,,,6.5024,,,24.1075,,,-30.5846,,,6.0848,QC'd by UPCMLD,candidate_step3_property,,C30H28F3NO2,491.5,6.4,0,6,5,0
8220,4253987,302937,CC1=C(C=CC(=C1)Cl)OCC(=O)OC2=C(C(=C(C(=C2Cl)Cl)Cl)Cl)Cl,Inactive,0,,,Inactive,,,,,,,,,,4,,3.1515,,-3.9572,,,-5.8351,,,-14.0857,,,9.4207,,,2.2532,,,-7.381,,,3.1515,,,,QC'd by NCI,candidate_step3_property,,C15H8Cl6O3,448.9,7.5,0,3,5,0
8224,26753931,11949218,C1[C@@H]2C(C3(CC2(C3)[C@H](N1CC4=CC=C(C=C4)C(F)(F)F)C5=CC=CC=C5)C6=CN=CC=C6)C7=CN=C(C=C7)Cl,Inactive,0,,,Inactive,,,,,,,,,,4,,0.1976,,,,,0.977,,,-18.0759,,,7.7097,,,7.9283,,,-5.2092,,,3.8459,,,0.1976,QC'd by UPCMLD,candidate_step3_property,,C32H27ClF3N3,546.0,6.9,0,6,5,0
8238,11113596,167760,CCCCCCCCCCCCCCCC(=O)O[C@H](CC(=O)O)C[N+](C)(C)C,Inactive,0,,,Inactive,,,,,,,,,,4,,-16.2126,,10.3155,4.5602,,11.3281,-12.2679,,9.4719,-4.2835,,5.4959,7.741,,-12.6339,10.827,,10.12,19.7527,,-4.4255,-2.2884,,-16.2126,QC'd by Tocris,candidate_step3_property,,C23H46NO4+,400.6,7.1,1,4,20,1
8246,863812,665065,CSC1=NC2=C(C(=N1)N3CCN(CC3)CCO)SC4=C2C5=C(CCC5)C(=N4)C6=CC=CO6,Inactive,0,,,Inactive,,,,,,,,,,4,,-14.3264,,,,,-8.2537,,,-4.2082,,,-3.9963,,,2.5531,,,-24.0307,,,-24.2125,,,-14.3264,QC'd by DPISMR,residual_possible_step4_or_definition_mismatch,,C23H25N5O2S2,467.6,3.9,1,9,5,0
8248,26753926,11949178,COC(=O)C1=CC=C(C=C1)C23CC4(C2)[C@@H](C3C5=CC=CC=C5)CN([C@@H]4C6=CC=CC=C6)CC7CCCCC7,Inactive,0,,,Inactive,,,,,,,,,,4,,-1.5718,,,,,6.4721,,,-8.4906,,,-1.036,,,-9.5948,,,6.8728,,,4.2337,,,-1.5718,QC'd by UPCMLD,candidate_step3_property,,C35H39NO2,505.7,7.9,0,3,7,0
8261,845101,647438,CCN1CCCC1CN(CC2=CC3=C(C(=C(C=C3)C)C)NC2=O)C(=O)NC4=CC=CC=C4OC,Inactive,0,,,Inactive,,,,,,,,,,4,,-14.2407,,,,,-10.6495,,,-6.954,,,-23.925,,,-10.2706,,,-11.1214,,,-4.4272,,,-14.2407,QC'd by DPISMR,residual_possible_step4_or_definition_mismatch,,C27H34N4O3,462.6,3.7,2,4,7,0
8262,26753925,11949170,C1[C@@H]2C(C3(CC2(C3)[C@H](N1CC4=CC=C(C=C4)C5=CC=CC=C5)C6=CC=CC=C6)C7=CC=CC=C7)C8=CC=C(C=C8)C(F)(F)F,Inactive,0,,,Inactive,,,,,,,,,,4,,-1.5208,,,,,10.362,,,-8.9498,,,9.4773,,,7.5771,,,2.4545,,,6.5754,,,-1.5208,QC'd by UPCMLD,candidate_step3_property,,C40H34F3N,585.7,9.7,0,4,6,0
8284,26753928,11949194,C1[C@@H]2C(C3(CC2(C3)[C@H](N1CC4=CC=C(C=C4)C(F)(F)F)C5=CC=CC=C5)C6=CN=CC=C6)C7=CC=CC=C7,Inactive,0,,,Inactive,,,,,,,,,,4,,-14.8151,,,,,10.8156,,,-1.9501,,,19.7794,,,17.0154,,,12.7724,,,15.9942,,,-14.8151,QC'd by UPCMLD,candidate_step3_property,,C33H29F3N2,510.6,7.000,0,5,5,0
8300,26753927,11949186,COC(=O)C1=CC=C(C=C1)C23CC4(C2)[C@@H](C3C5=CC=C(C=C5)C(F)(F)F)CN([C@@H]4C6=CC=CC=C6)CC7=CN=CC=C7,Inactive,0,,,Inactive,,,,,,,,,,4,,-0.5783,,,,,0.1035,,,11.833,,,6.1001,,,14.5178,,,12.4297,,,12.7786,,,-0.5783,QC'd by UPCMLD,candidate_step3_property,,C35H31F3N2O2,568.6,6.9,0,7,7,0
8350,26753924,11949162,CN1C[C@@H]2C(C3(CC2(C3)[C@H]1C4=CC=CC=C4)C5=CC=CC=C5)C6=CC=CC=C6,Inactive,0,,,Inactive,,,,,,,,,,4,,8.4739,,,,,19.4254,,,25.5796,,,29.625,,,20.7383,,,12.1339,,,11.4767,,,8.4739,QC'd by UPCMLD,candidate_step3_property,,C27H27N,365.5,5.7,0,1,3,0
8354,4253977,99558,C(CSC[C@@H](C(=O)O)N)N,Inactive,0,,,Inactive,,,,,,,,,,4,,11.8188,,-17.1833,,,9.1311,,,8.3803,,,8.995,,,-4.9728,,,-10.8795,,,11.8188,,,,QC'd by NCI,candidate_step3_property,,C5H12N2O2S,164.23,-3.7,3,5,5,0
8357,11113594,6604736,CCCCCCCCCCCCCCCCCCC1=CC=C(C=C1)C(=O)/C=C\C(=O)O,Inactive,0,,,Inactive,,,,,,,,,,4,,4.652,,-3.098,-1.9619,,-19.9183,-15.2861,,1.1831,2.221,,0.9974,1.4061,,-5.7952,-2.5482,,-15.076,7.2534,,7.8853,-2.7927,,4.652,QC'd by Tocris,candidate_step3_property,,C28H44O3,428.6,10.8,1,3,20,0
8374,4253978,447212,C([C@@H](C(=O)N)N)C(=O)N,Inactive,0,,,Inactive,,,,,,,,,,4,,-16.7428,,-15.7283,,,-12.0616,,,-17.3538,,,-9.1192,,,6.2016,,,-2.9382,,,-16.7428,,,,QC'd by NCI,candidate_step3_property,,C4H9N3O2,131.13,-1.800,3,3,3,0
8376,11113595,1449,C#CCCCCCCCCCCCCCCCC(=O)O,Inactive,0,,,Inactive,,,,,,,,,,4,,9.9877,,-3.4579,1.5774,,13.398,-5.7059,,3.5382,6.0374,,10.3427,-9.1662,,25.0944,-29.7643,,8.6974,23.8765,,7.1827,1.3596,,9.9877,QC'd by Tocris,candidate_step3_property,,C18H32O2,280.4,7.100,1,2,15,0
8386,26749409,16757963,CC(C)C1=C(C=CC2=C1CCC3[C@]2(CCCC3(C)C)C)O,Inactive,0,,,Inactive,,,,,,,,,,4,,19.7909,,,,,23.1881,,,2.8798,,,22.5528,,,29.6578,,,3.0809,,,14.0441,,,19.7909,QC'd by Microsource,candidate_step3_property,,C20H30O,286.5,6.7,1,1,1,0
8393,26749408,16757962,CC(C)C1=C(C(=CC2=C1CCC3[C@]2(CCCC3(C)C)C)C4=CC5=C(CCC6[C@]5(CCCC6(C)C)C)C(=C4O)C(C)C)O,Inactive,0,,,Inactive,,,,,,,,,,4,,12.4005,,,,,28.7325,,,8.996,,,19.9478,,,32.5129,,,-10.4642,,,24.6056,,,12.4005,QC'd by Microsource,candidate_step3_property,,C40H58O2,570.9,13.1,2,2,3,0
8413,4253985,302689,C1=CC=C2C(=C1)N=C(S2)SCCSC3=NC4=CC=CC=C4S3,Inactive,0,,,Inactive,,,,,,,,,,4,,0.3598,,-18.0498,,,3.6918,,,-0.0333,,,7.2306,,,1.4554,,,9.0232,,,0.3598,,,,QC'd by NCI,candidate_step3_property,,C16H12N2S4,360.5,6.2,0,6,5,0
8427,26749411,16757965,CC1CC[C@]2(C(C3C(O2)CC4[C@@]3(CCC5C4CC[C@H]6[C@]5(CCC(C6)OC(=O)C)C)C)C)OC1,Inactive,0,,,Inactive,,,,,,,,,,4,,19.659,,,,,16.5818,,,6.2601,,,11.4071,,,23.5232,,,3.2647,,,27.6677,,,19.659,QC'd by Microsource,candidate_step3_property,,C29H46O4,458.7,7.1,0,4,2,0
8434,26753919,11948970,CCC1=C(N2C(=O)OC(=NCCC3=CNC4=CC=CC=C43)[C@@]2([C@H]5C1=CC[C@@H]6[C@H]5C(=O)NC6=O)CC7=CC=CC=C7)OC(=O)N(CC)CC,Inactive,0,,,Inactive,,,,,,,,,,4,,13.945,,,,,1.1127,,,29.1535,,,-2.9702,,,29.1089,,,0.2368,,,6.8651,,,13.945,QC'd by UPCMLD,residual_possible_step4_or_definition_mismatch,,C37H39N5O6,649.7,4.2,2,7,10,0
8438,4253982,426356,[NH2-].[NH2-].[NH2-].[NH2-].OS(=O)O.OS(=O)O.[Co],Inactive,0,,,Inactive,,,,,,,,,,4,,-5.4603,,-15.1127,,,-10.0039,,,-9.7811,,,8.9601,,,-24.337,,,1.0628,,,-5.4603,,,,QC'd by NCI,candidate_step1_inorganic,Co,CoH12N4O6S2-4,287.19,,8,12,0,-4
8447,11113591,6603946,C(CC(=O)N[C@H](CSN=O)C(=O)NCC(=O)O)[C@H](C(=O)O)N,Inactive,0,,,Inactive,,,,,,,,,,4,,8.6059,,-1.1896,10.6733,,23.1085,4.5637,,5.3204,-2.8491,,10.7183,9.8179,,0.4872,-6.9142,,21.8846,9.7325,,3.3854,-0.2262,,8.6059,QC'd by Tocris,candidate_step3_property,,C10H16N4O7S,336.32,-4.8,5,10,10,0
8452,26753918,11948962,CCC1=C(N2C(=O)OC(=NCCC3=CNC4=CC=CC=C43)[C@@]2([C@H]5C1=CC[C@@H]6[C@H]5C(=O)N(C6=O)C7=CC=CC=C7)CC8=CC=CC=C8)OC(=O)N(CC)CC,Inactive,0,,,Inactive,,,,,,,,,,4,,-5.4418,,,,,-25.777,,,23.8589,,,-15.7616,,,-15.0826,,,-7.1157,,,-14.0794,,,-5.4418,QC'd by UPCMLD,candidate_step3_property,,C43H43N5O6,725.8,6.0,1,7,11,0
8486,4254002,305123,C1C2=CC=CC=C2C(=NNC3=C(C=C(C=C3)[N+](=O)[O-])[N+](=O)[O-])C4=CC=CC=C41,Inactive,0,,,Inactive,,,,,,,,,,4,,-15.0426,,-1.036,,,-0.4917,,,-8.0154,,,0.017,,,-10.2971,,,-18.9397,,,-15.0426,,,,QC'd by NCI,candidate_step3_property,,C20H14N4O4,374.3,5.7,1,6,2,0
8505,4254005,305582,CN(C)CCSCCO,Inactive,0,,,Inactive,,,,,,,,,,4,,4.7686,,-0.6385,,,-5.3974,,,7.3095,,,11.4415,,,2.5866,,,9.9405,,,4.7686,,,,QC'd by NCI,candidate_step3_property,,C6H15NOS,149.26,0.2,1,3,5,0
8532,26753910,11948980,CCC1=C(N2C(=O)OC(=NCC(=O)OC)[C@@]2([C@H]3C1=CC[C@@H]4[C@H]3C(=O)N(C4=O)C5=CC=CC=C5)CC6=CC=CC=C6)OC(=O)N(CC)CC,Inactive,0,,,Inactive,,,,,,,,,,4,,21.1179,,,,,-1.9087,,,-4.4126,,,-0.55,,,12.9483,,,-5.2227,,,15.9009,,,21.1179,QC'd by UPCMLD,residual_possible_step4_or_definition_mismatch,,C36H38N4O8,654.7,4.0,0,9,11,0
8590,26749433,16757986,CCC(C)C(=O)OC1C[C@]2(C(OC(=O)CC23C45C1([C@]6(C([C@]7(CC6([C@@](C7OC(=O)C8(C(O8)C)C)(C4OC(=O)C(C)C)O)O)C)CC(=O)OC)C)OC(O3)(O5)C)C9=COC=C9)C,Inactive,0,,,Inactive,,,,,,,,,,4,,-10.0168,,,,,7.2272,,,-5.4066,,,0.8679,,,14.2968,,,9.9182,,,16.7408,,,-10.0168,QC'd by Microsource,candidate_step3_property,,C43H56O17,844.9,2.5,2,17,14,0
8593,4254008,306052,CC(C)(C)C1=C(C(=CC(=C1)C#N)Br)OP(=O)(C2=CC=CC=C2)OC3=C(C=C(C=C3Br)C#N)C(C)(C)C,Inactive,0,,,Inactive,,,,,,,,,,4,,-0.5726,,-41.2804,,,-5.4093,,,4.1857,,,-12.0899,,,-8.8272,,,-5.9001,,,-0.5726,,,,QC'd by NCI,candidate_step3_property,,C28H27Br2N2O3P,630.3,8.8,0,5,7,0
8611,26753906,11949008,CCC1=C2CC[C@@H]3[C@H]([C@H]2[C@]4(C(=NCC5CC5)OC(=O)N4C1=O)CC6=CC=CC=C6)C(=O)N(C3=O)C7=CC=CC=C7,Inactive,0,,,Inactive,,,,,,,,,,4,,1.8362,,,,,5.4463,,,2.0793,,,5.4938,,,7.0555,,,-8.2895,,,8.3341,,,1.8362,QC'd by UPCMLD,residual_possible_step4_or_definition_mismatch,,C32H31N3O5,537.6,3.8,0,6,6,0
8650,4245970,3240372,CCCC1=CC=C(C=C1)OC2=C(NN=C2)C3=C(C(=C(C=C3)O)C)O,Inactive,0,,,Inactive,,,,,,,,,,4,,-20.4987,,,,,-3.9075,,,-2.6838,,,-9.0582,,,-5.0143,,,16.5548,,,13.8943,,,-20.4987,QC'd by DPISMR,residual_possible_step4_or_definition_mismatch,,C19H20N2O3,324.4,4.4,3,4,5,0
8701,11113607,6604739,C[C@@H](CC1=CC(=CC=C1)C(F)(F)F)NCCCC2=CC=CC=C2,Inactive,0,,,Inactive,,,,,,,,,,4,,-13.1843,,-25.6784,-16.0443,,-17.5786,-23.7504,,-30.1274,-17.4673,,-20.2553,-14.5003,,-6.4458,-8.4077,,-7.2218,-13.5782,,-3.4108,-5.5265,,-13.1843,QC'd by Tocris,candidate_step3_property,,C19H22F3N,321.4,5.300,1,4,7,0
8740,11113605,5034182,CC1=C(C(=C(C(=N1)N=NC2=C(C=C(C=C2)S(=O)(=O)[O-])S(=O)(=O)[O-])COP(=O)([O-])[O-])C=O)O,Inactive,0,,,Inactive,,,,,,,,,,4,,-10.396,,16.0171,13.3083,,14.7751,5.0149,,15.9337,-3.1113,,5.2407,2.9829,,-26.9155,-9.5835,,-4.1814,-3.5388,,1.3607,-9.8269,,-10.396,QC'd by Tocris,candidate_step3_property,,C14H10N3O12PS2-4,507.4,-1.8,1,15,5,-4
8748,4254000,3246556,C[C@@H](C1=CC=C(C=C1)C2=CC=CC=C2)NC(=O)C3=CC(=C(C=C3)Cl)Cl,Inactive,0,,,Inactive,,,,,,,,,,4,,-6.8141,,-0.5656,,,-0.0005,,,4.2793,,,-19.4086,,,-2.0355,,,2.128,,,-6.8141,,,,QC'd by NCI,candidate_step3_property,,C21H17Cl2NO,370.3,6.0,1,1,4,0
8764,11113636,439202,C(CON=C(N)N)[C@@H](C(=O)O)N,Inactive,0,,,Inactive,,,,,,,,,,4,,-4.2808,,-1.8595,-9.4609,,4.1587,-6.5252,,-18.7404,-13.0331,,10.2106,-4.3355,,-13.824,9.1143,,15.4337,-6.6667,,-1.8132,2.0606,,-4.2808,QC'd by Tocris,candidate_step3_property,,C5H12N4O3,176.17,-4.800,4,5,5,0
8780,26749455,16757998,CC(C)/C(=C/1\C2[C@](C(C([C@@]34[C@@]25C([C@@]6(C(C7(CC6([C@@]3(C7CC(=O)OC)C)OC(O4)(O5)C)C)OC(=O)C)OC)OC)OC)OC(=O)C(C)C)(C(OC1=O)C8=COC=C8)C)/OC,Inactive,0,,,Inactive,,,,,,,,,,4,,21.8005,,,,,32.4404,,,3.6314,,,0.1334,,,25.43,,,6.5764,,,11.0373,,,21.8005,QC'd by Microsource,candidate_step3_property,,C43H58O16,830.9,3.1,0,16,14,0
8781,11113637,2993,CC1=[N+](C2=CC=CC=C2C(=C1)N)CCCCCCCCCC[N+]3=C(C=C(C4=CC=CC=C43)N)C,Inactive,0,,,Inactive,,,,,,,,,,4,,-21.9804,,-0.6491,0.9364,,13.8604,0.907,,-4.7227,-0.9894,,7.296,6.0427,,13.5523,-1.4998,,1.5796,8.2153,,4.4442,-1.1814,,-21.9804,QC'd by Tocris,candidate_step3_property,,C30H40N4+2,456.7,7.3,2,2,11,2
8783,26753898,11948960,CCC1=C2CC[C@@H]3[C@H]([C@H]2[C@]4(C(=NCC5=CC=CC=C5)OC(=O)N4C1=O)CC6=CC=CC=C6)C(=O)N(C3=O)C7=CC=CC=C7,Inactive,0,,,Inactive,,,,,,,,,,4,,-12.8828,,,,,-0.3461,,,-13.2623,,,9.7972,,,-17.707,,,4.763,,,1.0677,,,-12.8828,QC'd by UPCMLD,residual_possible_step4_or_definition_mismatch,,C35H31N3O5,573.6,4.7,0,6,6,0
8791,4249974,3243849,CN1C=CC=C1CC2=NN=C(N2CCC3=CC=CC=C3)SCC(=O)NC4=NC5=CC=CC=C5S4,Inactive,0,,,Inactive,,,,,,,,,,4,,10.035,,,,,0.0424,,,0.5115,,,1.2525,,,1.6763,,,-6.6476,,,-4.6392,,,10.035,QC'd by DPISMR,residual_possible_step4_or_definition_mismatch,,C25H24N6OS2,488.6,4.6,1,6,9,0
8796,11113634,6603767,CC[C@H](C)N(C)C(=O)C1=CC2=CC=CC=C2C(=N1)C3=CC=CC=C3Cl,Inactive,0,,,Inactive,,,,,,,,,,4,,-14.9182,,-24.5343,-12.5793,,5.4728,-10.6377,,-18.6036,7.4979,,-24.4353,4.9299,,-4.8332,-15.6705,,10.4794,-20.6638,,-0.4557,-6.2338,,-14.9182,QC'd by SigmaAldrich,candidate_step3_property,,C21H21ClN2O,352.9,5.5,0,2,4,0
8800,26749454,16757997,CC(C)C1=C(C=CC2=C1CCC3[C@]2(CCC[C@]3(C)C(=O)OC)C)O,Inactive,0,,,Inactive,,,,,,,,,,4,,-26.5903,,,,,5.9383,,,13.6212,,,19.4813,,,14.3522,,,-19.0607,,,7.5554,,,-26.5903,QC'd by Microsource,candidate_step3_property,,C21H30O3,330.5,5.6,1,3,3,0
8810,4257936,1316595,CC1=CC(=C(C=C1)N2C3=C(C=N2)C(=NC=N3)N4CCN(CC4)C5=CC=C(C=C5)F)C,Inactive,0,,,Inactive,,,,,,,,,,4,,-27.3852,,,,,-6.2729,,,-2.1342,,,-8.8009,,,-13.7788,,,-10.7522,,,-16.076,,,-27.3852,QC'd by DPISMR,residual_possible_step4_or_definition_mismatch,,C23H23FN6,402.5,4.7,0,6,3,0
8827,4254023,,,Inactive,0,,,Inactive,,,,,,,,,,4,,-8.7711,,5.4363,,,5.1003,,,3.5154,,,-6.0684,,,-9.6044,,,7.5808,,,-8.7711,,,,QC'd by NCI,property_lookup_missing,,,,,,,,
8847,4254024,308396,C1CCCCCC(CCCCC1)N2CN(C(=S)SC2)C3CCCCCCCCCCC3,Inactive,0,,,Inactive,,,,,,,,,,4,,-16.0677,,-17.3574,,,-5.5765,,,-16.4669,,,-1.3068,,,-5.7054,,,-2.2788,,,-16.0677,,,,QC'd by NCI,candidate_step3_property,,C27H50N2S2,466.8,11.4,0,3,2,0
8858,26753894,11948948,CCC1=C(N2C(=O)OC(=NCC(=O)OC)[C@@]2([C@H]3C1=CC[C@@H]4[C@H]3C(=O)N(C4=O)CC(=O)OC)C)OC(=O)N(CC)CC,Inactive,0,,,Inactive,,,,,,,,,,4,,-18.8158,,,,,2.8793,,,-8.6299,,,0.8544,,,10.5337,,,4.0836,,,1.8186,,,-18.8158,QC'd by UPCMLD,candidate_step3_property,,C27H34N4O10,574.6,0.7,0,11,11,0
8868,11113629,6322,C(C[C@@H](C(=O)O)N)CN=C(N)N,Inactive,0,,,Inactive,,,,,,,,,,4,,-0.0447,,12.3256,,,12.6348,,,17.9348,,,9.4496,,,29.8441,,,22.7635,,,4.4388,,,-0.0447,QC'd by SigmaAldrich,candidate_step3_property,,C6H14N4O2,174.20,-4.200,4,4,5,0
8871,4254025,3003880,C(C1=C(C(=C(C(=C1Cl)Cl)Cl)Cl)Cl)SC2=NC(=S)NC(=O)N2,Inactive,0,,,Inactive,,,,,,,,,,4,,4.8573,,0.0295,,,8.0642,,,-6.1379,,,4.2792,,,-3.9619,,,8.0666,,,4.8573,,,,QC'd by NCI,candidate_step3_property,,C10H4Cl5N3OS2,423.6,5.3,2,3,3,0
8904,4254010,306424,C1=CC(=C(C(=C1)Cl)Cl)NC(=O)NC2=CC=C(C=C2)[As](=O)(O)O,Inactive,0,,,Inactive,,,,,,,,,,4,,20.9006,,14.7567,,,19.1509,,,14.7179,,,19.9855,,,4.7629,,,18.2509,,,20.9006,,,,QC'd by NCI,candidate_step1_inorganic,As,C13H11AsCl2N2O4,405.06,,4,4,3,0
8906,26749448,16757994,CC(CCC=C(C)C)C1CC[C@@]2([C@]1(CCC3=C2CCC4C3(CCC(C4(C)C)OC(=O)C)C)C)C,Inactive,0,,,Inactive,,,,,,,,,,4,,18.8237,,,,,31.2045,,,13.2044,,,-0.3044,,,22.7799,,,1.1197,,,-4.6836,,,18.8237,QC'd by Microsource,candidate_step3_property,,C32H52O2,468.8,9.5,0,2,6,0
8940,26753889,11948967,CCC1=C(N2C(=O)OC(=NCCC3=CNC4=CC=CC=C43)[C@@]2([C@H]5C1=CC[C@@H]6[C@H]5C(=O)N(C6=O)CC)CC7=CC=CC=C7)OC(=O)N(CC)CC,Inactive,0,,,Inactive,,,,,,,,,,4,,3.9293,,,,,-6.9387,,,-16.4153,,,-35.818,,,20.1407,,,12.1826,,,4.2401,,,3.9293,QC'd by UPCMLD,residual_possible_step4_or_definition_mismatch,,C39H43N5O6,677.8,4.8,1,7,11,0
8954,11113625,132496,CCCCCCN(CCCCCC)C(=O)CC1=C(NC2=CC=CC=C21)C3=CC=C(C=C3)F,Inactive,0,,,Inactive,,,,,,,,,,4,,1.1231,,8.5814,-13.0218,,10.8291,0.644,,-9.0124,2.4452,,1.3837,-4.4947,,5.4819,-2.7729,,-3.2378,-4.8266,,-17.4458,-12.1976,,1.1231,QC'd by SigmaAldrich,candidate_step3_property,,C28H37FN2O,436.6,7.9,1,2,13,0
8974,11113626,3995234,CCCCCCN(CCCCCC)C(=O)CC1=C(NC2=C1C=C(C=C2)Cl)C3=CC=C(C=C3)Cl,Inactive,0,,,Inactive,,,,,,,,,,4,,-3.193,,7.6753,7.2254,,10.5215,2.533,,0.9868,1.8197,,-17.8135,0.0533,,12.4966,6.3731,,2.2196,9.1403,,9.9373,-1.367,,-3.193,QC'd by Tocris,candidate_step3_property,,C28H36Cl2N2O,487.5,9.0,1,1,13,0
8978,26749444,16757992,CC1C(C(C(C(O1)OC2CC[C@@]3(C4C(CC[C@@]3(C2)O)[C@]5(CCC([C@@]5(CC4OC(=O)C)C)C6=CC(=O)OC6)O)C=O)O)OC)OC(=O)C,Inactive,0,,,Inactive,,,,,,,,,,4,,18.2545,,,,,21.5378,,,4.07,,,4.2442,,,11.8434,,,-1.1218,,,14.2595,,,18.2545,QC'd by Microsource,candidate_step3_property,,C34H48O13,664.7,-0.100,3,13,9,0
8988,26753886,11949000,CCC1=C(N2C(=O)OC(=NCC3CC3)[C@@]2([C@H]4C1=CC[C@@H]5[C@H]4C(=O)N(C5=O)C6=CC=CC=C6)CC7=CC=CC=C7)OC(=O)N(CC)CC,Inactive,0,,,Inactive,,,,,,,,,,4,,-1.1657,,,,,11.49,,,11.8631,,,0.8292,,,-4.7727,,,6.5571,,,13.8461,,,-1.1657,QC'd by UPCMLD,residual_possible_step4_or_definition_mismatch,,C37H40N4O6,636.7,4.6,0,7,10,0
9007,11113624,92305,CC(C)[C@](CCCN(C)CCC1=CC(=C(C=C1)OC)OC)(C#N)C2=CC(=C(C=C2)OC)OC,Inactive,0,,,Inactive,,,,,,,,,,4,,-2.0818,,-0.5583,-4.5407,,-6.3478,-2.8572,,-14.2997,-9.6505,,1.3973,9.0126,,7.0725,-6.0728,,2.5252,1.3068,,1.9418,-11.0782,,-2.0818,QC'd by Tocris,residual_possible_step4_or_definition_mismatch,,C27H38N2O4,454.6,3.800,0,6,13,0
9012,26749442,16757990,CC(=O)OC1CC[C@]2(C(C1(C)C)CC[C@]3(C2CC=C4[C@@]3(CC[C@@]5(C4CC(CC5)(C)C)C)C)C)C,Inactive,0,,,Inactive,,,,,,,,,,4,,12.0475,,,,,-2.141,,,-6.9493,,,-3.8327,,,4.074,,,2.2888,,,9.4217,,,12.0475,QC'd by Microsource,candidate_step3_property,,C32H52O2,468.8,9.7,0,2,2,0
9033,26749441,16757989,CC1C(=O)CCC2[C@@]1(CCC3[C@@]2(CC[C@@]4([C@]3(CC[C@@]5(C4CC(CC5)(C)C)C)C)C)C)C,Inactive,0,,,Inactive,,,,,,,,,,4,,1.5126,,,,,-0.4672,,,-16.7924,,,11.4592,,,5.774,,,-13.9789,,,14.3697,,,1.5126,QC'd by Microsource,candidate_step3_property,,C30H50O,426.7,9.8,0,1,0,0
9047,26749440,16757988,C[C@]12CCC(C(C1CC[C@]3(C2CC=C4[C@@]3(CC[C@@]5(C4CC(CC5)(C)C)C(=O)O)C)C)(C)C)O,Inactive,0,,,Inactive,,,,,,,,,,4,,7.9056,,,,,10.2797,,,-7.8863,,,19.3946,,,11.3275,,,2.0204,,,-2.462,,,7.9056,QC'd by Microsource,candidate_step3_property,,C30H48O3,456.7,7.5,2,3,1,0
9070,11112634,6604350,C[C@@H]1C/C=C\C=C/[C@@H]([C@@H](C[C@@H]([C@H]([C@@H]([C@@H](CC(=O)O1)OC(=O)C)OC)O[C@@H]2[C@H]([C@@H]([C@@H]([C@@H](O2)C)O[C@@H]3C[C@]([C@@H]([C@@H](O3)C)OC(=O)CC(C)C)(C)O)N(C)C)O)CC=O)C)O,Inactive,0,,,Inactive,,,,,,,,,,4,,12.5429,,7.5832,0.5681,,-4.0983,-2.3362,,-3.7681,-8.7703,,1.3443,0.1001,,5.5289,-18.2574,,11.9769,19.361,,13.2147,12.5429,,,QC'd by Prestwick,candidate_step3_property,,C42H69NO15,828.0,2.9,3,16,14,0
9077,4254078,,,Inactive,0,,,Activator,1.9953,41.0979,,Partial curve; partial efficacy,-5.7,1.8265,0.94,34.2683,-6.8296,2.2,0 0 1 0 0 0 0,32.207,,-10.8174,,,-9.027,,,11.5271,,,1.2868,,,-5.8155,,,17.3555,,,32.207,,,,QC'd by NCI,property_lookup_missing,,,,,,,,
9082,17385295,3247240,COC(=O)[C@]1([C@@H]2[C@@H](CC3=C2C=C(N3CCC4=CC(=C(C=C4)O)O)C(=O)N5CCCC5)CN1C(=O)C6=CC=CC=C6)CC7=CC=C(C=C7)F,Inactive,0,,,Inactive,,,,,,,,,,4,,14.6649,,,,,15.9839,,,6.3532,,,5.2027,,,4.4418,,,-7.2157,,,7.8691,,,14.6649,QC'd by UPCMLD,candidate_step3_property,,C38H38FN3O6,651.7,5.300,2,7,9,0
9089,11112637,6604353,C[C@H]1[C@H]([C@H](C[C@H](O1)O[C@@H]2CC[C@]3([C@H](C2)CC[C@@]4([C@@]3(C[C@@H]([C@]5([C@@]4(CC[C@@H]5C6=CC(=O)OC6)O)C)O)C)C)C)O)O[C@@H]7C[C@@H]([C@@H]([C@@H](O7)C)O[C@@H]8C[C@@H]([C@@H]([C@@H](O8)C)O[C@@H]9[C@H]([C@@H]([C@@H]([C@@H](O9)CO)O)O)O)OC(=O)C)O,Inactive,0,,,Inactive,,,,,,,,,,4,,3.2051,,18.8171,10.1419,,-13.4509,-3.5127,,2.1047,-3.0017,,7.0856,-6.6067,,14.9735,-3.6576,,19.6483,19.1467,,2.8604,3.2051,,,QC'd by Prestwick,candidate_step3_property,,C51H80O20,1013.2,1.4,8,20,12,0
9143,4238426,3233536,CN1C=CC=C1C(=O)N2CCC3(CCCN(C3)C4=CC=C(C=C4)C5=CC=CC=C5)CC2,Inactive,0,,,Inactive,,,,,,,,,,4,,-11.036,,,,,12.0901,,,-0.9902,,,10.5657,,,6.3314,,,4.3094,,,13.1174,,,-11.036,QC'd by Pharmacopeia,candidate_step3_property,,C27H31N3O,413.6,5.0,0,2,3,0
9156,11112633,6604349,C[C@@H]1CC[C@]2(CC[C@@]3(C(=CC[C@@H]4[C@@]3(CC[C@@H]5[C@@]4(C[C@H]([C@H]([C@]5(C)CO)O)O)C)C)[C@H]2[C@@H]1C)C)C(=O)O[C@@H]6[C@H]([C@@H]([C@@H]([C@@H](O6)CO[C@@H]7[C@H]([C@@H]([C@@H]([C@@H](O7)CO)O[C@@H]8[C@H]([C@@H]([C@@H]([C@@H](O8)C)O)O)O)O)O)O)O)O,Inactive,0,,,Inactive,,,,,,,,,,4,,-16.8731,,-5.4593,-24.2217,,-22.3045,-29.0728,,-17.5578,-21.4296,,-7.3101,-13.4188,,-24.7817,-12.6291,,-10.2074,3.3821,,-14.098,-16.8731,,,QC'd by Prestwick,candidate_step3_property,,C48H78O19,959.1,0.1,12,19,10,0
9200,4254088,323178,C(CO)N1C(=NN=N1)N,Inactive,0,,,Inactive,,,,,,,,,,4,,-16.2637,,0.1383,,,4.4016,,,-15.0701,,,-8.4472,,,-11.2867,,,-11.734,,,-16.2637,,,,QC'd by NCI,candidate_step3_property,,C3H7N5O,129.12,-1.5,2,5,2,0
9213,17385303,5459454,C[C@@H]1C(C(C2CC[C@@H]3[C@@H]4C2=C1CN([C@@]4(COC3OCC5=C(C=C(C=C5)F)C(F)(F)F)C)C(=O)OC(C)(C)C)COC)COC,Inactive,0,,,Inactive,,,,,,,,,,4,,-6.5964,,,,,-0.6275,,,-8.8713,,,2.4604,,,-5.6069,,,-8.8227,,,2.0023,,,-6.5964,QC'd by UPCMLD,candidate_step3_property,,C33H45F4NO6,627.7,4.6,0,10,9,0
9237,4254086,3246593,C1(=NNN=N1)C2=NNN=N2.C(NN)(NN)NN,Inactive,0,,,Inactive,,,,,,,,,,4,,-0.7857,,6.9328,,,14.1651,,,8.4259,,,19.2981,,,19.307,,,23.0988,,,-0.7857,,,,QC'd by NCI,property_value_missing,,C3H12N14,244.22,,8,12,4,0
9259,4238434,3233544,C1CN(CCC12CCN(CC2)S(=O)(=O)C3=CC=CC=C3)C(C4=CC=CC=C4)C5=CC=CC=C5,Inactive,0,,,Inactive,,,,,,,,,,4,,-1.2129,,,,,7.4089,,,-24.1046,,,-0.4807,,,-11.0086,,,-7.3056,,,-6.2262,,,-1.2129,QC'd by Pharmacopeia,candidate_step3_property,,C28H32N2O2S,460.6,5.4,0,4,5,0
9322,17385301,5459457,CCCC1=CC2=C(N1CCC3=CC=C(C=C3)Cl)C(C4C2C(N(C4)C(=O)C5=CC=CC=C5)(C)C(=O)OC)C,Inactive,0,,,Inactive,,,,,,,,,,4,,26.4819,,,,,14.5848,,,7.7218,,,26.8389,,,8.8698,,,-4.5173,,,11.6608,,,26.4819,QC'd by UPCMLD,candidate_step3_property,,C31H35ClN2O3,519.1,6.2,0,3,8,0
9331,4254062,3246584,C[C@H]1C(=O)N[C@@H](C(=O)N([C@@H](C(=O)N[C@@H](C(=O)N([C@H]2[C@@H](C3=CC=C(C=C3)OC4=C(C=CC(=C4)C[C@@H](C(=O)N1)N(C2=O)C)O)O)C)C)CC5=CC=C(C=C5)OC)C)C,Inactive,0,,,Inactive,,,,,,,,,,4,,-12.5867,,-13.3206,,,23.6038,,,-17.9148,,,23.9005,,,15.3832,,,-7.9776,,,-12.5867,,,,QC'd by NCI,candidate_step3_property,,C40H48N6O10,772.8,1.9,5,10,3,0
9333,17385278,3247252,COC(=O)[C@]1([C@@H]2[C@@H](CC3=C2C=C(N3CC4CC4)C(=O)N5CCCC5)CN1C(=O)C6=CC=CC=C6)CC7=CC=C(C=C7)F,Inactive,0,,,Inactive,,,,,,,,,,4,,-15.17,,,,,8.6959,,,26.4502,,,8.7507,,,-1.8482,,,8.8925,,,3.5079,,,-15.17,QC'd by UPCMLD,residual_possible_step4_or_definition_mismatch,,C34H36FN3O4,569.7,4.8,0,5,8,0
9351,4249653,3243578,C1=COC(=C1)CN2C3=C(C(=O)N(C(=N3)SCC#N)C4=CC=C(C=C4)F)SC2=S,Inactive,0,,,Inactive,,,,,,,,,,4,,-23.7675,,,,,-1.5941,,,-4.4878,,,2.0412,,,-8.2315,,,-15.26,,,-2.4506,,,-23.7675,QC'd by DPISMR,residual_possible_step4_or_definition_mismatch,,C18H11FN4O2S3,430.5,3.4,0,8,5,0
9377,17385281,3247245,CC1=CC=C(O1)CN2C3=C(C=C2C(=O)N4CCCC4)[C@H]5[C@@H](C3)CN([C@@]5(CC6=CC=C(C=C6)F)C(=O)OC)C(=O)C7=CC=CC=C7,Inactive,0,,,Inactive,,,,,,,,,,4,,3.5756,,,,,7.6198,,,6.4744,,,5.4218,,,13.8451,,,0.4764,,,14.2379,,,3.5756,QC'd by UPCMLD,candidate_step3_property,,C36H36FN3O5,609.7,5.2,0,6,8,0
9429,11112615,73277,C1=CN=C(C=N1)Cl,Inactive,0,,,Inactive,,,,,,,,,,4,,6.6788,,8.2068,-1.1081,,-4.402,-6.5753,,-19.3108,-18.7595,,-8.2168,1.2325,,-3.103,10.0086,,8.0682,3.9402,,13.1642,6.6788,,,QC'd by Prestwick,candidate_step3_property,,C4H3ClN2,114.53,0.700,0,2,0,0
9451,17385277,3247244,COC(=O)[C@]1([C@@H]2[C@@H](CC3=C2C=C(N3CC4=CN=C(C=C4)C(F)(F)F)C(=O)N5CCCC5)CN1C(=O)C6=CC=CC=C6)CC7=CC=C(C=C7)F,Inactive,0,,,Inactive,,,,,,,,,,4,,-18.4495,,,,,12.3115,,,50.1251,,,-26.355,,,11.2551,,,7.3012,,,9.9647,,,-18.4495,QC'd by UPCMLD,candidate_step3_property,,C37H34F4N4O4,674.7,5.5,0,9,8,0
9472,858497,659808,C1CSC(=NC#N)S1,Inactive,0,,,Inactive,,,,,,,,,,4,,-28.1778,,,,,-36.9976,,,-22.2204,,,-10.5328,,,-43.0708,,,-14.4632,,,-6.8762,,,-28.1778,QC'd by DPISMR,candidate_step3_property,,C4H4N2S2,144.2,1.7,0,4,0,0
9476,4254070,,,Inactive,0,,,Activator,5.0119,70.9724,,Partial curve; partial efficacy,-5.3,1.331,0.8856,74.8976,3.9252,2.2,0 0 0 0 0 0 0,58.9527,,8.9099,,,1.6548,,,-6.729,,,7.8506,,,16.8772,,,15.9127,,,58.9527,,,,QC'd by NCI,property_lookup_missing,,,,,,,,
9497,11112627,25043519,C[S@@](=N)(=O)CC[C@H](C(=O)O)N,Inactive,0,,,Inactive,,,,,,,,,,4,,18.0524,,25.2631,24.7698,,31.4241,8.7026,,31.1623,35.5026,,16.2931,26.8373,,25.1511,17.5129,,16.4834,29.4237,,24.0409,18.0524,,,QC'd by Prestwick,residual_possible_step4_or_definition_mismatch,,C5H12N2O3S,180.23,-1.800,3,5,4,0
9529,4254069,16684735,C1=CC=C(C=C1)[Sn]2(O[C@H]3[C@H](O[C@@H]([C@@H]3O2)N4C=CC(=NC4=O)N)CO)C5=CC=CC=C5,Inactive,0,,,Inactive,,,,,,,,,,4,,3.6161,,0.0654,,,1.1094,,,-3.8903,,,6.8295,,,3.1025,,,8.2515,,,3.6161,,,,QC'd by NCI,candidate_step1_inorganic,Sn,C21H21N3O5Sn,514.1,,2,5,4,0
9544,4254074,5771665,C1=C2[C@H]3[C@H]([C@@H]4[C@H](C2=CC(=C1C(=O)O)S(=O)(=O)O)[C@]5(C(=C([C@@]4(C5(Cl)Cl)Cl)Cl)Cl)Cl)[C@@]6(C(=C([C@]3(C6(Cl)Cl)Cl)Cl)Cl)Cl,Inactive,0,,,Inactive,,,,,,,,,,4,,15.6943,,32.4889,,,21.6303,,,12.7634,,,9.5599,,,3.9949,,,8.2329,,,15.6943,,,,QC'd by NCI,candidate_step3_property,,C21H8Cl12O5S,797.8,6.1,2,5,2,0
9563,4254075,3246591,CC1=CC=C(C=C1)C2=NC3=CC=CC=C3S[C@H](C2)C4=CC(=CC=C4)[N+](=O)[O-],Inactive,0,,,Inactive,,,,,,,,,,4,,12.6571,,-13.7776,,,-2.8674,,,0.3418,,,1.9059,,,-4.0044,,,-18.4905,,,12.6571,,,,QC'd by NCI,candidate_step3_property,,C22H18N2O2S,374.5,5.3,0,4,2,0
9599,17385286,3247246,COC(=O)[C@]1([C@@H]2[C@@H](CC3=C2C=C(N3CC4=CC=CC=C4)C(=O)N5CCCC5)CN1C(=O)C6=CC=CC=C6)CC7=CC=C(C=C7)F,Inactive,0,,,Inactive,,,,,,,,,,4,,-6.4625,,,,,1.1391,,,27.8036,,,12.5624,,,10.5459,,,10.7746,,,8.4188,,,-6.4625,QC'd by UPCMLD,candidate_step3_property,,C37H36FN3O4,605.7,5.7,0,5,8,0
9615,17385331,5459451,CC[C@@H]1C2COC(=O)OCC2C3CC[C@@H]4[C@@H]5C3=C1CN([C@@]5(COC4OCC6=C(C=C(C=C6)F)C(F)(F)F)C)C(=O)OC(C)(C)C,Inactive,0,,,Inactive,,,,,,,,,,4,,-1.0458,,,,,9.6832,,,-4.42,,,15.5835,,,-0.2287,,,2.008,,,1.376,,,-1.0458,QC'd by UPCMLD,candidate_step3_property,,C33H41F4NO7,639.7,5.5,0,11,6,0
9633,11112603,6604337,C[C@@H]1[C@@H](C(=O)C2=CC=CC=C2C1=O)C/C=C(\C)/CC/C=C(\C)/CC/C=C(\C)/CCC=C(C)C,Inactive,0,,,Inactive,,,,,,,,,,4,,-21.4718,,21.2166,-15.0042,,-13.561,-9.4703,,-12.9283,-17.4164,,-10.087,-10.7039,,-10.0821,-11.7828,,-12.1566,-10.847,,8.8745,-21.4718,,,QC'd by Prestwick,candidate_step3_property,,C31H42O2,446.7,9.3,0,2,11,0
9635,17385330,5459462,CCCC1=CC2=C(N1CC3=CC(=CC(=C3)F)F)C(C4C2C(N(C4)C(=O)C5=CC=CC=C5)(C)C(=O)OC)C,Inactive,0,,,Inactive,,,,,,,,,,4,,1.4805,,,,,13.3845,,,38.3021,,,11.3721,,,12.1311,,,-1.2893,,,10.1285,,,1.4805,QC'd by UPCMLD,candidate_step3_property,,C30H32F2N2O3,506.6,5.4,0,5,7,0
9664,4254046,3246575,CC(=O)N[C@@H]1CONC1=O,Inactive,0,,,Inactive,,,,,,,,,,4,,17.6195,,-21.9736,,,-4.9445,,,-0.8766,,,-4.1002,,,5.8919,,,7.8033,,,17.6195,,,,QC'd by NCI,candidate_step3_property,,C5H8N2O3,144.13,-1.3,2,3,1,0
9689,4254049,92863,CC(C)([C@@H](C(=O)O)N)S,Inactive,0,,,Inactive,,,,,,,,,,4,,-8.0768,,22.499,,,11.1336,,,-1.3569,,,18.9522,,,11.9263,,,-0.5273,,,-8.0768,,,,QC'd by NCI,candidate_step3_property,,C5H11NO2S,149.21,-1.800,3,4,2,0
9699,17385327,5459510,CC(=C1[C@H]2C(=C(C1=O)C3=CC=CC=C3)CN4[C@@]2(C(=O)N(C4=O)CCC5=CC=CC=C5)CC6=CC=C(C=C6)C(F)(F)F)C,Inactive,0,,,Inactive,,,,,,,,,,4,,17.5906,,,,,14.0044,,,6.1813,,,15.8814,,,26.5858,,,11.3033,,,13.369,,,17.5906,QC'd by UPCMLD,candidate_step3_property,,C34H29F3N2O3,570.6,6.3,0,6,6,0
9718,17385326,5459450,CC[C@@H]1C(C(C2CC[C@@H]3[C@@H]4C2=C1CN([C@@]4(COC3OCC5=C(C=C(C=C5)F)C(F)(F)F)C)C(=O)OC(C)(C)C)COC(=O)C)COC(=O)C,Inactive,0,,,Inactive,,,,,,,,,,4,,19.9697,,,,,12.2712,,,26.8156,,,14.8896,,,24.2142,,,29.9356,,,17.594,,,19.9697,QC'd by UPCMLD,candidate_step3_property,,C36H47F4NO8,697.8,5.3,0,12,12,0
9733,4254051,316705,CC(C)(CCC(C)(C)C1=CC=CC=C1)C2=CC=CC=C2,Inactive,0,,,Inactive,,,,,,,,,,4,,9.7409,,-41.1535,,,9.2428,,,5.3505,,,3.1213,,,0.7433,,,12.5301,,,9.7409,,,,QC'd by NCI,candidate_step3_property,,C20H26,266.4,7.0,0,0,5,0
9739,17385325,5459461,CCCC1=CC2=C(N1CC3=CC(=CC=C3)Cl)C(C4C2C(N(C4)C(=O)C5=CC=CC=C5)(C)C(=O)OC)C,Inactive,0,,,Inactive,,,,,,,,,,4,,25.3646,,,,,1.7481,,,37.1764,,,21.2396,,,12.7909,,,4.4601,,,24.219,,,25.3646,QC'd by UPCMLD,candidate_step3_property,,C30H33ClN2O3,505.0,5.9,0,3,7,0
9769,17385339,5459456,CCCC1=CC2=C(N1CC3=CC=C(C=C3)C)C(C4C2C(N(C4)C(=O)C5=CC=CC=C5)(C)C(=O)OC)C,Inactive,0,,,Inactive,,,,,,,,,,4,,6.5738,,,,,7.6702,,,-16.8872,,,15.4853,,,14.1671,,,9.7101,,,9.2708,,,6.5738,QC'd by UPCMLD,candidate_step3_property,,C31H36N2O3,484.6,5.600,0,3,7,0
9770,4254053,3246578,C1=C(NC=N1)[C@@H]([C@@H](C(=O)O)N)O,Inactive,0,,,Inactive,,,,,,,,,,4,,-1.6545,,-13.5822,,,5.7379,,,-5.4411,,,2.5377,,,5.6812,,,-5.1082,,,-1.6545,,,,QC'd by NCI,candidate_step3_property,,C6H9N3O3,171.15,-4.3,4,5,3,0
9784,4254052,99601,CCCCN1CN(C(=S)SC1)CC2=CC=CC=C2,Inactive,0,,,Inactive,,,,,,,,,,4,,-10.5228,,-18.447,,,6.934,,,-6.0121,,,-24.3251,,,5.4766,,,-0.1888,,,-10.5228,,,,QC'd by NCI,residual_possible_step4_or_definition_mismatch,,C14H20N2S2,280.5,4.0,0,3,5,0
9799,11112611,6604342,C[C@@H](C1=CC=CC=C1)NCCC(C2=CC=CC=C2)C3=CC=CC=C3,Inactive,0,,,Inactive,,,,,,,,,,4,,-5.0323,,6.2286,-4.4045,,-8.5109,-4.0775,,-2.6437,-12.1875,,-8.2183,-5.1767,,-1.0711,-7.1847,,-11.6776,-3.6245,,-6.7154,-5.0323,,,QC'd by Prestwick,candidate_step3_property,,C23H25N,315.5,5.5,1,1,7,0
9802,17385337,5459516,CC(=C1[C@H]2C(=C(C1=O)C3=CC=CC=C3)CN4[C@@]2(C(=O)N(C4=O)CCC5=CC=CC=C5)CC6=CC=CC=C6)C,Inactive,0,,,Inactive,,,,,,,,,,4,,3.9772,,,,,13.6491,,,-0.433,,,-5.6507,,,20.123,,,16.7761,,,6.8458,,,3.9772,QC'd by UPCMLD,candidate_step3_property,,C33H30N2O3,502.6,5.4,0,3,6,0
9826,17385336,5459452,CC[C@@H]1C(C(C2CC[C@@H]3[C@@H]4C2=C1CN([C@@]4(COC3OCC5=C(C=C(C=C5)F)C(F)(F)F)C)C(=O)OC(C)(C)C)COC)COC,Inactive,0,,,Inactive,,,,,,,,,,4,,9.9368,,,,,11.4157,,,19.9929,,,13.7794,,,18.1923,,,3.8625,,,17.5377,,,9.9368,QC'd by UPCMLD,candidate_step3_property,,C34H47F4NO6,641.7,5.2,0,10,10,0
9835,26754125,16759265,CCN1C[C@]2(CC[C@@H]([C@@]34C2[C@@H]([C@](C31)([C@]5(C[C@@H]([C@H]6CC4C5[C@H]6OC)OC)O)O)OC)OC)COC(=O)C7=CC=CC=C7N8C(=O)CC(C8=O)C,Inactive,0,,,Inactive,,,,,,,,,,4,,1.6316,,-0.017,5.9619,,15.6771,12.1254,,5.5247,5.476,,16.8747,19.9694,,8.7778,7.3606,,14.3065,17.5744,,19.311,1.5929,,1.6316,QC'd by Timtec,candidate_step3_property,,C37H50N2O10,682.8,1.0,2,11,10,0
9850,26754126,3350516,CC(=O)OC1CCC2(C(C1(C)C)CCC3(C2C(=O)C=C4C3(CCC5(C4CC(CC5)(C)C(=O)OCCN6CCCCC6)C)C)C)C,Inactive,0,,,Inactive,,,,,,,,,,4,,-6.917,,-12.6178,-10.2044,,-3.8423,-16.141,,-14.2065,-2.8951,,-28.477,7.7847,,-24.0574,-15.3022,,-16.2237,-27.5706,,-15.9962,-8.0372,,-6.917,QC'd by Timtec,candidate_step3_property,,C39H61NO5,623.9,8.2,0,6,7,0
9889,850614,653146,CC1=CC2=C(C=C1C)NC(=O)C(=C2)C(C3=NN=NN3CC4CCCO4)N5CCCC6=CC=CC=C65,Inactive,0,,,Inactive,,,,,,,,,,4,,6.3234,,,,,0.0366,,,1.8174,,,14.3739,,,3.6014,,,6.746,,,-14.1171,,,6.3234,QC'd by DPISMR,residual_possible_step4_or_definition_mismatch,,C27H30N6O2,470.6,3.8,1,6,5,0
9895,4254058,3246581,C[C@H]1[C@@H]([C@H](C[C@@H](O1)O[C@H]2C[C@](CC3=C2C(=C4C(=C3O)C(=O)C5=C(C4=N)C(=CC=C5)OC)O)(C(=O)C)O)N)O,Inactive,0,,,Inactive,,,,,,,,,,4,,-18.5398,,5.1938,,,1.1523,,,12.5509,,,0.0907,,,10.8815,,,2.2773,,,-18.5398,,,,QC'd by NCI,candidate_step3_property,,C27H30N2O9,526.5,1.400,6,11,4,0
9915,4254027,,,Inactive,0,,,Inactive,,,,,,,,,,4,,4.8211,,-6.4399,,,6.8833,,,-4.5117,,,-7.3664,,,-13.7886,,,-2.4318,,,4.8211,,,,QC'd by NCI,property_lookup_missing,,,,,,,,
9921,17385314,5459448,C[C@@H]1C(C(C2CC[C@@H]3[C@@H]4C2=C1CN([C@@]4(COC3OCC5=C(C=C(C=C5)F)C(F)(F)F)C)C(=O)OC(C)(C)C)COC(=O)C)COC(=O)C,Inactive,0,,,Activator,6.3096,40,,Partial curve; partial efficacy; poor fit,-5.2,0.2,0.7163,48,8,2.4,0 0 0 0 0 0 0,36.6812,,,,,14.0103,,,16.4968,,,22.0797,,,27.9665,,,20.9575,,,24.7148,,,36.6812,QC'd by UPCMLD,candidate_step3_property,,C35H45F4NO8,683.7,4.7,0,12,11,0
9933,4254028,,,Inactive,0,,,Inactive,,,,,,,,,,4,,-2.4446,,-8.2225,,,9.2899,,,-2.8824,,,-0.8013,,,-4.5443,,,10.8047,,,-2.4446,,,,QC'd by NCI,property_lookup_missing,,,,,,,,
9935,11112588,6604330,C[C@H]1C[C@H]([C@@H]([C@@H](O1)O[C@@H]2[C@@H](C[C@]3(CO3)C(=O)[C@@H]([C@@H]([C@@H]([C@@H](OC(=O)[C@@H]([C@@H]([C@@H]2C)O[C@@H]4C[C@@H]([C@@H]([C@@H](O4)C)O)OC)C)C)C)O)C)C)O)N(C)C,Inactive,0,,,Inactive,,,,,,,,,,4,,-7.2349,,6.3706,-5.9057,,2.579,-5.3556,,-4.3661,-4.7102,,-4.2833,-7.6075,,1.2891,4.1915,,4.7071,20.1846,,-3.2788,-7.2349,,,QC'd by Prestwick,candidate_step3_property,,C35H61NO12,687.9,2.6,3,13,6,0
9943,26754136,3840,C1=C(OC=C(C1=O)O)CO,Inactive,0,,,Inactive,,,,,,,,,,4,,-1.2618,,-7.3562,6.9364,,5.5101,-7.5384,,0.2606,-31.1514,,4.5484,-1.5654,,8.5773,-1.5655,,7.0096,8.0124,,-5.2305,-4.0502,,-1.2618,QC'd by Timtec,candidate_step3_property,,C6H6O4,142.11,-0.9,2,4,1,0
9949,4254029,427265,C1=CC(=CC=C1C2=CC=C(C=C2)C3=NC4=C(C=C(C=C4)Cl)C(=C3)C(=O)O)C5=NC6=C(C=C(C=C6)Cl)C(=C5)C(=O)O,Inactive,0,,,Inactive,,,,,,,,,,4,,4.6257,,2.947,,,8.0019,,,12.3808,,,15.2091,,,11.5618,,,12.1839,,,4.6257,,,,QC'd by NCI,candidate_step3_property,,C32H18Cl2N2O4,565.4,7.7,2,6,5,0
9970,11112586,6604329,C1CCC(CC1)C(C[C@@H]2CCCCN2)C3CCCCC3,Inactive,0,,,Inactive,,,,,,,,,,4,,-3.0884,,-3.3908,4.7788,,-10.9981,-4.9127,,0.7995,7.0536,,3.0885,-4.7049,,-21.8904,-5.8533,,1.4177,4.4745,,6.1132,-3.0884,,,QC'd by Prestwick,candidate_step3_property,,C19H35N,277.5,6.8,1,1,4,0
9972,17385313,5459459,CCCC1=CC2=C(N1CC3=CC=C(C=C3)OC)C(C4C2C(N(C4)C(=O)C5=CC=CC=C5)(C)C(=O)OC)C,Inactive,0,,,Inactive,,,,,,,,,,4,,1.588,,,,,-14.5922,,,-3.3433,,,-10.0751,,,-7.1752,,,3.4934,,,3.2442,,,1.588,QC'd by UPCMLD,candidate_step3_property,,C31H36N2O4,500.6,5.2,0,4,8,0
10000,17385310,5459512,CC1(C2=CC3(C(=O)N(C(=O)N3CC2=C(C1=O)C4=CC=CC=C4)CCC5=CC=CC=C5)CC6=CC=C(C=C6)F)C,Inactive,0,,,Inactive,,,,,,,,,,4,,-8.1324,,,,,-5.574,,,0.3885,,,-6.3615,,,10.5985,,,2.7875,,,-4.7192,,,-8.1324,QC'd by UPCMLD,candidate_step3_property,,C33H29FN2O3,520.6,5.2,0,4,6,0
10007,4238374,3233485,C1C[C@@H](OC1)CN2C3=NC(=NC=C3N=C(C2=O)CCC4=CC=CC=C4)OC5=CC(=CC=C5)Cl,Inactive,0,,,Inactive,,,,,,,,,,4,,19.6976,,,,,13.9374,,,7.0603,,,6.1368,,,6.7354,,,12.601,,,5.9239,,,19.6976,QC'd by Pharmacopeia,residual_possible_step4_or_definition_mismatch,,C25H23ClN4O3,462.9,4.3,0,6,7,0
10029,26754131,304,CC(C)CCCC(C)C1CCC2C1(CCC3C2CC=C4C3(CCC(C4)O)C)C,Inactive,0,,,Inactive,,,,,,,,,,4,,-3.1553,,-1.5889,3.4955,,10.4122,1.4046,,-7.8184,-13.4195,,0.1689,9.593,,-18.5574,-11.573,,12.3736,5.1248,,-8.1745,-6.2474,,-3.1553,QC'd by Timtec,candidate_step3_property,,C27H46O,386.7,8.700,1,1,5,0
10037,4254034,3246569,C1[C@@H]([C@H](N[C@H](N1)N)N)C#N,Inactive,0,,,Inactive,,,,,,,,,,4,,-11.7468,,-14.6162,,,14.1552,,,-2.1828,,,-2.694,,,-1.109,,,-5.7891,,,-11.7468,,,,QC'd by NCI,candidate_step3_property,,C5H11N5,141.18,-2.0,4,5,0,0
10055,11112595,6604334,C[C@@H]1C/C=C\C=C/[C@@H]([C@@H](C[C@@H]([C@H]([C@@H]([C@@H](CC(=O)O1)O)OC)O[C@@H]2[C@H]([C@@H]([C@@H]([C@@H](O2)C)O[C@@H]3C[C@]([C@@H]([C@@H](O3)C)O)(C)O)N(C)C)O)CC=O)C)O[C@H]4CC[C@@H]([C@@H](O4)C)N(C)C,Inactive,0,,,Inactive,,,,,,,,,,4,,-13.1911,,-3.8163,1.219,,-18.1389,-11.1952,,-3.7291,-5.1229,,-9.2229,0.0076,,-1.9081,-1.0356,,-16.0302,-1.78,,8.6266,-13.1911,,,QC'd by Prestwick,candidate_step3_property,,C43H74N2O14,843.1,2.1,4,16,11,0
10064,4254036,3246571,C1=CC=C(C=C1)[P+](CC2=CC=C(C=C2)C3=NC4=NC=NC(=C4N3)N)(C5=CC=CC=C5)C6=CC=CC=C6,Inactive,0,,,Inactive,,,,,,,,,,4,,-3.7606,,14.0766,,,3.4792,,,-6.8095,,,5.1157,,,13.4273,,,-5.133,,,-3.7606,,,,QC'd by NCI,candidate_step3_property,,C30H25N5P+,486.5,6.500,2,4,6,1
10074,11112596,6560141,CC1=C(C2=C(CC[C@@](O2)(C)CCC[C@@H](C)CCC[C@@H](C)CCCC(C)C)C(=C1O)C)C,Inactive,0,,,Inactive,,,,,,,,,,4,,3.4493,,2.5112,5.0042,,-1.1322,9.0353,,3.8594,1.5063,,-2.6114,5.0532,,4.7364,4.6807,,10.6446,9.2706,,-0.3923,3.4493,,,QC'd by Prestwick,candidate_step3_property,,C29H50O2,430.7,10.7,1,2,12,0
10076,4254037,311389,CSC1=CC=CC(=C1)NC(=O)OC2CCCCCCCCCCC2,Inactive,0,,,Inactive,,,,,,,,,,4,,5.4026,,7.1959,,,4.348,,,-0.8935,,,1.4354,,,6.4583,,,6.606,,,5.4026,,,,QC'd by NCI,candidate_step3_property,,C20H31NO2S,349.5,7.1,1,3,4,0
10080,17385320,5459513,CC1(C2=CC3(C(=O)N(C(=O)N3CC2=C(C1=O)C4=CC=CC=C4)CCC5=CC=CC=C5)CC6=CC=C(C=C6)C(F)(F)F)C,Inactive,0,,,Inactive,,,,,,,,,,4,,2.5797,,,,,-2.3872,,,-2.1643,,,10.0273,,,10.8776,,,-3.3427,,,18.7348,,,2.5797,QC'd by UPCMLD,candidate_step3_property,,C34H29F3N2O3,570.6,6.0,0,6,6,0
10097,4242922,3237714,COC1=C(C=C(C=C1)C2=CC(=NC(=N2)N3CCN(CC3)C4=CC=CC=C4)C(F)(F)F)OC,Inactive,0,,,Inactive,,,,,,,,,,4,,0.3361,,,,,0.7169,,,9.6911,,,5.9521,,,10.4772,,,-2.2003,,,-0.4035,,,0.3361,QC'd by DPISMR,residual_possible_step4_or_definition_mismatch,,C23H23F3N4O2,444.4,4.8,0,9,5,0
10110,11112594,6604333,C[C@H]1C/C=C\C=C/C=C\C=C[C@H](C[C@H]2[C@@H]([C@@H](C[C@](O2)(C[C@H](C[C@@H]3[C@H](O3)/C=C\C(=O)O1)O)O)O)C(=O)O)O[C@@H]4[C@H]([C@@H]([C@@H]([C@@H](O4)C)O)N)O,Inactive,0,,,Inactive,,,,,,,,,,4,,-5.3681,,-1.644,0.1102,,5.548,9.272,,-12.9318,-15.4528,,-5.8241,-2.1072,,7.5289,-1.8248,,-0.1768,9.5324,,-5.6215,-5.3681,,,QC'd by Prestwick,candidate_step3_property,,C33H47NO13,665.7,-1.3,7,14,3,0
10135,17385319,5459449,C[C@@H]1C2COC(=O)OCC2C3CC[C@@H]4[C@@H]5C3=C1CN([C@@]5(COC4OCC6=C(C=C(C=C6)F)C(F)(F)F)C)C(=O)OC(C)(C)C,Inactive,0,,,Inactive,,,,,,,,,,4,,-20.4557,,,,,5.0154,,,11.6358,,,-12.7559,,,-1.5092,,,-14.8353,,,-11.4534,,,-20.4557,QC'd by UPCMLD,candidate_step3_property,,C32H39F4NO7,625.6,5.0,0,11,5,0
10148,4254041,,,Inactive,0,,,Inactive,,,,,,,,,,4,,0.8035,,-16.3184,,,4.6057,,,2.7896,,,5.8806,,,-10.8914,,,-9.3286,,,0.8035,,,,QC'd by NCI,property_lookup_missing,,,,,,,,
10193,4254150,432523,CC(=O)C=NCC(=O)O,Inactive,0,,,Inactive,,,,,,,,,,4,,1.4842,,-5.3053,,,16.3688,,,19.9,,,8.5101,,,10.4158,,,12.0758,,,1.4842,,,,QC'd by NCI,candidate_step3_property,,C5H7NO3,129.11,-0.5,1,4,3,0
10230,7974428,1326706,C1CCN(CC1)C2=NC(=NC(=N2)SC3=CC=CC=N3)N4CCCCC4,Inactive,0,,,Inactive,,,,,,,,,,4,,11.6999,,,,,-4.2092,,,-4.0754,,,-13.8007,,,-4.3251,,,-19.6931,,,7.944,,,11.6999,QC'd by DPISMR,residual_possible_step4_or_definition_mismatch,,C18H24N6S,356.5,4.2,0,7,4,0
10234,17385359,5461320,C[C@]1(C[C@H]1[C@@H](C2=CC=CC=C2)NC(=O)[C@@]3(C[C@H]3[C@@H](C4=CC=CC=C4)NC(=O)[C@@]5(C[C@H]5[C@@H](C6=CC=CC=C6)NC(=O)[C@@]7(C[C@H]7[C@@H](C8=CC=CC=C8)NC(=O)OCC9=CC=CC=C9)C)C)C)C(=O)NC,Inactive,0,,,Inactive,,,,,,,,,,4,,6.7422,,,,,3.4799,,,-6.3116,,,12.2707,,,8.0179,,,3.3315,,,9.4971,,,6.7422,QC'd by UPCMLD,candidate_step3_property,,C57H63N5O6,914.1,7.7,5,6,19,0
10242,4254147,328931,CC1=C(C=CC(=C1)Cl)NC2=C(C(=C(S2)C(=O)C3=CC4=C(O3)C=CC(=C4)Cl)N)C#N,Inactive,0,,,Inactive,,,,,,,,,,4,,-8.6485,,5.0973,,,2.8996,,,-1.4327,,,6.4477,,,-0.9312,,,1.3284,,,-8.6485,,,,QC'd by NCI,candidate_step3_property,,C21H13Cl2N3O2S,442.3,7.7,2,6,4,0
10266,11112701,6604381,CC(C)(C)CC(C)(C)C1=CC(=C(C=C1)OCOCCOCCO)CC2=CC(=CC(=C2OCOCCOCCO)CC3=C(C=CC(=C3)C(C)(C)CC(C)(C)C)OCOCCOCCO)C(C)(C)CC(C)(C)C,Inactive,0,,,Inactive,,,,,,,,,,4,,29.0532,,19.508,36.4309,,19.0883,30.522,,29.0433,20.4009,,27.1319,29.1049,,31.3031,25.5242,,28.7208,34.8455,,27.3205,29.0532,,,QC'd by Prestwick,candidate_step3_property,,C59H96O12,997.4,13.2,3,12,37,0
10273,4254144,3246616,CN1CCC2=CC=CC=C2[C@@H]1CC3=CC=CC=C3NC(=O)C4=C(C5=CC=CC=C5S4)Cl,Inactive,0,,,Activator,0.0032,31,,Complete curve; partial efficacy,-8.5,2.5884,0.859,35,4,1.2,0 0 0 0 0 0 0,38.0018,,4.8967,,,22.2404,,,35.1437,,,36.3482,,,39.3757,,,25.0116,,,38.0018,,,,QC'd by NCI,candidate_step3_property,,C26H23ClN2OS,447.0,6.6,1,3,4,0
10282,17385361,5461322,C[C@]1(C[C@H]1CCO[Si](C2=CC=CC=C2)(C3=CC=CC=C3)C(C)(C)C)[C@H](C4=CC=CC=C4)NP(=O)(C5=CC=CC=C5)C6=CC=CC=C6,Inactive,0,,,Inactive,,,,,,,,,,4,,-9.6585,,,,,-3.4349,,,13.8175,,,-2.6741,,,22.6728,,,7.5768,,,12.8236,,,-9.6585,QC'd by UPCMLD,candidate_step1_inorganic,Si,C41H46NO2PSi,643.9,,1,3,13,0
10285,11112700,4135,CC1=C(C=CC(=C1)C(C)(C)CC(C)(C)C)OCCOCC[N+](C)(C)CC2=CC=CC=C2,Inactive,0,,,Inactive,,,,,,,,,,4,,-3.7148,,3.1834,8.0599,,2.0554,-4.3043,,-1.2475,-3.123,,-2.2277,-3.2525,,1.3645,10.4853,,2.7417,-8.8881,,5.2025,-3.7148,,,QC'd by Prestwick,candidate_step3_property,,C28H44NO2+,426.7,7.1,0,2,12,1
10288,4254145,3246617,C1=CC=C2C(=C1)N3C=CC=C3[C@H](N2C(=S)NC4=CC(=CC(=C4)C(F)(F)F)C(F)(F)F)C5=CN=CC=C5,Inactive,0,,,Inactive,,,,,,,,,,4,,-13.3453,,20.9493,,,21.1354,,,19.8806,,,18.8477,,,11.4723,,,5.8725,,,-13.3453,,,,QC'd by NCI,candidate_step3_property,,C25H16F6N4S,518.5,5.7,1,8,2,0
10307,11112703,6604383,C1[C@@H]([C@H]([C@H]([C@@H]([C@@H]1N)O[C@@H]2[C@H]([C@@H]([C@@H]([C@@H](O2)CN)O)O)O)O)O[C@H]3[C@H]([C@H]([C@@H]([C@H](O3)CO)O)N)O)N,Inactive,0,,,Inactive,,,,,,,,,,4,,-8.017,,2.4616,1.582,,-7.7406,-11.0804,,-5.9556,-2.5249,,-14.1592,-11.7464,,-4.4556,7.9593,,7.5067,-7.5741,,-0.7914,-8.017,,,QC'd by Prestwick,candidate_step3_property,,C18H36N4O11,484.5,-6.9,11,15,6,0
10313,4254142,115119,C(C[Se][Se]CCN)N,Inactive,0,,,Inactive,,,,,,,,,,4,,-5.2126,,24.4107,,,8.7116,,,-6.7775,,,-3.2008,,,5.7675,,,1.0372,,,-5.2126,,,,QC'd by NCI,candidate_step1_inorganic,Se,C4H12N2Se2,246.09,,2,2,5,0
10318,17385363,5461324,C[C@@]1(C[C@@H]1[C@H](C2=CC=CC=C2)NC(=O)[C@]3(C[C@@H]3[C@H](C4=CC=CC=C4)NC(=O)OCC5=CC=CC=C5)C)C(=O)N[C@H]([C@H]6C[C@]6(C)C(=O)N[C@H]([C@H]7C[C@]7(C)C(=O)OC)C8=CC=CC=C8)C9=CC=CC=C9,Inactive,0,,,Inactive,,,,,,,,,,4,,-0.0214,,,,,-7.7999,,,-10.2597,,,-3.4658,,,-2.4117,,,11.8406,,,-10.7194,,,-0.0214,QC'd by UPCMLD,candidate_step3_property,,C57H62N4O7,915.1,8.3,4,7,20,0
10322,11112702,6604382,C[C@H]1[C@H]([C@H](C[C@H](O1)O[C@@H]2C[C@](CC3=C2C(=C4C(=C3O)C(=O)C5=C(C4=O)C(=CC=C5)OC)O)(C(=O)CO)O)N)O,Inactive,0,,,Inactive,,,,,,,,,,4,,-16.2678,,12.3279,6.5595,,22.6952,15.2516,,-0.8205,6.5476,,18.2349,11.7022,,10.8697,0.1551,,5.1798,4.8385,,-2.6539,-16.2678,,,QC'd by Prestwick,candidate_step3_property,,C27H29NO11,543.5,1.300,6,12,5,0
10383,4254155,3246619,C1CCC(CC1)P(=S)(C2CCCCC2)[C@H](C3=CN=CC=C3)N4CCCC4,Inactive,0,,,Inactive,,,,,,,,,,4,,11.4649,,1.4038,,,1.8865,,,3.188,,,1.9619,,,-4.3419,,,0.2206,,,11.4649,,,,QC'd by NCI,candidate_step3_property,,C22H35N2PS,390.6,5.8,0,3,5,0
10391,11112707,6604384,C[C@@H](C(=O)N[C@@H](CC(C)C)[C@@H](CC(=O)O)O)NC(=O)C[C@H]([C@H](CC(C)C)NC(=O)[C@H](C(C)C)NC(=O)[C@H](C(C)C)NC(=O)CC(C)C)O,Inactive,0,,,Inactive,,,,,,,,,,4,,5.5199,,24.4014,9.7625,,3.2088,27.4022,,9.8547,18.5302,,13.6941,12.0075,,30.462,19.9958,,18.9288,23.2712,,19.789,5.5199,,,QC'd by Prestwick,candidate_step3_property,,C34H63N5O9,685.9,3.0,8,9,22,0
10434,17385372,5461338,CCCC/C(=C/[C@H](C1=CC=CC=C1)NP(=O)(C2=CC=CC=C2)C3=CC=CC=C3)/C,Inactive,0,,,Inactive,,,,,,,,,,4,,-26.3511,,,,,5.9279,,,-3.7022,,,-3.0967,,,0.1575,,,6.2683,,,2.5973,,,-26.3511,QC'd by UPCMLD,candidate_step3_property,,C26H30NOP,403.5,7.0,1,2,9,0
10456,11112711,6604385,C1=CC(=C(C(=C1)Cl)CO[C@@H](CN2C=CN=C2)C3=C(C=C(C=C3)Cl)Cl)Cl,Inactive,0,,,Inactive,,,,,,,,,,4,,-5.7715,,2.7843,20.5408,,18.1479,19.1268,,6.1595,9.4849,,11.0071,15.2834,,4.0373,6.916,,12.1539,-4.0403,,8.1294,-5.7715,,,QC'd by Prestwick,candidate_step3_property,,C18H14Cl4N2O,416.1,5.300,0,2,6,0
10461,4254132,6713880,C1CCN[C@@H](C1)[C@H](C2=CC(=NC3=C2C=C(C=C3Cl)Cl)[C@@]45C[C@H]6CC[C@@H]4C[C@H](C6)C5)O,Inactive,0,,,Inactive,,,,,,,,,,4,,5.2591,,-0.1236,,,-17.051,,,5.741,,,-12.4307,,,-6.0549,,,-4.1351,,,5.2591,,,,QC'd by NCI,candidate_step3_property,,C25H30Cl2N2O,445.4,6.1,2,3,3,0
10464,26750086,5281365,CC(=CCC/C(=C/CC/C(=C/CC/C(=C/CO)/C)/C)/C)C,Inactive,0,,,Inactive,,,,,,,,,,4,,4.6054,,,,,33.3258,,,3.245,,,6.2976,,,8.3573,,,12.2904,,,11.9224,,,4.6054,QC'd by Microsource,candidate_step3_property,,C20H34O,290.5,6.6,1,1,10,0
10469,11112680,4189,C1=CC(=C(C=C1Cl)Cl)COC(CN2C=CN=C2)C3=C(C=C(C=C3)Cl)Cl,Inactive,0,,,Inactive,,,,,,,,,,4,,13.2489,,22.2447,7.6394,,7.0407,12.6653,,16.7146,15.7846,,8.0345,4.7029,,2.6405,20.0626,,9.7378,-7.2912,,1.6258,13.2489,,,QC'd by Prestwick,candidate_step3_property,,C18H14Cl4N2O,416.1,5.300,0,2,6,0
10511,17385342,5459515,CC1(C2=CC3(C(=O)N(C(=O)N3CC2=C(C1=O)C4=CC=CC=C4)CCC5=CC=CC=C5)CC6=CC=CC=C6)C,Inactive,0,,,Inactive,,,,,,,,,,4,,7.6383,,,,,-2.3784,,,13.1347,,,7.39,,,15.0065,,,-12.786,,,-1.5253,,,7.6383,QC'd by UPCMLD,candidate_step3_property,,C33H30N2O3,502.6,5.1,0,3,6,0
10521,26750087,1550607,CC(=CCC/C(=C/COC1=CC2=C(C=C1)C=CC(=O)O2)/C)C,Inactive,0,,,Activator,39.8107,62.5907,,Partial curve; partial efficacy; poor fit,-4.4,3.0654,0.5303,68.1398,5.5492,2.4,0 0 0 1 0 0 0,53.113,,,,,34.9359,,,-19.0734,,,9.19,,,34.131,,,7.7201,,,6.5841,,,53.113,QC'd by Microsource,candidate_step3_property,,C19H22O3,298.4,5.300,0,3,6,0
10528,17385343,5461299,CCCC/C=C/[C@H](C1=CC=CC=C1OC)NP(=O)(C2=CC=CC=C2)C3=CC=CC=C3,Inactive,0,,,Inactive,,,,,,,,,,4,,-12.0228,,,,,-17.8172,,,6.3615,,,-1.4382,,,10.6268,,,5.4883,,,7.4173,,,-12.0228,QC'd by UPCMLD,candidate_step3_property,,C26H30NO2P,419.5,6.3,1,3,10,0
10534,846596,648986,CC1=C2C(=CC=C1)C=C(C(=O)N2)CN(CC3=CC=C(C=C3)F)CC4=NN=NN4C5CCCC5,Inactive,0,,,Inactive,,,,,,,,,,4,,23.5551,,,,,15.4433,,,29.9643,,,15.3204,,,14.4204,,,12.5713,,,26.5849,,,23.5551,QC'd by DPISMR,residual_possible_step4_or_definition_mismatch,,C25H27FN6O,446.5,3.5,1,6,7,0
10539,17385345,5461301,C[C@]1(C[C@H]1C=C)[C@H](C2=CC=CC=C2)NP(=O)(C3=CC=CC=C3)C4=CC=CC=C4,Inactive,0,,,Inactive,,,,,,,,,,4,,-5.7536,,,,,-4.5712,,,3.5734,,,-0.7983,,,8.496,,,-7.2913,,,2.1862,,,-5.7536,QC'd by UPCMLD,candidate_step3_property,,C25H26NOP,387.5,5.5,1,2,7,0
10552,17385344,5461300,CCCC[C@@H]1C[C@H]1[C@H](C2=CC=CC=C2OC)NP(=O)(C3=CC=CC=C3)C4=CC=CC=C4,Inactive,0,,,Inactive,,,,,,,,,,4,,-20.5803,,,,,2.3632,,,-8.301,,,0.4128,,,14.7029,,,2.5789,,,6.7272,,,-20.5803,QC'd by UPCMLD,candidate_step3_property,,C27H32NO2P,433.5,6.6,1,3,10,0
10577,4249584,3243516,CCN(CC)CCCNC(CC(=O)O)C(=O)O,Inactive,0,,,Inactive,,,,,,,,,,4,,9.4975,,,,,-1.9981,,,-1.829,,,7.8566,,,0.5847,,,21.0048,,,15.7314,,,9.4975,QC'd by DPISMR,candidate_step3_property,,C11H22N2O4,246.30,-4.5,3,6,10,0
10596,11112687,4912,CC(C)(C)C1=CC(=CC(=C1O)C(C)(C)C)SC(C)(C)SC2=CC(=C(C(=C2)C(C)(C)C)O)C(C)(C)C,Inactive,0,,,Inactive,,,,,,,,,,4,,-3.5998,,-0.5388,-0.8849,,0.2863,-5.7181,,-6.9411,-5.0947,,10.4018,-3.7277,,-8.4221,-3.8032,,2.1968,13.2745,,6.2684,-3.5998,,,QC'd by Prestwick,candidate_step3_property,,C31H48O2S2,516.8,11.3,2,4,8,0
10623,4254140,3246614,C[C@@H]1[C@H]([C@@H](C[C@@H](O1)O[C@@H]2C[C@@](CC3=C2C(=C4C(=C3O)C(=O)C5=C(C4=O)C(=CC=C5)OC)O)(C(=O)CO)O)N)O.[W],Inactive,0,,,Inactive,,,,,,,,,,4,,-10.3467,,-23.3177,,,-11.0354,,,-1.1647,,,3.0231,,,17.7652,,,-8.6209,,,-10.3467,,,,QC'd by NCI,candidate_step1_inorganic,W,C27H29NO11W,727.4,,6,12,5,0
10633,11112689,6604373,C[C@H]1[C@H]([C@H](C[C@H](O1)O[C@@H]2C[C@](CC3=C2C(=C4C(=C3O)C(=O)C5=C(C4=O)C(=CC=C5)OC)O)(C(=O)C)O)N)O,Inactive,0,,,Inactive,,,,,,,,,,4,,-0.0637,,14.965,4.5605,,-5.7483,4.1676,,4.5862,13.5225,,-2.7219,2.578,,6.4896,14.5491,,1.5783,12.5561,,-5.0932,-0.0637,,,QC'd by Prestwick,candidate_step3_property,,C27H29NO10,527.5,1.800,5,11,4,0
10647,26750093,16758201,CN1CCC2=CC(=C3C=C2C1CC4=CC=C(C=C4)OC5=C6C(CC7=CC(=C(C=C7)O)O3)[N+](CCC6=CC(=C5O)OC)(C)C)OC.[Cl-],Inactive,0,,,Inactive,,,,,,,,,,4,,-9.3425,,,,,21.1043,,,11.6835,,,16.8189,,,24.3204,,,8.3152,,,22.9554,,,-9.3425,QC'd by Microsource,property_value_missing,,C37H41ClN2O6,645.2,,2,8,2,0
10652,4249596,3243528,CC1CCN(CC1)C2=NC(=CC(=N2)C(F)F)C3=CC=C(C=C3)C,Inactive,0,,,Inactive,,,,,,,,,,4,,27.0202,,,,,-22.2851,,,-8.8919,,,-30.3172,,,-29.2551,,,-30.6886,,,-14.3749,,,27.0202,QC'd by DPISMR,residual_possible_step4_or_definition_mismatch,,C18H21F2N3,317.4,4.6,0,5,3,0
10666,17385351,5461309,CCC[C@@H]1C[C@@]1(CCC)[C@H](C2=CC=C(C=C2)C(=O)OC)NP(=O)(C3=CC=CC=C3)C4=CC=CC=C4,Inactive,0,,,Inactive,,,,,,,,,,4,,13.9232,,,,,14.809,,,-3.049,,,20.9179,,,15.341,,,5.0887,,,20.9033,,,13.9232,QC'd by UPCMLD,candidate_step3_property,,C30H36NO3P,489.6,7.2,1,4,12,0
10683,17385352,5461310,CCC[C@@H]1C[C@@]1(CCC)[C@H](C2=CC=C(C=C2)C(=O)OC)NC(=O)C3=CC=CC=C3,Inactive,0,,,Inactive,,,,,,,,,,4,,23.2942,,,,,5.1667,,,3.0576,,,24.791,,,-1.4596,,,9.5935,,,23.7108,,,23.2942,QC'd by UPCMLD,candidate_step3_property,,C25H31NO3,393.5,6.1,1,3,10,0
10688,26750098,5280489,CC1=C(C(CCC1)(C)C)/C=C/C(=C/C=C/C(=C/C=C/C=C(/C=C/C=C(/C=C/C2=C(CCCC2(C)C)C)\C)\C)/C)/C,Inactive,0,,,Inactive,,,,,,,,,,4,,14.6,,,,,-12.9402,,,-30.7836,,,-5.903,,,10.2045,,,9.6522,,,-7.1504,,,14.6,QC'd by Microsource,candidate_step3_property,,C40H56,536.9,13.500,0,0,10,0
10699,864493,665737,CC(C)SC1=NC2=C(C3=C(S2)CCCC3)C4=NN=C(N41)SCC(=O)NCC5=CC=CO5,Inactive,0,,,Inactive,,,,,,,,,,4,,-4.9039,,,,,-16.2966,,,-4.7663,,,-4.2065,,,-3.9699,,,7.4006,,,-11.732,,,-4.9039,QC'd by DPISMR,candidate_step3_property,,C21H23N5O2S3,473.6,5.5,1,8,7,0
10700,17385353,5461312,CCC[C@@H]1C[C@@]1(CCC)[C@H](C2=CC=C(C=C2)C(=O)OC)NC(=O)OC3=CC=CC=C3,Inactive,0,,,Inactive,,,,,,,,,,4,,5.2473,,,,,-6.1897,,,-9.8695,,,1.961,,,-0.6022,,,-17.0912,,,8.4843,,,5.2473,QC'd by UPCMLD,candidate_step3_property,,C25H31NO4,409.5,6.4,1,4,11,0
10702,4254136,3959287,CC1=CC(=C(C=C1)NC(=[OH+])C2=CC3=CC=CC=C3C=C2O)C.CC1=CC(=C(C=C1)NC(=[OH+])C2=CC3=CC=CC=C3C=C2O)C.[Ni],Inactive,0,,,Inactive,,,,,,,,,,4,,11.1864,,25.4563,,,5.4037,,,4.4347,,,8.8624,,,-24.8622,,,-34.927,,,11.1864,,,,QC'd by NCI,candidate_step1_inorganic,Ni,C38H36N2NiO4+2,643.4,,6,2,2,2
10709,4254137,135454079,CC1=NN(C(=C1N=NC2=C(C=C(C=C2)C3=CC(=C(C=C3)N=NC4=C(C5=C(C=C4)C(=CC(=C5N)S(=O)(=O)O)S(=O)(=O)O)O)O)O)O)C6=CC=C(C=C6)S(=O)(=O)O.[Cu].[Cu],Inactive,0,,,Inactive,,,,,,,,,,4,,-24.6569,,-37.2483,,,4.3124,,,-4.3181,,,-9.4424,,,-5.8568,,,-21.1484,,,-24.6569,,,,QC'd by NCI,candidate_step1_inorganic,Cu,C32H25Cu2N7O13S3,938.9,,8,19,5,0
10733,4254134,5771673,CC1=CC(=C2C(=C1)C(=C3CC/C(=C/C4=CC=C(C=C4)Cl)/C3=N2)[C@@H]([C@@H]5CCCCN5)O)C,Inactive,0,,,Inactive,,,,,,,,,,4,,2.2127,,-26.4234,,,-2.8016,,,-0.0845,,,-10.0841,,,-2.7709,,,10.6565,,,2.2127,,,,QC'd by NCI,candidate_step3_property,,C27H29ClN2O,433.0,5.4,2,3,3,0
10772,26750070,114832,C(=NN)(N)N.OS(=O)(=O)O,Inactive,0,,,Inactive,,,,,,,,,,4,,-14.2834,,,,,28.4292,,,-1.7134,,,10.0448,,,29.3998,,,-5.8459,,,9.4943,,,-14.2834,QC'd by Microsource,property_value_missing,,CH8N4O4S,172.17,,5,6,0,0
10776,850558,653084,CC1=CC2=C(C=C1C)NC(=O)C(=C2)CN(CC3=CC4=C(C=C3)OCO4)C(=O)C5=CC=CO5,Inactive,0,,,Inactive,,,,,,,,,,4,,-17.8234,,,,,16.7168,,,4.9302,,,1.7678,,,7.6343,,,-5.3189,,,4.9902,,,-17.8234,QC'd by DPISMR,residual_possible_step4_or_definition_mismatch,,C25H22N2O5,430.5,3.7,1,5,5,0
10842,4254110,,,Inactive,0,,,Inactive,,,,,,,,,,4,,14.2448,,-9.7311,,,14.759,,,-0.2894,,,2.8924,,,7.9056,,,15.7466,,,14.2448,,,,QC'd by NCI,property_lookup_missing,,,,,,,,
10867,17385396,5459535,C[C@H](/C=C/C(C1=CC=C(C=C1)C(=O)OC)NC(=O)OCC2=CC=CC=C2)C(=O)N(C)CC3=CC=CC=C3,Inactive,0,,,Inactive,,,,,,,,,,4,,4.4892,,,,,-3.8961,,,16.7893,,,4.0373,,,-0.1905,,,-6.1145,,,-1.8404,,,4.4892,QC'd by UPCMLD,candidate_step3_property,,C30H32N2O5,500.6,5.0,1,5,12,0
10883,4254113,16684736,C1=CC=NC(=C1)/C=N/[N-]C(=S=[Fe])N.OS(=O)(=O)O,Inactive,0,,,Inactive,,,,,,,,,,4,,-9.8363,,-16.7917,,,5.8039,,,4.8726,,,-6.9571,,,11.1068,,,4.1563,,,-9.8363,,,,QC'd by NCI,candidate_step1_inorganic,Fe,C7H9FeN4O4S2-,333.2,,3,8,0,-1
10915,26750078,4432690,CC1C(C(C(C(O1)OC2C(OC(C(C2O)O)OC3C(OC(C(C3O)O)O)CO)CO)O)O)NC4C=C(C(C(C4O)O)O)CO,Inactive,0,,,Inactive,,,,,,,,,,4,,2.1868,,,,,-6.6642,,,-3.03,,,-4.8946,,,0.93,,,-16.4649,,,-2.0107,,,2.1868,QC'd by Microsource,candidate_step3_property,,C25H43NO18,645.6,-8.5,14,19,9,0
10918,17385401,5459542,C[C@H](/C=C(\C)/C(C1=CC=C(C=C1)C(=O)OC)NC(=O)OCC2=CC=CC=C2)C(=O)NCC3=CC(=CC(=C3)F)F,Inactive,0,,,Inactive,,,,,,,,,,4,,17.0038,,,,,16.0971,,,31.1357,,,5.2751,,,23.8192,,,5.7708,,,8.8087,,,17.0038,QC'd by UPCMLD,candidate_step3_property,,C30H30F2N2O5,536.6,5.6,2,7,12,0
10973,17385398,5459539,C[C@H](/C=C(\C)/C(C1=CC=C(C=C1)C(=O)OC)NC(=O)OCC2=CC=CC=C2)C(=O)NC3CCCCC3,Inactive,0,,,Inactive,,,,,,,,,,4,,-5.6496,,,,,13.333,,,34.9912,,,5.0093,,,6.5494,,,-4.6314,,,-7.1745,,,-5.6496,QC'd by UPCMLD,candidate_step3_property,,C29H36N2O5,492.6,5.7,2,5,11,0
11003,17385404,5459545,C[C@H](/C=C(\C)/C(C1=CC=C(C=C1)C(=O)OC)NC(=O)OCC2=CC=CC=C2)C(=O)NCC3=NC4=CC=CC=C4S3,Inactive,0,,,Inactive,,,,,,,,,,4,,2.316,,,,,9.5377,,,7.0996,,,10.0171,,,20.5334,,,7.2959,,,7.0377,,,2.316,QC'd by UPCMLD,candidate_step3_property,,C31H31N3O5S,557.7,5.9,2,7,12,0
11023,17385403,5459544,CC1=NN(N=C1CNC(=O)[C@H](C)/C=C(\C)/C(C2=CC=C(C=C2)C(=O)OC)NC(=O)OCC3=CC=CC=C3)C4=CC=CC=C4,Inactive,0,,,Inactive,,,,,,,,,,4,,-18.8827,,,,,-7.4917,,,7.7889,,,2.6872,,,12.1121,,,2.2809,,,11.4408,,,-18.8827,QC'd by UPCMLD,candidate_step3_property,,C33H35N5O5,581.7,5.8,2,7,13,0
11026,26750080,16758194,C1[C@@H]([C@H](C(C(C1N)O[C@H]2C(C(C(C(O2)CN)O)O)N)O)O[C@@H]3C(C(C(C(O3)CO)O)N)O)N,Inactive,0,,,Inactive,,,,,,,,,,4,,2.1423,,,,,9.46,,,-8.4631,,,-2.4223,,,6.5511,,,-2.0185,,,-0.4318,,,2.1423,QC'd by Microsource,candidate_step3_property,,C18H37N5O10,483.5,-7.2,11,15,6,0
11031,4258630,1313460,CN1C(=NN=C1SCC(=O)N(C2CCCCC2)C3CCCCC3)C4=CC=CS4,Inactive,0,,,Inactive,,,,,,,,,,4,,-21.9381,,,,,-22.0268,,,3.1042,,,0.0792,,,-18.4042,,,-7.9676,,,-17.3873,,,-21.9381,QC'd by DPISMR,residual_possible_step4_or_definition_mismatch,,C21H30N4OS2,418.6,4.8,0,5,6,0
11042,846572,648964,CC1=C2C(=CC=C1)C=C(C(=O)N2)CN(CC3=CC=CS3)C(C4=NN=NN4C5CCCC5)C(C)C,Inactive,0,,,Inactive,,,,,,,,,,4,,-6.3994,,,,,7.6527,,,-29.8276,,,-4.4816,,,-7.3398,,,0.3042,,,-0.5897,,,-6.3994,QC'd by DPISMR,residual_possible_step4_or_definition_mismatch,,C26H32N6OS,476.6,4.5,1,6,8,0
11051,26754062,9547713,C1CC1CNC(=O)N,Inactive,0,,,Inactive,,,,,,,,,,4,,13.0155,,,,,13.9679,,,46.017,,,3.4811,,,13.8868,,,3.3781,,,3.0881,,,13.0155,QC'd by UPCMLD,candidate_step3_property,,C5H10N2O,114.15,-0.3,2,1,2,0
11054,11112676,6604368,CCCC[C@H](CC)CN=C(N)NC(=NCCCCCCN=C(N)NC(=NC[C@@H](CC)CCCC)N)N,Inactive,0,,,Inactive,,,,,,,,,,4,,-42.4484,,-6.7481,-14.302,,0.3908,-16.7696,,-22.0711,-0.3714,,-1.7359,-15.8783,,-0.8632,-1.5123,,-4.2211,-23.5297,,-13.8464,-42.4484,,,QC'd by Prestwick,candidate_step3_property,,C26H56N10,508.8,4.3,6,4,23,0
11076,26750054,1639,C1=NNC(=N1)N,Inactive,0,,,Inactive,,,,,,,,,,4,,0.1346,,,,,17.8733,,,-6.0602,,,-24.0213,,,32.1745,,,4.5234,,,2.3376,,,0.1346,QC'd by Microsource,candidate_step3_property,,C2H4N4,84.08,-0.400,2,3,0,0
11081,4254098,3246598,CC1CCN(CC1)CC[S-].O.O.Cl[Pt],Inactive,0,,,Inactive,,,,,,,,,,4,,-15.7913,,-13.3208,,,-15.4543,,,-2.396,,,0.1952,,,-1.0719,,,-12.0918,,,-15.7913,,,,QC'd by NCI,candidate_step1_inorganic,Pt,C8H20ClNO2PtS-,424.85,,2,4,2,-1
11109,17385373,5461339,C/C(=C\[C@H](C1=CC=CC=C1)NP(=O)(C2=CC=CC=C2)C3=CC=CC=C3)/CO[Si](C4=CC=CC=C4)(C5=CC=CC=C5)C(C)(C)C,Inactive,0,,,Inactive,,,,,,,,,,4,,16.8291,,,,,-4.2126,,,52.1967,,,10.8525,,,15.5249,,,7.4053,,,8.8389,,,16.8291,QC'd by UPCMLD,candidate_step1_inorganic,Si,C39H42NO2PSi,615.8,,1,3,12,0
11114,11112648,11972597,C[C@@]1(C[C@H]([C@@]2([C@H]1[C@@H](OC=C2)O[C@@H]3[C@H]([C@@H]([C@@H]([C@@H](O3)CO)O)O)O)O)O)OC(=O)/C=C\C4=CC=CC=C4,Inactive,0,,,Inactive,,,,,,,,,,4,,-17.7309,,7.515,-18.8562,,6.4638,4.1372,,-7.509,-12.6112,,-22.1697,-1.1516,,-5.7702,1.4111,,1.9897,17.8581,,-19.6962,-17.7309,,,QC'd by Prestwick,candidate_step3_property,,C24H30O11,494.5,-0.6,6,11,7,0
11119,4254100,3246599,C[C@@H]1C2=C(C[C@@H](O1)CC(=O)O)C(=O)C3=C(C2=O)C(=O)C=C(C3=O)C4=CC(=C5C(=C4O)C(=C6C[C@@H](O[C@@H](C6=C5O)C)CC(=O)O)O)O,Inactive,0,,,Inactive,,,,,,,,,,4,,-12.0132,,16.7132,,,12.3898,,,4.2916,,,-1.6426,,,0.5755,,,8.4961,,,-12.0132,,,,QC'd by NCI,candidate_step3_property,,C32H26O14,634.5,1.9,6,14,5,0
11127,844994,647332,CC1=CC(=C2C(=C1)C=C(C(=O)N2)CN(CC3=NN=NN3C4CCCC4)C5CCCCC5)C,Inactive,0,,,Inactive,,,,,,,,,,4,,-2.1953,,,,,2.0898,,,2.793,,,0.7904,,,13.7581,,,10.0255,,,11.08,,,-2.1953,QC'd by DPISMR,residual_possible_step4_or_definition_mismatch,,C25H34N6O,434.6,4.1,1,5,6,0
11145,3713024,2377862,CC1=CC=CC=C1N2C(=NN=C2SCC3=C(ON=C3C)C)C4=CNC5=CC=CC=C54,Inactive,0,,,Inactive,,,,,,,,,,4,,-0.0353,,,,,-2.0236,,,1.9918,,,-3.1332,,,7.5921,,,4.6607,,,12.3089,,,-0.0353,QC'd by DPISMR,residual_possible_step4_or_definition_mismatch,,C23H21N5OS,415.5,4.8,1,5,5,0
11171,7966584,1520392,C1=CC=C(C=C1)C2=NOC(=N2)CSC3=NC4=CC=CC=C4C(=O)N3C5=CC=C(C=C5)F,Inactive,0,,,Inactive,,,,,,,,,,4,,-9.9298,,,,,6.3463,,,5.4495,,,6.8985,,,20.3074,,,-0.3936,,,-10.585,,,-9.9298,QC'd by DPISMR,residual_possible_step4_or_definition_mismatch,,C23H15FN4O2S,430.5,4.900,0,7,5,0
11172,3713027,2386422,C1=CC=C(C=C1)CN2C(=NN=C2SCC3=NC4=CC=CC=C4S3)C5=CC=CO5,Inactive,0,,,Inactive,,,,,,,,,,4,,-15.4053,,,,,-4.6709,,,-4.4331,,,6.2071,,,3.6161,,,-5.6027,,,-8.5623,,,-15.4053,QC'd by DPISMR,residual_possible_step4_or_definition_mismatch,,C21H16N4OS2,404.5,4.6,0,6,6,0
11178,26750057,16758190,CCC1C(C(C(C(O1)OC(C2=CN=CN2)C(C(=O)NC(C)C(C(C)C(=O)NC(C(C)O)C(=O)NCCC3=NC(=CS3)C4=NC(=CS4)C(=O)NCCCCN=C(N)N)O)NC(=O)C5=C(C(=NC(=N5)C(CC(=O)N)NCC(C(=O)N)N)N)C)O[C@H]6C([C@H](C(C(O6)CO)O)OC(=O)N)O)C)C.OS(=O)(=O)O.OS(=O)(=O)O,Inactive,0,,,Inactive,,,,,,,,,,4,,-6.9551,,,,,-5.5448,,,-11.5346,,,-4.0029,,,1.6758,,,-15.194,,,-7.7731,,,-6.9551,QC'd by Microsource,property_value_missing,,C58H94N20O26S4,1615.8,,23,37,37,0
11196,26750056,16758189,C1C(C2[C@@H](OC=CC2(C1O)O)OC3C(C(C(C(O3)CO)O)O)O)OC(=O)/C=C/C4=CC=CC=C4,Inactive,0,,,Inactive,,,,,,,,,,4,,-7.9136,,,,,4.7282,,,-6.3108,,,10.2645,,,12.4358,,,-5.3303,,,-24.4293,,,-7.9136,QC'd by Microsource,candidate_step3_property,,C23H28O11,480.5,-0.8,6,11,7,0
11210,11112657,3074,COC1=CC(=CC(=C1OC)OC)C(=O)OCCCN2CCCN(CC2)CCCOC(=O)C3=CC(=C(C(=C3)OC)OC)OC,Inactive,0,,,Inactive,,,,,,,,,,4,,0.2828,,9.5189,5.4876,,7.2071,-1.0636,,-5.7245,5.3243,,-9.286,8.6298,,-2.3322,7.0145,,6.9726,8.4528,,1.6535,0.2828,,,QC'd by Prestwick,candidate_step3_property,,C31H44N2O10,604.7,4.1,0,12,18,0
11221,4254105,,,Inactive,0,,,Inactive,,,,,,,,,,4,,-7.0078,,8.7199,,,4.5265,,,10.0961,,,7.7099,,,16.3372,,,5.7893,,,-7.0078,,,,QC'd by NCI,property_lookup_missing,,,,,,,,
11235,26750062,16758192,CC1C(C(C([C@@H](O1)OC2=C(OC3=C(C2=O)C(=CC(=C3CC=C(C)C)O[C@@H]4C(C(C(C(O4)CO)O)O)O)O)C5=CC=C(C=C5)OC)O)O)O,Inactive,0,,,Inactive,,,,,,,,,,4,,-11.3921,,,,,8.7422,,,4.931,,,11.6027,,,27.7097,,,0.1902,,,-3.1132,,,-11.3921,QC'd by Microsource,candidate_step3_property,,C33H40O15,676.7,1.7,8,15,9,0
11254,4254107,325823,CC(C)C1=CC(=NC(=N1)NNC2=NC(=CC(=N2)C(F)(F)F)C(C)C)C(F)(F)F,Inactive,0,,,Inactive,,,,,,,,,,4,,-0.9763,,-8.7636,,,3.6769,,,0.3725,,,-11.9125,,,1.8248,,,-13.3795,,,-0.9763,,,,QC'd by NCI,candidate_step3_property,,C16H18F6N6,408.34,5.2,2,12,5,0
11273,4254108,5771669,CO[C@H](C(=O)O)NC(=O)N,Inactive,0,,,Inactive,,,,,,,,,,4,,-21.4426,,19.5635,,,-15.9599,,,-7.4923,,,-4.5239,,,-2.2104,,,5.9833,,,-21.4426,,,,QC'd by NCI,candidate_step3_property,,C4H8N2O4,148.12,-1.5,3,4,3,0
11304,26750066,135482068,CCNCC.CCN(CC)/[N+](=N/O)/[O-],Inactive,0,,,Inactive,,,,,,,,,,4,,5.618,,,,,7.7566,,,0.4246,,,1.1492,,,21.2482,,,-10.8585,,,2.3115,,,5.618,QC'd by Microsource,property_value_missing,,C8H22N4O2,206.29,,2,5,5,0
11321,11112659,6604359,C[C@H]1CC[C@@H]2[C@H]([C@H]3[C@@H](N2C1)C[C@@H]4[C@]3(CC[C@H]5[C@H]4CC=C6[C@@]5(CC[C@@H](C6)O[C@@]7(C[C@H]([C@H]([C@@H](O7)CO)O)O[C@H]8[C@H]([C@H]([C@@H]([C@H](O8)CO)O)O)O)O[C@@H]9[C@H]([C@@H]([C@@H]([C@@H](O9)C)O)O)O)C)C)C,Inactive,0,,,Activator,1,18.5,,Complete curve; partial efficacy; poor fit,-6,0.8,0.5366,37,18.5,1.4,0 1 0 0 0 0 0 0 0 0 0 0 0 0,31.5211,,18.5434,-2.0259,,22.8432,13.6047,,15.6076,20.1391,,27.8603,27.8526,,13.454,33.0539,,23.6114,41.4607,,35.9284,31.5211,,,QC'd by Prestwick,candidate_step3_property,,C45H73NO15,868.1,2.0,9,16,8,0
11338,11112660,6604360,C[C@H]1[C@H]([C@H](C[C@H](O1)O[C@@H]2[C@@H](O[C@@H](C[C@@H]2O)O[C@@H]3[C@@H](O[C@@H](C[C@@H]3O)O[C@H]4CC[C@@]5([C@H](C4)CC[C@@H]6[C@H]5C[C@H]([C@]7([C@@]6(CC[C@@H]7C8=CC(=O)OC8)O)C)O)C)C)C)O)O,Inactive,0,,,Inactive,,,,,,,,,,4,,3.5754,,-0.4047,-12.6024,,-14.6371,-6.5987,,-21.3522,-5.807,,-7.3186,-14.8476,,-0.8292,-5.1902,,2.1993,-0.4861,,-0.204,3.5754,,,QC'd by Prestwick,candidate_step3_property,,C41H64O14,780.9,1.300,6,14,7,0
11359,7974355,1068748,CC1=CC=C(C=C1)NC2=NC(=NC(=N2)OC(C(F)(F)F)C(F)(F)F)N3CCOCC3,Inactive,0,,,Inactive,,,,,,,,,,4,,-21.1531,,,,,-3.5062,,,3.8152,,,-3.0422,,,-7.4309,,,-6.8315,,,8.4205,,,-21.1531,QC'd by DPISMR,candidate_step3_property,,C17H17F6N5O2,437.34,4.9,1,13,5,0
11373,7974356,1150894,CC1=CC2=C(C=C1C)N(C=N2)C(=O)C3=C(ON=C3C4=CC=CC=C4Cl)C,Inactive,0,,,Inactive,,,,,,,,,,4,,29.2601,,,,,0.2016,,,-9.7086,,,-18.8938,,,-12.6685,,,-10.5797,,,3.9428,,,29.2601,QC'd by DPISMR,residual_possible_step4_or_definition_mismatch,,C20H16ClN3O2,365.8,4.8,0,4,2,0
11382,17385436,5459580,C[C@H](/C=C(/C(C1=CC=C(C=C1)C(=O)OC)NC(=O)OCC2=CC=CC=C2)\F)C(=O)NCC3=CC=C(C=C3)C4=CC=CC=C4,Inactive,0,,,Inactive,,,,,,,,,,4,,21.8502,,,,,4.9572,,,2.8899,,,13.2245,,,16.9844,,,7.2484,,,-2.8013,,,21.8502,QC'd by UPCMLD,candidate_step3_property,,C35H33FN2O5,580.6,6.3,2,6,13,0
11436,17385431,5459574,C[C@H](/C=C(/C(C1=CC=C(C=C1)C(=O)OC)NC(=O)OCC2=CC=CC=C2)\F)C(=O)NC3CCCCC3,Inactive,0,,,Inactive,,,,,,,,,,4,,2.6677,,,,,-23.2094,,,42.4041,,,-27.1686,,,8.2974,,,-14.8964,,,-19.6894,,,2.6677,QC'd by UPCMLD,candidate_step3_property,,C28H33FN2O5,496.6,5.0,2,6,11,0
11448,4254224,160635,C([C@@H](C(=O)O)N)N=C(N)N,Inactive,0,,,Inactive,,,,,,,,,,4,,-5.6419,,-8.5087,,,10.8303,,,-1.8016,,,12.8743,,,8.7793,,,-13.0574,,,-5.6419,,,,QC'd by NCI,candidate_step3_property,,C4H10N4O2,146.15,-4.9,4,4,3,0
11457,11112773,6604035,CC(C)(C)C1=CC=C(C=C1)[C@H](CCCN2CCC(CC2)C(C3=CC=CC=C3)(C4=CC=CC=C4)O)O,Inactive,0,,,Inactive,,,,,,,,,,4,,9.5357,,2.5949,16.9093,,-0.8862,-4.1586,,5.5232,12.2512,,1.2554,6.118,,5.5699,13.8859,,17.6329,-13.1826,,5.2198,9.5357,,,QC'd by Prestwick,candidate_step3_property,,C32H41NO2,471.7,6.6,2,3,9,0
11460,17385433,5459576,C[C@H](/C=C(/C(C1=CC=C(C=C1)C(=O)OC)NC(=O)OCC2=CC=CC=C2)\F)C(=O)NCC3=CC(=CC(=C3)F)F,Inactive,0,,,Inactive,,,,,,,,,,4,,3.836,,,,,15.1207,,,8.6643,,,-5.7418,,,-2.5858,,,9.793,,,-14.9503,,,3.836,QC'd by UPCMLD,residual_possible_step4_or_definition_mismatch,,C29H27F3N2O5,540.5,4.9,2,8,12,0
11474,11112774,6604407,C1[C@H]([C@H]([C@H]([C@@H]([C@H]1NC(=O)[C@H](CCN)O)O)O[C@@H]2[C@H]([C@@H]([C@@H](O2)CO)O)O)O[C@@H]3[C@H]([C@@H]([C@@H]([C@@H](O3)CN)O)O)N)N,Inactive,0,,,Inactive,,,,,,,,,,4,,8.9916,,23.9269,15.5944,,16.193,11.6913,,8.8278,14.3663,,15.8116,21.9886,,21.3043,17.8855,,19.1716,27.4144,,20.1327,8.9916,,,QC'd by Prestwick,candidate_step3_property,,C21H41N5O12,555.6,-7.3,12,16,10,0
11478,4249779,2156314,CC1=CC(=NO1)NC(=O)CSC2=NC3=C(C(=O)N2C4=CC=CC(=C4)C(F)(F)F)NC5=CC=CC=C53,Inactive,0,,,Inactive,,,,,,,,,,4,,-12.2912,,,,,-8.9298,,,-14.1333,,,-18.4917,,,1.4631,,,5.3551,,,-9.3168,,,-12.2912,QC'd by DPISMR,residual_possible_step4_or_definition_mismatch,,C23H16F3N5O3S,499.5,4.8,2,9,5,0
11520,4254209,16684740,C1CC[C@@H]([C@@H](C1)[NH-])[NH-].C([C@@H](C(=O)O)NC(=O)CP(=O)(O)O)C(=O)O.[Pt],Inactive,0,,,Inactive,,,,,,,,,,4,,5.2011,,-7.4178,,,-4.9872,,,4.102,,,1.1385,,,-0.0805,,,-5.6738,,,5.2011,,,,QC'd by NCI,candidate_step1_inorganic,Pt,C12H22N3O8PPt-2,562.38,,7,10,3,-2
11528,4254208,332061,C1=CC=C2C(=C1)C3=CC=CC=C3C4=C2N=C(N=N4)SC5=C(C(=O)C6=CC=CC=C6C5=O)Cl,Inactive,0,,,Inactive,,,,,,,,,,4,,28.1241,,1.8023,,,22.9851,,,7.9274,,,0.4296,,,14.5115,,,12.5162,,,28.1241,,,,QC'd by NCI,candidate_step3_property,,C25H12ClN3O2S,453.9,6.1,0,6,2,0
11536,17385430,5459572,C[C@H](/C=C(/C(C1=CC=C(C=C1)C(=O)OC)NC(=O)OCC2=CC=CC=C2)\F)C(=O)NCC3=NC4=CC=CC=C4S3,Inactive,0,,,Inactive,,,,,,,,,,4,,-29.5804,,,,,-2.7889,,,3.296,,,8.6202,,,10.2511,,,-4.3984,,,-0.7949,,,-29.5804,QC'd by UPCMLD,candidate_step3_property,,C30H28FN3O5S,561.6,5.2,2,8,12,0
11614,17385426,5459568,C[C@H](/C=C(/C(C1=CC=C(C=C1)C(=O)OC)NC(=O)OCC2=CC=CC=C2)\F)C(=O)NCCC3=CNC4=C3C=C(C=C4)OC,Inactive,0,,,Inactive,,,,,,,,,,4,,-28.5424,,,,,11.9791,,,-0.3514,,,-12.5093,,,10.0508,,,0.2403,,,-9.6797,,,-28.5424,QC'd by UPCMLD,candidate_step3_property,,C33H34FN3O6,587.6,5.2,3,7,14,0
11635,17385420,5459560,C[C@H](/C=C(/C(C1=CC=C(C=C1)C(=O)OC)NC(=O)OCC2=CC=CC=C2)\I)C(=O)NC3=CC=CC=C3,Inactive,0,,,Inactive,,,,,,,,,,4,,3.1444,,,,,8.1263,,,1.4541,,,-6.9038,,,-27.9538,,,3.1818,,,3.7807,,,3.1444,QC'd by UPCMLD,candidate_step3_property,,C28H27IN2O5,598.4,5.8,2,5,11,0
11640,4254202,3246640,C1=CC=C(C=C1)/C(=C\2/C=C(C(=O)C3=CC=CC=C32)C(=O)O)/C4=CC(=C(C5=CC=CC=C54)O)C(=O)O,Inactive,0,,,Inactive,,,,,,,,,,4,,-7.1307,,-4.3449,,,1.455,,,-3.4261,,,1.049,,,5.7698,,,6.6995,,,-7.1307,,,,QC'd by NCI,candidate_step3_property,,C29H18O6,462.4,7.0,3,6,4,0
11663,4254201,16684738,CC1=C(C=CC(=C1)S(=O)(=O)O)N2C(=[OH+])[C@H](C(=N2)C)N=NC3=C(C=CC(=C3)S(=O)(=O)O)C(=O)O.O.[Cr],Inactive,0,,,Inactive,,,,,,,,,,4,,-4.2006,,1.2494,,,-12.892,,,-1.1743,,,17.2655,,,-5.5601,,,0.9898,,,-4.2006,,,,QC'd by NCI,candidate_step1_inorganic,Cr,C18H19CrN4O10S2+,567.5,,5,12,3,1
11674,11112761,1615267,C[C@@H]1C(=O)NC(=O)N1,Inactive,0,,,Inactive,,,,,,,,,,4,,25.3377,,6.9023,-4.1572,,5.3948,6.7281,,-6.8024,-4.4994,,4.202,1.2879,,5.647,11.3686,,-0.2086,12.9484,,14.1054,25.3377,,,QC'd by Prestwick,candidate_step3_property,,C4H6N2O2,114.10,-0.6,2,2,0,0
11687,11112760,1615267,C[C@@H]1C(=O)NC(=O)N1,Inactive,0,,,Inactive,,,,,,,,,,4,,-4.0665,,15.1571,-8.8598,,-3.5014,1.4362,,-12.4347,-3.8337,,-10.2504,0.3117,,-14.4688,-0.0648,,2.2842,-3.3669,,-2.8402,-4.0665,,,QC'd by Prestwick,candidate_step3_property,,C4H6N2O2,114.10,-0.6,2,2,0,0
11699,17385416,5459556,C[C@H](/C=C(\C)/C(C1=CC=C(C=C1)C(=O)OC)NC(=O)OCC2=CC=CC=C2)C(=O)NC3=CC=C(C=C3)OC,Inactive,0,,,Inactive,,,,,,,,,,4,,-18.797,,,,,0.508,,,5.3075,,,11.5474,,,0.7879,,,-0.6711,,,-12.3129,,,-18.797,QC'd by UPCMLD,candidate_step3_property,,C30H32N2O6,516.6,5.4,2,6,12,0
11706,26754238,16759274,CC(C)C1=CC2=CC[C@H]3[C@@](C2CC1)(CCC[C@]3(C)C(=O)O)C,Inactive,0,,,Inactive,,,,,,,,,,4,,-6.254,,-2.5299,0.0425,,-6.2487,-11.5227,,-3.9538,-13.266,,4.5394,-7.0909,,14.1424,-18.5105,,-0.7018,-3.3935,,-15.4971,1.7298,,-6.254,QC'd by Timtec,residual_possible_step4_or_definition_mismatch,,C20H30O2,302.5,4.8,1,2,2,0
11719,4254206,332058,C1=CC=C(C=C1)CSC2=NC3=C(C4=CC=CC=C4C5=CC=CC=C53)N=N2,Inactive,0,,,Inactive,,,,,,,,,,4,,-2.3652,,6.9317,,,-4.3565,,,-4.0275,,,11.4313,,,-6.1495,,,-6.1058,,,-2.3652,,,,QC'd by NCI,residual_possible_step4_or_definition_mismatch,,C22H15N3S,353.4,4.6,0,4,3,0
11738,4254205,319187,CC1=CC(NC2=C1C=C(C=C2)CSC3=CC=CC=C3)(C)C,Inactive,0,,,Inactive,,,,,,,,,,4,,-11.8427,,38.6496,,,4.8627,,,0.6333,,,20.6422,,,4.0185,,,9.0668,,,-11.8427,,,,QC'd by NCI,residual_possible_step4_or_definition_mismatch,,C19H21NS,295.4,4.8,1,2,3,0
11747,17385417,5459557,C[C@H](/C=C(\C)/C(C1=CC=C(C=C1)C(=O)OC)NC(=O)OCC2=CC=CC=C2)C(=O)N[C@H](CC3=CC=CC=C3)CO,Inactive,0,,,Inactive,,,,,,,,,,4,,15.2611,,,,,14.8949,,,6.0299,,,18.3165,,,19.1437,,,24.0542,,,7.8045,,,15.2611,QC'd by UPCMLD,candidate_step3_property,,C32H36N2O6,544.6,5.2,3,6,14,0
11752,26754242,485185,C[C@@H]1CC[C@@]2(CC[C@@]3(C(=CCC4[C@]3(CC[C@@H]5[C@@]4(CC[C@@H](C5(C)C)O)C)C)[C@@H]2[C@H]1C)C)C(=O)O,Inactive,0,,,Inactive,,,,,,,,,,4,,22.7462,,24.2529,26.9982,,15.4406,31.3064,,9.8782,17.6199,,0.0619,25.4451,,26.5643,27.9251,,33.6338,31.6878,,30.0069,25.8704,,22.7462,QC'd by Timtec,candidate_step3_property,,C30H48O3,456.7,7.3,2,3,1,0
11763,11112756,6604401,C(NC(=O)N[C@H]1C(=O)NC(=O)N1CO)NC(=O)N[C@H]2C(=O)NC(=O)N2CO,Inactive,0,,,Inactive,,,,,,,,,,4,,-2.4663,,0.3111,-7.2382,,0.7238,-11.3114,,-9.4022,-2.7931,,-9.931,-15.3936,,-8.3074,-3.7364,,-0.6036,3.0421,,7.4473,-2.4663,,,QC'd by Prestwick,candidate_step3_property,,C11H16N8O8,388.29,-3.4,8,8,6,0
11815,4254193,3246638,C1C[C@@H]2NS(=O)(=O)N[C@H]3CC[C@H]4N3S(=O)(=O)N2[C@H]1NS(=O)(=O)N4,Inactive,0,,,Inactive,,,,,,,,,,4,,-25.2598,,13.5357,,,18.321,,,16.5814,,,10.4074,,,19.7555,,,18.0212,,,-25.2598,,,,QC'd by NCI,candidate_step3_property,,C8H16N6O6S3,388.5,-1.7,4,12,0,0
11818,4254192,3246637,CC(C)(C)C1=CC(=C(C(=C1)C(C)(C)C)O)[C@@H](C2=CC=C(C=C2)OC)NC3=CC=CC=N3,Inactive,0,,,Inactive,,,,,,,,,,4,,12.6928,,-20.1196,,,-1.5364,,,-4.5329,,,0.5647,,,1.9833,,,-0.582,,,12.6928,,,,QC'd by NCI,candidate_step3_property,,C27H34N2O2,418.6,7.3,2,4,7,0
11832,11112752,6604399,C1[C@H](NC(=N[C@H]1O)N)[C@@H]2C(=O)NC[C@@H](C(=O)N[C@@H](C(=O)N[C@@H](C(=O)N/C(=C\NC(=O)N)/C(=O)N2)CO)CO)NC(=O)C[C@H](CCCN)N,Inactive,0,,,Inactive,,,,,,,,,,4,,-7.7349,,-18.0005,-20.8714,,-16.8879,-15.8504,,-20.6762,-20.6138,,-31.5026,-23.5166,,-24.5907,-7.4784,,-18.4615,-18.0337,,-22.4609,-7.7349,,,QC'd by Prestwick,candidate_step3_property,,C25H43N13O10,685.7,-7.0,15,13,10,0
11883,17385410,5459551,C[C@H](/C=C(\C)/C(C1=CC=C(C=C1)C(=O)OC)NC(=O)OCC2=CC=CC=C2)C(=O)NCCC3=CNC4=C3C=C(C=C4)OC,Inactive,0,,,Inactive,,,,,,,,,,4,,-6.7311,,,,,-8.0891,,,-4.687,,,-8.5573,,,8.2569,,,1.1477,,,0.9844,,,-6.7311,QC'd by UPCMLD,candidate_step3_property,,C34H37N3O6,583.7,6.0,3,6,14,0
11899,11112748,6604396,CN[C@H]1[C@@H]([C@H]2[C@H](C[C@H]([C@H](O2)O[C@@H]3[C@H](C[C@H]([C@H]([C@@H]3O)O)N)N)N)O[C@H]1O[C@H]4[C@H]([C@H]([C@@H]([C@H](O4)CO)N)O)O)O,Inactive,0,,,Inactive,,,,,,,,,,4,,-4.3939,,8.6198,3.6707,,11.3556,-8.0468,,-3.251,1.3782,,6.4471,4.1646,,3.8438,14.7821,,13.2696,4.9696,,15.7305,-4.3939,,,QC'd by Prestwick,candidate_step3_property,,C21H41N5O11,539.6,-7.0,11,16,6,0
11900,17385409,5459550,C[C@H](/C=C/C(C1=CC=C(C=C1)C(=O)OC)NC(=O)OCC2=CC=CC=C2)C(=O)NCCC3=CNC4=CC=CC=C43,Inactive,0,,,Inactive,,,,,,,,,,4,,-16.5283,,,,,4.2838,,,10.0547,,,7.4031,,,-6.6314,,,-15.5162,,,-23.6991,,,-16.5283,QC'd by UPCMLD,candidate_step3_property,,C32H33N3O5,539.6,5.4,3,5,13,0
11908,17385470,5459616,CCCCCCN(C(C1=CC(=C(C=C1)OCC(=O)O)C(=O)O)C(=O)NCCCC)C(=O)CCCCCN2C(=C(C(NC2=O)C3=CC=C(C=C3)C4=CC=CC=C4)C(=O)OCC5=CC=CC=C5)C,Inactive,0,,,Inactive,,,,,,,,,,4,,8.504,,,,,4.564,,,-7.0534,,,11.6268,,,11.046,,,-7.7518,,,-3.1393,,,8.504,QC'd by UPCMLD,candidate_step3_property,,C52H62N4O10,903.1,8.5,4,10,27,0
11918,11112745,37392,CCCCN(CCCC)CCC(C1=C2C=CC(=CC2=C3C=C(C=C(C3=C1)Cl)Cl)C(F)(F)F)O.Cl,Inactive,0,,,Inactive,,,,,,,,,,4,,-3.8484,,14.0674,6.6689,,-3.0608,-4.3726,,-11.5725,6.3302,,-12.8423,0.9453,,10.3576,-0.0706,,1.3933,17.5327,,13.0843,-3.8484,,,QC'd by Prestwick,property_value_missing,,C26H31Cl3F3NO,536.9,,2,5,10,0
11924,17385471,5459617,CCCCNC(=O)C(C1=CC=C(C=C1)C2=CC=CC=C2)N(CCN3CCOCC3)C(=O)CCCCCN4C(=C(C(NC4=O)C5=CC=C(C=C5)[N+](=O)[O-])C(=O)OCC6=CC=CC=C6)C,Inactive,0,,,Inactive,,,,,,,,,,4,,13.4056,,,,,-2.7451,,,50.0092,,,2.4023,,,20.4965,,,8.9127,,,6.0299,,,13.4056,QC'd by UPCMLD,candidate_step3_property,,C49H58N6O8,859.0,6.6,2,9,21,0
11930,4254185,,,Inactive,0,,,Inactive,,,,,,,,,,4,,-25.1927,,15.2097,,,-18.5654,,,1.8255,,,3.0067,,,-3.9447,,,13.2275,,,-25.1927,,,,QC'd by NCI,property_lookup_missing,,,,,,,,
11936,11112742,6604393,CCC(=O)O[C@@H]1CC(=O)O[C@@H](C/C=C\C=C/[C@@H]([C@@H](C[C@@H]([C@H]([C@@H]1OC)O[C@@H]2[C@H]([C@@H]([C@@H]([C@@H](O2)C)O[C@@H]3C[C@]([C@@H]([C@@H](O3)C)OC(=O)CC)(C)O)N(C)C)O)CC=O)C)O)C,Inactive,0,,,Inactive,,,,,,,,,,4,,2.2933,,-5.67,9.7252,,1.7476,2.2525,,-16.4175,-11.8546,,-10.9903,0.2143,,-10.2941,7.8055,,-7.2052,4.7596,,-3.8552,2.2933,,,QC'd by Prestwick,candidate_step3_property,,C41H67NO15,814.0,2.6,3,16,14,0
11938,17385468,5459614,CC1=C(C(NC(=O)N1CCCCCC(=O)O)C2=CC=CC=C2C3=CC=CC=C3)C(=O)OCC4=CC=CC=C4,Inactive,0,,,Inactive,,,,,,,,,,4,,-3.4786,,,,,6.3924,,,5.329,,,14.2959,,,10.9229,,,7.3908,,,-5.2483,,,-3.4786,QC'd by UPCMLD,residual_possible_step4_or_definition_mismatch,,C31H32N2O5,512.6,4.9,2,5,12,0
11958,17385469,5459615,CCCCNC(=O)C(C1=CC(=C(C=C1)OCC(=O)OC)C(=O)OC)N(CCC2=CCCCC2)C(=O)CCCCCN3C(=C(C(NC3=O)C4=CC=C(C=C4)C5=CC=CC=C5)C(=O)OCC6=CC=CC=C6)C,Inactive,0,,,Inactive,,,,,,,,,,4,,-16.2156,,,,,-23.7156,,,-17.2195,,,-15.3347,,,-19.3326,,,-8.0322,,,-11.2134,,,-16.2156,QC'd by UPCMLD,candidate_step3_property,,C56H66N4O10,955.1,8.9,2,10,27,0
11961,26754259,1257702,C1=CN(C=C(C1=O)O)C[C@H](C(=O)O)N,Inactive,0,,,Inactive,,,,,,,,,,4,,-1.1443,,10.1225,-4.4787,,10.6115,-11.9876,,10.3361,7.0914,,3.3405,2.9495,,16.9936,11.3699,,9.8951,12.8613,,-1.3216,-3.1931,,-1.1443,QC'd by Timtec,candidate_step3_property,,C8H10N2O4,198.18,-3.5,3,6,3,0
11983,17385466,5459611,CCCCCCN(C(C1=CC(=CC=C1)C(=O)OC)C(=O)NCCCC)C(=O)CCCCCN2C(=C(C(NC2=O)C3=CC=C(C=C3)C4=CC=CC=C4)C(=O)OCC5=CC=CC=C5)C,Inactive,0,,,Inactive,,,,,,,,,,4,,-8.9229,,,,,-3.3247,,,-13.8978,,,-1.915,,,-3.1744,,,-13.693,,,6.2699,,,-8.9229,QC'd by UPCMLD,candidate_step3_property,,C51H62N4O7,843.1,9.3,2,7,25,0
11994,26754257,16759277,C[C@]12CC[C@](CC1C3=CC(=O)C4[C@]5(CC[C@@H](C([C@@H]5CC[C@]4([C@@]3(CC2)C)C)(C)C)O)C)(C)C(=O)O,Inactive,0,,,Inactive,,,,,,,,,,4,,-15.6633,,3.8624,-14.757,,-3.0554,-5.2856,,2.5649,-6.5044,,-9.669,8.577,,9.4074,-0.8887,,3.6785,1.6783,,13.7277,-8.9977,,-15.6633,QC'd by Timtec,candidate_step3_property,,C30H46O4,470.7,6.4,2,4,1,0
11995,4254189,331161,CC1=C(C=C2C(=C1NC(=O)C3=CC=CC=C3Cl)C(CC2(C)C)(C)C)N4CCCC4,Inactive,0,,,Inactive,,,,,,,,,,4,,-6.4501,,-6.2356,,,6.1537,,,-8.8101,,,-7.8646,,,-22.9317,,,9.0867,,,-6.4501,,,,QC'd by NCI,candidate_step3_property,,C25H31ClN2O,411.0,6.9,1,2,3,0
12000,17385467,5459612,CCCCCCN(C(C)C(=O)NCCCC)C(=O)CCCCCN1C(=C(C(NC1=O)C2=CC=C(C=C2)C3=CC=CC=C3)C(=O)OCC4=CC=CC=C4)C,Inactive,0,,,Inactive,,,,,,,,,,4,,10.6612,,,,,5.0834,,,15.8903,,,16.9444,,,0.1208,,,14.0356,,,23.8065,,,10.6612,QC'd by UPCMLD,candidate_step3_property,,C44H58N4O5,723.0,8.1,2,5,22,0
12012,17385464,5459609,CCCCCCN(C(C1=CC=C(C=C1)O)C(=O)NCCCC)C(=O)CCCCCN2C(=C(C(NC2=O)C3=CC=C(C=C3)C4=CC=CC=C4)C(=O)OCC5=CC=CC=C5)C,Inactive,0,,,Inactive,,,,,,,,,,4,,0.5699,,,,,3.6391,,,15.6596,,,12.2254,,,1.1383,,,4.7876,,,-6.1389,,,0.5699,QC'd by UPCMLD,candidate_step3_property,,C49H60N4O6,801.0,9.1,3,6,23,0
12024,4254191,3246636,CC[C@H](C1=CC=CC=C1)C2=C(C(=CC(=C2)C(C)(C)C)C(C)(C)C)O,Inactive,0,,,Inactive,,,,,,,,,,4,,-1.7552,,20.0178,,,-10.1466,,,-4.6075,,,6.2091,,,15.5818,,,2.9867,,,-1.7552,,,,QC'd by NCI,candidate_step3_property,,C23H32O,324.5,7.7,1,1,5,0
12032,17385465,5459610,CCCCCCN(C(C1=CC=C(C=C1)C2=CC=CC=C2)C(=O)NCCCC)C(=O)CCCCCN3C(=C(C(NC3=O)C4=CC=C(C=C4)C5=CC=CC=C5)C(=O)OCC6=CC=CC=C6)C,Inactive,0,,,Inactive,,,,,,,,,,4,,4.1187,,,,,19.8419,,,16.8598,,,-2.7057,,,12.216,,,9.9985,,,3.4976,,,4.1187,QC'd by UPCMLD,candidate_step3_property,,C55H64N4O5,861.1,11.1,2,5,24,0
12038,17385462,5459607,C[C@H](/C=C(\C1=CN=CC=C1)/C(C2=CC=C(C=C2)C(=O)OC)NC(=O)OCC3=CC=CC=C3)C(=O)N[C@H](CC4=CC=CC=C4)CO,Inactive,0,,,Inactive,,,,,,,,,,4,,14.4451,,,,,0.7625,,,15.1165,,,-2.7281,,,-5.4721,,,8.3275,,,7.7537,,,14.4451,QC'd by UPCMLD,candidate_step3_property,,C36H37N3O6,607.7,5.4,3,7,15,0
12049,4254175,3246633,COC1=CC2=C(C=C1)C(=CC(=N2)NC(=S)NC3=CC=CC=C3)Cl,Inactive,0,,,Inactive,,,,,,,,,,4,,8.9043,,2.527,,,1.0446,,,11.4733,,,5.8328,,,6.3632,,,14.5141,,,8.9043,,,,QC'd by NCI,residual_possible_step4_or_definition_mismatch,,C17H14ClN3OS,343.8,4.3,2,3,3,0
12055,17385463,5459608,CCCCCCN(C(C1=CC=CC=C1)C(=O)NCCCC)C(=O)CCCCCN2C(=C(C(NC2=O)C3=CC=C(C=C3)C4=CC=CC=C4)C(=O)OCC5=CC=CC=C5)C,Inactive,0,,,Inactive,,,,,,,,,,4,,10.7689,,,,,14.7894,,,49.9717,,,-7.0689,,,-5.0455,,,-1.9214,,,16.6722,,,10.7689,QC'd by UPCMLD,candidate_step3_property,,C49H60N4O5,785.0,9.4,2,5,23,0
12069,11112733,6604389,C[C@@H]1OC[C@H]2[C@@H](O1)[C@H]([C@@H]([C@H](O2)O[C@H]3[C@@H]4COC(=O)[C@@H]4[C@H](C5=CC6=C(C=C35)OCO6)C7=CC(=C(C(=C7)OC)O)OC)O)O,Inactive,0,,,Inactive,,,,,,,,,,4,,-10.5145,,2.56,4.0732,,-11.392,-13.607,,-15.0394,5.0623,,-8.4117,-1.4788,,-16.076,2.5556,,-6.7619,-6.5964,,-10.7187,-10.5145,,,QC'd by Prestwick,candidate_step3_property,,C29H32O13,588.6,0.600,3,13,5,0
12074,17385460,5459605,C[C@H](/C=C(\C1=CN=CC=C1)/C(C2=CC=C(C=C2)C(=O)OC)NC(=O)OCC3=CC=CC=C3)C(=O)NCC4=NC5=CC=CC=C5S4,Inactive,0,,,Inactive,,,,,,,,,,4,,-3.0274,,,,,15.2791,,,-16.5036,,,22.1248,,,28.1991,,,8.9439,,,8.1283,,,-3.0274,QC'd by UPCMLD,candidate_step3_property,,C35H32N4O5S,620.7,6.1,2,8,13,0
12075,26754252,16759276,CC[C@H]1[C@]([C@H]([C@@H](C(=O)[C@H](C[C@]([C@H](C([C@H]([C@@H](C(=O)O1)C)O[C@H]2C[C@@]([C@H]([C@@H](O2)C)O)(C)OC)C)O[C@@H]3[C@H]([C@@H](C[C@@H](O3)C)N(C)C)O)(C)O)C)C)O)(C)O,Inactive,0,,,Inactive,,,,,,,,,,4,,0.1987,,-5.8397,-3.0215,,6.0855,-1.1932,,0.2487,6.5398,,-21.0063,-1.2708,,1.6686,-7.3618,,-1.8412,13.4568,,1.4677,-1.2608,,0.1987,QC'd by Timtec,candidate_step3_property,,C37H67NO13,733.9,2.700,5,14,7,0
12116,4258688,1292696,C1=CC=C(C=C1)N2C(=NN=C2SCC3=CC=C(C=C3)C#N)C4=CC=CS4,Inactive,0,,,Inactive,,,,,,,,,,4,,-14.9851,,,,,-10.0034,,,-6.9425,,,-2.0792,,,-3.1194,,,-15.2413,,,-0.5923,,,-14.9851,QC'd by DPISMR,residual_possible_step4_or_definition_mismatch,,C20H14N4S2,374.5,4.5,0,5,5,0
12156,17385456,5459601,C[C@H](/C=C(\C1=CN=CC=C1)/C(C2=CC=C(C=C2)C(=O)OC)NC(=O)OCC3=CC=CC=C3)C(=O)NC4CCCCC4,Inactive,0,,,Inactive,,,,,,,,,,4,,11.701,,,,,13.1063,,,23.3612,,,16.1423,,,21.8605,,,7.4334,,,14.7594,,,11.701,QC'd by UPCMLD,candidate_step3_property,,C33H37N3O5,555.7,5.9,2,6,12,0
12159,17385457,5459602,C[C@H](/C=C(\C1=CN=CC=C1)/C(C2=CC=C(C=C2)C(=O)OC)NC(=O)OCC3=CC=CC=C3)C(=O)NC4=CC=C(C=C4)OC,Inactive,0,,,Inactive,,,,,,,,,,4,,19.9572,,,,,4.9428,,,3.7945,,,14.8436,,,8.2107,,,8.5822,,,-2.1608,,,19.9572,QC'd by UPCMLD,candidate_step3_property,,C34H33N3O6,579.6,5.6,2,7,13,0
12179,17385455,5459600,C[C@H](/C=C(\C1=CN=CC=C1)/C(C2=CC=C(C=C2)C(=O)OC)NC(=O)OCC3=CC=CC=C3)C(=O)NCC4=CC=C(C=C4)C5=CC=CC=C5,Inactive,0,,,Inactive,,,,,,,,,,4,,-11.3605,,,,,-5.6703,,,38.5294,,,10.3556,,,7.2347,,,-4.5589,,,12.054,,,-11.3605,QC'd by UPCMLD,candidate_step3_property,,C40H37N3O5,639.7,7.200,2,6,14,0
12187,11112728,6604028,CC1=C2[C@@H](C(=O)[C@]3([C@@H](C[C@@H]4[C@@]([C@@H]3[C@@H]([C@](C2(C)C)(C[C@@H]1OC(=O)[C@H]([C@H](C5=CC=CC=C5)NC(=O)C6=CC=CC=C6)O)O)OC(=O)C7=CC=CC=C7)(CO4)OC(=O)C)O)C)OC(=O)C,Inactive,0,,,Inactive,,,,,,,,,,4,,7.6101,,15.6916,31.7851,,9.0928,0.2708,,7.0142,3.0958,,12.4916,17.9748,,3.9359,19.3478,,12.9135,7.1462,,7.5481,7.6101,,,QC'd by Prestwick,candidate_step3_property,,C47H51NO14,853.9,2.500,4,14,14,0
12209,17385453,5459598,C[C@H](/C=C(\C1=CN=CC=C1)/C(C2=CC=C(C=C2)C(=O)OC)NC(=O)OCC3=CC=CC=C3)C(=O)NCC4=CC(=CC(=C4)F)F,Inactive,0,,,Inactive,,,,,,,,,,4,,23.3585,,,,,2.8284,,,-0.2932,,,14.3028,,,15.9386,,,21.9059,,,6.2642,,,23.3585,QC'd by UPCMLD,candidate_step3_property,,C34H31F2N3O5,599.6,5.8,2,8,13,0
12226,11112726,6604388,C1[C@H]([C@H]([C@@H]([C@@H]([C@H]1N)O[C@H]2[C@H]([C@H]([C@@H]([C@H](O2)CO)O)N)O)O)O[C@H]3[C@@H](C[C@@H]([C@@H](O3)CN)O)N)N,Inactive,0,,,Inactive,,,,,,,,,,4,,10.7892,,9.707,0.2937,,1.7793,-2.4302,,-3.8862,8.6131,,8.4251,9.7564,,-4.6214,-27.2757,,5.5515,7.5242,,3.0807,10.7892,,,QC'd by Prestwick,candidate_step3_property,,C18H37N5O9,467.5,-6.2,10,14,6,0
12229,17385452,5459597,C[C@H](/C=C(\C1=CN=CC=C1)/C(C2=CC=C(C=C2)C(=O)OC)NC(=O)OCC3=CC=CC=C3)C(=O)NCC4=CC(=C(C=C4)OC)OC,Inactive,0,,,Inactive,,,,,,,,,,4,,1.7463,,,,,-3.3522,,,-26.3292,,,4.2895,,,-4.0149,,,4.1701,,,4.1341,,,1.7463,QC'd by UPCMLD,candidate_step3_property,,C36H37N3O7,623.7,5.5,2,8,15,0
12247,26754274,135398639,C1=NC2=C(C(=O)N1)N=CN2[C@H]3[C@@H]([C@@H]([C@H](O3)COP(=O)([O-])[O-])O)O,Inactive,0,,,Inactive,,,,,,,,,,4,,9.2824,,4.8259,11.24,,19.3426,-9.3033,,12.3445,3.2013,,13.9209,0.5325,,-3.3454,-3.773,,7.4471,3.0379,,12.7553,7.2761,,9.2824,QC'd by Timtec,candidate_step3_property,,C10H11N4O8P-2,346.19,-3.100,3,10,3,-2
12253,17385451,5459596,C[C@H](/C=C(\C1=CN=CC=C1)/C(C2=CC=C(C=C2)C(=O)OC)NC(=O)OCC3=CC=CC=C3)C(=O)NCC4=CC=CC=C4,Inactive,0,,,Inactive,,,,,,,,,,4,,28.5521,,,,,7.3133,,,6.9343,,,10.0294,,,9.0758,,,6.5739,,,11.7372,,,28.5521,QC'd by UPCMLD,candidate_step3_property,,C34H33N3O5,563.6,5.6,2,6,13,0
12257,11112724,476416,C1=CC(=C(C(=C1)Cl)S[C@H](CCC2=CC=C(C=C2)Cl)CN3C=CN=C3)Cl,Inactive,0,,,Inactive,,,,,,,,,,4,,-27.003,,-4.5639,-11.5684,,2.2634,-2.0846,,-0.3401,-2.0835,,-0.5769,-2.6042,,-3.127,0.323,,3.0756,-2.6566,,-17.3673,-27.003,,,QC'd by Prestwick,candidate_step3_property,,C19H17Cl3N2S,411.8,6.4,0,2,7,0
12266,4238251,3233362,COC1=CC=C(C=C1)C(=O)N2CCC3(CCCN(C3)C(C4=CC=CC=C4)C5=CC=CC=C5)CC2,Inactive,0,,,Inactive,,,,,,,,,,4,,-26.0693,,,,,-4.5716,,,-15.9002,,,0.0296,,,-3.3224,,,-5.9715,,,-11.2358,,,-26.0693,QC'd by Pharmacopeia,candidate_step3_property,,C30H34N2O2,454.6,5.7,0,3,5,0
12296,17385448,5459593,C[C@H](/C=C(\C1=CN=CC=C1)/C(C2=CC=C(C=C2)C(=O)OC)NC(=O)OCC3=CC=CC=C3)C(=O)NCC4=NC5=CC=CC=C5N4C,Inactive,0,,,Inactive,,,,,,,,,,4,,-18.8515,,,,,1.8816,,,-3.2197,,,2.5395,,,3.877,,,-1.1984,,,-7.6664,,,-18.8515,QC'd by UPCMLD,candidate_step3_property,,C36H35N5O5,617.7,5.1,2,7,13,0
12304,4238253,3233364,COC1=CC=C(C=C1)OC2=NC=C3C(=N2)N(C(=O)C(=N3)C4=CC=C(C=C4)F)CC5=CC=CS5,Inactive,0,,,Inactive,,,,,,,,,,4,,-1.775,,,,,8.2735,,,4.383,,,-5.2706,,,1.5814,,,-4.4435,,,0.9563,,,-1.775,QC'd by Pharmacopeia,residual_possible_step4_or_definition_mismatch,,C24H17FN4O3S,460.5,4.3,0,8,6,0
12313,26754272,439224,C1=C(NC=N1)C[C@@H](C(=O)O)NC(=O)CCN,Inactive,0,,,Inactive,,,,,,,,,,4,,18.0276,,9.4999,12.1088,,27.1382,-14.164,,25.5291,11.528,,24.7698,18.8159,,-11.3966,10.0999,,16.3916,26.436,,17.2442,21.9442,,18.0276,QC'd by Timtec,candidate_step3_property,,C9H14N4O3,226.23,-4.0,4,5,6,0
12324,4254160,432607,CC1=C2C=C[N+](=CC2=C(C3=C1NC4=C3C=C(C=C4)O)C)CCN5CCCCC5.CC(=O)O,Inactive,0,,,Inactive,,,,,,,,,,4,,-2.2774,,-2.0589,,,-13.2388,,,-0.4228,,,-0.1568,,,-3.3038,,,3.7786,,,-2.2774,,,,QC'd by NCI,property_value_missing,,C26H32N3O3+,434.5,,3,4,3,1
12338,4254159,432606,CCN(CC)CC[N+]1=CC2=C(C3=C(C(=C2C=C1)C)NC4=C3C=C(C=C4)O)C.CC(=O)O,Inactive,0,,,Inactive,,,,,,,,,,4,,17.8293,,33.3267,,,16.1766,,,16.4604,,,34.3648,,,32.6499,,,20.6112,,,17.8293,,,,QC'd by NCI,property_value_missing,,C25H32N3O3+,422.5,,3,4,5,1
12349,17385446,5459591,C[C@H](/C=C(\C1=CN=CC=C1)/C(C2=CC=C(C=C2)C(=O)OC)NC(=O)OCC3=CC=CC=C3)C(=O)NC4=CC=CC=C4,Inactive,0,,,Inactive,,,,,,,,,,4,,10.9277,,,,,-18.6915,,,-17.3151,,,-1.8558,,,-7.3122,,,-27.4706,,,1.0685,,,10.9277,QC'd by UPCMLD,candidate_step3_property,,C33H31N3O5,549.6,5.7,2,6,12,0
12413,17385442,5459587,C[C@H](/C=C(\C1=CN=CC=C1)/C(C2=CC=C(C=C2)C(=O)OC)NC(=O)OCC3=CC=CC=C3)C(=O)NCCC4=CNC5=CC=CC=C54,Inactive,0,,,Inactive,,,,,,,,,,4,,8.7978,,,,,-10.1173,,,-8.3149,,,-1.6255,,,-9.7087,,,-1.7647,,,9.2539,,,8.7978,QC'd by UPCMLD,candidate_step3_property,,C37H36N4O5,616.7,6.2,3,6,14,0
12430,4245281,3239770,CC[N+]1=C2C=CC(=CC2=C(C=C1)C)S(=O)C(F)(F)F.CC1=CC=C(C=C1)S(=O)(=O)[O-],Inactive,0,,,Inactive,,,,,,,,,,4,,-1.8327,,,,,-2.3,,,0.6462,,,-3.7411,,,-0.2193,,,1.7942,,,-14.0222,,,-1.8327,QC'd by DPISMR,property_value_missing,,C20H20F3NO4S2,459.5,,0,8,2,0
12438,844927,647257,CC1=CC(=C(C=C1)NCC2=NN=C(N2CC3=CC=CO3)SCC4=CC=C(C=C4)C#N)C,Inactive,0,,,Inactive,,,,,,,,,,4,,-27.9166,,,,,2.8613,,,-4.5922,,,-4.4741,,,-2.6721,,,-17.4924,,,-22.6233,,,-27.9166,QC'd by DPISMR,residual_possible_step4_or_definition_mismatch,,C24H23N5OS,429.5,4.4,1,6,8,0
12446,17385439,5459584,C[C@H](/C=C(\C1=CN=CC=C1)/C(C2=CC=C(C=C2)C(=O)OC)NC(=O)OCC3=CC=CC=C3)C(=O)N(C)CC4=CC=CC=C4,Inactive,0,,,Inactive,,,,,,,,,,4,,23.8957,,,,,-20.8547,,,16.5033,,,1.4584,,,-5.2141,,,0.9915,,,10.4981,,,23.8957,QC'd by UPCMLD,candidate_step3_property,,C35H35N3O5,577.7,5.8,1,6,13,0
12471,26754157,5293655,CC1C(C(C(C(O1)OCC2C(C(C(C(O2)OC3=C(OC4=CC(=CC(=C4C3=O)O)O)C5=CC(=C(C=C5)O)O)O)O)O)O)O)O,Inactive,0,,,Inactive,,,,,,,,,,4,,8.7264,,15.55,10.5498,,27.1033,6.7272,,-1.4151,4.1256,,17.7756,4.0235,,23.9903,6.9451,,17.1296,9.665,,6.2169,16.5984,,8.7264,QC'd by Timtec,candidate_step3_property,,C27H30O16,610.5,-1.3,10,16,6,0
12492,4254290,340661,C1=CC=C2C=C(C=CC2=C1)C3=CC(=NO3)C4=NOC(=C4)C5=CC6=CC=CC=C6C=C5,Inactive,0,,,Inactive,,,,,,,,,,4,,-26.0982,,-26.7528,,,-10.1941,,,-20.173,,,-18.7358,,,-15.2071,,,-21.4772,,,-26.0982,,,,QC'd by NCI,candidate_step3_property,,C26H16N2O2,388.4,6.3,0,4,3,0
12504,4254287,,,Inactive,0,,,Inactive,,,,,,,,,,4,,-1.6609,,-0.5006,,,18.2071,,,7.8384,,,0.0426,,,17.2127,,,15.5066,,,-1.6609,,,,QC'd by NCI,property_lookup_missing,,,,,,,,
12522,4242676,3237500,CC1=CC2=C(C=C1)N=C(O2)C3=NC(=CC=C3)C4=NC5=C(O4)C=C(C=C5)C,Inactive,0,,,Inactive,,,,,,,,,,4,,6.186,,,,,-8.2947,,,-6.4164,,,-19.5357,,,-9.457,,,-6.6645,,,-12.9704,,,6.186,QC'd by DPISMR,residual_possible_step4_or_definition_mismatch,,C21H15N3O2,341.4,4.7,0,5,2,0
12594,11112844,445143,CC(C)COC[C@H](CN(CC1=CC=CC=C1)C2=CC=CC=C2)N3CCCC3,Inactive,0,,,Inactive,,,,,,,,,,4,,13.9972,,14.4511,-1.5995,,9.9037,12.7024,,1.0678,-0.078,,11.2158,3.7344,,13.4914,8.7936,,9.3391,16.7102,,14.5514,13.9972,,,QC'd by Prestwick,candidate_step3_property,,C24H34N2O,366.5,5.3,0,3,10,0
12607,11112828,2247,COC1=CC=C(C=C1)CCN2CCC(CC2)NC3=NC4=CC=CC=C4N3CC5=CC=C(C=C5)F,Inactive,0,,,Inactive,,,,,,,,,,4,,1.6832,,-5.5777,-8.3269,,0.5326,-10.5712,,-4.6773,1.1655,,-5.5807,7.6629,,-5.2443,-8.2311,,5.1302,-6.0763,,-4.9459,1.6832,,,QC'd by Prestwick,candidate_step3_property,,C28H31FN4O,458.6,6.0,1,5,8,0
12610,17385489,5459636,CCCCNC(=O)C(C1=CC(=C(C=C1)OCC(=O)OC)C(=O)OC)N(CCC2=CC=CC=C2)C(=O)CCCCCN3C(=C(C(NC3=O)C4=CC=C(C=C4)C5=CC=CC=C5)C(=O)OCC6=CC=CC=C6)C,Inactive,0,,,Inactive,,,,,,,,,,4,,1.9435,,,,,6.8182,,,19.6531,,,8.4534,,,9.6341,,,8.7714,,,-12.98,,,1.9435,QC'd by UPCMLD,candidate_step3_property,,C56H62N4O10,951.1,8.800,2,10,27,0
12618,26754148,16759268,CC(=O)OC1C(OC(C(C1OC(=O)C)OC(=O)C)OC2=CC3=C(C(=O)C[C@@H](O3)C4=CC=C(C=C4)OC(=O)C)C(=C2)OC(=O)C)CC(=O)/C=C/C5=CC=C(C=C5)OC(=O)C,Inactive,0,,,Inactive,,,,,,,,,,4,,-14.5215,,-1.7468,-0.7592,,16.8642,15.7423,,7.5489,11.7506,,19.6539,-0.3847,,12.5143,10.8135,,-11.1403,13.5928,,18.1822,5.2251,,-14.5215,QC'd by Timtec,candidate_step3_property,,C42H40O17,816.8,3.6,0,17,19,0
12623,11112829,6604428,CN1C(=NN=N1)SCC2=C(N3[C@H]([C@](C3=O)(NC(=O)C4SC(=C(C(=O)N)C(=O)O)S4)OC)SC2)C(=O)O,Inactive,0,,,Inactive,,,,,,,,,,4,,4.232,,0.7453,11.7305,,-7.8983,-0.0486,,-2.3672,-10.9977,,-3.348,5.686,,-5.6646,-6.6148,,7.439,-0.4787,,-5.5594,4.232,,,QC'd by Prestwick,candidate_step3_property,,C17H17N7O8S4,575.6,0.100,4,15,9,0
12626,17385490,5459637,CCCCNC(=O)C(C1=CC(=C(C=C1)OCC(=O)OC)C(=O)OC)N(CC2=CC=CC=N2)C(=O)CCCCCN3C(=C(C(NC3=O)C4=CC=C(C=C4)C5=CC=CC=C5)C(=O)OCC6=CC=CC=C6)C,Inactive,0,,,Inactive,,,,,,,,,,4,,-25.6155,,,,,-6.8393,,,4.8526,,,13.9057,,,-3.2358,,,-3.849,,,12.018,,,-25.6155,QC'd by UPCMLD,candidate_step3_property,,C54H59N5O10,938.1,7.3,2,11,26,0
12641,11112830,6604429,CC[C@H](C)[C@H]1[C@H](CC[C@@]2(O1)C[C@H]3C[C@@H](O2)C/C=C(\[C@H]([C@H](/C=C\C=C4CO[C@H]5[C@@]4([C@@H](C=C([C@@H]5O)C)C(=O)O3)O)C)O[C@@H]6C[C@@H]([C@@H]([C@@H](O6)C)O[C@@H]7C[C@@H]([C@@H]([C@@H](O7)C)O)OC)OC)/C)C,Inactive,0,,,Inactive,,,,,,,,,,4,,-8.6847,,4.1885,14.2418,,-8.8584,-3.6802,,-7.5965,5.1037,,4.8142,2.8996,,-7.8315,3.3363,,3.5366,25.0669,,4.6925,-8.6847,,,QC'd by Prestwick,candidate_step3_property,,C48H74O14,875.1,4.1,3,14,8,0
12648,17385491,5459638,CCCCNC(=O)C(C1=CC(=C(C=C1)OCC(=O)OC)C(=O)OC)N(CCC2=CC=CC=N2)C(=O)CCCCCN3C(=C(C(NC3=O)C4=CC=C(C=C4)C5=CC=CC=C5)C(=O)OCC6=CC=CC=C6)C,Inactive,0,,,Inactive,,,,,,,,,,4,,-0.7812,,,,,2.9617,,,6.5773,,,3.8543,,,22.9247,,,-13.3991,,,3.5326,,,-0.7812,QC'd by UPCMLD,candidate_step3_property,,C55H61N5O10,952.1,7.8,2,11,27,0
12652,26754150,3710744,CC(=O)OCC1C(C(C(C(O1)OC2=CC3=C(C(=C2)OC(=O)C)C(=O)C=C(O3)C4=CC(=C(C=C4)OC(=O)C)OC(=O)C)OC(=O)C)OC(=O)C)OC(=O)C,Inactive,0,,,Inactive,,,,,,,,,,4,,-11.8562,,13.0164,11.2161,,18.4421,8.9485,,4.3024,6.8627,,0.5785,5.853,,-7.9519,-14.8135,,17.9077,-4.7969,,-11.1,-12.5885,,-11.8562,QC'd by Timtec,candidate_step3_property,,C35H34O18,742.6,2.0,0,18,18,0
12664,17385492,5459640,CCCCCCN(C(C1=CC(=C(C=C1)O)C(=O)OC)C(=O)NCCCC)C(=O)CCCCCN2C(=C(C(NC2=O)C3=CC=C(C=C3)C4=CC=CC=C4)C(=O)OCC5=CC=CC=C5)C,Inactive,0,,,Inactive,,,,,,,,,,4,,3.7155,,,,,5.1054,,,12.1518,,,8.3476,,,19.4841,,,5.1003,,,7.0158,,,3.7155,QC'd by UPCMLD,candidate_step3_property,,C51H62N4O8,859.1,9.5,3,8,25,0
12674,26754153,5291488,C1=CC(=C(C=C1C2=CC(=O)C3=C(C=C(C=C3O2)OC4C(C(C(C(O4)CO)O)O)O)O)O)O,Inactive,0,,,Inactive,,,,,,,,,,4,,-35.1817,,-18.8978,-1.6798,,4.7763,-21.5397,,-37.922,-30.5902,,-17.8649,-26.8155,,-14.9203,-19.4391,,-11.8485,-13.7922,,-21.1004,-25.4134,,-35.1817,QC'd by Timtec,candidate_step3_property,,C21H20O11,448.4,0.5,7,11,4,0
12679,17385493,5459641,CCCCCCN(C(C1=CC=C(C=C1)OCC(=O)OC)C(=O)NCCCC)C(=O)CCCCCN2C(=C(C(NC2=O)C3=CC=C(C=C3)C4=CC=CC=C4)C(=O)OCC5=CC=CC=C5)C,Inactive,0,,,Inactive,,,,,,,,,,4,,0.5469,,,,,9.4041,,,2.3622,,,-8.9457,,,10.1332,,,-4.019,,,0.6142,,,0.5469,QC'd by UPCMLD,candidate_step3_property,,C52H64N4O8,873.1,9.3,2,8,27,0
12683,11112832,6604430,CC[C@H]1[C@H](C=C[C@@]2(O1)C[C@H]3C[C@@H](O2)C/C=C(\[C@H]([C@H](/C=C\C=C4CO[C@H]5[C@@]4([C@@H](C=C([C@@H]5O)C)C(=O)O3)O)C)O[C@@H]6C[C@@H]([C@@H]([C@@H](O6)C)O[C@@H]7C[C@@H]([C@@H]([C@@H](O7)C)O)OC)OC)/C)C,Inactive,0,,,Inactive,,,,,,,,,,4,,-9.5861,,29.5729,4.126,,7.9571,9.1838,,-1.9486,15.1228,,11.5421,3.5534,,1.1011,1.6348,,1.3399,21.5065,,13.5412,-9.5861,,,QC'd by Prestwick,candidate_step3_property,,C46H68O14,845.0,3.0,3,14,7,0
12687,11112834,135484648,C[C@@H]1C=CC=C(C(=O)N=C2C(=C3C(=C4C2=NC5(N4)CCN(CC5)CC(C)C)C6=C(C(=C3O)C)O[C@](C6=O)(OC=C[C@@H]([C@H]([C@@H]([C@@H]([C@@H]([C@@H]([C@@H]1O)C)O)C)OC(=O)C)C)OC)C)O)C,Inactive,0,,,Inactive,,,,,,,,,,4,,-21.4191,,-13.0296,-24.7868,,-22.8174,-24.5357,,-36.787,-20.6703,,-28.644,-23.5967,,-30.226,-30.4781,,-18.4043,-29.9075,,-39.2666,-21.4191,,,QC'd by Prestwick,candidate_step3_property,,C46H62N4O11,847.0,4.7,5,14,5,0
12698,17385494,5459642,CC1=C(C(NC(=O)N1CCCCCC(=O)O)C2=CC=C(C=C2)C3CCCCC3)C(=O)OCC4=CC=CC=C4,Inactive,0,,,Inactive,,,,,,,,,,4,,11.9456,,,,,8.3155,,,19.2876,,,-3.4538,,,7.909,,,3.5249,,,-0.475,,,11.9456,QC'd by UPCMLD,candidate_step3_property,,C31H38N2O5,518.6,5.8,2,5,12,0
12714,17385495,5459643,CCCCCCN(C(C1=CC(=C(C=C1)OCC(=O)OC)C(=O)OC)C(=O)NCCCC)C(=O)CCCCCN2C(=C(C(NC2=O)C3CC3)C(=O)OCC4=CC=CC=C4)C,Inactive,0,,,Inactive,,,,,,,,,,4,,18.7989,,,,,27.262,,,70.8959,,,24.8319,,,0.3635,,,32.4004,,,46.0028,,,18.7989,QC'd by UPCMLD,candidate_step3_property,,C45H62N4O10,819.0,6.6,2,10,28,0
12730,17385496,5459644,CCCCCCN(C(C1=CC(=C(C=C1)OCC(=O)OC)C(=O)OC)C(=O)NCCCC)C(=O)CCCCCN2C(=C(C(NC2=O)C3=CC=C(C=C3)C4CCCCC4)C(=O)OCC5=CC=CC=C5)C,Inactive,0,,,Inactive,,,,,,,,,,4,,1.8948,,,,,0.7314,,,15.1235,,,3.6587,,,-4.6804,,,-1.6437,,,-4.4546,,,1.8948,QC'd by UPCMLD,candidate_step3_property,,C54H72N4O10,937.2,10.1,2,10,29,0
12745,17385482,5459628,CCCCCCN(C(C1=CC(=C(C=C1)OCC(=O)OC)C(=O)OC)C(=O)NCCCC)C(=O)CCCCCN2C(=C(C(NC2=O)C3=CC(=CC=C3)[N+](=O)[O-])C(=O)OCC4=CC=CC=C4)C,Inactive,0,,,Inactive,,,,,,,,,,4,,12.1105,,,,,4.4281,,,10.6491,,,11.6268,,,1.5864,,,5.5054,,,3.5105,,,12.1105,QC'd by UPCMLD,candidate_step3_property,,C48H61N5O12,900.0,7.4,2,12,28,0
12748,4238219,3233330,COC1=CC=C(C=C1)C(=O)N2CCC[C@]3(C2)CCN(C3)C4=CC=CC(=C4)C5=CC=CC=C5,Inactive,0,,,Inactive,,,,,,,,,,4,,-9.3489,,,,,5.5012,,,-8.7545,,,1.0565,,,-17.6536,,,-7.4925,,,1.9392,,,-9.3489,QC'd by Pharmacopeia,candidate_step3_property,,C28H30N2O2,426.5,5.5,0,3,4,0
12756,4254273,9595237,C[C@H](/C(=N/O)/N)N,Inactive,0,,,Inactive,,,,,,,,,,4,,-0.0563,,-3.7709,,,15.6366,,,-0.9467,,,13.2244,,,13.8095,,,10.9022,,,-0.0563,,,,QC'd by NCI,candidate_step3_property,,C3H9N3O,103.12,-1.1,3,3,1,0
12760,17385481,5459627,CCCCCCN(C(C1=CC(=C(C=C1)OCC(=O)OC)C(=O)OC)C(=O)NCCCC)C(=O)CCCCCN2C(=C(C(NC2=O)C3=CC=C(C=C3)C(C)(C)C)C(=O)OCC4=CC=CC=C4)C,Inactive,0,,,Inactive,,,,,,,,,,4,,-1.2589,,,,,-3.0168,,,-16.3661,,,6.3484,,,3.9755,,,-7.6657,,,7.6123,,,-1.2589,QC'd by UPCMLD,candidate_step3_property,,C52H70N4O10,911.1,9.2,2,10,29,0
12764,4238220,3233331,C1=CC=C2C(=C1)C(=NC(=N2)C3=CC=CC=C3Cl)NCC4=CC=CS4,Inactive,0,,,Inactive,,,,,,,,,,4,,-20.3346,,,,,2.5468,,,-21.4502,,,-1.0283,,,-7.6939,,,-10.6226,,,-16.5047,,,-20.3346,QC'd by Pharmacopeia,candidate_step3_property,,C19H14ClN3S,351.9,5.4,1,4,4,0
12778,17385484,5459631,CCCCCCN(C(C1=CC(=C(C=C1)OCC(=O)OC)C(=O)OC)C(=O)NCCCC)C(=O)CCCCCN2C(=C(C(NC2=O)C3=CC=C(C=C3)[N+](=O)[O-])C(=O)OCC4=CC=CC=C4)C,Inactive,0,,,Inactive,,,,,,,,,,4,,-8.0692,,,,,-2.5661,,,-1.9443,,,-5.145,,,-3.7276,,,-4.5969,,,0.7231,,,-8.0692,QC'd by UPCMLD,candidate_step3_property,,C48H61N5O12,900.0,7.4,2,12,28,0
12786,4238217,3233328,C1=CC=C(C=C1)N2C3=NC(=NC=C3N=C(C2=O)C4=CC=CS4)OC5=CC=CC=C5,Inactive,0,,,Inactive,,,,,,,,,,4,,-13.9458,,,,,-6.4694,,,-16.5941,,,-18.6328,,,-11.9509,,,-18.5298,,,-40.4615,,,-13.9458,QC'd by Pharmacopeia,residual_possible_step4_or_definition_mismatch,,C22H14N4O2S,398.4,4.6,0,6,4,0
12795,17385483,5459630,CCCCCCN(C(C1=CC(=C(C=C1)OCC(=O)OC)C(=O)OC)C(=O)NCCCC)C(=O)CCCCCN2C(=C(C(NC2=O)C3=CC=C(C=C3)Cl)C(=O)OCC4=CC=CC=C4)C,Inactive,0,,,Inactive,,,,,,,,,,4,,16.2711,,,,,-0.0654,,,8.7799,,,10.69,,,13.1472,,,1.9553,,,15.8105,,,16.2711,QC'd by UPCMLD,candidate_step3_property,,C48H61ClN4O10,889.5,8.2,2,10,28,0
12819,17385486,5459633,CCCCCCN(C(C1=CC(=C(C=C1)OCC(=O)OC)C(=O)OC)C(=O)NCCCC)C(=O)CCCCCN2C(=C(C(NC2=O)C3=CC=CC=C3C4=CC=CC=C4)C(=O)OCC5=CC=CC=C5)C,Inactive,0,,,Inactive,,,,,,,,,,4,,6.0406,,,,,-8.2891,,,13.9847,,,13.1056,,,7.2496,,,-8.7718,,,-5.0223,,,6.0406,QC'd by UPCMLD,candidate_step3_property,,C54H66N4O10,931.1,9.2,2,10,29,0
12827,7966411,5308213,CC1=C(C(=CC=C1)N2CCN(CC2)C3=NC4=C(C=C(C=C4)Cl)N5C3=NN=C5)C,Inactive,0,,,Inactive,,,,,,,,,,4,,-10.181,,,,,-18.0895,,,-10.941,,,3.4691,,,7.8056,,,0.0459,,,-7.5704,,,-10.181,QC'd by DPISMR,residual_possible_step4_or_definition_mismatch,,C21H21ClN6,392.9,4.9,0,5,2,0
12839,17385485,5459632,CCCCCCN(C(C1=CC(=C(C=C1)OCC(=O)OC)C(=O)OC)C(=O)NCCCC)C(=O)CCCCCN2C(=C(C(NC2=O)C3=CC4=CC=CC=C4C=C3)C(=O)OCC5=CC=CC=C5)C,Inactive,0,,,Inactive,,,,,,,,,,4,,5.0461,,,,,-0.6302,,,20.563,,,6.0269,,,-8.2713,,,8.3532,,,2.9273,,,5.0461,QC'd by UPCMLD,candidate_step3_property,,C52H64N4O10,905.1,8.8,2,10,28,0
12859,17385488,5459635,CCCCNC(=O)C(C1=CC(=C(C=C1)OCC(=O)OC)C(=O)OC)N(CC2=CC=CC=C2)C(=O)CCCCCN3C(=C(C(NC3=O)C4=CC=C(C=C4)C5=CC=CC=C5)C(=O)OCC6=CC=CC=C6)C,Inactive,0,,,Inactive,,,,,,,,,,4,,5.1685,,,,,17.5168,,,7.7753,,,4.802,,,22.1448,,,13.2548,,,5.6061,,,5.1685,QC'd by UPCMLD,candidate_step3_property,,C55H60N4O10,937.1,8.3,2,10,26,0
12867,11112826,6604427,CC(=O)N(C[C@H](CO)O)C1=C(C(=C(C(=C1I)C(=O)NC[C@H](CO)O)I)C(=O)NC[C@H](CO)O)I,Inactive,0,,,Inactive,,,,,,,,,,4,,-0.6316,,4.9815,-0.2001,,7.8578,-11.4631,,-2.9418,7.9062,,4.0127,9.3607,,13.1953,14.1099,,4.4153,10.4541,,0.4995,-0.6316,,,QC'd by Prestwick,candidate_step3_property,,C19H26I3N3O9,821.1,-3.000,8,9,12,0
12877,17385487,5459634,CCCCCCN(C(C1=CC(=C(C=C1)OCC(=O)OC)C(=O)OC)C(=O)NCCCC)C(=O)CCCCCN2C(=C(C(NC2=O)C3CCCCC3)C(=O)OCC4=CC=CC=C4)C,Inactive,0,,,Inactive,,,,,,,,,,4,,12.112,,,,,-9.9354,,,54.3607,,,14.5279,,,-1.4088,,,7.3716,,,19.5053,,,12.112,QC'd by UPCMLD,candidate_step3_property,,C48H68N4O10,861.1,8.3,2,10,28,0
12881,11112813,6604421,C1=CC(=CC=C1CS[C@@H](CN2C=CN=C2)C3=C(C=C(C=C3)Cl)Cl)Cl,Inactive,0,,,Inactive,,,,,,,,,,4,,-8.5986,,18.066,13.7572,,7.2243,15.1259,,11.3857,14.2756,,20.7469,11.649,,-0.2666,23.4186,,14.2248,8.4093,,-19.598,-8.5986,,,QC'd by Prestwick,candidate_step3_property,,C18H15Cl3N2S,397.7,6.100,0,2,6,0
12884,4254265,434859,CCN(CC)CC[N+]1=CC2=C(C3=C(C(=C2C=C1)C)NC4=CC=CC=C43)C.CC(=O)O,Inactive,0,,,Inactive,,,,,,,,,,4,,4.7695,,-2.793,,,-8.897,,,5.8657,,,6.0081,,,10.2716,,,1.3944,,,4.7695,,,,QC'd by NCI,property_value_missing,,C25H32N3O2+,406.5,,2,3,5,1
12900,4238212,3233323,CN1C=C(C2=CC=CC=C21)C3=NC4=CN=C(N=C4N(C3=O)CC5=CC=CS5)OC6=CC=CC=C6,Inactive,0,,,Inactive,,,,,,,,,,4,,15.5223,,,,,-12.4982,,,-1.144,,,6.9762,,,11.7656,,,-0.1444,,,21.1436,,,15.5223,QC'd by Pharmacopeia,residual_possible_step4_or_definition_mismatch,,C26H19N5O2S,465.5,4.3,0,6,5,0
12901,11112812,6604420,C1C(=C(N2[C@@H](S1)[C@@H](C2=O)NC(=O)CC3=CC=CC=C3CN)C(=O)O)CSC4=NN=NN4CC(=O)O,Inactive,0,,,Inactive,,,,,,,,,,4,,-8.1903,,2.5388,-33.919,,-18.6064,-31.1918,,-17.3202,-23.8094,,-17.7375,-15.9309,,-17.6039,-10.0361,,-24.8255,-5.0301,,-7.9749,-8.1903,,,QC'd by Prestwick,candidate_step3_property,,C20H21N7O6S2,519.6,-3.200,4,12,10,0
12905,17385473,5459619,CC1=C(C(NC(=O)N1CCCCCC(=O)O)C2=CC=C(C=C2)C(C)(C)C)C(=O)OCC3=CC=CC=C3,Inactive,0,,,Inactive,,,,,,,,,,4,,19.9167,,,,,-2.8382,,,5.8318,,,2.5987,,,9.8997,,,-14.9354,,,9.9272,,,19.9167,QC'd by UPCMLD,residual_possible_step4_or_definition_mismatch,,C29H36N2O5,492.6,4.9,2,5,12,0
12914,26754165,3473197,CC(=O)OCC1C(C(C(C(O1)OC2=CC3=C(C=C2)OC=C(C3=O)C4=CC=C(C=C4)OC)OC(=O)C)OC(=O)C)OC(=O)C,Inactive,0,,,Inactive,,,,,,,,,,4,,-23.1517,,20.9205,20.0974,,25.6234,20.4836,,16.9049,12.6151,,6.2362,3.4037,,8.9687,2.092,,0.0426,-15.2605,,-15.7825,-16.3576,,-23.1517,QC'd by Timtec,candidate_step3_property,,C30H30O13,598.5,2.7,0,13,13,0
12917,11112815,6604422,CC[C@H]1[C@@]([C@H]2[C@@H]([C@H]([C@H](C[C@@]([C@H]([C@H]([C@H]([C@H](C(=O)O1)C)O[C@@H]3C[C@]([C@@H]([C@@H](O3)C)O)(C)OC)C)O[C@H]4[C@H]([C@@H](C[C@@H](O4)C)N(C)C)O)(C)O)C)N[C@@H](O2)COCCOC)C)(C)O,Inactive,0,,,Inactive,,,,,,,,,,4,,7.1881,,5.8471,-10.2489,,0.4638,4.7258,,1.2639,0.5635,,-8.1892,4.0336,,-9.4986,-9.3352,,9.3107,-15.9657,,10.2634,7.1881,,,QC'd by Prestwick,candidate_step3_property,,C42H78N2O14,835.1,4.200,5,16,12,0
12935,26754166,5125341,CC(=O)OCC1C(C(C(C(O1)OC2=C(C3=C(C=C2)OC=C(C3=O)C4=CC=C(C=C4)OC)OC(=O)C)OC(=O)C)OC(=O)C)OC(=O)C,Inactive,0,,,Inactive,,,,,,,,,,4,,-13.4638,,-9.041,-12.716,,-10.5622,-7.4968,,-11.8212,-10.1519,,-14.793,-20.8243,,-13.6306,-15.2362,,-13.3665,-27.1624,,-35.5467,-21.3759,,-13.4638,QC'd by Timtec,candidate_step3_property,,C32H32O15,656.6,2.5,0,15,15,0
12939,4238210,3233321,C1CC2(CCN(CC2)C(=O)C3=CC(=CC(=C3)C(F)(F)F)C(F)(F)F)CN(C1)C(=O)NC4=CC(=CC=C4)F,Inactive,0,,,Inactive,,,,,,,,,,4,,11.5448,,,,,2.5298,,,-2.7992,,,5.745,,,2.1612,,,-4.6093,,,-4.0295,,,11.5448,QC'd by Pharmacopeia,candidate_step3_property,,C25H24F7N3O2,531.5,5.2,1,9,2,0
12942,17385475,5459621,CC1=C(C(NC(=O)N1CCCCCC(=O)OC)C2=CC=C(C=C2)C3=CC=CC=C3)C(=O)OCC4=CC=CC=C4,Inactive,0,,,Inactive,,,,,,,,,,4,,-10.8951,,,,,-14.1564,,,8.9432,,,-0.0173,,,9.8881,,,-8.1697,,,-3.802,,,-10.8951,QC'd by UPCMLD,candidate_step3_property,,C32H34N2O5,526.6,5.2,1,5,13,0
12951,17385478,5459624,CCCCNC(=O)C(C1=CC(=C(C=C1)OCC(=O)OC)C(=O)OC)N(CCOC)C(=O)CCCCCN2C(=C(C(NC2=O)C3=CC=C(C=C3)C4=CC=CC=C4)C(=O)OCC5=CC=CC=C5)C,Inactive,0,,,Inactive,,,,,,,,,,4,,-6.0845,,,,,-4.3027,,,1.3301,,,-17.5492,,,14.0219,,,12.6257,,,6.1044,,,-6.0845,QC'd by UPCMLD,candidate_step3_property,,C51H60N4O11,905.0,6.700,2,11,27,0
12970,4254260,16684741,C1CC[C@@H]([C@@H](C1)[NH-])[NH-].C1=CC(=C(C=C1C(=O)O)C(=O)O)C(=O)O.[Pt],Inactive,0,,,Inactive,,,,,,,,,,4,,20.9302,,47.2391,,,37.2182,,,16.3812,,,18.7698,,,28.5914,,,17.0227,,,20.9302,,,,QC'd by NCI,candidate_step1_inorganic,Pt,C15H18N2O6Pt-2,517.4,,5,8,1,-2
12985,26754169,135398658,C1=CC(=CC=C1C(=O)N[C@@H](CCC(=O)O)C(=O)O)NCC2=CN=C3C(=N2)C(=O)NC(=N3)N,Inactive,0,,,Inactive,,,,,,,,,,4,,-2.2193,,-2.9928,3.3605,,20.1975,-29.7226,,1.8692,8.0414,,7.7415,4.5098,,9.7902,-14.2649,,12.3613,2.4157,,-1.1583,-8.2996,,-2.2193,QC'd by Timtec,candidate_step3_property,,C19H19N7O6,441.4,-1.1,6,10,9,0
12987,17385480,5459626,CCCCCCN(C(C1=CC(=C(C=C1)OCC(=O)OC)C(=O)OC)C(=O)NCCCC)C(=O)CCCCCN2C(=C(C(NC2=O)C3=CC=C(C=C3)C(F)(F)F)C(=O)OCC4=CC=CC=C4)C,Inactive,0,,,Inactive,,,,,,,,,,4,,5.566,,,,,-6.0551,,,8.1252,,,9.3975,,,7.6646,,,-11.2081,,,8.7321,,,5.566,QC'd by UPCMLD,candidate_step3_property,,C49H61F3N4O10,923.0,8.400,2,13,28,0
13005,17385479,5459625,CCCCCCN(C(C1=CC=CC=N1)C(=O)NCCCC)C(=O)CCCCCN2C(=C(C(NC2=O)C3=CC=C(C=C3)C4=CC=CC=C4)C(=O)OCC5=CC=CC=C5)C,Inactive,0,,,Inactive,,,,,,,,,,4,,-2.0904,,,,,20.1773,,,55.7675,,,6.9252,,,23.7703,,,15.1419,,,24.1568,,,-2.0904,QC'd by UPCMLD,candidate_step3_property,,C48H59N5O5,786.0,8.4,2,6,23,0
13082,11112805,6603775,CC[C@H]1C(=O)N(CC(=O)N([C@H](C(=O)N[C@H](C(=O)N([C@H](C(=O)N[C@H](C(=O)N[C@H](C(=O)N([C@H](C(=O)N([C@H](C(=O)N([C@H](C(=O)N([C@H](C(=O)N1)[C@H]([C@@H](C)C/C=C\C)O)C)C(C)C)C)CC(C)C)C)CC(C)C)C)C)C)CC(C)C)C)C(C)C)CC(C)C)C)C,Inactive,0,,,Inactive,,,,,,,,,,4,,6.2822,,9.5551,8.4077,,7.1627,16.4375,,7.1502,15.0858,,1.9126,-0.719,,5.2083,-14.2742,,3.1734,17.2807,,9.2476,6.2822,,,QC'd by Prestwick,candidate_step3_property,,C62H111N11O12,1202.6,7.5,5,12,15,0
13098,11112810,157018,C=C[C@@H](CCC(=O)O)N,Inactive,0,,,Inactive,,,,,,,,,,4,,-6.2396,,-19.0991,-16.9755,,-6.751,-15.5007,,-13.2298,-19.4849,,-15.4304,-20.6286,,-9.3309,-11.8588,,-9.5668,-3.3686,,-0.7876,-6.2396,,,QC'd by Prestwick,candidate_step3_property,,C6H11NO2,129.16,-2.200,2,3,4,0
13107,4254251,336494,C1CCC(CC1)(C(C2=CC=C(C=C2)C3=CC=CC=C3)(C4=CC=C(C=C4)C5=CC=CC=C5)O)O,Inactive,0,,,Inactive,,,,,,,,,,4,,28.5815,,17.0366,,,22.6102,,,13.5887,,,11.0403,,,25.2747,,,17.9774,,,28.5815,,,,QC'd by NCI,candidate_step3_property,,C31H30O2,434.6,6.8,2,2,5,0
13128,26754194,7061086,CC1([C@@H](N2[C@@H](S1)[C@H](C2=O)N)C(=O)O)C,Inactive,0,,,Inactive,,,,,,,,,,4,,19.1488,,1.089,5.9117,,26.17,0.3196,,9.7543,-17.6559,,-8.6433,-8.8971,,5.4327,-23.1544,,-5.008,16.3331,,7.195,0.5354,,19.1488,QC'd by Timtec,residual_possible_step4_or_definition_mismatch,,C8H12N2O3S,216.26,-2.100,2,5,1,0
13174,4249672,3243593,C1CN(CCN1C2=CC=C(C=C2)F)C3=NC(=CC(=N3)C(F)(F)F)C4=CC=CO4,Inactive,0,,,Inactive,,,,,,,,,,4,,18.0804,,,,,-2.9786,,,-9.7999,,,-6.1605,,,0.7574,,,-2.3694,,,1.4485,,,18.0804,QC'd by DPISMR,residual_possible_step4_or_definition_mismatch,,C19H16F4N4O,392.3,4.0,0,9,3,0
13185,4254247,434431,CC1=CC(=C(C=C1C)N=CC2=C(C(=NC=C2CO)C)O)N=CC3=C(C(=NC=C3CO)C)O.[Zn],Inactive,0,,,Inactive,,,,,,,,,,4,,14.6755,,-6.3866,,,-0.669,,,-11.4535,,,12.4078,,,-6.7678,,,12.3374,,,14.6755,,,,QC'd by NCI,candidate_step1_inorganic,Zn,C24H26N4O4Zn,499.9,,4,8,2,0
13218,11112796,6604416,CCN[C@@H]1C[C@@H]([C@@H]([C@H]([C@H]1O[C@@H]2[C@H]([C@@H]([C@](CO2)(C)O)NC)O)O)O[C@@H]3[C@@H](CC=C(O3)CN)N)N,Inactive,0,,,Inactive,,,,,,,,,,4,,19.589,,17.094,8.766,,4.4212,5.9859,,5.4885,9.8405,,7.5164,10.9817,,13.7858,22.4131,,13.5702,22.3183,,11.8674,19.589,,,QC'd by Prestwick,candidate_step3_property,,C21H41N5O7,475.6,-4.2,8,12,8,0
13255,26754186,16759272,CCN1C[C@@]2([C@@H](C[C@@H]([C@]34[C@H]1C([C@@H](C23)OC)[C@]5([C@H]([C@@H]([C@]6(CC4C5[C@H]6OC(=O)C7=CC=CC=C7)O)OC)O)OC(=O)C)OC)O)COC,Inactive,0,,,Inactive,,,,,,,,,,4,,6.7355,,15.393,0.0549,,0.2079,7.4025,,12.0722,5.3928,,-2.7628,5.4935,,15.6649,13.7856,,-3.6081,24.2217,,7.5472,16.4778,,6.7355,QC'd by Timtec,candidate_step3_property,,C34H47NO11,645.7,0.3,3,12,11,0
13281,11112801,3742,CC(=O)N(C)C1=C(C(=C(C(=C1I)C(=O)NCC(=O)NC2=C(C(=C(C(=C2I)C(=O)O)I)C(=O)NCCO)I)I)C(=O)NC)I,Inactive,0,,,Inactive,,,,,,,,,,4,,-8.1058,,-13.9518,-10.2535,,-16.067,-3.8874,,-25.5323,-11.6933,,-4.9957,-26.6856,,-19.0627,-8.6082,,-2.9278,7.422,,-9.5252,-8.1058,,,QC'd by Prestwick,candidate_step3_property,,C24H21I6N5O8,1268.9,2.8,6,8,10,0
13311,4254237,335083,C1CN(CCC1CCC2CCN(CC2)C3=NC=NC4=C3C=CC(=C4)Cl)C5=NC=NC6=C5C=CC(=C6)Cl,Inactive,0,,,Inactive,,,,,,,,,,4,,11.8159,,7.0089,,,-6.825,,,-6.6449,,,-0.6271,,,11.7204,,,2.4286,,,11.8159,,,,QC'd by NCI,candidate_step3_property,,C28H30Cl2N6,521.5,7.6,0,6,5,0
13325,4254241,90424,CN(C)CCNCCN,Inactive,0,,,Inactive,,,,,,,,,,4,,1.8114,,6.1864,,,6.0072,,,-0.694,,,-11.7545,,,6.0841,,,-2.7539,,,1.8114,,,,QC'd by NCI,candidate_step3_property,,C6H17N3,131.22,-1.100,2,3,5,0
13340,11112787,6604413,CCCCCCCCN[C@@H](C)[C@@H](C1=CC=C(C=C1)SC(C)C)O,Inactive,0,,,Inactive,,,,,,,,,,4,,-4.3932,,21.495,18.2423,,10.6477,16.8509,,18.4317,19.9541,,10.7199,8.4096,,30.2086,19.823,,16.1943,1.7884,,10.3041,-4.3932,,,QC'd by Prestwick,candidate_step3_property,,C20H35NOS,337.6,5.8,2,3,12,0
13352,4254239,434172,CC(C)(C)C1=CC2=C(C(=C1)CC3=CC(=CC(=C3O)CC4=CC(=CC(=C4O)CC5=CC(=CC(=C5O)CC6=CC(=CC(=C6O)CC7=C(C(=CC(=C7)C(C)(C)C)CC8=C(C(=CC(=C8)C(C)(C)C)CC9=C(C(=CC(=C9)C(C)(C)C)C2)O)O)O)C(C)(C)C)C(C)(C)C)C(C)(C)C)C(C)(C)C)O,Inactive,0,,,Inactive,,,,,,,,,,4,,13.4722,,-20.6601,,,-34.5824,,,-0.8547,,,11.5331,,,7.2732,,,9.4885,,,13.4722,,,,QC'd by NCI,candidate_step3_property,,C88H112O8,1297.8,25.9,8,8,8,0
13453,4254229,3246648,C(CNC[C@@H](CO)O)N,Inactive,0,,,Inactive,,,,,,,,,,4,,-17.0083,,24.3535,,,15.1479,,,-6.0082,,,2.2859,,,7.6163,,,7.4845,,,-17.0083,,,,QC'd by NCI,candidate_step3_property,,C5H14N2O2,134.18,-2.4,4,4,5,0
13463,4245211,3239707,CC1=CC(=C(C(=C1)C)NC(=O)CSC2=NN=C(N2C3=CC=C(C=C3)F)CC4=CC=CN4C)C,Inactive,0,,,Inactive,,,,,,,,,,4,,13.5018,,,,,25.7199,,,1.4249,,,4.0156,,,16.9498,,,13.113,,,7.885,,,13.5018,QC'd by DPISMR,residual_possible_step4_or_definition_mismatch,,C25H26FN5OS,463.6,4.8,1,5,7,0
13495,4254231,433921,C1=CC=C2C(=C1)N=C(S2)SCC(=O)C3=C([N+]4=C(S3)SC5=CC=CC=C54)O,Inactive,0,,,Inactive,,,,,,,,,,4,,-1.0847,,-12.9126,,,14.6752,,,-1.1897,,,-2.3761,,,-14.6378,,,4.2793,,,-1.0847,,,,QC'd by NCI,candidate_step3_property,,C18H11N2O2S4+,415.6,7.9,1,7,4,1
13531,4245207,3239703,C1CCC2=C(CC1)N=C(N=C2C(F)(F)F)N3CCN(CC3)C4=CC=CC=C4,Inactive,0,,,Inactive,,,,,,,,,,4,,16.836,,,,,2.6172,,,8.2272,,,-45.8318,,,-22.8995,,,4.0932,,,-15.4628,,,16.836,QC'd by DPISMR,residual_possible_step4_or_definition_mismatch,,C20H23F3N4,376.4,4.9,0,7,2,0
13532,11112785,6604412,C1[C@@H]([C@@H]([C@H]([C@H]([C@@H]1N)O[C@@H]2[C@H]([C@@H]([C@@H]([C@@H](O2)CN)O)O)N)O[C@H]3[C@H]([C@@H]([C@H](O3)CO)O)O)O)N,Inactive,0,,,Inactive,,,,,,,,,,4,,19.996,,29.3975,9.533,,-5.4693,15.4247,,19.1205,7.6406,,18.0106,11.6821,,10.6787,16.5557,,19.8254,-4.0184,,13.6775,19.996,,,QC'd by Prestwick,candidate_step3_property,,C17H34N4O10,454.5,-6.3,10,14,6,0
13561,11112783,6604411,C[C@]1(CO[C@@H]([C@H]([C@@H]1NC)O)O[C@H]2[C@@H](C[C@@H]([C@@H]([C@H]2O)O[C@@H]3[C@@H](CC=C(O3)CN)N)N)N)O,Inactive,0,,,Inactive,,,,,,,,,,4,,-0.3043,,2.7331,0.1628,,2.693,8.3078,,-6.5968,0.6751,,-9.2941,3.7773,,-4.0882,-19.3243,,3.8252,-18.6703,,-8.4298,-0.3043,,,QC'd by Prestwick,candidate_step3_property,,C19H37N5O7,447.5,-5.1,8,12,6,0
13566,3717436,2999999,CC1=CC=CC=C1OC2=NN=C(C=C2)OC3=CC=CC=C3C,Inactive,0,,,Inactive,,,,,,,,,,4,,11.1698,,,,,-3.6123,,,-1.3478,,,-3.4218,,,-1.8147,,,10.824,,,-1.4874,,,11.1698,QC'd by DPISMR,residual_possible_step4_or_definition_mismatch,,C18H16N2O2,292.3,4.3,0,4,4,0
13597,17385017,5459426,C1=CC=C(C=C1)C2=C3C4=CC=CC=C4NC3=NC5=CC=CC=C52,Inactive,0,,,Inactive,,,,,,,,,,4,,11.3428,,,,,6.1701,,,5.5804,,,0.7773,,,1.9292,,,-6.1409,,,-2.7014,,,11.3428,QC'd by UPCMLD,candidate_step3_property,,C21H14N2,294.3,5.4,1,1,1,0
13603,26754369,322372,COC1=C(C2=C(CC3C4=CC5=C(C=C4CCN3C2CC6=CC=CC=C6)OCO5)C=C1)OC,Inactive,0,,,Inactive,,,,,,,,,,4,,-24.1829,,8.5901,14.703,,28.797,13.1632,,9.3421,8.18,,13.8595,9.1438,,14.7074,5.7431,,17.9769,1.3315,,-1.4836,-4.7486,,-24.1829,QC'd by Timtec,candidate_step3_property,,C27H27NO4,429.5,5.1,0,5,4,0
13606,3713257,135415445,C1CCC(CC1)N2C(=NN=C2SC/C(=C(\C#N)/C3=NC4=CC=CC=C4N3)/O)CC5=CC=CS5,Inactive,0,,,Inactive,,,,,,,,,,4,,-25.2698,,,,,-16.241,,,5.1514,,,12.8151,,,16.2846,,,-11.6384,,,-20.0494,,,-25.2698,QC'd by DPISMR,residual_possible_step4_or_definition_mismatch,,C24H24N6OS2,476.6,4.3,2,7,7,0
13614,17385014,5459403,CCC1=C2C(=CC=C1)N=C3C(=C2[Si](CC)(CC)CC)CN4C3=CC=CC4=O,Inactive,0,,,Inactive,,,,,,,,,,4,,-11.0786,,,,,-0.57,,,3.2768,,,22.0193,,,3.2787,,,33.1206,,,27.49,,,-11.0786,QC'd by UPCMLD,candidate_step1_inorganic,Si,C23H28N2OSi,376.6,,0,2,5,0
13615,11112882,6604451,C1=CC2=C(C(=C1)Cl)SC=C2CO[C@@H](CN3C=CN=C3)C4=C(C=C(C=C4)Cl)Cl,Inactive,0,,,Inactive,,,,,,,,,,4,,-12.8501,,17.2786,3.5936,,3.467,-1.6483,,3.079,-5.5311,,-3.196,5.4407,,9.6466,0.1198,,6.0651,5.2328,,3.9041,-12.8501,,,QC'd by Prestwick,candidate_step3_property,,C20H15Cl3N2OS,437.8,6.300,0,3,6,0
13620,26754367,7566679,CN1CCC2=CC(=C(C3=C4C(=C(C1=C23)CC5=C6C7=C(C8=CC(=C(C=C85)OC)OC)C(=C(C=C7CCN6C)OC)OC)C=CC(=C4OC)OC)OC)OC,Inactive,0,,,Inactive,,,,,,,,,,4,,-10.2385,,11.5087,-12.0306,,24.6298,-4.0193,,-3.8833,7.4222,,15.1204,-5.967,,5.9987,18.5888,,-8.7655,-1.2838,,-4.6915,-10.5443,,-10.2385,QC'd by Timtec,candidate_step3_property,,C43H46N2O8,718.8,8.9,0,10,10,0
13630,4254326,342550,CC1=C(C=CC(=C1)C(=O)CSC(=S)SC(C)(C)C)Cl,Inactive,0,,,Inactive,,,,,,,,,,4,,7.9873,,7.6753,,,-7.7071,,,4.3426,,,13.379,,,14.5523,,,1.7965,,,7.9873,,,,QC'd by NCI,candidate_step3_property,,C14H17ClOS3,332.9,5.6,0,4,6,0
13633,17385015,5459434,C[Si](C)(C)C#CC1=CC=CC=C1NC(=S)NC2=CC=CC=C2,Inactive,0,,,Inactive,,,,,,,,,,4,,8.8623,,,,,12.5492,,,-6.2386,,,4.3524,,,3.9491,,,4.0135,,,1.645,,,8.8623,QC'd by UPCMLD,candidate_step1_inorganic,Si,C18H20N2SSi,324.5,,2,1,4,0
13650,4254327,342553,CC(C)(C)C1=CC=C(C=C1)C2=NN=C(N2C3=CC=CC(=C3)C(F)(F)F)SCC4=CC=C(C=C4)Cl,Inactive,0,,,Inactive,,,,,,,,,,4,,-16.1592,,1.914,,,9.1154,,,-5.6699,,,-8.0678,,,-2.6983,,,0.3281,,,-16.1592,,,,QC'd by NCI,candidate_step3_property,,C26H23ClF3N3S,502.0,8.3,0,6,6,0
13655,17385012,5771817,C[C@]1(C[C@H]1C2CCCCC2)C(C3=CC=C(C=C3)C4=CC=CC=C4)NC(=O)CC5=CC=CC=C5,Inactive,0,,,Inactive,,,,,,,,,,4,,25.5365,,,,,26.1525,,,13.3089,,,20.8775,,,32.5374,,,6.1982,,,11.4649,,,25.5365,QC'd by UPCMLD,candidate_step3_property,,C31H35NO,437.6,8.1,1,1,7,0
13704,11112878,441130,C[C@@H]1[C@@H]2[C@H](C(=O)N2C(=C1S[C@H]3C[C@H](NC3)C(=O)N(C)C)C(=O)O)[C@@H](C)O,Inactive,0,,,Inactive,,,,,,,,,,4,,5.6987,,-3.7353,-1.7335,,-15.4821,0.8818,,-6.5763,-10.9107,,-0.5578,-14.2685,,-1.8642,0.4625,,0.5911,0.5381,,9.0218,5.6987,,,QC'd by Prestwick,residual_possible_step4_or_definition_mismatch,,C17H25N3O5S,383.5,-2.4,3,7,5,0
13719,17385011,5459425,C1=CC=C(C=C1)C#CC2=CC=CC=C2NC(=S)NC3=CC=CC=C3,Inactive,0,,,Inactive,,,,,,,,,,4,,-14.5037,,,,,1.994,,,-1.8754,,,7.2895,,,11.0039,,,8.5557,,,3.9262,,,-14.5037,QC'd by UPCMLD,candidate_step3_property,,C21H16N2S,328.4,5.1,2,1,4,0
13720,26749886,159830,CC1=C(C2=CC3=NC(=CC4=NC(=CC5=C(C(=C(N5)C=C1N2)C(C)O)C)C(=C4CCC(=O)O)C)C(=C3C)CCC(=O)O)C(C)O.Cl.Cl,Inactive,0,,,Activator,19.9526,42.4288,,Single point of activity,-4.7,2.7202,0.9827,39.57,-2.8589,3,0 0 1 0 0 0 0,37.1398,,,,,-5.7157,,,0.7057,,,19.3643,,,-2.0232,,,-3.5241,,,4.7486,,,37.1398,QC'd by Microsource,property_value_missing,,C34H40Cl2N4O6,671.6,,8,8,8,0
13732,844821,647152,CCCCCCC(C1=C(N(N(C1=O)C2=CC=CC=C2)C)C)C3=C(N(N(C3=O)C4=CC=CC=C4)C)C,Inactive,0,,,Inactive,,,,,,,,,,4,,11.427,,,,,8.6324,,,15.2807,,,18.2002,,,16.5985,,,16.0479,,,10.849,,,11.427,QC'd by DPISMR,candidate_step3_property,,C29H36N4O2,472.6,7.0,0,4,9,0
13747,17385024,5459420,CCC1=C2C(=CC=C1)C(=C3CCOC3=N2)C4=CC=CC=C4,Inactive,0,,,Inactive,,,,,,,,,,4,,1.6797,,,,,-31.3884,,,11.9318,,,5.8029,,,-5.0791,,,5.7729,,,-4.5937,,,1.6797,QC'd by UPCMLD,candidate_step3_property,,C19H17NO,275.3,5.0,0,2,2,0
13754,17385026,5771833,CCC[C@@H]1C[C@@]1(CCC)C(C2=CC(=CC=C2)Cl)NC(=O)C3=CC=CC=C3,Inactive,0,,,Inactive,,,,,,,,,,4,,-16.0838,,,,,2.3753,,,9.5865,,,-7.6459,,,9.7358,,,5.6074,,,-3.8459,,,-16.0838,QC'd by UPCMLD,candidate_step3_property,,C23H28ClNO,369.9,6.9,1,1,8,0
13782,17385022,5459404,CC[C@]1(C(=O)COC2=C1C=C3C4=NC5=CC=CC(=C5C(=C4CN3C2=O)[Si](C)(C)C)C(C)C)O,Inactive,0,,,Inactive,,,,,,,,,,4,,-0.6895,,,,,3.7551,,,6.7822,,,9.1195,,,18.2568,,,-10.2009,,,9.9205,,,-0.6895,QC'd by UPCMLD,candidate_step1_inorganic,Si,C26H30N2O4Si,462.6,,1,5,3,0
13824,3717215,2575484,C=CCN1C(=NN=C1SCN2C(=O)C3=CC=CC=C3N=N2)C4=CC=C(C=C4)Br,Inactive,0,,,Inactive,,,,,,,,,,4,,-20.0093,,,,,-21.3978,,,-10.5784,,,-11.6277,,,-9.6891,,,-4.2979,,,-5.7297,,,-20.0093,QC'd by DPISMR,residual_possible_step4_or_definition_mismatch,,C19H15BrN6OS,455.3,4.8,0,6,6,0
13845,17385021,5459397,CC(C)(C)[Si](C)(C)C1=C2CN3C(=O)C=CC=C3C2=NC4=CC(=C(C=C41)OC)OC,Inactive,0,,,Inactive,,,,,,,,,,4,,-17.0347,,,,,3.3321,,,23.7901,,,1.0058,,,2.862,,,-5.679,,,-4.0622,,,-17.0347,QC'd by UPCMLD,candidate_step1_inorganic,Si,C23H28N2O3Si,408.6,,0,4,4,0
13876,17385019,5461326,CCCC[C@H]1C[C@@H]1[C@H]2C3(CC3)C[C@@](CN2P(=O)(C4=CC=CC=C4)C5=CC=CC=C5)(C6=CC=CC=C6)O,Inactive,0,,,Inactive,,,,,,,,,,4,,2.944,,,,,3.6951,,,-1.7958,,,9.6255,,,4.3438,,,5.5909,,,2.5369,,,2.944,QC'd by UPCMLD,candidate_step3_property,,C32H38NO2P,499.6,7.0,1,3,8,0
13899,17385034,5771834,CCC[C@@H]1C[C@@]1(CCC)C(C2=CC(=CC=C2)Cl)NC(=O)C3=CC=C(C=C3)C4=CC=CC=C4,Inactive,0,,,Inactive,,,,,,,,,,4,,-2.6252,,,,,1.119,,,-12.4306,,,14.4287,,,7.0145,,,18.3093,,,12.6779,,,-2.6252,QC'd by UPCMLD,candidate_step3_property,,C29H32ClNO,446.0,8.5,1,1,9,0
13908,26749910,16758140,C[N+]1(C[C@H](C(C1)O)C(=O)[O-])C,Inactive,0,,,Inactive,,,,,,,,,,4,,0.3938,,,,,-2.1546,,,4.1042,,,9.001,,,8.7239,,,-0.3449,,,2.7295,,,0.3938,QC'd by Microsource,residual_possible_step4_or_definition_mismatch,,C7H13NO3,159.18,0.2,1,3,0,0
13910,4254341,3246691,C1=CC=C(C=C1)N2C3=C(C=CC(=C3)NC4=CC5=C(C=C4)N=C6C=CC(=CC6=[N+]5C7=CC=CC=C7)I)NC8=C2C=C(C=C8)I,Inactive,0,,,Inactive,,,,,,,,,,4,,7.5758,,6.4187,,,7.2426,,,0.457,,,10.7456,,,9.0157,,,-3.7336,,,7.5758,,,,QC'd by NCI,candidate_step3_property,,C36H24I2N5+,780.4,9.9,2,4,4,1
13913,4242599,3237432,CCC1CCCCN1C(=O)C2=NOC(=C2)C3=CC(=C(C=C3)Cl)Cl,Inactive,0,,,Inactive,,,,,,,,,,4,,1.8621,,,,,9.2722,,,5.8088,,,12.9381,,,6.3608,,,11.4327,,,12.0152,,,1.8621,QC'd by DPISMR,residual_possible_step4_or_definition_mismatch,,C17H18Cl2N2O2,353.2,4.9,0,3,3,0
13934,17385032,5459428,CCCCC1=C2C3=CC=CC=C3NC2=NC4=CC=CC=C41,Inactive,0,,,Inactive,,,,,,,,,,4,,8.7624,,,,,18.0948,,,2.6326,,,18.2567,,,9.7226,,,5.9716,,,3.0905,,,8.7624,QC'd by UPCMLD,candidate_step3_property,,C19H18N2,274.4,5.6,1,1,3,0
13966,864184,665432,COC1=CC=C(C=C1)N2CCN(CC2)CC3=CC(=O)OC4=C3C=C5CCCCC5=C4,Inactive,0,,,Inactive,,,,,,,,,,4,,-11.86,,,,,-6.9204,,,-3.8561,,,-7.1696,,,-18.1514,,,3.9255,,,-2.5182,,,-11.86,QC'd by DPISMR,residual_possible_step4_or_definition_mismatch,,C25H28N2O3,404.5,4.2,0,5,4,0
13972,17385030,5459405,CC(C)C1=CC2=C(C=C1)C(=C3CN4C(=O)C=CC=C4C3=N2)[Si](C)(C)C,Inactive,0,,,Inactive,,,,,,,,,,4,,6.4053,,,,,-1.1402,,,2.9711,,,7.5892,,,2.694,,,-1.0408,,,6.2599,,,6.4053,QC'd by UPCMLD,candidate_step1_inorganic,Si,C21H24N2OSi,348.5,,0,2,2,0
13980,26749906,16758136,CC1CCC2[C@]([C@@]3(C(C[C@]4(C5CCC6[C@@]7([C@]5(C[C@]4(C3CN2C1)O)O[C@@]6(C(CC7)OC(=O)C8=CC(=C(C(=C8)OC)OC)OC)O)C)O)O)O)(C)O,Inactive,0,,,Inactive,,,,,,,,,,4,,-29.082,,,,,10.8292,,,2.2144,,,9.0764,,,0.6528,,,10.3398,,,4.0522,,,-29.082,QC'd by Microsource,candidate_step3_property,,C37H53NO12,703.8,0.9,6,13,6,0
13984,4254345,81899,C(C(=O)O)SC(=N)N,Inactive,0,,,Inactive,,,,,,,,,,4,,-29.0764,,7.1156,,,7.5644,,,-10.4398,,,-6.4526,,,-5.9971,,,-7.9459,,,-29.0764,,,,QC'd by NCI,candidate_step3_property,,C3H6N2O2S,134.16,-0.2,3,4,3,0
13995,17385029,5459412,CC(C)C1=C2C(=CC=C1)N=C3C(=C2[Si](C)(C)C(C)(C)C)CN4C3=CC=CC4=O,Inactive,0,,,Activator,12.5893,41.7777,,Partial curve; partial efficacy; poor fit,-4.9,0.3,0.6656,40,-1.7777,2.4,0 0 0 0 0 0 0,30.1431,,,,,-3.1481,,,3.6689,,,15.7545,,,10.4082,,,8.6151,,,13.1817,,,30.1431,QC'd by UPCMLD,candidate_step1_inorganic,Si,C24H30N2OSi,390.6,,0,2,3,0
13996,11112897,25089409,C[C@H]1C[C@H]([C@@H]([C@@H](O1)O[C@@H]2[C@@H](C[C@]3(CO3)C(=O)[C@@H]([C@@H]([C@@H]([C@@H](OC(=O)[C@@H]([C@H]([C@H]2C)O[C@H]4C[C@H]([C@H]([C@H](O4)C)OC(=O)C)OC)C)C)C)OC(=O)C)C)C)OC(=O)C)N(C)C,Inactive,0,,,Inactive,,,,,,,,,,4,,12.501,,8.0831,-6.486,,7.8432,6.973,,-1.7552,-0.2479,,18.2592,21.5718,,2.7285,2.5292,,3.8923,16.4473,,20.7957,12.501,,,QC'd by Prestwick,candidate_step3_property,,C41H67NO15,814.0,4.3,0,16,12,0
14019,11112894,65981,CCOC1=C(C=CC(=C1)CC(=O)N[C@@H](CC(C)C)C2=CC=CC=C2N3CCCCC3)C(=O)O,Inactive,0,,,Inactive,,,,,,,,,,4,,5.3548,,9.9418,11.1296,,0.9507,1.8985,,5.1925,4.2833,,0.8119,16.1941,,21.2351,14.6785,,11.2749,7.7934,,25.8559,5.3548,,,QC'd by Prestwick,candidate_step3_property,,C27H36N2O4,452.6,5.2,2,5,10,0
14033,17385027,5461327,CCCC[C@H]1C[C@@H]1[C@H]2C3(CC3)C[C@@](N2P(=O)(C4=CC=CC=C4)C5=CC=CC=C5)(CO)C6=CC=CC=C6,Inactive,0,,,Inactive,,,,,,,,,,4,,-20.9626,,,,,7.4318,,,3.518,,,-17.8192,,,0.061,,,15.7299,,,-2.8592,,,-20.9626,QC'd by UPCMLD,candidate_step3_property,,C32H38NO2P,499.6,7.0,1,3,9,0
14034,26749904,16758134,C(CC(=O)NC(CCSC(CC(=O)O)C(=O)O)C(=O)NCC(=O)O)C(C(=O)O)N,Inactive,0,,,Inactive,,,,,,,,,,4,,3.8292,,,,,3.5289,,,10.3696,,,16.9048,,,14.8048,,,2.934,,,8.4184,,,3.8292,QC'd by Microsource,candidate_step3_property,,C15H23N3O10S,437.4,-4.7,7,12,15,0
14063,4238693,3233802,C1C[C@@]2(CCN(C2)C3=CC=CC=C3)CN(C1)C(=O)C4=CC(=CC(=C4)C(F)(F)F)C(F)(F)F,Inactive,0,,,Inactive,,,,,,,,,,4,,9.8222,,,,,-5.3358,,,-2.5654,,,-14.5897,,,14.3842,,,4.0886,,,16.4329,,,9.8222,QC'd by Pharmacopeia,candidate_step3_property,,C23H22F6N2O,456.4,5.7,0,8,2,0
14074,858746,660052,CC1=CC=CC=C1NC(=O)CSC2=NC3=C(CCCC3)C(=C2C#N)C4=CC=CO4,Inactive,0,,,Inactive,,,,,,,,,,4,,-5.2029,,,,,3.4264,,,-6.6411,,,-5.5021,,,-2.0326,,,0.868,,,-14.226,,,-5.2029,QC'd by DPISMR,residual_possible_step4_or_definition_mismatch,,C23H21N3O2S,403.5,4.6,1,5,5,0
14088,4254352,22488,CC1=C2C=C3C(=CC2=CC=C1)C=CC4=CC=CC=C43,Inactive,0,,,Inactive,,,,,,,,,,4,,-4.6308,,16.3978,,,-1.6509,,,-6.9251,,,13.9717,,,6.3485,,,5.4059,,,-4.6308,,,,QC'd by NCI,candidate_step3_property,,C19H14,242.3,6.300,0,0,0,0
14101,17385039,5459406,CCC1=C2C(=CC=C1)N=C3C(=C2[Si](C)(C)C)CN4C3=CC=CC4=O,Inactive,0,,,Inactive,,,,,,,,,,4,,21.6539,,,,,-7.3182,,,-30.7335,,,4.1871,,,-4.9231,,,-3.4445,,,-1.0873,,,21.6539,QC'd by UPCMLD,candidate_step1_inorganic,Si,C20H22N2OSi,334.5,,0,2,2,0
14118,17385038,5459413,CC(C)C1=CC=CC2=C1N=C3C(=C2[Si](C)(C)C)CN4C3=CC=CC4=O,Inactive,0,,,Activator,25.1189,81.899,,Single point of activity,-4.6,2.3531,0.8371,75.0089,-6.8902,3,0 0 0 0 0 0 0,64.8045,,,,,4.6445,,,-27.3511,,,-15.1175,,,-3.7749,,,7.6743,,,3.8989,,,64.8045,QC'd by UPCMLD,candidate_step1_inorganic,Si,C21H24N2OSi,348.5,,0,2,2,0
14131,26749913,5281227,CC1=C(C(CCC1=O)(C)C)/C=C/C(=C/C=C/C(=C/C=C/C=C(/C=C/C=C(/C=C/C2=C(C(=O)CCC2(C)C)C)\C)\C)/C)/C,Inactive,0,,,Inactive,,,,,,,,,,4,,0.9783,,,,,-4.1425,,,-12.5639,,,-3.7172,,,-16.3738,,,-2.7779,,,-1.4243,,,0.9783,QC'd by Microsource,candidate_step3_property,,C40H52O2,564.8,11.4,0,2,10,0
14139,17385037,5459399,CC(C)(C)[Si](C)(C)C1=C2CN3C(=O)C=CC=C3C2=NC4=C1C=C(C=C4)OCC5=CC=CC=C5,Inactive,0,,,Inactive,,,,,,,,,,4,,25.5877,,,,,11.9088,,,15.001,,,16.5418,,,11.9382,,,23.212,,,21.7582,,,25.5877,QC'd by UPCMLD,candidate_step1_inorganic,Si,C28H30N2O2Si,454.6,,0,3,5,0
14143,4254353,3246695,CN1CCC2=CC(=C3C=C2[C@@H]1CC4=CC=C(C=C4)OC5=C(C=CC(=C5)C[C@H]6CN(CC7=CC(=C(C(=C67)O3)OC)OC)C)O)OC,Inactive,0,,,Inactive,,,,,,,,,,4,,-3.2301,,7.2732,,,-4.7221,,,2.1233,,,-6.0463,,,0.8943,,,10.6854,,,-3.2301,,,,QC'd by NCI,candidate_step3_property,,C37H40N2O6,608.7,5.8,1,8,3,0
14159,17385036,5461764,C=C(CC1(CC1)CNP(=O)(C2=CC=CC=C2)C3=CC=CC=C3)C4=CC=CC=C4,Inactive,0,,,Inactive,,,,,,,,,,4,,1.0919,,,,,-11.9682,,,-9.4137,,,12.1848,,,28.3227,,,16.0598,,,3.8997,,,1.0919,QC'd by UPCMLD,candidate_step3_property,,C25H26NOP,387.5,5.9,1,2,8,0
14163,4254356,5771693,C(/C=C\CC(=O)N)C(=O)N,Inactive,0,,,Inactive,,,,,,,,,,4,,1.1495,,33.4438,,,-12.955,,,-11.5308,,,0.7845,,,7.5494,,,0.7756,,,1.1495,,,,QC'd by NCI,candidate_step3_property,,C6H10N2O2,142.16,-1.4,2,2,4,0
14169,26749911,5368397,CC1=C(C(CC(C1=O)O)(C)C)/C=C/C(=C/C=C/C(=C/C=C/C=C(/C=C/C=C(/C=C/C2=C(C(=O)C(CC2(C)C)O)C)\C)\C)/C)/C,Inactive,0,,,Inactive,,,,,,,,,,4,,-9.221,,,,,1.7617,,,7.3403,,,33.666,,,4.357,,,31.1443,,,9.9822,,,-9.221,QC'd by Microsource,candidate_step3_property,,C40H52O4,596.8,10.3,2,4,10,0
14216,26754401,9750,C(C[C@@H](C(=O)O)N)CNC(=O)N,Inactive,0,,,Inactive,,,,,,,,,,4,,-8.1654,,-1.2424,7.6084,,14.055,-9.731,,5.8493,-7.0267,,11.0691,4.0466,,5.3962,9.0218,,15.8131,3.6341,,14.0128,2.1737,,-8.1654,QC'd by Timtec,candidate_step3_property,,C6H13N3O3,175.19,-4.300,4,4,5,0
14221,26754399,65359,C(CC(=O)N[C@@H](CSSC[C@@H](C(=O)NCC(=O)O)NC(=O)CC[C@@H](C(=O)O)N)C(=O)NCC(=O)O)[C@@H](C(=O)O)N,Inactive,0,,,Inactive,,,,,,,,,,4,,5.4198,,-14.583,7.4929,,17.8248,-2.14,,5.4697,10.2613,,-5.2309,4.4104,,3.7258,-6.5769,,1.5238,15.4183,,2.345,8.2859,,5.4198,QC'd by Timtec,candidate_step3_property,,C20H32N6O12S2,612.6,-9.1,10,16,21,0
14226,17385048,5459423,CCCCC#CC1=CC=CC=C1CC(=O)NC2=CC=CC=C2,Inactive,0,,,Inactive,,,,,,,,,,4,,-11.6627,,,,,-16.0278,,,2.2441,,,-1.7786,,,10.7396,,,-4.7942,,,9.12,,,-11.6627,QC'd by UPCMLD,candidate_step3_property,,C20H21NO,291.4,5.0,1,1,6,0
14251,4254291,340663,CC1=C(C2=CC=CC=C2N1)C3=CC(=NO3)C4=NOC(=C4)C5=C(NC6=CC=CC=C65)C,Inactive,0,,,Inactive,,,,,,,,,,4,,-8.3825,,-4.5312,,,7.5178,,,-9.8142,,,-5.755,,,-23.2274,,,-5.6708,,,-8.3825,,,,QC'd by NCI,residual_possible_step4_or_definition_mismatch,,C24H18N4O2,394.4,4.9,2,4,3,0
14267,11112852,5459211,C[C@H]1[C@@H](C(=O)N1S(=O)(=O)O)NC(=O)/C(=N/OC(C)(C)C(=O)O)/C2=CSC(=N2)N,Inactive,0,,,Inactive,,,,,,,,,,4,,-0.6417,,-3.1701,2.297,,2.0111,-3.0715,,-1.6103,-11.6957,,-14.2077,11.3215,,5.0955,8.1274,,7.4673,-8.644,,-1.4492,-0.6417,,,QC'd by Prestwick,candidate_step3_property,,C13H17N5O8S2,435.4,0.3,4,12,7,0
14275,4254292,340667,COC1=CC2=C(C=C1)C3=C(CC2)C(=NO3)C4=NOC5=C4CCC6=C5C=CC(=C6)OC,Inactive,0,,,Inactive,,,,,,,,,,4,,2.965,,-8.1951,,,-0.6426,,,-5.7883,,,-8.0298,,,-3.2389,,,3.6256,,,2.965,,,,QC'd by NCI,residual_possible_step4_or_definition_mismatch,,C24H20N2O4,400.4,4.4,0,6,3,0
14284,4238641,3233750,COC1=CC2=C(C=C1)NC=C2CCNC3=NC=NC4=C3C=C(C=C4)C5=CC=CC(=C5)C#N,Inactive,0,,,Inactive,,,,,,,,,,4,,-17.8244,,,,,5.041,,,9.7789,,,-5.9553,,,-6.5894,,,-13.0711,,,-16.1988,,,-17.8244,QC'd by Pharmacopeia,candidate_step3_property,,C26H21N5O,419.5,5.3,2,5,6,0
14287,26754396,165271,C1=C(NC=N1)C[C@@H](CO)N,Inactive,0,,,Inactive,,,,,,,,,,4,,-24.9379,,-5.9242,-2.1287,,5.1337,-0.9556,,-31.0224,5.9398,,-24.3125,1.5624,,-6.0447,-4.811,,11.7338,5.987,,14.1052,-25.4937,,-24.9379,QC'd by Timtec,candidate_step3_property,,C6H11N3O,141.17,-1.2,3,3,3,0
14300,26749853,3515,CC1=C2C=CC(=C2C=C(C=C1)C(C)C)C,Inactive,0,,,Inactive,,,,,,,,,,4,,0.4468,,,,,-10.5864,,,-17.0157,,,-1.0161,,,-9.7146,,,-8.3859,,,5.8345,,,0.4468,QC'd by Microsource,residual_possible_step4_or_definition_mismatch,,C15H18,198.30,4.8,0,0,1,0
14301,17385044,5771795,CCCC/C=C/C(C1=CC=CC=C1)NC(=O)OCC#C,Inactive,0,,,Inactive,,,,,,,,,,4,,-0.3258,,,,,12.4932,,,16.6225,,,-2.3427,,,-13.431,,,-0.6373,,,6.8022,,,-0.3258,QC'd by UPCMLD,residual_possible_step4_or_definition_mismatch,,C17H21NO2,271.35,4.1,1,2,8,0
14307,4254298,340795,C1=CC=C2C(=C1)C=CC=C2C3=CC(=NC(=N3)N)C4=NC(=NC(=C4)C5=CC=CC6=CC=CC=C65)N,Inactive,0,,,Inactive,,,,,,,,,,4,,5.3899,,1.4734,,,15.6275,,,7.216,,,2.3418,,,7.8059,,,-3.3425,,,5.3899,,,,QC'd by NCI,candidate_step3_property,,C28H20N6,440.5,5.3,2,6,3,0
14311,864133,135454601,CC(=O)C1=C(CCC1=N)O,Inactive,0,,,Inactive,,,,,,,,,,4,,-3.7016,,,,,12.0023,,,-8.6898,,,-8.6453,,,-9.5194,,,2.0626,,,-10.3877,,,-3.7016,QC'd by DPISMR,candidate_step3_property,,C7H9NO2,139.15,0.4,2,3,1,0
14317,26749856,521874,CON.Cl,Inactive,0,,,Inactive,,,,,,,,,,4,,9.3969,,,,,-10.9222,,,-12.908,,,9.1972,,,-6.1362,,,-16.6558,,,-9.5298,,,9.3969,QC'd by Microsource,property_value_missing,,CH6ClNO,83.52,,2,2,0,0
14321,17385045,5461758,COC(=O)C1=CC=C(C=C1)C#CC(C2=CC=CC=C2)NP(=O)(C3=CC=CC=C3)C4=CC=CC=C4,Inactive,0,,,Inactive,,,,,,,,,,4,,-28.7742,,,,,11.1899,,,57.6876,,,14.662,,,18.7695,,,-2.6739,,,-14.1216,,,-28.7742,QC'd by UPCMLD,candidate_step3_property,,C29H24NO3P,465.5,5.7,1,4,8,0
14324,26754398,16759304,CC[C@H](/C=C/[C@@H](C)[C@H]1CC[C@@H]2[C@@]1(CCC3C2CC=C4[C@@]3(CC[C@@H](C4)O)C)C)C(C)C,Inactive,0,,,Inactive,,,,,,,,,,4,,17.9644,,-4.2371,-8.1347,,28.6199,7.9024,,-0.6867,8.519,,13.8892,-7.717,,5.5299,6.6591,,14.8353,10.5465,,2.1413,2.2177,,17.9644,QC'd by Timtec,candidate_step3_property,,C29H48O,412.7,8.6,1,1,5,0
14338,17385046,5459414,CC(C)C1=C2C(=CC=C1)N=C3C(=C2[Si](C)(C)C)CN4C3=CC=CC4=O,Inactive,0,,,Activator,25.1189,40,,Partial curve; partial efficacy,-4.6,1,0.8762,44,4,2.2,0 0 1 0 0 0 0,34.924,,,,,5.3408,,,1.4017,,,16.8056,,,7.9155,,,13.4566,,,11.9849,,,34.924,QC'd by UPCMLD,candidate_step1_inorganic,Si,C21H24N2OSi,348.5,,0,2,2,0
14344,26754397,16759303,CC[C@H](CC[C@@H](C)C1CC[C@@H]2[C@@]1(CCC3C2CC=C4[C@@]3(CC[C@@H](C4)O)C)C)C(C)C,Inactive,0,,,Inactive,,,,,,,,,,4,,-0.1845,,11.2943,6.1615,,21.189,8.8113,,1.5362,-0.9779,,14.8319,1.9961,,12.6363,6.6496,,7.8864,6.7665,,3.0562,3.2323,,-0.1845,QC'd by Timtec,candidate_step3_property,,C29H50O,414.7,9.3,1,1,6,0
14345,864135,6400963,CC1=CC2=C(C=C1)N(C3=C2N=NC(=N3)SC)CC4=CC=CC=C4,Inactive,0,,,Inactive,,,,,,,,,,4,,-5.1871,,,,,7.2057,,,-19.0594,,,-18.3904,,,-0.4498,,,-11.581,,,-23.4324,,,-5.1871,QC'd by DPISMR,residual_possible_step4_or_definition_mismatch,,C18H16N4S,320.4,3.8,0,4,3,0
14371,17385055,5771784,CCC/C=C(\CCC)/C(C1=CC=C(C=C1)C(=O)OC)NS(=O)(=O)C2=CC=C(C=C2)C3=CC=CC=C3,Inactive,0,,,Inactive,,,,,,,,,,4,,20.9588,,,,,11.8549,,,-2.6934,,,-6.0466,,,9.0817,,,10.6749,,,22.5281,,,20.9588,QC'd by UPCMLD,candidate_step3_property,,C29H33NO4S,491.6,7.5,1,5,12,0
14386,17385057,5771814,C[C@]1(C[C@H]1C2CCCCC2)C(C3=CC=C(C=C3)C4=CC=CC=C4)NC(=O)C5=CC=CS5,Inactive,0,,,Inactive,,,,,,,,,,4,,-1.7519,,,,,1.8237,,,-11.903,,,14.166,,,-4.4358,,,7.2469,,,8.2928,,,-1.7519,QC'd by UPCMLD,candidate_step3_property,,C28H31NOS,429.6,8.1,1,2,6,0
14389,17385056,5771794,CCCC/C=C/C(C1=CC=CC=C1)NC(=O)OC2=CC=CC(=C2)C(F)(F)F,Inactive,0,,,Inactive,,,,,,,,,,4,,19.811,,,,,10.7774,,,-12.147,,,23.3756,,,16.3091,,,6.0921,,,19.2282,,,19.811,QC'd by UPCMLD,candidate_step3_property,,C21H22F3NO2,377.4,6.5,1,5,8,0
14392,11112858,9604982,CC[C@H]1[C@@]([C@H]([C@H](/C(=N\OCOCCOC)/[C@H](C[C@@]([C@H]([C@H]([C@H]([C@H](C(=O)O1)C)O[C@@H]2C[C@]([C@@H]([C@@H](O2)C)O)(C)OC)C)O[C@H]3[C@H]([C@@H](C[C@@H](O3)C)N(C)C)O)(C)O)C)C)O)(C)O,Inactive,0,,,Inactive,,,,,,,,,,4,,-3.9687,,4.0999,-1.5988,,0.6524,14.0304,,6.2886,-5.5786,,7.8594,-2.365,,3.5745,2.6096,,18.6396,10.5896,,17.0918,-3.9687,,,QC'd by Prestwick,candidate_step3_property,,C41H76N2O15,837.0,3.100,5,17,13,0
14400,17385058,5771859,CCC/C=C(\CCC)/C(C1=CC=CC=C1)NC(=O)OCC(C)C,Inactive,0,,,Inactive,,,,,,,,,,4,,10.8844,,,,,-18.5294,,,-4.0096,,,-16.3857,,,10.9511,,,9.8621,,,13.1549,,,10.8844,QC'd by UPCMLD,candidate_step3_property,,C20H31NO2,317.5,6.4,1,2,10,0
14403,26749869,6099529,C1=CN(C(=O)NC1=O)C2C(C(C(O2)COP(=O)([O-])OP(=O)([O-])OP(=O)(O)[O-])O)O.[Na+].[Na+].[Na+],Inactive,0,,,Inactive,,,,,,,,,,4,,24.2322,,,,,-15.0804,,,2.8872,,,16.4952,,,-3.7422,,,2.8545,,,7.1581,,,24.2322,QC'd by Microsource,candidate_step1_inorganic,Na,C9H12N2Na3O15P3,550.09,,4,15,8,0
14407,4254299,340797,C1=CC=C2C=C(C=CC2=C1)C3=CC(=NC(=N3)N)C4=NC(=NC(=C4)C5=CC6=CC=CC=C6C=C5)N,Inactive,0,,,Inactive,,,,,,,,,,4,,23.5936,,7.0547,,,12.405,,,9.2179,,,18.2586,,,8.784,,,14.065,,,23.5936,,,,QC'd by NCI,candidate_step3_property,,C28H20N6,440.5,5.3,2,6,3,0
14415,26754410,71070,C(C[C@H](C(=O)O)N)CN=C(N)N,Inactive,0,,,Inactive,,,,,,,,,,4,,-3.1198,,0.7964,17.1778,,23.8557,-4.4273,,14.2611,0.4047,,20.2653,18.7277,,20.0285,-24.5436,,-8.5915,9.9427,,7.5049,10.0315,,-3.1198,QC'd by Timtec,candidate_step3_property,,C6H14N4O2,174.20,-4.200,4,4,5,0
14417,17385059,5771804,CCCC[C@@H]1C[C@H]1C(C2=CC=C(C=C2)C3=CC=CC=C3)NC(=O)C4=CC=CO4,Inactive,0,,,Inactive,,,,,,,,,,4,,8.7599,,,,,-16.0411,,,-25.1379,,,8.8872,,,-10.8328,,,-28.0487,,,-6.7967,,,8.7599,QC'd by UPCMLD,candidate_step3_property,,C25H27NO2,373.5,6.6,1,2,8,0
14436,26754405,847,CS(=O)CCC(C(=O)O)N,Inactive,0,,,Inactive,,,,,,,,,,4,,-3.3687,,-19.9521,0.5275,,27.1161,3.0576,,-2.2041,-12.464,,4.0261,6.2317,,-12.0972,6.6511,,5.0016,4.7531,,-0.4957,1.2304,,-3.3687,QC'd by Timtec,candidate_step3_property,,C5H11NO3S,165.21,-4.100,2,5,4,0
14449,17385051,5461759,COC(=O)C1=CC=C(C=C1)C23CC2(C3)C(C4=CC=CC=C4)NP(=O)(C5=CC=CC=C5)C6=CC=CC=C6,Inactive,0,,,Inactive,,,,,,,,,,4,,3.7062,,,,,-3.0052,,,-21.7314,,,0.0619,,,-12.7896,,,9.596,,,6.4629,,,3.7062,QC'd by UPCMLD,candidate_step3_property,,C31H28NO3P,493.5,5.8,1,4,9,0
14459,26749862,4574925,CC(=CCC1=C2C(=C(C3=C1OC(C=C3)(C)C)OC(=O)C)C(=O)C(=C(O2)C4=CC=CC=C4)OC(=O)C)C,Inactive,0,,,Inactive,,,,,,,,,,4,,-0.9213,,,,,-1.4057,,,2.2791,,,-3.7832,,,-11.144,,,-9.8435,,,-20.3719,,,-0.9213,QC'd by Microsource,candidate_step3_property,,C29H28O7,488.5,5.7,0,7,7,0
14463,11112854,9604981,C=CC1=C(N2[C@H]([C@@H](C2=O)NC(=O)/C(=N\OCC(=O)O)/C3=CSC(=N3)N)SC1)C(=O)O,Inactive,0,,,Inactive,,,,,,,,,,4,,21.1288,,3.6955,14.8138,,-6.2305,-2.6915,,2.2579,2.9455,,9.5225,0.974,,3.9757,18.2184,,8.9809,9.6581,,14.9968,21.1288,,,QC'd by Prestwick,candidate_step3_property,,C16H15N5O7S2,453.5,-0.700,4,12,8,0
14470,17385052,5771840,CCC/C=C(\CCC)/C(C1=CC=C(C=C1)C(=O)OC)NC(=O)C2=CC=CC=C2,Inactive,0,,,Activator,39.8107,27.5,,Partial curve; partial efficacy; poor fit,-4.4,2.2526,0.7971,41.5,14,2.4,1 0 0 0 0 0 0,33.2504,,,,,-39.4433,,,17.2393,,,19.9096,,,12.7275,,,9.2639,,,15.933,,,33.2504,QC'd by UPCMLD,candidate_step3_property,,C24H29NO3,379.5,6.2,1,3,10,0
14484,17385053,5771849,CCC/C=C(\CCC)/C(C1=CC=C(C=C1)C(F)(F)F)NC(=O)C2=CC=CS2,Inactive,0,,,Inactive,,,,,,,,,,4,,12.2092,,,,,14.8705,,,12.3135,,,24.6159,,,4.6229,,,24.3895,,,2.9419,,,12.2092,QC'd by UPCMLD,candidate_step3_property,,C21H24F3NOS,395.5,7.2,1,5,8,0
14491,4254304,340857,C1=CC=C(C=C1)C2=C(N=C(N=C2C3=NC(=NC(=C3C4=CC=CC=C4)C5=CC=CC=C5)N)N)C6=CC=CC=C6,Inactive,0,,,Inactive,,,,,,,,,,4,,12.3774,,13.6884,,,7.6838,,,15.281,,,4.3905,,,-5.3674,,,3.5808,,,12.3774,,,,QC'd by NCI,candidate_step3_property,,C32H24N6,492.6,6.1,2,6,5,0
14492,26754406,441422,C([C@@H]1[C@H]([C@@H]([C@H]([C@@H](O1)OC[C@@H]2[C@H]([C@@H]([C@H]([C@@H](O2)O)O)O)O)O)O)O)O,Inactive,0,,,Inactive,,,,,,,,,,4,,4.0586,,-3.8524,-12.5557,,16.6583,-3.4051,,-10.3497,7.4622,,-2.3254,6.3891,,9.5512,5.9355,,-8.8279,5.9051,,-0.0393,1.3792,,4.0586,QC'd by Timtec,candidate_step3_property,,C12H22O11,342.30,-4.7,8,11,4,0
14504,4254305,3246674,C1CCCCCC2=C(CCCC1)C(=NC(=S)N2)C3=NC(=S)NC4=C3CCCCCCCCCC4,Inactive,0,,,Inactive,,,,,,,,,,4,,9.8042,,1.9504,,,3.0318,,,4.939,,,13.708,,,3.5021,,,6.0111,,,9.8042,,,,QC'd by NCI,candidate_step3_property,,C28H42N4S2,498.8,8.8,2,2,1,0
14508,17385054,5771858,CCC/C=C(\CCC)/C(C1=CC=CC=C1)NC(=O)C2=CC=C(C=C2)C(F)(F)F,Inactive,0,,,Inactive,,,,,,,,,,4,,5.0604,,,,,22.2266,,,10.0962,,,13.4502,,,12.7929,,,15.7052,,,15.5867,,,5.0604,QC'd by UPCMLD,candidate_step3_property,,C23H26F3NO,389.5,7.2,1,4,8,0
14509,4254311,3246680,C1=CC(=CC=C1C(C2=CC=C(C=C2)Cl)(C(=O)O)OC3=NC(=S)NC(=S)N3)Cl,Inactive,0,,,Inactive,,,,,,,,,,4,,16.5991,,7.0947,,,7.337,,,7.4612,,,-8.8276,,,-7.3474,,,12.2424,,,16.5991,,,,QC'd by NCI,residual_possible_step4_or_definition_mismatch,,C17H11Cl2N3O3S2,440.3,4.7,3,5,5,0
14521,17385065,5771815,C[C@]1(C[C@H]1C2CCCCC2)C(C3=CC=C(C=C3)C4=CC=CC=C4)NC(=O)C5=CC=CC=C5,Inactive,0,,,Inactive,,,,,,,,,,4,,7.2564,,,,,1.8405,,,-3.4686,,,8.4185,,,8.7456,,,18.2903,,,12.8647,,,7.2564,QC'd by UPCMLD,candidate_step3_property,,C30H33NO,423.6,8.1,1,1,6,0
14528,4254310,3246679,C1=CC(=CC=C1[C@@H]2C(=O)C3=C(O2)NC4=C(N3)C=CC(=C4)[N+](=O)[O-])[C@@H]5C(=O)C6=C(O5)NC7=C(N6)C=CC(=C7)[N+](=O)[O-],Inactive,0,,,Inactive,,,,,,,,,,4,,3.2998,,7.4831,,,14.7341,,,13.7969,,,5.3548,,,0.5886,,,10.1725,,,3.2998,,,,QC'd by NCI,candidate_step3_property,,C26H16N6O8,540.4,4.7,4,12,2,0
14544,17385064,5771786,CCCC/C=C/C(C1=CC=CC=C1)NC(=O)CCC2=CC=CC=C2,Inactive,0,,,Inactive,,,,,,,,,,4,,19.6546,,,,,-2.2427,,,-5.4623,,,5.4721,,,-0.2973,,,-0.4954,,,10.6858,,,19.6546,QC'd by UPCMLD,candidate_step3_property,,C22H27NO,321.5,5.5,1,1,9,0
14556,17385067,5771805,CCCC[C@@H]1C[C@H]1C(C2=CC=C(C=C2)C3=CC=CC=C3)NC(=O)C4=CC=C(C=C4)C5=CC=CC=C5,Inactive,0,,,Inactive,,,,,,,,,,4,,4.0074,,,,,-5.4041,,,-9.338,,,-7.6331,,,-2.9569,,,-5.9984,,,-5.7274,,,4.0074,QC'd by UPCMLD,candidate_step3_property,,C33H33NO,459.6,8.8,1,1,9,0
14567,4254308,3246677,CC1=CC2=C(C=C1C)NC3=C(N2)C(=O)[C@H](O3)C4=CNC5=C4C=C(C=C5)COC6=CC=CC=C6,Inactive,0,,,Inactive,,,,,,,,,,4,,-23.3319,,6.5249,,,-1.7336,,,-1.2896,,,1.5498,,,-8.5845,,,-2.7379,,,-23.3319,,,,QC'd by NCI,candidate_step3_property,,C27H23N3O3,437.5,5.8,3,5,4,0
14579,17385066,5771785,CCCC/C=C/C(C1=CC=CC=C1)NC(=O)C2=CC=CC=C2,Inactive,0,,,Inactive,,,,,,,,,,4,,25.3713,,,,,-19.1019,,,-12.7852,,,-7.07,,,-2.3984,,,-16.4895,,,-11.4778,,,25.3713,QC'd by UPCMLD,candidate_step3_property,,C20H23NO,293.4,5.3,1,1,7,0
14582,11112868,6604445,CC#C[C@]1(CC[C@@H]2[C@]1(C[C@H](C3=C4CCC(=O)C=C4CC[C@@H]23)C5=CC=C(C=C5)N(C)C)C)O,Inactive,0,,,Inactive,,,,,,,,,,4,,-11.6604,,18.486,-7.3736,,-3.8079,-10.1808,,-3.8903,-7.7639,,-3.4618,4.5053,,-2.0493,3.3003,,-0.9208,-10.5135,,-6.9509,-11.6604,,,QC'd by Prestwick,residual_possible_step4_or_definition_mismatch,,C29H35NO2,429.6,3.8,1,3,3,0
14589,4254315,3246684,CC1=CC2=C(C=C1C)N=C(C(=O)N2)[C@H](C)C(=O)C3=CC=C(C=C3)Cl,Inactive,0,,,Inactive,,,,,,,,,,4,,3.7372,,1.8136,,,9.4741,,,-8.9572,,,-6.8009,,,4.4381,,,-4.9567,,,3.7372,,,,QC'd by NCI,residual_possible_step4_or_definition_mismatch,,C19H17ClN2O2,340.8,4.1,1,3,3,0
14597,17385061,5771841,CCC/C=C(\CCC)/C(C1=CC=C(C=C1)C(=O)OC)NS(=O)(=O)CC23CCC(C2(C)C)CC3=O,Inactive,0,,,Inactive,,,,,,,,,,4,,24.8874,,,,,9.8747,,,-6.5969,,,16.3165,,,9.0638,,,13.4045,,,10.8754,,,24.8874,QC'd by UPCMLD,candidate_step3_property,,C27H39NO5S,489.7,5.8,1,6,12,0
14615,17385060,5771830,CCCC[C@@H]1C[C@H]1C(C2=CC=C(C=C2)Cl)NC(=O)C3=CC=CS3,Inactive,0,,,Inactive,,,,,,,,,,4,,2.1633,,,,,-5.2488,,,10.3415,,,4.498,,,10.997,,,11.5744,,,-7.4558,,,2.1633,QC'd by UPCMLD,candidate_step3_property,,C19H22ClNOS,347.9,6.2,1,2,7,0
14636,17385063,5771860,CCC/C=C(\CCC)/C(C1=CC=CC=C1)NS(=O)(=O)C2=CC=C(C=C2)Cl,Inactive,0,,,Activator,31.6228,65.0111,,Single point of activity,-4.5,2.0437,0.8169,64.3652,-0.6459,3,0 0 0 0 0 0 0,49.9394,,,,,3.1645,,,-7.6793,,,-14.8922,,,2.3075,,,13.9481,,,6.1419,,,49.9394,QC'd by UPCMLD,candidate_step3_property,,C21H26ClNO2S,392.0,6.7,1,3,9,0
14641,26754381,9982268,C[C@]12CC[C@@H](C(C1[C@@H](C[C@@]3(C2CC=C4[C@]3(CC[C@@]5(C4CC(CC5)(C)C)C(=O)O)C)C)O)(C)C)O,Inactive,0,,,Inactive,,,,,,,,,,4,,-13.2379,,-1.1273,3.3184,,8.9413,5.4973,,7.6014,-1.5726,,16.806,1.7869,,15.7871,5.8591,,-0.5109,5.9973,,0.8605,-1.6258,,-13.2379,QC'd by Timtec,candidate_step3_property,,C30H48O4,472.7,6.1,3,4,1,0
14656,4254312,3246681,C[C@@H]1C[C@@H](CN(C1)S(=O)(=O)C2=CC(=C(C(=C2)Cl)OC3=C(C=C(C=C3)[N+](=O)[O-])Cl)Cl)C,Inactive,0,,,Inactive,,,,,,,,,,4,,-0.6959,,2.497,,,-7.401,,,-10.8864,,,1.2725,,,0.7077,,,3.5694,,,-0.6959,,,,QC'd by NCI,candidate_step3_property,,C19H19Cl3N2O5S,493.8,6.0,0,6,4,0
14658,17385062,5771850,CCC/C=C(\CCC)/C(C1=CC=C(C=C1)C(F)(F)F)NC(=O)CCC2=CC=CC=C2,Inactive,0,,,Inactive,,,,,,,,,,4,,24.704,,,,,-0.4961,,,13.3377,,,1.8327,,,-7.2528,,,2.1699,,,2.9975,,,24.704,QC'd by UPCMLD,candidate_step3_property,,C25H30F3NO,417.5,7.5,1,4,10,0
14682,4265670,1752356,C1CN(CCN1C2=CC=C(C=C2)Cl)C(=O)C3=CC=C(O3)COC4=C(C(=CC(=C4F)F)F)F,Inactive,0,,,Inactive,,,,,,,,,,4,,3.5496,,,,,-3.5483,,,-3.1052,,,8.5339,,,0.745,,,-2.284,,,-3.9141,,,3.5496,QC'd by DPISMR,residual_possible_step4_or_definition_mismatch,,C22H17ClF4N2O3,468.8,4.9,0,8,5,0
14686,11112874,6604448,CC(=O)N(CC(CN(C1=C(C(=C(C(=C1I)C(=O)NC[C@H](CO)O)I)C(=O)NC[C@H](CO)O)I)C(=O)C)O)C2=C(C(=C(C(=C2I)C(=O)NC[C@H](CO)O)I)C(=O)NC[C@H](CO)O)I,Inactive,0,,,Inactive,,,,,,,,,,4,,-4.7729,,-8.7684,-2.6788,,-6.2228,-8.6189,,-8.028,-8.3791,,-0.3292,-14.7153,,-0.6415,-14.8993,,-12.2951,-0.7137,,1.1776,-4.7729,,,QC'd by Prestwick,candidate_step3_property,,C35H44I6N6O15,1550.2,-3.400,13,15,22,0
14689,17385072,5771861,CCC/C=C(\CCC)/C(C1=CC=CC=C1)NS(=O)(=O)C2=CC=C(C=C2)C(F)(F)F,Inactive,0,,,Activator,12.5893,64.5035,,Partial curve; partial efficacy,-4.9,0.8,0.9007,60.5438,-3.9597,2.2,0 0 0 0 0 0 0,47.3234,,,,,-2.4333,,,-13.3564,,,0.1031,,,10.8445,,,3.6858,,,26.7051,,,47.3234,QC'd by UPCMLD,candidate_step3_property,,C22H26F3NO2S,425.5,6.9,1,6,9,0
14696,26754392,5317564,CC(=CCC/C(=C/COC1=C2C(=CC3=C1OC=C3)C=CC(=O)O2)/C)C,Inactive,0,,,Inactive,,,,,,,,,,4,,-1.2387,,18.5357,24.0342,,17.9041,22.0946,,25.2757,13.4215,,25.7699,34.1232,,-19.1367,33.6256,,14.2664,19.779,,9.7686,3.2518,,-1.2387,QC'd by Timtec,candidate_step3_property,,C21H22O4,338.4,5.300,0,4,6,0
14707,11112877,74989,C1CC(CCC1C2=CC=C(C=C2)Cl)C3=C(C4=CC=CC=C4C(=O)C3=O)O,Inactive,0,,,Inactive,,,,,,,,,,4,,-20.1094,,9.8326,-4.363,,0.828,-11.4783,,-11.3864,-11.9998,,-10.9091,7.2753,,0.4484,7.1247,,-13.9953,-24.4862,,-22.1088,-20.1094,,,QC'd by Prestwick,candidate_step3_property,,C22H19ClO3,366.8,5.2,1,3,2,0
14715,17385075,5771818,C[C@]1(C[C@H]1C2CCCCC2)C(C3=CC=C(C=C3)C4=CC=CC=C4)NC(=O)CC5=CC=C(C=C5)C(F)(F)F,Inactive,0,,,Inactive,,,,,,,,,,4,,-0.422,,,,,2.6842,,,-2.374,,,-0.1833,,,13.8789,,,-4.9991,,,-3.114,,,-0.422,QC'd by UPCMLD,candidate_step3_property,,C32H34F3NO,505.6,9.0,1,4,7,0
14735,17385074,5771796,CCC/C=C(\CCC)/C(C1=CC=C(C=C1)C(=O)OC)NC(=O)C2=CC=C(C=C2)C(=O)OC,Inactive,0,,,Inactive,,,,,,,,,,4,,6.2478,,,,,-22.36,,,23.5475,,,10.8369,,,6.5776,,,-26.4837,,,19.4498,,,6.2478,QC'd by UPCMLD,candidate_step3_property,,C26H31NO5,437.5,6.0,1,5,12,0
14746,17385069,5771835,C[C@]1(C[C@H]1C2CCCCC2)C(C3=CC=C(C=C3)Cl)NC(=O)C(C)(C)C,Inactive,0,,,Inactive,,,,,,,,,,4,,14.4623,,,,,8.2177,,,-11.742,,,6.8743,,,7.4326,,,16.2383,,,6.0815,,,14.4623,QC'd by UPCMLD,candidate_step3_property,,C22H32ClNO,361.9,6.9,1,1,5,0
14764,17385068,5771816,C[C@]1(C[C@H]1C2CCCCC2)C(C3=CC=C(C=C3)C4=CC=CC=C4)NS(=O)(=O)C5=CC=CC6=C5N=CC=C6,Inactive,0,,,Inactive,,,,,,,,,,4,,2.177,,,,,7.6,,,-2.5001,,,9.5112,,,3.4736,,,9.9235,,,7.05,,,2.177,QC'd by UPCMLD,candidate_step3_property,,C32H34N2O2S,510.7,8.1,1,4,7,0
14777,844770,647102,CC1=CC2=C(C=C1)NC(=O)C(=C2)CN(CCC3=CC=CC=C3)C(C4=NN=NN4CC5=CC=CO5)C(C)C,Inactive,0,,,Inactive,,,,,,,,,,4,,-20.0249,,,,,-4.4817,,,-8.5923,,,-12.5692,,,-3.2295,,,-9.133,,,3.0923,,,-20.0249,QC'd by DPISMR,residual_possible_step4_or_definition_mismatch,,C29H32N6O2,496.6,4.7,1,6,10,0
14781,17385071,5771851,CCC/C=C(\CCC)/C(C1=CC=C(C=C1)C(F)(F)F)NC(=O)C2=CC=C(C=C2)C(F)(F)F,Inactive,0,,,Inactive,,,,,,,,,,4,,12.667,,,,,-2.2432,,,-11.7805,,,37.7594,,,6.3825,,,8.0872,,,-3.6111,,,12.667,QC'd by UPCMLD,candidate_step3_property,,C24H25F6NO,457.5,8.1,1,7,8,0
14792,844769,647101,CCC(C)(C)N1C(=NN=N1)C(C2=CC3=C(C=C2)N=CC=C3)N4CCN(CC4)C5=NC6=CC=CC=C6S5,Inactive,0,,,Inactive,,,,,,,,,,4,,-24.4311,,,,,12.7016,,,-0.7013,,,-9.0065,,,-8.1714,,,-17.6991,,,-21.457,,,-24.4311,QC'd by DPISMR,candidate_step3_property,,C27H30N8S,498.6,5.2,0,8,6,0
14800,26749880,16758127,CC1C(C([C@@H](C(O1)OCC2C(C(C([C@H](O2)OC3=CC(=C4C(=O)CC(OC4=C3)C5=CC(=C(C=C5)OC)O)O)O)O)O)O)O)O,Inactive,0,,,Inactive,,,,,,,,,,4,,-10.6735,,,,,2.6768,,,12.7612,,,14.1305,,,4.6027,,,16.7856,,,4.3892,,,-10.6735,QC'd by Microsource,candidate_step3_property,,C28H34O15,610.6,-1.100,8,15,7,0
14802,11112872,6604447,C(CO)N(C1=C(C(=C(C(=C1I)C(=O)NC[C@H](CO)O)I)C(=O)NC[C@H](CO)O)I)C(=O)CO,Inactive,0,,,Inactive,,,,,,,,,,4,,8.7306,,0.2203,6.683,,2.0643,-3.2644,,-7.2046,7.4908,,2.6073,1.5028,,-3.952,3.6923,,-2.5493,5.6486,,18.1907,8.7306,,,QC'd by Prestwick,candidate_step3_property,,C18H24I3N3O9,807.1,-3.000,8,9,12,0
14803,17385070,5771842,CCC/C=C(\CCC)/C(C1=CC=C(C=C1)C(=O)OC)NS(=O)(=O)C2=CC=CC3=C2N=CC=C3,Inactive,0,,,Inactive,,,,,,,,,,4,,10.6055,,,,,13.6078,,,10.9822,,,-8.8101,,,19.7226,,,-5.2122,,,14.4777,,,10.6055,QC'd by UPCMLD,candidate_step3_property,,C26H30N2O4S,466.6,6.2,1,6,11,0
14812,26749881,2700,CCOC(=O)CCCCCCCCCCCCC1CCC=C1,Inactive,0,,,Inactive,,,,,,,,,,4,,7.2933,,,,,6.0459,,,-4.7987,,,9.4068,,,4.2312,,,7.5581,,,1.8433,,,7.2933,QC'd by Microsource,candidate_step3_property,,C20H36O2,308.5,7.7,0,2,15,0
14824,3713326,6901113,CC1=NN(C(=C1/C=N/N2C=NC3=C(C2=O)C(=CS3)C4=CC=CC=C4)N5CCCC5)C6=CC=CC=C6,Inactive,0,,,Inactive,,,,,,,,,,4,,-13.9072,,,,,-17.0488,,,-10.2059,,,-0.6195,,,-9.7624,,,-1.7178,,,9.2394,,,-13.9072,QC'd by DPISMR,candidate_step3_property,,C27H24N6OS,480.6,5.5,0,6,5,0
14831,26754299,5353527,CC(C)CCCC(C)C1CCC\2C1(CCC/C2=C\C=C\3/CC(CCC3=C)O)C,Inactive,0,,,Inactive,,,,,,,,,,4,,8.596,,11.4821,-16.1655,,6.2987,-10.6114,,-14.3541,7.4786,,8.125,-6.8545,,9.3441,7.3034,,11.7114,7.356,,7.2876,-16.0833,,8.596,QC'd by Timtec,candidate_step3_property,,C27H44O,384.6,7.9,1,1,6,0
14838,17385078,5771819,C/C(=C\C1CCCCC1)/C(C2=CC=C(C=C2)C3=CC=CC=C3)NC(=O)C4=CN=CC=C4,Inactive,0,,,Inactive,,,,,,,,,,4,,-1.0176,,,,,4.9173,,,-3.9379,,,11.3368,,,7.3091,,,-11.7417,,,19.8093,,,-1.0176,QC'd by UPCMLD,candidate_step3_property,,C28H30N2O,410.5,7.1,1,2,6,0
14851,26754298,135402025,C1C(=NC2=C(N1)N=C(NC2=O)N)CNC3=CC=C(C=C3)C(=O)NC(CCC(=O)O)C(=O)O,Inactive,0,,,Inactive,,,,,,,,,,4,,18.8666,,1.4361,17.3598,,27.2453,11.2343,,16.3476,17.9222,,23.03,7.6532,,19.7611,19.605,,26.1723,18.2617,,15.6744,10.6058,,18.8666,QC'd by Timtec,candidate_step3_property,,C19H21N7O6,443.4,-0.9,7,10,9,0
14854,17385079,5771836,C[C@]1(C[C@H]1C2CCCCC2)C(C3=CC=C(C=C3)Cl)NC(=O)C4=CC=C(C=C4)C5=CC=CC=C5,Inactive,0,,,Inactive,,,,,,,,,,4,,-5.4787,,,,,7.4734,,,-23.2245,,,4.5804,,,-7.2394,,,9.232,,,10.559,,,-5.4787,QC'd by UPCMLD,candidate_step3_property,,C30H32ClNO,458.0,8.8,1,1,6,0
14875,26749821,16758112,CC(CCC=C(C)C)C1CC[C@@]2([C@]1(CCC3=C2CCC4C3(CCC(C4(C)C)O)C)C)C,Inactive,0,,,Inactive,,,,,,,,,,4,,-5.6513,,,,,-6.0624,,,-0.1076,,,-10.6432,,,4.0539,,,-10.7561,,,3.6545,,,-5.6513,QC'd by Microsource,candidate_step3_property,,C30H50O,426.7,8.9,1,1,4,0
14877,17385076,5771793,CCCC/C=C/C(C1=CC=CC=C1)NC(=O)OCC2=CC=CC=C2Cl,Inactive,0,,,Inactive,,,,,,,,,,4,,28.1304,,,,,12.2873,,,16.9163,,,6.2897,,,12.4935,,,-3.4675,,,10.4302,,,28.1304,QC'd by UPCMLD,candidate_step3_property,,C21H24ClNO2,357.9,6.2,1,2,9,0
14893,17385077,5771806,CCCC[C@@H]1C[C@H]1C(C2=CC=C(C=C2)C(F)(F)F)NC(=O)C3=CC=CS3,Inactive,0,,,Inactive,,,,,,,,,,4,,-14.0037,,,,,4.516,,,19.0127,,,16.9881,,,16.3044,,,13.3367,,,18.2115,,,-14.0037,QC'd by UPCMLD,candidate_step3_property,,C20H22F3NOS,381.5,6.4,1,5,7,0
14921,4238601,3233711,COC1=CC=CC=C1CN2CCCC3(C2)CCN(CC3)C(=O)C4=CC(=CC(=C4)C(F)(F)F)C(F)(F)F,Inactive,0,,,Inactive,,,,,,,,,,4,,-6.005,,,,,-26.9445,,,-9.4591,,,-25.7819,,,-16.3698,,,-16.8927,,,1.5744,,,-6.005,QC'd by Pharmacopeia,candidate_step3_property,,C26H28F6N2O2,514.5,5.7,0,9,4,0
14925,26749827,16758115,C[C@@]12CCC(CC1CCC3=CC=CC=C23)OC(=O)C4=CC=CC=C4,Inactive,0,,,Inactive,,,,,,,,,,4,,16.307,,,,,-1.1613,,,8.8218,,,2.4311,,,-2.4245,,,16.4847,,,14.8618,,,16.307,QC'd by Microsource,candidate_step3_property,,C22H24O2,320.4,5.8,0,2,3,0
14932,17385083,5771788,CCCC/C=C/C(C1=CC=CC=C1)NC(=O)C2=CC=C(C=C2)C3=CC=CC=C3,Inactive,0,,,Inactive,,,,,,,,,,4,,17.4872,,,,,15.8299,,,13.3352,,,18.1659,,,19.8315,,,3.4988,,,2.212,,,17.4872,QC'd by UPCMLD,candidate_step3_property,,C26H27NO,369.5,6.9,1,1,8,0
14939,4249322,3243291,CC1=CC=C(C=C1)CN2C=CC(=N2)NC(=O)C3=NOC4=C3CC(CC4)C(C)(C)C,Inactive,0,,,Inactive,,,,,,,,,,4,,8.7316,,,,,4.8639,,,0.058,,,6.9492,,,11.5083,,,19.1267,,,27.7257,,,8.7316,QC'd by DPISMR,residual_possible_step4_or_definition_mismatch,,C23H28N4O2,392.5,4.8,1,4,5,0
14946,17385080,5771843,CCC/C=C(\CCC)/C(C1=CC=C(C=C1)C(=O)OC)NS(=O)(=O)C2=CC=C(C=C2)Cl,Inactive,0,,,Activator,12.5893,55.2104,,Partial curve; partial efficacy,-4.9,1.7885,0.989,56.1119,0.9015,2.2,0 0 0 0 0 0 0,52.3674,,,,,-0.8981,,,3.9961,,,2.6322,,,-2.2013,,,2.9389,,,26.6393,,,52.3674,QC'd by UPCMLD,candidate_step3_property,,C23H28ClNO4S,450.0,6.5,1,5,11,0
14947,11112948,6604484,C[C@@H]([C@H]1CC[C@H]([C@H](O1)O[C@H]2[C@H](C[C@H]([C@@H]([C@@H]2O)O[C@@H]3[C@H]([C@@H]([C@](CO3)(C)O)NC)O)N)N)N)N.C[C@@H]([C@H]1CC[C@H]([C@H](O1)O[C@H]2[C@H](C[C@H]([C@@H]([C@@H]2O)O[C@@H]3[C@H]([C@@H]([C@](CO3)(C)O)NC)O)N)N)N)NC.C[C@]1(CO[C@@H]([C@H]([C@@H]1NC)O)O[C@H]2[C@@H](C[C@@H]([C@@H]([C@H]2O)O[C@@H]3[C@@H](CC[C@@H](O3)CN)N)N)N)O.OS(=O)(=O)O,Inactive,0,,,Inactive,,,,,,,,,,4,,9.1531,,16.8047,-3.4369,,-37.4762,-21.5222,,-19.7174,-20.9182,,-5.793,-16.3739,,9.9912,-11.4303,,-3.0899,6.4683,,11.8939,9.1531,,,QC'd by Prestwick,property_value_missing,,C60H125N15O25S,1488.8,,26,40,19,0
14964,26749825,16758114,C(C[N+](=O)[O-])C(=O)OCC1C([C@@H](C(C(O1)O)OC(=O)CC[N+](=O)[O-])OC(=O)CC[N+](=O)[O-])OC(=O)CC[N+](=O)[O-],Inactive,0,,,Inactive,,,,,,,,,,4,,-21.5251,,,,,9.8847,,,-4.5034,,,19.886,,,-1.9777,,,14.8256,,,-11.9979,,,-21.5251,QC'd by Microsource,candidate_step3_property,,C18H24N4O18,584.4,-1.000,1,18,17,0
14972,11112949,54705186,CC1=C(C=CC2=C1OC(=O)C(=C2O)NC(=O)C3=CC(=C(C=C3)[O-])CC=C(C)C)O[C@@H]4[C@H]([C@@H]([C@@H](C(O4)(C)C)OC)OC(=O)N)O.[Na+],Inactive,0,,,Inactive,,,,,,,,,,4,,-10.4999,,-5.42,-13.0229,,-5.7809,-3.1088,,3.8198,-1.7406,,-5.1558,-6.1032,,-2.5026,-4.152,,-1.5846,11.7163,,-4.9998,-10.4999,,,QC'd by Prestwick,candidate_step1_inorganic,Na,C31H35N2NaO11,634.6,,4,11,9,0
14975,17385081,5771852,CCC/C=C(\CCC)/C(C1=CC=C(C=C1)C(F)(F)F)NS(=O)(=O)C2=CC=CC=C2,Inactive,0,,,Inactive,,,,,,,,,,4,,25.8839,,,,,3.5875,,,-8.0539,,,4.5761,,,10.0512,,,6.4292,,,26.3997,,,25.8839,QC'd by UPCMLD,candidate_step3_property,,C22H26F3NO2S,425.5,6.9,1,6,9,0
14992,4245319,3239804,CCCCCSC1=NC2=C(C3=CC=CC=C3N(C(O2)C4=CC=CN4C)C(=O)C)N=N1,Inactive,0,,,Inactive,,,,,,,,,,4,,0.3184,,,,,15.0894,,,19.899,,,33.2629,,,16.1753,,,-1.7417,,,-4.8667,,,0.3184,QC'd by DPISMR,residual_possible_step4_or_definition_mismatch,,C22H25N5O2S,423.5,3.3,0,6,6,0
15012,26754307,7566616,C1=CC(=C(C=C1C2=C(C(=O)C3=C(O2)C(=C(C=C3O)O)OC[C@H]4[C@@H]([C@H]([C@@H]([C@@H](O4)O)O)O)O)O)O)O,Inactive,0,,,Inactive,,,,,,,,,,4,,-22.3456,,-14.6113,3.3249,,19.1063,-35.5847,,-3.6063,-11.2748,,-4.6197,-9.4613,,-9.0818,-11.1343,,3.1606,-5.6761,,-5.3697,-11.9759,,-22.3456,QC'd by Timtec,candidate_step3_property,,C21H20O13,480.4,-0.5,9,13,4,0
15022,17385084,5771839,CCCC[C@@H]1C[C@H]1C(C2=CC=CC=C2C(F)(F)F)NC(=O)C3=CC=CO3,Inactive,0,,,Inactive,,,,,,,,,,4,,-19.8825,,,,,-0.8002,,,2.3616,,,-14.7209,,,12.1406,,,-9.8358,,,2.8265,,,-19.8825,QC'd by UPCMLD,candidate_step3_property,,C20H22F3NO2,365.4,5.800,1,5,7,0
15034,17385085,5771828,CCCC[C@@H]1C[C@H]1C(C2=CC=C(C=C2)Cl)NC(=O)C3=CC=CC=C3,Inactive,0,,,Inactive,,,,,,,,,,4,,-13.8834,,,,,-4.7608,,,-14.2399,,,-3.8915,,,8.7075,,,1.9205,,,3.8524,,,-13.8834,QC'd by UPCMLD,candidate_step3_property,,C21H24ClNO,341.9,6.2,1,1,7,0
15051,4242563,2991881,COC1=CC=CC=C1C2=CC(=NC(=N2)N3CCN(CC3)C4=CC=CC=C4)C(F)(F)F,Inactive,0,,,Activator,0.631,29.0359,,Complete curve; partial efficacy; poor fit,-6.2,4.5045,0.7053,29.7335,0.6976,1.4,0 0 0 0 0 0 0,15.1869,,,,,-8.2829,,,5.7058,,,4.0498,,,6.9596,,,44.4582,,,28.8509,,,15.1869,QC'd by DPISMR,residual_possible_step4_or_definition_mismatch,,C22H21F3N4O,414.4,4.8,0,8,4,0
15056,4238610,3233720,C1CN(CCC12CCN(CC2)C(=O)OC3=CC=CC=C3)C(C4=CC=CC=C4)C5=CC=CC=C5,Inactive,0,,,Inactive,,,,,,,,,,4,,-5.5608,,,,,8.9226,,,-17.3922,,,-7.5753,,,-13.0445,,,2.9405,,,4.1142,,,-5.5608,QC'd by Pharmacopeia,candidate_step3_property,,C29H32N2O2,440.6,6.0,0,3,5,0
15061,17385091,5771853,CCC/C=C(\CCC)/C(C1=CC=C(C=C1)C2=CC=CC=C2)NP(=O)(C3=CC=CC=C3)C4=CC=CC=C4,Inactive,0,,,Inactive,,,,,,,,,,4,,15.5561,,,,,15.4578,,,4.4753,,,1.9482,,,13.5767,,,-2.7026,,,1.4647,,,15.5561,QC'd by UPCMLD,candidate_step3_property,,C33H36NOP,493.6,9.0,1,2,11,0
15067,4265782,1152528,C1CCC2=C(C1)C(=C(S2)NC(=O)CSC3=NC(=CC(=N3)C(F)(F)F)C4=CC=CO4)C#N,Inactive,0,,,Inactive,,,,,,,,,,4,,3.4218,,,,,-0.1813,,,2.8916,,,0.3099,,,-2.3655,,,-5.9789,,,-2.7391,,,3.4218,QC'd by DPISMR,candidate_step3_property,,C20H15F3N4O2S2,464.5,5.1,1,10,5,0
15080,17385092,5771780,CCC/C=C(\CCC)/C(C1=CC=C(C=C1)C(=O)OC)NC(=O)C2=CC=CO2,Inactive,0,,,Inactive,,,,,,,,,,4,,21.5202,,,,,-1.3283,,,2.1299,,,2.7343,,,6.3984,,,6.1106,,,2.4159,,,21.5202,QC'd by UPCMLD,candidate_step3_property,,C22H27NO4,369.5,5.6,1,4,10,0
15095,17385088,5771820,C/C(=C\C1CCCCC1)/C(C2=CC=C(C=C2)C3=CC=CC=C3)NC(=O)C4=CC=C(C=C4)C(F)(F)F,Inactive,0,,,Inactive,,,,,,,,,,4,,11.6128,,,,,-7.695,,,-6.918,,,-0.0847,,,-3.4338,,,6.0677,,,2.06,,,11.6128,QC'd by UPCMLD,candidate_step3_property,,C30H30F3NO,477.6,9.1,1,4,6,0
15105,17385089,5771837,CCCC[C@@H]1C[C@H]1C(C2=CC=CC=C2C(F)(F)F)NC(=O)C3=CC=CC=C3,Inactive,0,,,Inactive,,,,,,,,,,4,,-5.6802,,,,,-1.4362,,,-10.4805,,,23.087,,,12.275,,,-12.6136,,,11.2209,,,-5.6802,QC'd by UPCMLD,candidate_step3_property,,C22H24F3NO,375.4,6.4,1,4,7,0
15121,26754309,7251175,CC(=CCC/C(=C\COC1=C2C=CC(=O)OC2=CC3=C1C=CO3)/C)C,Inactive,0,,,Activator,25.1189,102.838,,Partial curve; partial efficacy,-4.6,1.3723,0.942,93.5306,-9.3071,2.2,0 0 0 0 0 0 0 0 0 0 0 0 0 0 0,74.8276,,-18.7378,-9.6677,,-3.0006,-13.1291,,-8.4263,-4.271,,-12.8551,-8.7653,,-2.8024,-4.5742,,-10.6692,6.1621,,19.9728,31.3264,,74.8276,QC'd by Timtec,candidate_step3_property,,C21H22O4,338.4,5.6,0,4,6,0
15125,17385090,5771844,CCC/C=C(\CCC)/C(C1=CC=C(C=C1)C(=O)OC)NS(=O)(=O)C2=CC=C(C=C2)C(F)(F)F,Inactive,0,,,Activator,7.9433,41.0615,,Complete curve; partial efficacy,-5.1,4.095,0.9403,44.0894,3.0279,1.2,0 1 0 0 0 0 0,44.5714,,,,,9.7436,,,18.1055,,,8.3162,,,-1.1653,,,6.4691,,,36.1669,,,44.5714,QC'd by UPCMLD,candidate_step3_property,,C24H28F3NO4S,483.5,6.8,1,8,11,0
15135,26754282,5353610,CC(C)C(C)/C=C/C(C)C1CCC\2C1(CCC/C2=C\C=C\3/CC(CCC3=C)O)C,Inactive,0,,,Inactive,,,,,,,,,,4,,22.356,,7.1342,5.6698,,28.789,-1.9076,,5.3013,5.8914,,0.262,7.9402,,0.4718,2.3375,,-12.5408,13.7852,,8.2551,26.6852,,22.356,QC'd by Timtec,candidate_step3_property,,C28H44O,396.6,7.4,1,1,5,0
15137,17385096,5771800,CCCC[C@@H]1C[C@H]1C(C2=CC=CC=C2)NC(=O)C3=CC=CC=C3,Inactive,0,,,Inactive,,,,,,,,,,4,,0.234,,,,,-32.4929,,,-7.4531,,,-3.9602,,,-1.4491,,,-14.2734,,,1.9067,,,0.234,QC'd by UPCMLD,candidate_step3_property,,C21H25NO,307.4,5.5,1,1,7,0
15146,850791,653330,CC1CC2=CC=CC=C2N1C(=O)CSC3=NC(=CC(=N3)C(F)(F)F)C4=CC=CO4,Inactive,0,,,Inactive,,,,,,,,,,4,,-2.561,,,,,11.9268,,,4.5469,,,9.464,,,-5.1344,,,-5.8365,,,0.6448,,,-2.561,QC'd by DPISMR,residual_possible_step4_or_definition_mismatch,,C20H16F3N3O2S,419.4,4.3,0,8,4,0
15158,17385095,5771829,CCCC[C@@H]1C[C@H]1C(C2=CC=C(C=C2)Cl)NC(=O)CC3=CC=CC=C3,Inactive,0,,,Inactive,,,,,,,,,,4,,1.0378,,,,,15.0925,,,-0.2308,,,4.4604,,,11.4491,,,-19.8991,,,15.5695,,,1.0378,QC'd by UPCMLD,candidate_step3_property,,C22H26ClNO,355.9,6.1,1,1,8,0
15159,11112963,21718,CCN(CCCC1=CC=CC=C1)CCCC2=CC=CC=C2.C(C(=O)O)C(CC(=O)O)(C(=O)O)O,Inactive,0,,,Inactive,,,,,,,,,,4,,-1.2245,,7.3864,0.9883,,-8.1336,-0.2563,,-2.4558,7.501,,4.5026,-1.6422,,14.2737,-19.1039,,4.1353,1.9238,,-2.6641,-1.2245,,,QC'd by Prestwick,property_value_missing,,C26H35NO7,473.6,,4,8,14,0
15179,26754280,16759282,C1=NC(=C2C(=N1)N(C=N2)[C@H]3[C@@H]([C@@H]([C@H](O3)COP(=O)(O)OP(=O)(O)[O-])O)O)N,Inactive,0,,,Inactive,,,,,,,,,,4,,-19.9181,,-3.0925,-10.8268,,4.9755,-0.7224,,-14.877,3.8302,,-0.6554,-1.0723,,-5.5029,-8.237,,-2.0318,3.782,,0.0255,-3.6328,,-19.9181,QC'd by Timtec,candidate_step3_property,,C10H14N5O10P2-,426.19,-4.700,5,14,6,-1
15180,17385094,5771821,CCC[C@@H]1C[C@@]1(CCC)C(C2=CC=C(C=C2)Cl)NP(=O)(C3=CC=CC=C3)C4=CC=CC=C4,Inactive,0,,,Inactive,,,,,,,,,,4,,19.6748,,,,,16.8651,,,9.1797,,,16.4796,,,17.8946,,,-13.8836,,,21.2953,,,19.6748,QC'd by UPCMLD,candidate_step3_property,,C28H33ClNOP,466.0,8.0,1,2,10,0
15200,17385093,5771789,CCCC/C=C/C(C1=CC=CC=C1)NC(=O)C2=CC=C(C=C2)C(F)(F)F,Inactive,0,,,Inactive,,,,,,,,,,4,,28.7601,,,,,-16.0787,,,15.0794,,,1.7888,,,15.5015,,,4.8418,,,1.2509,,,28.7601,QC'd by UPCMLD,candidate_step3_property,,C21H22F3NO,361.4,6.2,1,4,7,0
15222,17385100,5771845,CCC/C=C(\CCC)/C(C1=CC=C(C=C1)C(F)(F)F)NP(=O)(C2=CC=CC=C2)C3=CC=CC=C3,Inactive,0,,,Inactive,,,,,,,,,,4,,-1.9651,,,,,-10.2405,,,0.6459,,,1.5375,,,-1.6528,,,2.4271,,,15.8531,,,-1.9651,QC'd by UPCMLD,candidate_step3_property,,C28H31F3NOP,485.5,8.3,1,5,10,0
15246,26749844,6857795,CCCCCCCCCCCCCC1=CC=CO1,Inactive,0,,,Inactive,,,,,,,,,,4,,9.2198,,,,,9.8467,,,-9.1038,,,20.6085,,,8.8804,,,11.1966,,,6.0315,,,9.2198,QC'd by Microsource,candidate_step3_property,,C17H30O,250.4,8.000,0,1,12,0
15258,17385098,5771822,C[C@]1(C[C@H]1C2CCCCC2)C(C3=CC=C(C=C3)C(=O)OC)NC(=O)C4=CC=CC=C4,Inactive,0,,,Inactive,,,,,,,,,,4,,13.9801,,,,,-14.289,,,20.7316,,,2.625,,,0.0375,,,2.9541,,,4.6479,,,13.9801,QC'd by UPCMLD,candidate_step3_property,,C26H31NO3,405.5,6.4,1,3,7,0
15276,17385097,5771808,CCCC[C@@H]1C[C@H]1C(C2=CC=C(C=C2)C3=CC=CC=C3)NC(=O)C4=CC=CS4,Inactive,0,,,Inactive,,,,,,,,,,4,,6.5111,,,,,0.4232,,,18.1099,,,1.3565,,,-7.5699,,,1.7398,,,-14.9581,,,6.5111,QC'd by UPCMLD,candidate_step3_property,,C25H27NOS,389.6,7.200,1,2,8,0
15297,17385104,5771797,CCC/C=C(\CCC)/C(C1=CC=C(C=C1)C(=O)OC)NC(=O)CC2=CC=CC=C2,Inactive,0,,,Activator,15.8489,44.6124,,Partial curve; partial efficacy,-4.8,1.1,0.9338,46.507,1.8946,2.2,0 1 0 0 0 0 0,38.1143,,,,,5.5643,,,17.2714,,,-4.6712,,,6.5064,,,6.2086,,,19.2067,,,38.1143,QC'd by UPCMLD,candidate_step3_property,,C25H31NO3,393.5,6.1,1,3,11,0
15308,26749848,6710762,CC(=O)OCC(CC(=O)CCCCCCCCCCCC#C)O,Inactive,0,,,Inactive,,,,,,,,,,4,,-21.1115,,,,,10.2342,,,0.2918,,,9.9443,,,7.277,,,12.853,,,-4.3528,,,-21.1115,QC'd by Microsource,candidate_step3_property,,C19H32O4,324.5,4.4,1,4,16,0
15317,4254419,3246731,C[C@H]1CC2=C(C(=CC(=C2[C@H](N1)C)O)O)C3=CC(=C(C4=C3C=C(C=C4OC)C)O)C5=C(C6=C(C=C(C=C6OC)C)C(=C5)C7=C8C[C@@H](N[C@@H](C8=C(C=C7O)O)C)C)O.CC(=O)O,Inactive,0,,,Inactive,,,,,,,,,,4,,-16.357,,0.3172,,,-5.5345,,,-3.3218,,,-8.9675,,,-11.8752,,,-6.3727,,,-16.357,,,,QC'd by NCI,property_value_missing,,C48H52N2O10,816.9,,9,12,5,0
15319,11112971,135484650,C1[C@H](N(C2=C(N1)N=C(NC2=O)N)C=O)CNC3=CC=C(C=C3)C(=O)N[C@@H](CCC(=O)[O-])C(=O)[O-].[Ca+2],Inactive,0,,,Inactive,,,,,,,,,,4,,2.0339,,0.6595,3.2677,,7.3735,7.4611,,2.2425,-0.0965,,7.7589,16.0432,,4.4557,21.6341,,8.6732,22.4437,,3.0604,2.0339,,,QC'd by Prestwick,candidate_step1_inorganic,Ca,C20H21CaN7O7,511.5,,5,10,7,0
15322,844734,647067,CC1=CC2=C(C=C1)NC(=O)C(=C2)CN(CC3=NN=NN3C4CCCC4)C5CCCCC5,Inactive,0,,,Inactive,,,,,,,,,,4,,-11.39,,,,,-2.1337,,,-4.5568,,,6.989,,,8.7501,,,2.5893,,,7.0939,,,-11.39,QC'd by DPISMR,residual_possible_step4_or_definition_mismatch,,C24H32N6O,420.6,3.7,1,5,6,0
15326,26749845,6857797,C#CCCCCCCCCCCCC1=CC=CO1,Inactive,0,,,Inactive,,,,,,,,,,4,,21.1188,,,,,-7.3068,,,-8.9899,,,-6.6957,,,-2.1033,,,6.292,,,-32.5474,,,21.1188,QC'd by Microsource,candidate_step3_property,,C17H26O,246.4,6.5,0,1,11,0
15327,7974682,2871813,C1CCC2=C(C1)C(=C(N=C2N3CCOCC3)SCC4=CC=CC=C4)C#N,Inactive,0,,,Activator,15.8489,64.4128,,Partial curve; partial efficacy,-4.8,1.21,0.9417,63.2029,-1.2099,2.2,0 0 0 0 0 0 0,53.4796,,,,,-9.899,,,-0.404,,,0.8557,,,6.6493,,,6.3782,,,20.6251,,,53.4796,QC'd by DPISMR,residual_possible_step4_or_definition_mismatch,,C21H23N3OS,365.5,4.4,0,5,4,0
15339,17385102,5771781,CCC/C=C(\CCC)/C(C1=CC=C(C=C1)C(=O)OC)NC(=O)C(C)(C)C,Inactive,0,,,Inactive,,,,,,,,,,4,,16.117,,,,,20.6875,,,6.0598,,,-13.5979,,,-2.7922,,,-23.5175,,,-22.154,,,16.117,QC'd by UPCMLD,candidate_step3_property,,C22H33NO3,359.5,5.9,1,3,10,0
15346,26749846,6857792,C=CCCCCCCCCCCCC1=CC=CO1,Inactive,0,,,Inactive,,,,,,,,,,4,,17.9915,,,,,-5.2824,,,-3.1699,,,13.5175,,,-10.0262,,,2.2136,,,2.9459,,,17.9915,QC'd by Microsource,candidate_step3_property,,C17H28O,248.4,7.1,0,1,12,0
15360,17385101,5771854,CCC/C=C(\CCC)/C(C1=CC=C(C=C1)C2=CC=CC=C2)NS(=O)(=O)C3=CC=CC4=C3N=CC=C4,Inactive,0,,,Inactive,,,,,,,,,,4,,24.0056,,,,,5.5052,,,26.1298,,,7.8006,,,3.161,,,12.6653,,,-8.3214,,,24.0056,QC'd by UPCMLD,candidate_step3_property,,C30H32N2O2S,484.7,7.9,1,4,10,0
15393,4254415,59453,C1=CC2=C(C=C1SSC3=CC4=C(C=C3)N=C(N4)C(F)(F)F)NC(=N2)C(F)(F)F,Inactive,0,,,Inactive,,,,,,,,,,4,,17.3022,,18.4129,,,20.951,,,4.5352,,,15.8099,,,21.6763,,,15.7563,,,17.3022,,,,QC'd by NCI,candidate_step3_property,,C16H8F6N4S2,434.4,5.0,2,10,3,0
15395,17385107,5771809,CCCC[C@@H]1C[C@H]1C(C2=CC=C(C=C2)C3=CC=CC=C3)NC(=O)C4=CN=CC=C4,Inactive,0,,,Inactive,,,,,,,,,,4,,16.9422,,,,,28.216,,,35.7312,,,19.2902,,,37.5018,,,22.666,,,12.1068,,,16.9422,QC'd by UPCMLD,candidate_step3_property,,C26H28N2O,384.5,6.1,1,2,8,0
15406,26754292,16759288,C[C@]12CC[C@@H](C([C@@H]1CC[C@@]3(C2CC=C4[C@]3(CC[C@@]5(C4CC(CC5)(C)C)C(=O)O)C)C)(C)C)O,Inactive,0,,,Inactive,,,,,,,,,,4,,11.7055,,14.8366,2.1839,,2.4112,-3.9944,,14.2292,14.9908,,19.1917,13.498,,8.6326,-2.3659,,21.5123,17.6431,,13.4577,-14.3095,,11.7055,QC'd by Timtec,candidate_step3_property,,C30H48O3,456.7,7.5,2,3,1,0
15410,26749849,16758118,CNC1CC([C@@H]([C@H](C1O)O[C@H]2[C@@H]([C@@H]3C(C(O2)CO)OC4(O3)C(C(C(C(O4)C(CO)N)O)O)O)O)O)N,Inactive,0,,,Inactive,,,,,,,,,,4,,6.1852,,,,,-15.372,,,-7.995,,,-8.2592,,,-13.4994,,,-12.1636,,,-5.5066,,,6.1852,QC'd by Microsource,candidate_step3_property,,C20H37N3O13,527.5,-7.1,11,16,6,0
15427,17385105,5771831,CCCC[C@@H]1C[C@H]1C(C2=CC=C(C=C2)Cl)NC(=O)C3=CC=CO3,Inactive,0,,,Inactive,,,,,,,,,,4,,5.6564,,,,,6.7166,,,11.176,,,-3.9162,,,1.4551,,,8.493,,,5.8928,,,5.6564,QC'd by UPCMLD,candidate_step3_property,,C19H22ClNO2,331.8,5.6,1,2,7,0
15437,11112973,6604502,CCN(CC)CCC[C@H](C)NC1=C2C=C(C=CC2=NC3=C1C=CC(=C3)Cl)OC.O.O.Cl.Cl,Inactive,0,,,Activator,12.5893,48.9973,,Partial curve; partial efficacy; poor fit,-4.9,1.4163,0.7486,44.0004,-4.9969,2.4,0 0 0 0 0 0 0 0 0 0 0 0 0 0,33.1578,,3.385,-1.3729,,4.9063,-13.6242,,-7.3688,-7.705,,-4.973,-10.8798,,0.686,-16.1285,,1.8223,12.0262,,14.6061,33.1578,,,QC'd by Prestwick,property_value_missing,,C23H36Cl3N3O3,508.9,,5,6,9,0
15448,846295,648681,CC1=C2C(=CC=C1)C=C(C(=O)N2)CN(CC3=NN=NN3C4CCCC4)C5CCCCC5,Inactive,0,,,Inactive,,,,,,,,,,4,,-14.5716,,,,,-0.0217,,,-1.5846,,,-1.0395,,,2.0375,,,11.2621,,,,,,-14.5716,QC'd by DPISMR,residual_possible_step4_or_definition_mismatch,,C24H32N6O,420.6,3.7,1,5,6,0
15455,11112911,7741,C1=C(NN=C1)CCN,Inactive,0,,,Inactive,,,,,,,,,,4,,7.2076,,-0.2223,1.9202,,-7.3387,-6.4469,,-11.0466,-4.6475,,-0.2182,16.508,,-16.295,2.677,,5.1297,-4.0285,,1.6015,7.2076,,,QC'd by Prestwick,candidate_step3_property,,C5H9N3,111.15,-0.4,2,2,2,0
15456,26749788,16212360,C(C(=O)[O-])F.[Na+],Inactive,0,,,Inactive,,,,,,,,,,4,,8.2566,,,,,11.4752,,,-17.8132,,,-10.8507,,,4.3779,,,7.6101,,,11.8551,,,8.2566,QC'd by Microsource,candidate_step1_inorganic,Na,C2H2FNaO2,100.02,,0,3,1,0
15475,26749787,2514,CC(=O)O.CC(=O)O.[Cd],Inactive,0,,,Inactive,,,,,,,,,,4,,0.8829,,,,,-11.6832,,,-38.5327,,,-6.3976,,,-8.8257,,,-5.3765,,,-12.2966,,,0.8829,QC'd by Microsource,candidate_step1_inorganic,Cd,C4H8CdO4,232.52,,2,4,0,0
15476,17385110,5771846,CCC/C=C(\CCC)/C(C1=CC=C(C=C1)C(=O)OC)NC(=O)C2=CC=CS2,Inactive,0,,,Inactive,,,,,,,,,,4,,29.4036,,,,,1.191,,,10.6098,,,4.3506,,,-16.4848,,,13.1594,,,-3.6883,,,29.4036,QC'd by UPCMLD,candidate_step3_property,,C22H27NO3S,385.5,6.2,1,4,10,0
15479,26754329,135665270,CC1/C=C/C=C(/C(=O)NC2=C(C(=C3C(=C2O)C(=C(C4=C3C(=O)C(O4)(O/C=C/C(C(C(C(C(C(C1O)C)O)C)OC(=O)C)C)OC)C)C)O)O)/C=N/N5CCN(CC5)C)\C,Inactive,0,,,Inactive,,,,,,,,,,4,,-28.2294,,-3.2579,3.3009,,-0.2283,-3.8915,,-7.0449,1.123,,9.6876,9.3111,,-3.8606,-0.4211,,-3.8334,6.6401,,-2.736,-27.6444,,-28.2294,QC'd by Timtec,candidate_step3_property,,C43H58N4O12,822.9,4.9,6,15,5,0
15494,17385111,5771855,CCC/C=C(\CCC)/C(C1=CC=C(C=C1)C2=CC=CC=C2)NS(=O)(=O)C3=CC=C(C=C3)C(F)(F)F,Inactive,0,,,Inactive,,,,,,,,,,4,,14.7779,,,,,3.8389,,,5.6619,,,6.7276,,,22.7977,,,-6.8175,,,9.576,,,14.7779,QC'd by UPCMLD,candidate_step3_property,,C28H30F3NO2S,501.6,8.5,1,6,10,0
15515,11112914,6604465,CN(C)CCN1C(=NN=N1)SCC2=C(N3[C@H]([C@@H](C3=O)NC(=O)CC4=CSC(=N4)N)SC2)C(=O)O,Inactive,0,,,Inactive,,,,,,,,,,4,,23.324,,8.3983,7.9757,,6.9916,16.9271,,16.9256,12.2471,,10.2752,6.4936,,18.4011,10.3852,,11.0382,18.0202,,23.1186,23.324,,,QC'd by Prestwick,candidate_step3_property,,C18H23N9O4S3,525.6,-2.400,3,13,10,0
15517,17385112,5771782,CCC/C=C(\CCC)/C(C1=CC=C(C=C1)C(=O)OC)NC(=O)C2=CC=C(C=C2)C3=CC=CC=C3,Inactive,0,,,Inactive,,,,,,,,,,4,,16.5504,,,,,0.654,,,6.1656,,,-10.6252,,,-3.7973,,,6.205,,,24.5499,,,16.5504,QC'd by UPCMLD,candidate_step3_property,,C30H33NO3,455.6,7.8,1,3,11,0
15526,4254359,854158,C1C[C@H](CNC1)C(=O)N,Inactive,0,,,Inactive,,,,,,,,,,4,,-5.3517,,-10.6883,,,-0.6268,,,-9.5061,,,-4.3265,,,-9.1085,,,-6.2763,,,-5.3517,,,,QC'd by NCI,candidate_step3_property,,C6H12N2O,128.17,-1.300,2,2,1,0
15538,11112915,115244,C[N+]1(CCC[C@H]1C(=O)[O-])C,Inactive,0,,,Inactive,,,,,,,,,,4,,0.7454,,-13.8598,-15.9629,,-6.6994,-8.0294,,-16.7794,-10.0912,,-9.548,4.5161,,-29.8031,-0.8673,,-1.1883,-21.7009,,2.8576,0.7454,,,QC'd by Prestwick,candidate_step3_property,,C7H13NO2,143.18,1.0,0,2,0,0
15545,4254360,5771695,C[C@H]1C=CC=CC=CC=CC=CC=CC=C[C@@H](C[C@H]2[C@@H]([C@H](C[C@](O2)(C[C@H](C[C@H]([C@H](CC[C@H](C[C@H](CC(=O)O[C@H]([C@H]([C@@H]1O)C)C)O)O)O)O)O)O)O)C(=O)O)O[C@H]3[C@H]([C@@H]([C@H]([C@@H](O3)C)O)N)O,Inactive,0,,,Inactive,,,,,,,,,,4,,18.3345,,44.0773,,,0.6777,,,9.9665,,,6.6847,,,9.026,,,20.3415,,,18.3345,,,,QC'd by NCI,candidate_step3_property,,C47H73NO17,924.1,0.0,12,18,3,0
15551,17385114,5771798,CCC[C@@H]1C[C@@]1(CCC)C(C2=CC=C(C=C2)C3=CC=CC=C3)NC(=O)OCC4=CC=CC=C4,Inactive,0,,,Activator,25.1189,46.3832,,Partial curve; partial efficacy,-4.6,1.7885,0.9582,49.7898,3.4066,2.2,0 0 0 0 0 0 0,41.3521,,,,,3.7765,,,5.4544,,,-0.3525,,,8.8271,,,5.1737,,,12.1179,,,41.3521,QC'd by UPCMLD,candidate_step3_property,,C30H35NO2,441.6,8.2,1,2,11,0
15559,4254357,500,C(CC(=O)O)CN=C(N)N,Inactive,0,,,Inactive,,,,,,,,,,4,,-7.1116,,-21.04,,,-2.318,,,-6.7423,,,-10.5393,,,-6.0462,,,-1.7825,,,-7.1116,,,,QC'd by NCI,candidate_step3_property,,C5H11N3O2,145.16,-1.5,3,3,4,0
15562,26749795,16758102,C[C@]12CCC3C(=CC(=O)C4[C@@]3(CCC5[C@]4(CCC(C5(C)C)O[C@@H]6C(C([C@@H](C(O6)C(=O)O)O[C@@H]7C(C(C([C@@H](O7)C(=O)O)O)O)O)O)O)C)C)[C@@H]1C[C@@](CC2)(C)C(=O)O,Inactive,0,,,Inactive,,,,,,,,,,4,,11.1005,,,,,-6.3309,,,-1.8553,,,8.5734,,,-8.4007,,,4.4766,,,5.3365,,,11.1005,QC'd by Microsource,candidate_step3_property,,C41H60O16,808.9,2.6,8,16,7,0
15588,17385116,5771802,CCCC[C@@H]1C[C@H]1C(C2=CC=C(C=C2)C3=CC=CC=C3)NC(=O)C4=CC=CC=C4,Inactive,0,,,Inactive,,,,,,,,,,4,,22.1739,,,,,-6.5941,,,28.4601,,,21.7942,,,4.0907,,,11.876,,,24.9721,,,22.1739,QC'd by UPCMLD,candidate_step3_property,,C27H29NO,383.5,7.2,1,1,8,0
15599,17385117,5771810,CCCC[C@@H]1C[C@H]1C(C2=CC=C(C=C2)C3=CC=CC=C3)NS(=O)(=O)C4=CC=CC5=C4N=CC=C5,Inactive,0,,,Inactive,,,,,,,,,,4,,15.078,,,,,7.8763,,,22.6866,,,11.4813,,,-7.62,,,1.6378,,,5.5031,,,15.078,QC'd by UPCMLD,candidate_step3_property,,C29H30N2O2S,470.6,7.1,1,4,9,0
15614,26749797,16758104,CC(=O)OC1[C@@]2(C[C@@]34[C@@]1(C(C56C7CC(=O)OC([C@@]7(CCC5([C@@]3(C2CC(=O)OC)C)OC(O4)(O6)C)C)C8=COC=C8)OC(=O)C)OC(=O)C)C,Inactive,0,,,Inactive,,,,,,,,,,4,,-0.2684,,,,,11.4145,,,-0.8791,,,7.8548,,,12.6833,,,-1.2789,,,9.7787,,,-0.2684,QC'd by Microsource,candidate_step3_property,,C35H42O14,686.7,1.8,0,14,10,0
15618,17385118,5771824,CCC[C@@H]1C[C@@]1(CCC)C(C2=CC=C(C=C2)Cl)NS(=O)(=O)C3=CC=CC4=C3N=CC=C4,Inactive,0,,,Inactive,,,,,,,,,,4,,27.7464,,,,,21.9661,,,-1.3554,,,14.108,,,5.919,,,7.4992,,,12.088,,,27.7464,QC'd by UPCMLD,candidate_step3_property,,C25H29ClN2O2S,457.0,6.9,1,4,9,0
15636,844718,6603141,C1=C(C(=NS1)C(=O)O)N.Cl,Inactive,0,,,Inactive,,,,,,,,,,4,,14.6901,,,,,2.1327,,,-11.6411,,,7.0568,,,1.2881,,,-1.5925,,,3.2789,,,14.6901,QC'd by DPISMR,property_value_missing,,C4H5ClN2O2S,180.61,,3,5,1,0
15642,17385119,5771848,CCC/C=C(\CCC)/C(C1=CC=C(C=C1)C(=O)OC)NC(=O)OC2=CC=C(C=C2)F,Inactive,0,,,Inactive,,,,,,,,,,4,,2.9589,,,,,13.2955,,,9.1183,,,6.3829,,,12.5995,,,-2.7258,,,-0.4814,,,2.9589,QC'd by UPCMLD,candidate_step3_property,,C24H28FNO4,413.5,6.6,1,5,11,0
15660,17385120,5771847,CCC/C=C(\CCC)/C(C1=CC=C(C=C1)C(=O)OC)NC(=O)OCC(C)C,Inactive,0,,,Inactive,,,,,,,,,,4,,24.0644,,,,,-3.5197,,,2.2096,,,12.4773,,,4.2576,,,-9.277,,,4.857,,,24.0644,QC'd by UPCMLD,candidate_step3_property,,C22H33NO4,375.5,6.3,1,4,12,0
15693,17385122,5771783,CCC/C=C(\CCC)/C(C1=CC=C(C=C1)C(=O)OC)NS(=O)(=O)C2=CC=CS2,Inactive,0,,,Inactive,,,,,,,,,,4,,16.5096,,,,,-4.7358,,,-0.6929,,,4.0501,,,7.6296,,,-9.0953,,,14.4808,,,16.5096,QC'd by UPCMLD,candidate_step3_property,,C21H27NO4S2,421.6,5.9,1,6,11,0
15694,4242593,3237426,C1COCCN1C2=NC(=NC(=N2)OC3=CC=C(C=C3)Cl)OC4=CC=C(C=C4)Cl,Inactive,0,,,Inactive,,,,,,,,,,4,,0.8446,,,,,-1.1772,,,-3.6817,,,8.7693,,,5.824,,,10.1362,,,4.4955,,,0.8446,QC'd by DPISMR,candidate_step3_property,,C19H16Cl2N4O3,419.3,5.0,0,7,5,0
15697,11112924,3033832,CCN(CC)CCOC1=CC=C(C=C1)/C(=C(/C2=CC=CC=C2)\Cl)/C3=CC=CC=C3.C(C(=O)O)C(CC(=O)O)(C(=O)O)O,Inactive,0,,,Inactive,,,,,,,,,,4,,-21.3703,,2.8572,10.5441,,-11.9284,-8.6609,,-11.0502,5.3398,,-7.6852,-0.0085,,-5.0503,-10.7526,,-3.2687,9.186,,-14.9092,-21.3703,,,QC'd by Prestwick,property_value_missing,,C32H36ClNO8,598.1,,4,9,14,0
15724,26754345,73078,CN1CCC2=CC(=C3C=C2[C@@H]1CC4=CC=C(C=C4)OC5=C(C=CC(=C5)C[C@H]6C7=C(O3)C(=C(C=C7CCN6C)OC)OC)OC)OC,Inactive,0,,,Inactive,,,,,,,,,,4,,-3.4699,,1.6122,-3.1318,,12.2505,-15.4989,,-8.481,-10.0815,,-5.1493,9.2687,,-4.9781,5.7968,,-5.8663,1.9795,,-8.628,-4.6086,,-3.4699,QC'd by Timtec,candidate_step3_property,,C38H42N2O6,622.7,6.4,0,8,4,0
15730,17385124,5771813,CCCC[C@@H]1C[C@H]1C(C2=CC=C(C=C2)C(=O)OC)NC(=O)C3=CC=C(C=C3)C(F)(F)F,Inactive,0,,,Inactive,,,,,,,,,,4,,-6.2011,,,,,-5.9624,,,35.657,,,5.8327,,,11.177,,,10.4146,,,-8.3096,,,-6.2011,QC'd by UPCMLD,candidate_step3_property,,C24H26F3NO3,433.5,6.3,1,6,9,0
15754,17385125,5771857,CCC/C=C(\CCC)/C(C1=CC=CC=C1)NC(=O)C2=CC=CC=C2,Inactive,0,,,Inactive,,,,,,,,,,4,,4.8536,,,,,8.0381,,,13.8536,,,23.2619,,,5.4637,,,1.2199,,,15.1835,,,4.8536,QC'd by UPCMLD,candidate_step3_property,,C22H27NO,321.5,6.3,1,1,8,0
15756,26754344,275182,CN1CCC2=CC(=C3C=C2[C@@H]1CC4=CC=C(C=C4)OC5=C(C=CC(=C5)C[C@@H]6C7=C(O3)C(=C(C=C7CCN6C)OC)OC)O)OC,Inactive,0,,,Inactive,,,,,,,,,,4,,-11.8665,,5.4584,1.3842,,9.5875,-21.5947,,-24.8921,4.5935,,7.2734,13.5348,,-3.5758,10.6827,,11.8756,7.5532,,-10.795,-21.4118,,-11.8665,QC'd by Timtec,candidate_step3_property,,C37H40N2O6,608.7,6.1,1,8,3,0
15761,17385127,5771811,CCCC[C@@H]1C[C@H]1C(C2=CC=C(C=C2)C(F)(F)F)NC(=O)C3=CC=CC=C3,Inactive,0,,,Inactive,,,,,,,,,,4,,-5.9883,,,,,8.9907,,,0.6862,,,18.5683,,,16.3656,,,14.2952,,,8.6212,,,-5.9883,QC'd by UPCMLD,candidate_step3_property,,C22H24F3NO,375.4,6.4,1,4,7,0
15781,17385126,5771803,CCCC[C@@H]1C[C@H]1C(C2=CC=C(C=C2)C3=CC=CC=C3)NC(=O)CC4=CC=CC=C4,Inactive,0,,,Inactive,,,,,,,,,,4,,0.9574,,,,,12.7602,,,-10.1873,,,-0.6727,,,18.7818,,,-0.2522,,,6.702,,,0.9574,QC'd by UPCMLD,candidate_step3_property,,C28H31NO,397.6,7.1,1,1,9,0
15795,4254380,357051,C(CO)N(CO)CO,Inactive,0,,,Inactive,,,,,,,,,,4,,1.5391,,-34.8358,,,-3.8947,,,2.6941,,,-4.7539,,,2.3556,,,-0.7028,,,1.5391,,,,QC'd by NCI,candidate_step3_property,,C4H11NO3,121.14,-1.6,3,4,4,0
15806,17385129,5771826,CCC[C@@H]1C[C@@]1(CCC)C(C2=CC=C(C=C2)Cl)NC(=O)C3=CC=CS3,Inactive,0,,,Inactive,,,,,,,,,,4,,9.0746,,,,,-6.0604,,,1.9935,,,-2.6269,,,-7.2712,,,-13.2943,,,3.7945,,,9.0746,QC'd by UPCMLD,candidate_step3_property,,C21H26ClNOS,376.0,6.9,1,2,8,0
15818,17385128,5771825,CCC[C@@H]1C[C@@]1(CCC)C(C2=CC=C(C=C2)Cl)NC(=O)C3=CC=CO3,Inactive,0,,,Inactive,,,,,,,,,,4,,-3.4074,,,,,14.3088,,,8.7536,,,-1.7435,,,6.7156,,,-13.4427,,,2.2648,,,-3.4074,QC'd by UPCMLD,candidate_step3_property,,C21H26ClNO2,359.9,6.3,1,2,8,0
15821,11112930,6604472,C[C@@H](CC1=CC=CC=C1)NCCC(C2=CC=CC=C2)C3=CC=CC=C3.C[C@@H](C(=O)O)O,Inactive,0,,,Inactive,,,,,,,,,,4,,-4.4859,,4.9936,7.6694,,13.8276,-8.5039,,1.7887,-0.8577,,2.3178,-0.1408,,-3.3179,4.5903,,7.1987,8.2924,,19.1542,-4.4859,,,QC'd by Prestwick,property_value_missing,,C27H33NO3,419.6,,3,4,9,0
15823,26749807,16758109,CC1CC(C2(C(C3C(O2)CC4[C@]3(C(=O)C=C5C4CC[C@@H]6[C@]5(CCC(C6)OC(=O)C)C)C)C)OC1)Br,Inactive,0,,,Inactive,,,,,,,,,,4,,12.0821,,,,,-7.717,,,-3.5662,,,1.0327,,,11.2777,,,9.0527,,,0.9822,,,12.0821,QC'd by Microsource,candidate_step3_property,,C29H41BrO5,549.5,5.5,0,5,2,0
15842,26754317,3594,CC1C(C(C(C(O1)OCC2C(C(C(C(O2)OC3=CC(=C4C(=O)CC(OC4=C3)C5=CC(=C(C=C5)OC)O)O)O)O)O)O)O)O,Inactive,0,,,Inactive,,,,,,,,,,4,,24.9764,,25.3684,12.2287,,28.9314,17.5574,,10.3582,20.5299,,34.8997,32.3299,,23.4168,21.0314,,29.968,12.3417,,14.7592,15.942,,24.9764,QC'd by Timtec,candidate_step3_property,,C28H34O15,610.6,-1.100,8,15,7,0
15845,26749808,16758110,CC(=O)OC12C3C(CC(C3OC(=O)C4=CC=CC=C4)(C(C1O)OC)O)[C@@]56[C@H](CC([C@@]7(C5C(C2C6N(C7)C=O)OC)COC)O)OC,Inactive,0,,,Inactive,,,,,,,,,,4,,14.7102,,,,,-10.2164,,,-3.6211,,,-17.2488,,,-6.7219,,,-16.1405,,,-9.5345,,,14.7102,QC'd by Microsource,candidate_step3_property,,C33H43NO12,645.7,-0.6,3,12,10,0
15856,4254377,6367303,C[C@@H]1C2=CC=CC=C2CN3C1=C4C(=C3)C(=O)C5=C(C4=O)C=CC=C5OP(=O)(O)OCC6=CC=CC=C6.[Na],Inactive,0,,,Inactive,,,,,,,,,,4,,-0.7414,,6.2996,,,-5.8289,,,9.9556,,,13.7633,,,17.0546,,,10.2256,,,-0.7414,,,,QC'd by NCI,candidate_step1_inorganic,Na,C28H22NNaO6P,522.4,,1,6,5,0
15889,4254375,6367302,C1=CC=C(C=C1)/C(=C\2/C=C(C(=O)C3=CC=CC=C32)C(=O)O)/C4=CC(=C(C5=CC=CC=C54)O)C(=O)O.[Na],Inactive,0,,,Inactive,,,,,,,,,,4,,-25.8029,,7.9618,,,-16.1614,,,-18.2127,,,8.6016,,,-9.7452,,,-5.2605,,,-25.8029,,,,QC'd by NCI,candidate_step1_inorganic,Na,C29H18NaO6,485.4,,3,6,4,0
15890,846319,648705,C1CCC2=C(C1)C(=C(S2)NC(=O)CSC3=NC=NC4=C3C=NN4C5=CC=CC=C5Cl)C#N,Inactive,0,,,Inactive,,,,,,,,,,4,,0.277,,,,,-6.4645,,,7.4383,,,-6.0405,,,-2.7832,,,5.159,,,3.3125,,,0.277,QC'd by DPISMR,candidate_step3_property,,C22H17ClN6OS2,481.0,5.7,1,7,5,0
15895,4245356,3239834,[B-](C1=CC=CC=C1)(C2=CC=CC=C2)(C3=CC=CC=C3)C4=CC=CC=C4.CCN(CC)C(=O)[N+]1=CC=C(C=C1)OC,Inactive,0,,,Inactive,,,,,,,,,,4,,-27.55,,,,,-5.7892,,,-5.5529,,,-12.7543,,,-2.5205,,,-10.717,,,-23.9066,,,-27.55,QC'd by DPISMR,candidate_step1_inorganic,B,C35H37BN2O2,528.5,,0,3,7,0
15904,11112934,6419892,C1=CC=C(C(=C1)C2=C3C=C(C(=O)C=C3OC4=C(C(=C(C=C24)Br)[O-])[Hg])Br)C(=O)[O-].O.O.O.O.[Na+].[Na+],Inactive,0,,,Inactive,,,,,,,,,,4,,-4.9101,,9.1669,6.8164,,16.919,0.9752,,4.4216,0.5853,,11.6285,-3.474,,3.5921,9.3344,,1.5225,0.5461,,5.1629,-4.9101,,,QC'd by Prestwick,candidate_step1_inorganic,Hg;Na,C20H15Br2HgNa2O9,805.7,,4,9,2,0
15928,4238599,3233709,C1=CC=C(C=C1)CCC2=NC3=CN=C(N=C3N(C2=O)CC4=CC=CS4)NC5=CC=CC=C5,Inactive,0,,,Inactive,,,,,,,,,,4,,-15.2905,,,,,13.897,,,-6.1226,,,10.6593,,,8.6075,,,6.1378,,,-0.7654,,,-15.2905,QC'd by Pharmacopeia,residual_possible_step4_or_definition_mismatch,,C25H21N5OS,439.5,4.5,1,6,7,0
15934,11112937,62881,CC(=O)N(CCCCCNC(=O)CCC(=O)N(CCCCCNC(=O)CCC(=O)N(CCCCCN)O)O)O.CS(=O)(=O)O,Inactive,0,,,Inactive,,,,,,,,,,4,,-2.5482,,12.6309,5.3274,,0.2434,-8.6361,,-3.5425,5.9981,,5.2844,6.8667,,-1.5605,3.4404,,2.7791,-1.6189,,1.9174,-2.5482,,,QC'd by Prestwick,property_value_missing,,C26H52N6O11S,656.8,,7,12,23,0
15957,17385137,3247137,COC1=CC=C(C=C1)C[C@@]2([C@@H]3[C@@H](CC4=C3C=C(N4CC5=CC(=C(C=C5)OC)OC)C(=O)N6CCCC6)CN2C(=O)C7=CC=CC=C7)C(=O)OC,Inactive,0,,,Inactive,,,,,,,,,,4,,4.7492,,,,,-1.313,,,-3.3051,,,10.5261,,,13.8928,,,10.2983,,,-5.5966,,,4.7492,QC'd by UPCMLD,candidate_step3_property,,C40H43N3O7,677.8,5.5,0,7,11,0
15995,17385139,3247097,COC1=CC=C(C=C1)C[C@@]2([C@@H]3[C@@H](CC4=C3C=C(N4CCC5=CC(=C(C=C5)O)O)C(=O)N6CCCC6)CN2C(=O)C7=CC=CC=C7)C(=O)OC,Inactive,0,,,Inactive,,,,,,,,,,4,,5.41,,,,,14.7604,,,-13.0646,,,16.8232,,,30.2553,,,8.5349,,,8.4887,,,5.41,QC'd by UPCMLD,candidate_step3_property,,C39H41N3O7,663.8,5.1,2,7,10,0
16006,4254385,,,Inactive,0,,,Inactive,,,,,,,,,,4,,20.8102,,6.6271,,,15.3674,,,14.6824,,,4.9378,,,15.9804,,,11.3516,,,20.8102,,,,QC'd by NCI,property_lookup_missing,,,,,,,,
16011,17385138,3247075,COC(=O)[C@]1([C@@H]2[C@@H](CC3=C2C=C(N3CC4=NC5=CC=CC=C5N4)C(=O)N6CCCC6)CN1C(=O)C7=CC=CC=C7)CC8=CC=CC=C8,Inactive,0,,,Inactive,,,,,,,,,,4,,-16.2472,,,,,10.0894,,,2.6348,,,-2.358,,,15.2449,,,8.335,,,6.6206,,,-16.2472,QC'd by UPCMLD,candidate_step3_property,,C38H37N5O4,627.7,5.2,1,5,8,0
16018,26749817,16758111,CCC\1CCC2C([C@@H](C([C@]3(O2)CCC(C(O3)CC(C)O)C)C)OC(=O)/C=C/C(C(C(C(=O)C(C(C(C(=O)[C@](C(C(C/C=C/C=C1)C)O)(C)O)C)O)C)C)O)C)C,Inactive,0,,,Inactive,,,,,,,,,,4,,3.6642,,,,,-2.2817,,,2.7283,,,14.3464,,,14.3545,,,10.0578,,,-6.0498,,,3.6642,QC'd by Microsource,candidate_step3_property,,C45H74O11,791.1,7.1,5,11,3,0
16054,846310,648696,CC1=CC(=C(C=C1)NCC2=NN=C(N2CC3=CC=CO3)SCC(=O)C4=CC=CC=C4)C,Inactive,0,,,Inactive,,,,,,,,,,4,,-15.049,,,,,-11.7754,,,-5.8173,,,-0.5866,,,-0.7531,,,-20.2436,,,-8.3478,,,-15.049,QC'd by DPISMR,residual_possible_step4_or_definition_mismatch,,C24H24N4O2S,432.5,4.6,1,6,9,0
16065,4238543,3233653,C1CN(CCC12CCN(CC2)C(=O)C3=CC(=CC(=C3)C(F)(F)F)C(F)(F)F)CC4=CC=C(C=C4)C#N,Inactive,0,,,Inactive,,,,,,,,,,4,,-18.6296,,,,,12.1079,,,-11.8061,,,-3.9914,,,0.2409,,,-25.7799,,,-3.3374,,,-18.6296,QC'd by Pharmacopeia,candidate_step3_property,,C26H25F6N3O,509.5,5.5,0,9,3,0
16105,17385156,3247199,COC(=O)[C@]1([C@@H]2[C@@H](CC3=C2C=C(N3CC4=CC=C(C=C4)S(=O)(=O)C)C(=O)N5CCCC5)CN1C(=O)C6=CC=CC=C6)CC7=CC=CC=C7,Inactive,0,,,Inactive,,,,,,,,,,4,,25.3573,,,,,27.2882,,,72.7267,,,33.5428,,,36.4722,,,13.6256,,,24.0524,,,25.3573,QC'd by UPCMLD,residual_possible_step4_or_definition_mismatch,,C38H39N3O6S,665.8,4.8,0,6,9,0
16113,850735,653275,C1CC2=CC=CC=C2N(C1)C(=O)CSC3=NN=C(N3C4=CC=CC=C4)COC5=CC=C(C=C5)C#N,Inactive,0,,,Inactive,,,,,,,,,,4,,4.6489,,,,,-3.4132,,,-7.4329,,,3.3408,,,0.1053,,,-8.6878,,,-8.7861,,,4.6489,QC'd by DPISMR,residual_possible_step4_or_definition_mismatch,,C27H23N5O2S,481.6,4.6,0,6,7,0
16118,11113023,6604550,C1[C@H]([C@H]([C@H]([C@@H]([C@H]1NC(=O)[C@H](CCN)O)O[C@@H]2[C@H]([C@@H]([C@@H]([C@@H](O2)CO)O)N)O)O)O[C@@H]3[C@H]([C@@H]([C@@H]([C@@H](O3)CN)O)O)O)N.O,Inactive,0,,,Inactive,,,,,,,,,,4,,4.938,,-1.9941,-8.0485,,0.5632,-2.3437,,-10.5112,2.8404,,-0.6579,7.4481,,-18.0657,8.4403,,0.8146,-0.8991,,0.2066,4.938,,,QC'd by Prestwick,property_value_missing,,C22H45N5O14,603.6,,14,18,10,0
16151,3717084,2161899,CC1=C(C2=C(C=C1)C(=CC(=O)O2)CN3CCCC4=CC=CC=C43)C,Inactive,0,,,Inactive,,,,,,,,,,4,,18.6924,,,,,-14.4738,,,15.8024,,,12.6995,,,24.0119,,,5.6566,,,23.6725,,,18.6924,QC'd by DPISMR,residual_possible_step4_or_definition_mismatch,,C21H21NO2,319.4,4.2,0,3,2,0
16170,17385152,3247077,COC1=CC=C(C=C1)C[C@@]2([C@@H]3[C@@H](CC4=C3C=C(N4CC5=NC6=CC=CC=C6N5)C(=O)N7CCCC7)CN2C(=O)C8=CC=CC=C8)C(=O)OC,Inactive,0,,,Inactive,,,,,,,,,,4,,-14.2308,,,,,6.9085,,,-7.8826,,,-12.9077,,,10.9597,,,-6.0179,,,0.042,,,-14.2308,QC'd by UPCMLD,candidate_step3_property,,C39H39N5O5,657.8,5.2,1,6,9,0
16180,26750027,16129666,CCC(C)C1C(=O)NC(C(=O)NC(=C)C(=O)NC(C(=O)NC23CCC(=NC2C4=CSC(=N4)C(C(OC(=O)C5=NC6=C(C=CC(C6O)N1)C(=C5)C(C)O)C)NC(=O)C7=CSC(=N7)C(NC(=O)C8CSC(=N8)/C(=C\C)/NC(=O)C(NC(=O)C9=CSC3=N9)C(C)O)C(C)(C(C)O)O)C1=NC(=CS1)C(=O)NC(=C)C(=O)NC(=C)C(=O)N)C)C,Inactive,0,,,Inactive,,,,,,,,,,4,,9.5382,,,,,31.7484,,,7.88,,,5.3808,,,38.3139,,,-1.4172,,,-10.9113,,,9.5382,QC'd by Microsource,candidate_step3_property,,C72H85N19O18S5,1664.9,0.6,17,31,12,0
16204,3717085,2084313,CC1=NC2=C(C=C1)C(=CC(=C2OCC3=NN=C(O3)C4=CC=CC=C4Br)Cl)Cl,Inactive,0,,,Inactive,,,,,,,,,,4,,14.8801,,,,,6.8134,,,10.9874,,,19.489,,,10.2455,,,2.1772,,,15.0723,,,14.8801,QC'd by DPISMR,candidate_step3_property,,C19H12BrCl2N3O2,465.1,5.5,0,5,4,0
16235,17385148,3247186,COC1=C(C=CC(=C1)CN2C3=C(C=C2C(=O)N4CCCC4)[C@H]5[C@@H](C3)CN([C@@]5(CC6=CC=CC=C6)C(=O)OC)C(=O)C7=CC=CC=C7)O,Inactive,0,,,Inactive,,,,,,,,,,4,,-11.8055,,,,,9.416,,,37.9885,,,7.4985,,,-17.2111,,,-9.0722,,,1.0507,,,-11.8055,QC'd by UPCMLD,candidate_step3_property,,C38H39N3O6,633.7,5.2,1,6,9,0
16250,11113015,23684975,CC1=NN=C(S1)SCC2=C(N3[C@H]([C@@H](C3=O)NC(=O)CN4C=NN=N4)SC2)C(=O)[O-].[Na+],Inactive,0,,,Inactive,,,,,,,,,,4,,15.7653,,0.7834,14.034,,-0.3478,5.9445,,1.1541,11.766,,16.6673,10.0002,,-3.7043,19.6602,,11.5514,21.0098,,5.2212,15.7653,,,QC'd by Prestwick,candidate_step1_inorganic,Na,C14H13N8NaO4S3,476.5,,1,12,7,0
16271,4254458,2200182,C1=CC=C(C=C1)CN(CC2=CN(N=C2C3=CC=C(C=C3)Cl)CCC#N)C(=O)C4=CC=CO4,Inactive,0,,,Inactive,,,,,,,,,,4,,-20.5408,,,,,-9.4709,,,-3.6265,,,-2.027,,,-6.9439,,,-5.4538,,,-7.411,,,-20.5408,QC'd by DPISMR,residual_possible_step4_or_definition_mismatch,,C25H21ClN4O2,444.9,4.0,0,4,8,0
16281,26750024,5702183,C1C(=C(N2C(S1)C(C2=O)NC(=O)C(C3=CC=CC=C3)S(=O)(=O)[O-])C(=O)[O-])C[N+]4=CC=C(C=C4)C(=O)N.[Na+],Inactive,0,,,Inactive,,,,,,,,,,4,,-15.1888,,,,,28.4113,,,-3.7111,,,-4.9631,,,6.5994,,,-8.6646,,,-6.1093,,,-15.1888,QC'd by Microsource,candidate_step1_inorganic,Na,C22H19N4NaO8S2,554.5,,2,9,6,0
16284,17385145,3247140,COC1=C(C=C(C=C1)CN2C3=C(C=C2C(=O)N4CCCC4)[C@H]5[C@@H](C3)CN([C@@]5(CC6=CC=CC=C6)C(=O)OC)C(=O)C7=CC=CC=C7)OC,Inactive,0,,,Inactive,,,,,,,,,,4,,-12.6817,,,,,3.3459,,,-10.5557,,,-2.5629,,,5.3359,,,-6.0445,,,-5.1786,,,-12.6817,QC'd by UPCMLD,candidate_step3_property,,C39H41N3O6,647.8,5.5,0,6,10,0
16347,26750020,16758178,CCC1[C@H](/C=C(\C=C\C(=O)C(CC([C@@H](C([C@H](CC(=O)O1)O)C)O[C@H]2C(C(C(C(O2)C)O)N(C)C)O)CCN3CC(CC(C3)C)C)C)/C)COC4C(C(C(C(O4)C)O)OC)OC,Inactive,0,,,Inactive,,,,,,,,,,4,,20.1897,,,,,19.2506,,,16.1112,,,2.8108,,,25.7678,,,11.3813,,,16.9873,,,20.1897,QC'd by Microsource,candidate_step3_property,,C46H80N2O13,869.1,3.6,4,15,12,0
16378,26750050,5949214,C1=CC(=C(C=C1C2=C(C(=O)C3=C(O2)C(=C(C=C3O)O)OC4C(C(C(C(O4)CO)O)O)O)O)O)O,Inactive,0,,,Inactive,,,,,,,,,,4,,-15.2839,,,,,7.0681,,,1.9399,,,4.0616,,,9.8815,,,-3.5892,,,4.7772,,,-15.2839,QC'd by Microsource,candidate_step3_property,,C21H20O13,480.4,0.0,9,13,4,0
16383,17385174,3247094,CC1=C(C(=C(C=C1)CN2C3=C(C=C2C(=O)N4CCCC4)[C@H]5[C@@H](C3)CN([C@@]5(CC6=CC=C(C=C6)OC)C(=O)OC)C(=O)C7=CC=CC=C7)F)F,Inactive,0,,,Inactive,,,,,,,,,,4,,7.7784,,,,,13.9763,,,19.8145,,,5.2783,,,16.6908,,,15.0454,,,6.8677,,,7.7784,QC'd by UPCMLD,candidate_step3_property,,C39H39F2N3O5,667.7,6.1,0,7,9,0
16422,17385172,3247104,COC1=CC=C(C=C1)C[C@@]2([C@@H]3[C@@H](CC4=C3C=C(N4CCC5=CNC6=C5C=CC(=C6)F)C(=O)N7CCCC7)CN2C(=O)C8=CC=CC=C8)C(=O)OC,Inactive,0,,,Inactive,,,,,,,,,,4,,-3.9011,,,,,-21.2571,,,54.0969,,,-2.7169,,,9.1121,,,21.5626,,,5.776,,,-3.9011,QC'd by UPCMLD,candidate_step3_property,,C41H41FN4O5,688.8,6.1,1,6,10,0
16446,17385169,3247098,COC1=CC=C(C=C1)C[C@@]2([C@@H]3[C@@H](CC4=C3C=C(N4CC5=CC(=C(C=C5)O)OC)C(=O)N6CCCC6)CN2C(=O)C7=CC=CC=C7)C(=O)OC,Inactive,0,,,Activator,1.2589,38.5,,Partial curve; partial efficacy,-5.9,0.3,0.8908,42.5,4,2.2,0 0 0 0 0 0 0,33.8593,,,,,7.461,,,14.0593,,,20.7766,,,15.2149,,,25.2681,,,29.4882,,,33.8593,QC'd by UPCMLD,candidate_step3_property,,C39H41N3O7,663.8,5.2,1,7,10,0
16476,17385167,3247091,COC1=CC=C(C=C1)C[C@@]2([C@@H]3[C@@H](CC4=C3C=C(N4CCC5=CNC6=CC=CC=C65)C(=O)N7CCCC7)CN2C(=O)C8=CC=CC=C8)C(=O)OC,Inactive,0,,,Inactive,,,,,,,,,,4,,-4.2935,,,,,-1.4754,,,-7.814,,,-20.2516,,,1.1996,,,-6.5811,,,-12.3783,,,-4.2935,QC'd by UPCMLD,candidate_step3_property,,C41H42N4O5,670.8,6.0,1,5,10,0
16496,11113036,23684976,CN1C(=NN=N1)SCC2=C(N3[C@H]([C@](C3=O)(NC(=O)CSCC#N)OC)SC2)C(=O)[O-].[Na+],Inactive,0,,,Inactive,,,,,,,,,,4,,12.1463,,15.2713,20.8861,,10.3355,-2.1248,,-1.6494,3.3742,,-3.0939,6.648,,-7.3121,3.6036,,1.709,-5.487,,0.3267,12.1463,,,QC'd by Prestwick,candidate_step1_inorganic,Na,C15H16N7NaO5S3,493.5,,1,12,9,0
16509,26750042,16758187,C[C@@]12CCC(C(C1C(C[C@@]3(C2CC=C4[C@]3(CCC5(C4CC(CC5)(C)C)C(=O)O)C)C)O)(C)C)O,Inactive,0,,,Inactive,,,,,,,,,,4,,0.2989,,,,,17.5734,,,-9.172,,,13.2264,,,9.2904,,,17.8415,,,1.3135,,,0.2989,QC'd by Microsource,candidate_step3_property,,C30H48O4,472.7,6.1,3,4,1,0
16524,17385165,3247239,COC(=O)[C@]1([C@@H]2[C@@H](CC3=C2C=C(N3CCC4=CC=CC=N4)C(=O)N5CCCC5)CN1C(=O)C6=CC=CC=C6)CC7=CC=C(C=C7)F,Inactive,0,,,Inactive,,,,,,,,,,4,,-0.7868,,,,,6.391,,,-11.0699,,,2.1403,,,5.3573,,,-8.1371,,,-9.2891,,,-0.7868,QC'd by UPCMLD,residual_possible_step4_or_definition_mismatch,,C37H37FN4O4,620.7,4.9,0,6,9,0
16525,11113033,6420033,CNCCC1=CC=CC=N1.CS(=O)(=O)O,Inactive,0,,,Inactive,,,,,,,,,,4,,-13.7398,,-8.2699,-3.566,,-8.8101,-16.7755,,-17.1545,-8.1403,,3.0314,-27.309,,-11.1644,-9.5444,,-8.3116,-8.591,,-16.3538,-13.7398,,,QC'd by Prestwick,property_value_missing,,C9H16N2O3S,232.30,,2,5,3,0
16526,26750041,5358385,C1=C2C(=CC(=C1O)O)OC3=C(C2=O)C(=C(C(=C3)O)C4C(C(C(C(O4)CO)O)O)O)O,Inactive,0,,,Inactive,,,,,,,,,,4,,-9.1789,,,,,27.0164,,,7.8376,,,7.3036,,,11.264,,,1.1628,,,20.1734,,,-9.1789,QC'd by Microsource,candidate_step3_property,,C19H18O11,422.3,-0.4,8,11,2,0
16543,17385166,3247144,CN(C)C(=O)C1=CC2=C(N1CCC3=CC(=C(C=C3)O)OC)C[C@@H]4[C@H]2[C@](N(C4)C(=O)C5=CC=CC=C5)(CC6=CC=C(C=C6)OC)C(=O)OC,Inactive,0,,,Inactive,,,,,,,,,,4,,5.0093,,,,,13.466,,,13.9521,,,13.322,,,19.8157,,,11.5947,,,6.5289,,,5.0093,QC'd by UPCMLD,candidate_step3_property,,C38H41N3O7,651.7,5.0,1,7,11,0
16565,17385163,3247200,COC1=CC=C(C=C1)C[C@@]2([C@@H]3[C@@H](CC4=C3C=C(N4CC5=CC=C(C=C5)S(=O)(=O)C)C(=O)N6CCCC6)CN2C(=O)C7=CC=CC=C7)C(=O)OC,Inactive,0,,,Inactive,,,,,,,,,,4,,-3.1375,,,,,-7.2305,,,-3.6599,,,9.5164,,,8.79,,,-4.1142,,,-0.2766,,,-3.1375,QC'd by UPCMLD,residual_possible_step4_or_definition_mismatch,,C39H41N3O7S,695.8,4.800,0,7,10,0
16582,17385164,3247188,COC(=O)[C@]1([C@@H]2[C@@H](CC3=C2C=C(N3CC4=CC=CC=C4)C(=O)N5CCCC5)CN1C(=O)C6=CC=CC=C6)CC7=CC=CC=C7,Inactive,0,,,Inactive,,,,,,,,,,4,,-2.1693,,,,,-7.3582,,,42.0425,,,9.793,,,16.5,,,-5.9756,,,-2.0015,,,-2.1693,QC'd by UPCMLD,candidate_step3_property,,C37H37N3O4,587.7,5.6,0,4,8,0
16618,11113030,6604087,C1C(=C(N2[C@@H](S1)[C@@H](C2=O)NC(=O)[C@H](C3=CC=CC=C3)S(=O)(=O)[O-])C(=O)[O-])C[N+]4=CC=C(C=C4)C(=O)N.[Na+],Inactive,0,,,Inactive,,,,,,,,,,4,,-10.4755,,6.1137,0.8994,,-7.8076,-23.3341,,-5.0576,-7.5058,,-17.5617,-1.8672,,3.37,0.457,,-7.5805,-1.1577,,6.1872,-10.4755,,,QC'd by Prestwick,candidate_step1_inorganic,Na,C22H19N4NaO8S2,554.5,,2,9,6,0
16636,17385159,3247142,COC(=O)[C@]1([C@@H]2[C@@H](CC3=C2C=C(N3CC4=CN=C(C=C4)C(F)(F)F)C(=O)N5CCCC5)CN1C(=O)C6=CC=CC=C6)CC7=CC=CC=C7,Inactive,0,,,Inactive,,,,,,,,,,4,,2.2447,,,,,3.3833,,,-11.9891,,,7.8689,,,2.4035,,,-9.6142,,,-4.2975,,,2.2447,QC'd by UPCMLD,candidate_step3_property,,C37H35F3N4O4,656.7,5.4,0,8,8,0
16657,17385160,3247089,COC(=O)[C@]1([C@@H]2[C@@H](CC3=C2C=C(N3CC4=C(SC=C4)Br)C(=O)N5CCCC5)CN1C(=O)C6=CC=CC=C6)CC7=CC=CC=C7,Inactive,0,,,Inactive,,,,,,,,,,4,,9.5925,,,,,7.4565,,,6.2652,,,6.7255,,,-14.0211,,,3.3385,,,14.7611,,,9.5925,QC'd by UPCMLD,candidate_step3_property,,C35H34BrN3O4S,672.6,6.3,0,5,8,0
16691,4254434,3246738,C[C@H](CCC(=O)O)[C@H]1CC[C@H]2[C@@]1(CC[C@@H]3[C@@H]2CC[C@@H]4[C@]3(CC[C@H](C4)O)C)C,Inactive,0,,,Inactive,,,,,,,,,,4,,-8.6743,,11.3214,,,12.883,,,-4.2827,,,3.8198,,,3.7599,,,9.7663,,,-8.6743,,,,QC'd by NCI,candidate_step3_property,,C24H40O3,376.6,6.3,2,3,4,0
16704,17385191,3247103,COC1=CC=C(C=C1)C[C@@]2([C@@H]3[C@@H](CC4=C3C=C(N4CCCNC5=C(C=C(C=N5)C(F)(F)F)Cl)C(=O)N6CCCC6)CN2C(=O)C7=CC=CC=C7)C(=O)OC,Inactive,0,,,Inactive,,,,,,,,,,4,,24.4361,,,,,14.2004,,,1.6079,,,13.38,,,11.8774,,,4.0785,,,22.5171,,,24.4361,QC'd by UPCMLD,candidate_step3_property,,C40H41ClF3N5O5,764.2,6.7,1,10,12,0
16706,11112993,6604520,C[C@H]1[C@H]([C@H]([C@@H]([C@H](O1)O[C@H]2[C@@H]([C@@H]([C@@H](O[C@@H]2OC3=CC(=C4C(=O)C[C@H](OC4=C3)C5=CC=C(C=C5)O)O)CO)O)O)O)O)O.O,Inactive,0,,,Inactive,,,,,,,,,,4,,9.3823,,10.7655,8.8049,,-4.0403,2.5061,,-5.8682,-0.8495,,-1.7068,0.9797,,9.305,2.5189,,8.2641,2.7634,,2.5704,9.3823,,,QC'd by Prestwick,property_value_missing,,C27H34O15,598.5,,9,15,6,0
16709,11112992,6604518,C[C@H]1[C@H]([C@H]([C@@H]([C@H](O1)O[C@H]2C[C@H]([C@]3([C@@H]4[C@H](CC[C@@]3(C2)O)[C@]5(CC[C@@H]([C@]5(C[C@@H]4O)C)C6=CC(=O)OC6)O)CO)O)O)O)O.O.O.O.O.O.O.O.O,Inactive,0,,,Inactive,,,,,,,,,,4,,-2.9353,,7.488,4.3065,,4.4442,0.711,,-10.627,4.5713,,11.0373,-6.7023,,13.7882,-4.5268,,-1.9948,7.3399,,9.8883,-2.9353,,,QC'd by Prestwick,property_value_missing,,C29H60O20,728.8,,16,20,4,0
16722,17385190,3247086,CC1=C(C(=C(C=C1)CN2C3=C(C=C2C(=O)N(C)C)[C@H]4[C@@H](C3)CN([C@@]4(CC5=CC=C(C=C5)OC)C(=O)OC)C(=O)C6=CC=CC=C6)F)F,Inactive,0,,,Inactive,,,,,,,,,,4,,11.9543,,,,,15.1986,,,1.7744,,,-9.2558,,,1.9494,,,7.3965,,,14.9267,,,11.9543,QC'd by UPCMLD,candidate_step3_property,,C37H37F2N3O5,641.7,5.6,0,7,9,0
16753,26749995,71777,C1=CC(=C(C(=C1)F)C(=O)NC(=O)NC2=CC(=C(C=C2Cl)OC(C(C(F)(F)F)F)(F)F)Cl)F,Inactive,0,,,Inactive,,,,,,,,,,4,,-4.033,,,,,0.6046,,,10.4,,,15.8722,,,13.4741,,,11.3502,,,-12.4198,,,-4.033,QC'd by Microsource,candidate_step3_property,,C17H8Cl2F8N2O3,511.1,6.400,2,11,5,0
16761,850763,653302,CCOC1=CC2=C(C=C1)NC(=O)C(=C2)CN(CC3=CC=CO3)C(=O)C4=CC=C(C=C4)Br,Inactive,0,,,Inactive,,,,,,,,,,4,,15.3392,,,,,16.2823,,,32.7657,,,28.2451,,,23.0932,,,22.6885,,,22.4562,,,15.3392,QC'd by DPISMR,residual_possible_step4_or_definition_mismatch,,C24H21BrN2O4,481.3,3.9,1,4,7,0
16776,26749996,16758165,CC(C)CC(=O)OC1C(C(C(OC1OC2CC([C@H]3CC[C@@]45CC(CCC4[C@]3(C2)C)C(=C)C5O)C(=O)O)CO)OS(=O)(=O)[O-])OS(=O)(=O)[O-].[K+].[K+],Inactive,0,,,Inactive,,,,,,,,,,4,,2.3769,,,,,1.3139,,,12.8241,,,10.1275,,,10.2805,,,5.5514,,,-19.9795,,,2.3769,QC'd by Microsource,candidate_step1_inorganic,K,C30H44K2O16S2,803.0,,3,16,10,0
16785,11112988,23894,CC(O)(P(=O)(O)[O-])P(=O)(O)[O-].[Na+].[Na+],Inactive,0,,,Inactive,,,,,,,,,,4,,-13.4524,,0.1423,-0.4197,,-7.6361,-9.4537,,-5.7222,-7.8158,,1.4897,5.2469,,6.8471,3.743,,11.5968,0.6191,,-7.674,-13.4524,,,QC'd by Prestwick,candidate_step1_inorganic,Na,C2H6Na2O7P2,249.99,,3,7,2,0
16790,4242529,3237373,C1CCC(CC1)NC2=NC(=NC(=N2)OC(C(F)(F)F)C(F)(F)F)N3CCOCC3,Inactive,0,,,Inactive,,,,,,,,,,4,,12.4622,,,,,15.4012,,,7.8365,,,9.7781,,,13.2173,,,4.7565,,,18.9361,,,12.4622,QC'd by DPISMR,candidate_step3_property,,C16H21F6N5O2,429.36,4.8,1,13,5,0
16794,864260,665507,CC1=CC2=C(C(=C1Cl)C)C(=CC(=O)O2)CN3CCN(CC3)C4=CC=C(C=C4)OC,Inactive,0,,,Inactive,,,,,,,,,,4,,-7.1049,,,,,-9.0433,,,-4.1811,,,-9.0931,,,-7.8439,,,-10.3439,,,5.9688,,,-7.1049,QC'd by DPISMR,residual_possible_step4_or_definition_mismatch,,C23H25ClN2O3,412.9,4.200,0,5,4,0
16806,17385180,3247101,COC1=CC=C(C=C1)C[C@@]2([C@@H]3[C@@H](CC4=C3C=C(N4CCC5=CNC6=C5C=C(C=C6)O)C(=O)N7CCCC7)CN2C(=O)C8=CC=CC=C8)C(=O)OC,Inactive,0,,,Inactive,,,,,,,,,,4,,9.3967,,,,,26.2303,,,70.4506,,,12.7509,,,8.8711,,,18.318,,,14.4983,,,9.3967,QC'd by UPCMLD,candidate_step3_property,,C41H42N4O6,686.8,5.6,2,6,10,0
16815,26749990,3952079,CC(=O)OCC(CC(CCCCCCCCCCCC#C)O)O,Inactive,0,,,Inactive,,,,,,,,,,4,,9.3238,,,,,2.0026,,,-7.0726,,,6.2829,,,12.5639,,,6.6484,,,22.297,,,9.3238,QC'd by Microsource,candidate_step3_property,,C19H34O4,326.5,4.9,2,4,16,0
16845,11112984,6604510,CN1CCC2=CC(=C3C=C2[C@H]1CC4=CC(=CC=C4)OC5=C6[C@@H](CC7=CC(=C(C=C7)O)O3)[N+](CCC6=CC(=C5O)OC)(C)C)OC.O.O.O.O.O.Cl.[Cl-],Inactive,0,,,Inactive,,,,,,,,,,4,,19.2145,,-5.4331,-1.4665,,8.2505,8.2323,,10.4428,0.127,,1.2597,5.407,,-8.7204,-1.146,,-8.7851,13.5488,,2.0845,19.2145,,,QC'd by Prestwick,property_value_missing,,C37H52Cl2N2O11,771.7,,8,13,2,0
16850,26749992,9855548,CNCC1=CC=CC=C1.Cl,Inactive,0,,,Inactive,,,,,,,,,,4,,22.361,,,,,23.5805,,,10.8123,,,21.1433,,,28.5044,,,12.7121,,,26.5732,,,22.361,QC'd by Microsource,property_value_missing,,C8H12ClN,157.64,,2,1,2,0
16863,17385181,3247095,COC1=CC=C(C=C1)C[C@@]2([C@@H]3[C@@H](CC4=C3C=C(N4CC5=CC(=C(C=C5)Cl)C(F)(F)F)C(=O)N6CCCC6)CN2C(=O)C7=CC=CC=C7)C(=O)OC,Inactive,0,,,Inactive,,,,,,,,,,4,,14.0142,,,,,6.8093,,,15.4227,,,13.4953,,,19.296,,,-0.2735,,,4.1726,,,14.0142,QC'd by UPCMLD,candidate_step3_property,,C39H37ClF3N3O5,720.2,7.1,0,8,9,0
16879,26749993,54675757,CC1=CC(=CC(=O)O1)O,Inactive,0,,,Inactive,,,,,,,,,,4,,12.775,,,,,-3.5862,,,-10.4082,,,5.3707,,,5.3583,,,-0.3749,,,8.7294,,,12.775,QC'd by Microsource,candidate_step3_property,,C6H6O3,126.11,0.5,1,3,0,0
16948,26749989,273730,COC1=C(C=C2CC3=CC(=C(C=C3CC4=CC(=C(C=C4CC2=C1)OC)OC)OC)OC)OC,Inactive,0,,,Inactive,,,,,,,,,,4,,5.5997,,,,,11.6694,,,-20.3338,,,19.0372,,,18.7025,,,-7.3337,,,17.7025,,,5.5997,QC'd by Microsource,candidate_step3_property,,C27H30O6,450.5,5.6,0,6,6,0
16965,26750015,16758176,CC1C(C(C([C@@H](O1)OC2=C(OC3=CC(=CC(=C3C2=O)O)O)C4=CC(=C(C=C4)O)O)O)O)O,Inactive,0,,,Inactive,,,,,,,,,,4,,-4.8319,,,,,18.8423,,,9.0244,,,12.8462,,,16.1811,,,0.9669,,,2.5258,,,-4.8319,QC'd by Microsource,candidate_step3_property,,C21H20O11,448.4,0.9,7,11,3,0
16966,858579,659886,CCC1=CC=CC=C1NC(=O)CSC2=NC3=C(CCCC3)C(=C2C#N)C4=CC=CO4,Inactive,0,,,Inactive,,,,,,,,,,4,,-6.6724,,,,,5.9569,,,-1.3685,,,-2.6416,,,-4.1045,,,0.8525,,,-11.03,,,-6.6724,QC'd by DPISMR,candidate_step3_property,,C24H23N3O2S,417.5,5.1,1,5,6,0
16967,17385204,3247147,CN(C)C(=O)C1=CC2=C(N1CC3=CC(=C(C=C3)OC)OC)C[C@@H]4[C@H]2[C@](N(C4)C(=O)C5=CC=CC=C5)(CC6=CC=C(C=C6)OC)C(=O)OC,Inactive,0,,,Inactive,,,,,,,,,,4,,-15.579,,,,,-6.4822,,,15.9429,,,-8.5505,,,-6.8944,,,-1.8926,,,-3.5905,,,-15.579,QC'd by UPCMLD,candidate_step3_property,,C38H41N3O7,651.7,5.0,0,7,11,0
16986,26750014,5466987,CC1C(C(=O)N1S(=O)(=O)O)NC(=O)/C(=N/OC(C)(C)C(=O)O)/C2=CSC(=N2)N,Inactive,0,,,Inactive,,,,,,,,,,4,,1.313,,,,,18.5334,,,-10.5559,,,-2.8322,,,38.5436,,,-11.8642,,,-3.254,,,1.313,QC'd by Microsource,candidate_step3_property,,C13H17N5O8S2,435.4,0.3,4,12,7,0
17002,17385206,3247172,CN(C)C(=O)C1=CC2=C(N1CC3=CC(=C(C(=C3)F)F)F)C[C@@H]4[C@H]2[C@](N(C4)C(=O)C5=CC=CC=C5)(CC6=CC=C(C=C6)F)C(=O)OC,Inactive,0,,,Inactive,,,,,,,,,,4,,-0.0696,,,,,-0.941,,,7.1772,,,10.7257,,,-21.786,,,-1.3703,,,-5.2543,,,-0.0696,QC'd by UPCMLD,candidate_step3_property,,C35H31F4N3O4,633.6,5.500,0,8,8,0
17019,17385207,3247088,CN(C)C(=O)C1=CC2=C(N1CC3=CC(=C(C(=C3)F)F)F)C[C@@H]4[C@H]2[C@](N(C4)C(=O)C5=CC=CC=C5)(CC6=CC=C(C=C6)OC)C(=O)OC,Inactive,0,,,Inactive,,,,,,,,,,4,,5.8701,,,,,-3.7676,,,0.3065,,,16.7176,,,-10.3828,,,4.0271,,,-0.9331,,,5.8701,QC'd by UPCMLD,candidate_step3_property,,C36H34F3N3O5,645.7,5.4,0,8,9,0
17041,17385200,3247087,CN(C)C(=O)C1=CC2=C(N1CC3=CC(=C(C(=C3)F)F)F)C[C@@H]4[C@H]2[C@](N(C4)C(=O)C5=CC=CC=C5)(CC6=CC=CC=C6)C(=O)OC,Inactive,0,,,Inactive,,,,,,,,,,4,,5.5205,,,,,3.2783,,,13.7479,,,-0.4413,,,-12.0987,,,-0.748,,,-15.9577,,,5.5205,QC'd by UPCMLD,candidate_step3_property,,C35H32F3N3O4,615.6,5.4,0,7,8,0
17057,11113003,6604530,C1=NC(=C2C(=N1)N(C=N2)[C@H]3[C@H]([C@@H]([C@H](O3)COP(=O)(O)O)O)O)N.O,Inactive,0,,,Inactive,,,,,,,,,,4,,-25.5975,,-2.0807,-13.1186,,-1.5066,-0.5123,,6.0991,16.043,,12.1158,0.371,,-11.3599,-7.2981,,-10.8137,-1.7633,,-10.4587,-25.5975,,,QC'd by Prestwick,property_value_missing,,C10H16N5O8P,365.24,,6,12,4,0
17064,26750010,16758171,CC1=CC2=C(C=C1C)N(C=N2)C3C([C@@H]([C@H](O3)CO)OP(=O)([O-])OC(C)CNC(=O)CCC4(C(C5C6(C(C(/C(=C(/C7=N/C(=C\C8=N/C(=C(\C4=N5)/C)/C(C8(C)C)CCC(=O)N)/C(C7(C)CC(=O)N)CCC(=O)N)\C)/[N-]6)CCC(=O)N)(C)CC(=O)N)C)CC(=O)N)C)O.[CH2-]C1C(C(C(O1)N2C=NC3=C(N=CN=C32)N)O)O.[Co],Inactive,0,,,Inactive,,,,,,,,,,4,,-22.2545,,,,,-38.6502,,,-5.853,,,-3.5866,,,18.4146,,,-7.9621,,,5.52,,,-22.2545,QC'd by Microsource,candidate_step1_inorganic,Co,C72H100CoN18O17P-3,1579.6,,12,27,17,-3
17070,4249481,3243428,CC(C)OCCCNC(=O)CC(C(C1=CC(=C(C=C1)OC)OC)O)C(=O)NCCCOC(C)C,Inactive,0,,,Inactive,,,,,,,,,,4,,3.3277,,,,,-9.7511,,,22.7806,,,2.0147,,,-0.8523,,,16.4128,,,36.546,,,3.3277,QC'd by DPISMR,candidate_step3_property,,C25H42N2O7,482.6,1.6,3,7,17,0
17081,17385202,3247124,COC1=CC2=C(C=C1)NC=C2CCN3C4=C(C=C3C(=O)N5CCCC5)[C@H]6[C@@H](C4)CN([C@@]6(CC7=CC=C(C=C7)F)C(=O)OC)C(=O)C8=CC=CC=C8,Inactive,0,,,Inactive,,,,,,,,,,4,,-4.3149,,,,,5.8424,,,7.5492,,,-9.7196,,,-6.2971,,,11.051,,,8.4011,,,-4.3149,QC'd by UPCMLD,candidate_step3_property,,C41H41FN4O5,688.8,6.1,1,6,10,0
17084,26750013,16758175,C1[C@H](ON=C1Cl)[C@H](C(=O)O)N,Inactive,0,,,Inactive,,,,,,,,,,4,,0.3518,,,,,17.285,,,7.5711,,,7.4629,,,20.1098,,,-8.207,,,0.3054,,,0.3518,QC'd by Microsource,residual_possible_step4_or_definition_mismatch,,C5H7ClN2O3,178.57,-2.7,2,5,2,0
17097,11113005,23684997,CC[C@@]1(CC[C@H](O1)[C@@]2(CC[C@]3(O2)C[C@H]([C@H]([C@H](O3)[C@H](C)[C@@H]([C@H](C)C(=O)[O-])OC)C)O)C)[C@@H]4[C@@H](C[C@@H](O4)[C@H]5[C@@H](C[C@@H]([C@](O5)(CO)O)C)C)C.[Na+],Inactive,0,,,Inactive,,,,,,,,,,4,,11.5196,,16.4297,-4.5858,,1.8006,2.2142,,4.8602,5.7195,,15.0642,8.8477,,10.1328,11.3241,,-0.9211,11.7367,,0.2114,11.5196,,,QC'd by Prestwick,candidate_step1_inorganic,Na,C36H61NaO11,692.9,,3,11,10,0
17110,26750007,6213,CS(=O)(=O)C,Inactive,0,,,Inactive,,,,,,,,,,4,,3.8755,,,,,8.5201,,,-3.2178,,,3.5636,,,23.9141,,,-2.9474,,,7.6435,,,3.8755,QC'd by Microsource,candidate_step3_property,,C2H6O2S,94.14,-0.4,0,2,0,0
17128,26750006,16667712,C1=CC(=CC=C1C2=C3C=CC(=C(C4=NC(=C(C5=CC=C([N-]5)C(=C6C=CC2=N6)C7=CC=C(C=C7)C(=O)O)C8=CC=C(C=C8)C(=O)O)C=C4)C9=CC=C(C=C9)C(=O)O)[N-]3)C(=O)O.[Cl-].[Mn+3],Inactive,0,,,Inactive,,,,,,,,,,4,,-8.153,,,,,20.3977,,,2.8723,,,7.183,,,28.8591,,,2.3036,,,1.8386,,,-8.153,QC'd by Microsource,candidate_step1_inorganic,Mn,C48H28ClMnN4O8,879.1,,4,13,8,0
17140,11112999,27503,C1=CC2=C(C(=C1)OCC(COC3=CC=CC4=C3C(=O)C=C(O4)C(=O)[O-])O)C(=O)C=C(O2)C(=O)[O-].[Na+].[Na+],Inactive,0,,,Inactive,,,,,,,,,,4,,-5.9782,,-10.525,-14.1345,,-3.6563,-10.8711,,-16.7398,-13.5962,,-17.9577,-3.4667,,-31.1602,-1.0662,,-6.4549,-3.6092,,-0.4663,-5.9782,,,QC'd by Prestwick,candidate_step1_inorganic,Na,C23H14Na2O11,512.3,,1,11,6,0
17150,26750009,3851247,CC(C)CC1C(=O)NC(C(=O)N2CCCC2C(=O)NC(C(=O)NC(C(=O)NC(C(=O)NC(C(=O)N3CCCC3C(=O)NC(C(=O)NC(C(=O)N1)CCCN)C(C)C)CC4=CC=CC=C4)CC(C)C)CCCN)C(C)C)CC5=CC=CC=C5,Inactive,0,,,Inactive,,,,,,,,,,4,,-26.3552,,,,,9.3685,,,-10.3564,,,-7.8826,,,15.9312,,,-1.944,,,-9.8897,,,-26.3552,QC'd by Microsource,candidate_step3_property,,C60H92N12O10,1141.4,4.6,10,12,16,0
17155,17385198,3247171,CN(C)C(=O)C1=CC2=C(N1CC3=CC=CC=C3)C[C@@H]4[C@H]2[C@](N(C4)C(=O)C5=CC=CC=C5)(CC6=CC=C(C=C6)F)C(=O)OC,Inactive,0,,,Inactive,,,,,,,,,,4,,17.1605,,,,,15.5898,,,28.9204,,,-6.3665,,,16.2902,,,22.9716,,,20.849,,,17.1605,QC'd by UPCMLD,candidate_step3_property,,C35H34FN3O4,579.7,5.2,0,5,8,0
17167,26750008,16758169,C1=CC(=C[N+](=C1)[C@H]2C(C(C(O2)COP(=O)([O-])OP(=O)(O)OCC3C(C(C(O3)N4C=NC5=C(N=CN=C54)N)O)O)O)O)C(=O)N,Inactive,0,,,Inactive,,,,,,,,,,4,,7.1388,,,,,-4.5063,,,7.5669,,,18.8467,,,16.8328,,,2.8921,,,5.8041,,,7.1388,QC'd by Microsource,candidate_step3_property,,C21H27N7O14P2,663.4,-6.000,7,18,11,0
17173,11113001,23684996,CCCC(=O)NC1=C2C(=NC=N1)N(C=N2)[C@H]3[C@H]([C@@H]4[C@@H](O3)COP(=O)(O4)[O-])OC(=O)CCC.O.[Na+],Inactive,0,,,Inactive,,,,,,,,,,4,,2.7253,,-8.1964,-3.6919,,-11.2202,5.7018,,-3.6116,-7.1885,,0.6499,-3.4338,,-0.6782,-6.5139,,-2.2977,2.9474,,-6.412,2.7253,,,QC'd by Prestwick,candidate_step1_inorganic,Na,C18H25N5NaO9P,509.4,,2,12,8,0
17174,17385199,3247079,COC1=CC=C(C=C1)C[C@@]2([C@@H]3[C@@H](CC4=C3C=C(N4CC5=CC=C(C=C5)OC(F)(F)F)C(=O)N6CCCC6)CN2C(=O)C7=CC=CC=C7)C(=O)OC,Inactive,0,,,Inactive,,,,,,,,,,4,,3.0657,,,,,15.8164,,,15.2043,,,15.58,,,28.1347,,,15.1689,,,12.5535,,,3.0657,QC'd by UPCMLD,candidate_step3_property,,C39H38F3N3O6,701.7,6.7,0,9,10,0
17209,17385193,3247123,COC(=O)[C@]1([C@@H]2[C@@H](CC3=C2C=C(N3CCC4=CNC5=C4C=CC(=C5)F)C(=O)N6CCCC6)CN1C(=O)C7=CC=CC=C7)CC8=CC=C(C=C8)F,Inactive,0,,,Inactive,,,,,,,,,,4,,-3.0131,,,,,2.6133,,,-11.1817,,,7.6051,,,3.5876,,,-7.8622,,,11.928,,,-3.0131,QC'd by UPCMLD,candidate_step3_property,,C40H38F2N4O4,676.7,6.2,1,6,9,0
17223,26750005,16758168,C1[C@H]([C@@H](C([C@@H]([C@H]1N)O[C@@H]2C(C(C(C(O2)CO)O)N)O)O)O[C@@H]3[C@H](CC(C(O3)CN)O)N)N,Inactive,0,,,Inactive,,,,,,,,,,4,,5.0265,,,,,1.4438,,,-13.6414,,,-0.2868,,,3.4441,,,4.1234,,,8.1879,,,5.0265,QC'd by Microsource,candidate_step3_property,,C18H37N5O9,467.5,-6.2,10,14,6,0
17238,26750004,5649,CC1C(=O)NC(C(=O)OC(C(=O)NC(C(=O)OC(C(=O)NC(C(=O)OC(C(=O)NC(C(=O)OC(C(=O)NC(C(=O)OC(C(=O)NC(C(=O)O1)C(C)C)C(C)C)C(C)C)C)C(C)C)C(C)C)C(C)C)C)C(C)C)C(C)C)C(C)C,Inactive,0,,,Inactive,,,,,,,,,,4,,18.9099,,,,,6.7246,,,-9.9283,,,12.6613,,,11.0993,,,14.2008,,,10.6929,,,18.9099,QC'd by Microsource,candidate_step3_property,,C54H90N6O18,1111.3,9.1,6,18,9,0
17246,17385195,3247146,CN(C)C(=O)C1=CC2=C(N1CC3=CC=CC=C3)C[C@@H]4[C@H]2[C@](N(C4)C(=O)C5=CC=CC=C5)(CC6=CC=C(C=C6)OC)C(=O)OC,Inactive,0,,,Inactive,,,,,,,,,,4,,11.0902,,,,,4.039,,,20.3523,,,1.3157,,,11.4259,,,14.4341,,,9.8428,,,11.0902,QC'd by UPCMLD,candidate_step3_property,,C36H37N3O5,591.7,5.1,0,5,9,0
17302,17385218,3247126,CN(C)C(=O)C1=CC2=C(N1CCCNC3=C(C=C(C=C3)C(F)(F)F)Cl)C[C@@H]4[C@H]2[C@](N(C4)C(=O)C5=CC=CC=C5)(CC6=CC=C(C=C6)F)C(=O)OC,Inactive,0,,,Inactive,,,,,,,,,,4,,-6.5647,,,,,13.5205,,,14.8011,,,-10.6702,,,-6.975,,,-18.9869,,,-2.9466,,,-6.5647,QC'd by UPCMLD,candidate_step3_property,,C38H37ClF4N4O4,725.2,7.1,1,9,11,0
17305,17385216,3247110,CN(C)C(=O)C1=CC2=C(N1CC3=CC(=C(C=C3)Cl)C(F)(F)F)C[C@@H]4[C@H]2[C@](N(C4)C(=O)C5=CC=CC=C5)(CC6=CC=C(C=C6)OC)C(=O)OC,Inactive,0,,,Inactive,,,,,,,,,,4,,-2.7149,,,,,-1.975,,,-2.7119,,,2.141,,,-1.1269,,,-16.737,,,14.9105,,,-2.7149,QC'd by UPCMLD,candidate_step3_property,,C37H35ClF3N3O5,694.1,6.6,0,8,9,0
17319,17385217,3247118,COC(=O)[C@]1([C@@H]2[C@@H](CC3=C2C=C(N3CC4=CC(=C(C=C4)Cl)C(F)(F)F)C(=O)N5CCCC5)CN1C(=O)C6=CC=CC=C6)CC7=CC=C(C=C7)F,Inactive,0,,,Inactive,,,,,,,,,,4,,17.4726,,,,,7.2639,,,11.8739,,,-6.7154,,,2.2649,,,-14.6215,,,4.6555,,,17.4726,QC'd by UPCMLD,candidate_step3_property,,C38H34ClF4N3O4,708.1,7.2,0,8,8,0
17333,17385224,3247092,COC1=CC=C(C=C1)C[C@@]2([C@@H]3[C@@H](CC4=C3C=C(N4CCC5=CNC6=C5C=C(C=C6)OC)C(=O)N7CCCC7)CN2C(=O)C8=CC=CC=C8)C(=O)OC,Inactive,0,,,Inactive,,,,,,,,,,4,,11.5567,,,,,13.3427,,,2.9935,,,4.5148,,,7.1168,,,11.7099,,,4.4512,,,11.5567,QC'd by UPCMLD,candidate_step3_property,,C42H44N4O6,700.8,5.9,1,6,11,0
17337,26754443,5344692,C1=CC=C(C=C1)COC2=CC=C(C=C2)/C=C/C(=O)C3=CC=CS3,Inactive,0,,,Inactive,,,,,,,,,,4,,16.9352,,-12.2275,-11.2842,,7.1961,-6.1381,,-12.7612,-7.5631,,0.1916,-3.8789,,-16.7907,-6.376,,-2.9235,11.0729,,2.2119,-11.3992,,16.9352,QC'd by Chembridge,candidate_step3_property,,C20H16O2S,320.4,5.2,0,3,6,0
17353,17385223,3247082,COC(=O)[C@]1([C@@H]2[C@@H](CC3=C2C=C(N3CC4=CC=CC5=CC=CC=C54)C(=O)N6CCCC6)CN1C(=O)C7=CC=CC=C7)CC8=CC=CC=C8,Inactive,0,,,Inactive,,,,,,,,,,4,,-3.5357,,,,,7.5534,,,-7.0879,,,10.3123,,,10.1315,,,17.2398,,,4.5621,,,-3.5357,QC'd by UPCMLD,candidate_step3_property,,C41H39N3O4,637.8,6.8,0,4,8,0
17365,17385222,3247174,CN(C)C(=O)C1=CC2=C(N1CC3=C(SC=C3)Br)C[C@@H]4[C@H]2[C@](N(C4)C(=O)C5=CC=CC=C5)(CC6=CC=C(C=C6)F)C(=O)OC,Inactive,0,,,Inactive,,,,,,,,,,4,,10.3601,,,,,9.0891,,,17.0804,,,8.8221,,,1.34,,,7.7116,,,2.4107,,,10.3601,QC'd by UPCMLD,candidate_step3_property,,C33H31BrFN3O4S,664.6,5.9,0,6,8,0
17387,26749966,16758156,CC1CC[C@]2(CC[C@@]3(C(=CCC4[C@@]3(CCC5[C@@]4(CCC(C5(C)C)O)C)C)C2C1C)C)C(=O)O,Inactive,0,,,Inactive,,,,,,,,,,4,,20.5715,,,,,7.3386,,,-7.8771,,,15.8824,,,-12.9874,,,-1.3813,,,-19.6672,,,20.5715,QC'd by Microsource,candidate_step3_property,,C30H48O3,456.7,7.3,2,3,1,0
17408,26754430,11333,C([C@@H]1[C@@H]([C@@H]([C@H]([C@@H](O1)O[C@@H]2[C@H](O[C@@]([C@H]2O)(CO)O)CO)O)O)O)O,Inactive,0,,,Inactive,,,,,,,,,,4,,4.2534,,8.633,8.9149,,31.0261,-0.0453,,-4.9488,5.1176,,-1.8889,11.8789,,7.2658,8.0224,,13.1116,1.9807,,-2.2445,1.0313,,4.2534,QC'd by Timtec,candidate_step3_property,,C12H22O11,342.30,-4.300,8,11,5,0
17426,17385210,3247148,CN(C)C(=O)C1=CC2=C(N1CCC3=CNC4=C3C=C(C=C4)O)C[C@@H]5[C@H]2[C@](N(C5)C(=O)C6=CC=CC=C6)(CC7=CC=C(C=C7)OC)C(=O)OC,Inactive,0,,,Inactive,,,,,,,,,,4,,0.0771,,,,,-13.6097,,,-10.6432,,,8.0751,,,3.6275,,,-3.404,,,-11.2436,,,0.0771,QC'd by UPCMLD,candidate_step3_property,,C39H40N4O6,660.8,5.1,2,6,10,0
17428,26754431,14985,CC1=C(C2=C(CC[C@@](O2)(C)CCC[C@H](C)CCC[C@H](C)CCCC(C)C)C(=C1O)C)C,Inactive,0,,,Inactive,,,,,,,,,,4,,11.4912,,1.9798,3.6804,,24.9275,-33.3376,,-18.1287,-25.0816,,-14.1945,-6.2637,,-19.8231,-5.1297,,-4.5355,8.1723,,4.452,-5.7493,,11.4912,QC'd by Timtec,candidate_step3_property,,C29H50O2,430.7,10.7,1,2,12,0
17433,26749953,535,C1CC1(C(=O)O)N,Inactive,0,,,Inactive,,,,,,,,,,4,,-16.7581,,,,,16.0065,,,-10.5805,,,21.2245,,,-17.5762,,,10.1354,,,4.8231,,,-16.7581,QC'd by Microsource,candidate_step3_property,,C4H7NO2,101.10,-2.800,2,3,1,0
17443,26754428,5702041,C[C@@H]1[C@H]([C@H](C[C@@H](O1)O[C@@H]2[C@H](O[C@H](C[C@@H]2O)O[C@@H]3[C@H](O[C@H](C[C@@H]3O)O[C@H]4CC[C@]5([C@@H](C4)CCC6C5CC[C@]7([C@@]6(CC[C@@H]7C8=CC(=O)OC8)O)C)C)C)C)O)O,Inactive,0,,,Inactive,,,,,,,,,,4,,11.9658,,17.188,-2.807,,31.9865,8.4138,,10.3096,0.9241,,3.807,-20.2425,,-4.1643,-4.797,,-0.8965,-1.6351,,-0.7425,10.6849,,11.9658,QC'd by Timtec,candidate_step3_property,,C41H64O13,764.9,2.300,5,13,7,0
17445,17385209,3247125,COC(=O)[C@]1([C@@H]2[C@@H](CC3=C2C=C(N3CCC4=CNC5=CC=CC=C54)C(=O)N6CCCC6)CN1C(=O)C7=CC=CC=C7)CC8=CC=C(C=C8)F,Inactive,0,,,Inactive,,,,,,,,,,4,,13.091,,,,,-8.1498,,,9.7844,,,-4.96,,,12.7301,,,1.8751,,,14.1849,,,13.091,QC'd by UPCMLD,candidate_step3_property,,C40H39FN4O4,658.8,6.1,1,5,9,0
17450,26749954,16758147,C[C@@]12CCC([C@@H]1CC[C@@]3(C2CCC4[C@@]3(CC(C5[C@@]4(CCCC5(C)C)C)O)C)C)C(C)(C)O,Inactive,0,,,Inactive,,,,,,,,,,4,,4.6982,,,,,8.817,,,17.7691,,,5.1484,,,-3.5043,,,19.9269,,,25.8031,,,4.6982,QC'd by Microsource,candidate_step3_property,,C30H52O2,444.7,8.5,2,2,1,0
17462,17385208,3247117,COC(=O)[C@]1([C@@H]2[C@@H](CC3=C2C=C(N3CCCNC4=C(C=C(C=N4)C(F)(F)F)Cl)C(=O)N5CCCC5)CN1C(=O)C6=CC=CC=C6)CC7=CC=C(C=C7)F,Inactive,0,,,Inactive,,,,,,,,,,4,,-7.5554,,,,,-8.3497,,,-16.5886,,,-9.6461,,,2.3283,,,-6.1318,,,6.577,,,-7.5554,QC'd by UPCMLD,candidate_step3_property,,C39H38ClF4N5O4,752.2,6.8,1,10,11,0
17483,17385215,3247090,COC1=CC=C(C=C1)C[C@@]2([C@@H]3[C@@H](CC4=C3C=C(N4CC5=CC(=C(C(=C5)F)F)F)C(=O)N6CCCC6)CN2C(=O)C7=CC=CC=C7)C(=O)OC,Inactive,0,,,Inactive,,,,,,,,,,4,,6.3313,,,,,-4.9423,,,-23.9601,,,8.683,,,-5.6154,,,-11.5798,,,-6.42,,,6.3313,QC'd by UPCMLD,candidate_step3_property,,C38H36F3N3O5,671.7,5.9,0,8,9,0
17486,4265906,1249303,C1=CC=C(C=C1)CC2=NN=C(N2C3=CC=C(C=C3)F)SCC4=NC(=NO4)C5=CC=CS5,Inactive,0,,,Inactive,,,,,,,,,,4,,-18.014,,,,,-1.5398,,,-13.3461,,,-7.3826,,,3.6733,,,-3.3827,,,-18.1467,,,-18.014,QC'd by DPISMR,candidate_step3_property,,C22H16FN5OS2,449.5,5.1,0,8,7,0
17502,17385214,5771777,COC(=O)C1(C2C(CC3=C2C=C(N3CC4=CC=C(C=C4)OC(F)(F)F)C(=O)N5CCCC5)CN1C(=O)C6=CC=CC=C6)CC7=CC=CC=C7,Inactive,0,,,Inactive,,,,,,,,,,4,,4.5917,,,,,0.2335,,,24.8033,,,4.4017,,,20.7048,,,15.5897,,,4.0047,,,4.5917,QC'd by UPCMLD,candidate_step3_property,,C38H36F3N3O5,671.7,6.8,0,8,9,0
17520,17385213,3247173,CN(C)C(=O)C1=CC2=C(N1CCC3=CNC4=C3C=C(C=C4)OC)C[C@@H]5[C@H]2[C@](N(C5)C(=O)C6=CC=CC=C6)(CC7=CC=C(C=C7)F)C(=O)OC,Inactive,0,,,Inactive,,,,,,,,,,4,,8.1148,,,,,-26.8729,,,54.8286,,,-45.7373,,,-5.6897,,,1.1746,,,7.4187,,,8.1148,QC'd by UPCMLD,candidate_step3_property,,C39H39FN4O5,662.7,5.6,1,6,10,0
17532,26749958,16758151,CC(=O)NC1C(C[C@](OC1[C@H](C(CO)O)O)(C(=O)O)O)O,Inactive,0,,,Inactive,,,,,,,,,,4,,3.1112,,,,,13.028,,,20.0407,,,25.455,,,15.3442,,,9.4784,,,9.6104,,,3.1112,QC'd by Microsource,candidate_step3_property,,C11H19NO9,309.27,-3.5,7,9,5,0
17547,26754423,6602095,C[C@H]1[C@@H]([C@H]([C@H]([C@@H](O1)OC[C@@H]2[C@H]([C@@H]([C@H]([C@@H](O2)OC3=C(OC4=CC(=CC(=C4C3=O)O)O)C5=C(C(=CC=C5)O)O)O)O)O)O)O)O,Inactive,0,,,Inactive,,,,,,,,,,4,,-17.4601,,-20.377,12.5242,,13.5092,-0.1326,,-5.3673,6.3994,,11.6216,9.6142,,15.5305,-7.551,,10.941,2.2207,,5.0771,-2.4354,,-17.4601,QC'd by Timtec,candidate_step3_property,,C27H30O16,610.5,-1.3,10,16,6,0
17551,17385235,3247120,COC(=O)[C@]1([C@@H]2[C@@H](CC3=C2C=C(N3CC4=CC=CC5=CC=CC=C54)C(=O)N6CCCC6)CN1C(=O)C7=CC=CC=C7)CC8=CC=C(C=C8)F,Inactive,0,,,Inactive,,,,,,,,,,4,,-22.7614,,,,,-11.5506,,,-22.4884,,,-1.6146,,,8.3392,,,-11.2531,,,-2.3596,,,-22.7614,QC'd by UPCMLD,candidate_step3_property,,C41H38FN3O4,655.8,6.9,0,5,8,0
17556,3717133,2999885,CC1=CC(=C(C=C1)N2C(=CC(=C2C)C3N=C(NC4=NC5=CC=CC=C5N34)N)C)C,Inactive,0,,,Inactive,,,,,,,,,,4,,-19.378,,,,,-1.8776,,,-7.87,,,-0.9776,,,1.5103,,,9.9181,,,-9.6875,,,-19.378,QC'd by DPISMR,residual_possible_step4_or_definition_mismatch,,C23H24N6,384.5,3.9,2,2,2,0
17564,26754422,442428,C[C@H]1[C@@H]([C@H]([C@H]([C@@H](O1)O[C@@H]2[C@H]([C@@H]([C@H](O[C@H]2OC3=CC(=C4C(=O)C[C@H](OC4=C3)C5=CC=C(C=C5)O)O)CO)O)O)O)O)O,Inactive,0,,,Inactive,,,,,,,,,,4,,-12.767,,-18.4256,-2.4669,,18.0586,-6.3527,,-8.0042,-10.1341,,-11.6036,-1.9137,,5.8519,-7.5052,,-10.6166,2.2163,,-16.9595,-9.4066,,-12.767,QC'd by Timtec,candidate_step3_property,,C27H32O14,580.5,-0.5,8,14,6,0
17566,26749979,65552,C1=C(C=C(C(=C1I)OC2=CC(=C(C(=C2)I)O)I)I)CC(=O)O,Inactive,0,,,Inactive,,,,,,,,,,4,,15.956,,,,,8.8058,,,9.5403,,,5.4253,,,6.9822,,,8.0472,,,6.7422,,,15.956,QC'd by Microsource,candidate_step3_property,,C14H8I4O4,747.83,5.2,2,4,4,0
17569,17385236,3247128,CN(C)C(=O)C1=CC2=C(N1CC3=CC=CC4=CC=CC=C43)C[C@@H]5[C@H]2[C@](N(C5)C(=O)C6=CC=CC=C6)(CC7=CC=C(C=C7)F)C(=O)OC,Inactive,0,,,Inactive,,,,,,,,,,4,,5.1926,,,,,14.521,,,-3.7153,,,11.3294,,,32.7412,,,15.1879,,,11.787,,,5.1926,QC'd by UPCMLD,candidate_step3_property,,C39H36FN3O4,629.7,6.4,0,5,8,0
17582,17385233,3247093,COC1=CC=C(C=C1)C[C@@]2([C@@H]3[C@@H](CC4=C3C=C(N4CC5=C(SC=C5)Br)C(=O)N6CCCC6)CN2C(=O)C7=CC=CC=C7)C(=O)OC,Inactive,0,,,Inactive,,,,,,,,,,4,,-10.9306,,,,,-11.6093,,,7.8489,,,16.421,,,-2.8761,,,5.7133,,,12.2301,,,-10.9306,QC'd by UPCMLD,candidate_step3_property,,C36H36BrN3O5S,702.7,6.3,0,6,9,0
17598,17385234,3247112,CN(C)C(=O)C1=CC2=C(N1CC3=CC=CC4=CC=CC=C43)C[C@@H]5[C@H]2[C@](N(C5)C(=O)C6=CC=CC=C6)(CC7=CC=C(C=C7)OC)C(=O)OC,Inactive,0,,,Inactive,,,,,,,,,,4,,2.8211,,,,,-9.2287,,,-1.5961,,,-3.1019,,,5.4933,,,-6.2177,,,12.5888,,,2.8211,QC'd by UPCMLD,candidate_step3_property,,C40H39N3O5,641.8,6.3,0,5,9,0
17599,26749977,16758162,CC(=O)C1C2[C@@](CCC34[C@@]25C([C@]6(C([C@@]7(C[C@@]6([C@]3(C7CC(=O)OC)C)OC(O5)(O4)C)C)O)O)O)(C(OC1=O)C8=COC=C8)C,Inactive,0,,,Inactive,,,,,,,,,,4,,11.6464,,,,,-2.4504,,,-6.9773,,,-9.9483,,,-25.5033,,,-14.76,,,-13.3887,,,11.6464,QC'd by Microsource,candidate_step3_property,,C31H38O12,602.6,0.0,3,12,5,0
17627,26749985,5425,C(C(C(=O)O)O)(C(=O)O)N,Inactive,0,,,Inactive,,,,,,,,,,4,,17.6885,,,,,-5.853,,,-10.8584,,,-8.9087,,,-2.9235,,,20.7703,,,0.2465,,,17.6885,QC'd by Microsource,candidate_step3_property,,C4H7NO5,149.10,-4.4,4,6,3,0
17634,17385240,3247168,CN(C)C(=O)C1=CC2=C(N1CCC3=CC(=C(C=C3)O)O)C[C@@H]4[C@H]2[C@](N(C4)C(=O)C5=CC=CC=C5)(CC6=CC=C(C=C6)F)C(=O)OC,Inactive,0,,,Inactive,,,,,,,,,,4,,3.1327,,,,,11.6043,,,12.4723,,,-22.6605,,,3.5503,,,-14.8298,,,-7.6669,,,3.1327,QC'd by UPCMLD,residual_possible_step4_or_definition_mismatch,,C36H36FN3O6,625.7,4.800,2,7,9,0
17653,4238496,3233606,C1CN(CCC12CCN(CC2)C(=O)C3=CC(=CC=C3)F)CC4=CC(=CC(=C4)C(F)(F)F)C(F)(F)F,Inactive,0,,,Inactive,,,,,,,,,,4,,-6.1988,,,,,11.8771,,,13.676,,,20.323,,,5.9016,,,23.009,,,2.2568,,,-6.1988,QC'd by Pharmacopeia,candidate_step3_property,,C25H25F7N2O,502.5,5.9,0,9,3,0
17655,17385237,3247138,COC1=CC=C(C=C1)C[C@@]2([C@@H]3[C@@H](CC4=C3C=C(N4CC5=CN=C(C=C5)C(F)(F)F)C(=O)N6CCCC6)CN2C(=O)C7=CC=CC=C7)C(=O)OC,Inactive,0,,,Inactive,,,,,,,,,,4,,2.0275,,,,,-3.7928,,,44.5381,,,5.646,,,-29.9429,,,-0.5805,,,-6.9711,,,2.0275,QC'd by UPCMLD,candidate_step3_property,,C38H37F3N4O5,686.7,5.4,0,9,9,0
17660,26754425,5281515,C/C/1=C\CCC(=C)[C@H]2CC([C@@H]2CC1)(C)C,Inactive,0,,,Inactive,,,,,,,,,,4,,36.7015,,31.7011,21.2246,,41.4618,25.0249,,24.7875,29.3778,,30.0592,31.5285,,33.9637,39.2426,,10.2349,39.4663,,17.8709,30.6142,,36.7015,QC'd by Timtec,residual_possible_step4_or_definition_mismatch,,C15H24,204.35,4.400,0,0,0,0
17681,17385238,3247152,CN(C)C(=O)C1=CC2=C(N1CC3=CC(=C(C=C3)OC)OC)C[C@@H]4[C@H]2[C@](N(C4)C(=O)C5=CC=CC=C5)(CC6=CC=CC=C6)C(=O)OC,Inactive,0,,,Inactive,,,,,,,,,,4,,12.6242,,,,,-5.5406,,,-5.2802,,,1.31,,,15.722,,,8.5639,,,-5.9047,,,12.6242,QC'd by UPCMLD,candidate_step3_property,,C37H39N3O6,621.7,5.0,0,6,10,0
17696,17385227,3247127,CN(C)C(=O)C1=CC2=C(N1CCC3=CC(=C(C=C3)OC)Br)C[C@@H]4[C@H]2[C@](N(C4)C(=O)C5=CC=CC=C5)(CC6=CC=C(C=C6)F)C(=O)OC,Inactive,0,,,Inactive,,,,,,,,,,4,,12.6349,,,,,3.3632,,,-3.0729,,,14.2669,,,-3.4372,,,-14.5735,,,8.5328,,,12.6349,QC'd by UPCMLD,candidate_step3_property,,C37H37BrFN3O5,702.6,6.2,0,6,10,0
17715,17385228,3247136,COC1=CC=C(C=C1)C[C@@]2([C@@H]3[C@@H](CC4=C3C=C(N4CC5=CC(=CC6=C5OCOC6)F)C(=O)N7CCCC7)CN2C(=O)C8=CC=CC=C8)C(=O)OC,Inactive,0,,,Inactive,,,,,,,,,,4,,-3.7425,,,,,7.4762,,,-7.9592,,,16.639,,,19.8748,,,7.8125,,,12.1524,,,-3.7425,QC'd by UPCMLD,candidate_step3_property,,C40H40FN3O7,693.8,5.1,0,8,9,0
17734,17385225,3247111,CN(C)C(=O)C1=CC2=C(N1CCC3=CC(=C(C=C3)OC)Br)C[C@@H]4[C@H]2[C@](N(C4)C(=O)C5=CC=CC=C5)(CC6=CC=C(C=C6)OC)C(=O)OC,Inactive,0,,,Inactive,,,,,,,,,,4,,11.1706,,,,,3.1312,,,8.1423,,,1.835,,,11.6846,,,21.604,,,1.3583,,,11.1706,QC'd by UPCMLD,candidate_step3_property,,C38H40BrN3O6,714.6,6.0,0,6,11,0
17751,26754412,71083,C1=C(NC=N1)C[C@H](C(=O)O)N,Inactive,0,,,Inactive,,,,,,,,,,4,,-16.3884,,25.0012,17.0508,,22.3627,10.5831,,20.4893,24.2904,,16.3766,-22.1305,,-55.6509,12.1146,,21.1561,-28.7685,,22.1811,-16.2886,,-16.3884,QC'd by Timtec,candidate_step3_property,,C6H9N3O2,155.15,-3.2,3,4,3,0
17752,17385226,3247119,COC1=C(C=C(C=C1)CCN2C3=C(C=C2C(=O)N4CCCC4)[C@H]5[C@@H](C3)CN([C@@]5(CC6=CC=C(C=C6)F)C(=O)OC)C(=O)C7=CC=CC=C7)Br,Inactive,0,,,Inactive,,,,,,,,,,4,,-8.2397,,,,,11.8514,,,-11.9359,,,9.0972,,,1.0556,,,7.2701,,,2.834,,,-8.2397,QC'd by UPCMLD,candidate_step3_property,,C39H39BrFN3O5,728.6,6.6,0,6,10,0
17778,17385231,3247175,CN(C)C(=O)C1=CC2=C(N1CC3=CC(=C(C=C3)Cl)C(F)(F)F)C[C@@H]4[C@H]2[C@](N(C4)C(=O)C5=CC=CC=C5)(CC6=CC=C(C=C6)F)C(=O)OC,Inactive,0,,,Inactive,,,,,,,,,,4,,9.0449,,,,,8.3491,,,-13.7769,,,-10.0136,,,5.7107,,,1.9803,,,7.4575,,,9.0449,QC'd by UPCMLD,candidate_step3_property,,C36H32ClF4N3O4,682.1,6.7,0,8,8,0
17797,17385232,3247083,CN(C)C(=O)C1=CC2=C(N1CC3=C(SC=C3)Br)C[C@@H]4[C@H]2[C@](N(C4)C(=O)C5=CC=CC=C5)(CC6=CC=CC=C6)C(=O)OC,Inactive,0,,,Inactive,,,,,,,,,,4,,6.7488,,,,,-5.2775,,,-14.5953,,,9.4488,,,2.0907,,,3.2465,,,10.9186,,,6.7488,QC'd by UPCMLD,candidate_step3_property,,C33H32BrN3O4S,646.6,5.8,0,5,8,0
17810,4238485,3233595,CN(C)CC1=CC=CC=C1C2=CC3=C(C=C2)N=CN=C3NCCC4=CNC5=C4C=C(C=C5)OC,Inactive,0,,,Inactive,,,,,,,,,,4,,19.674,,,,,24.3178,,,5.2893,,,3.4584,,,4.6776,,,1.7394,,,23.9474,,,19.674,QC'd by Pharmacopeia,candidate_step3_property,,C28H29N5O,451.6,5.4,2,5,8,0
17816,17385229,3247151,CN(C)C(=O)C1=CC2=C(N1CC3=CC=CC=C3)C[C@@H]4[C@H]2[C@](N(C4)C(=O)C5=CC=CC=C5)(CC6=CC=CC=C6)C(=O)OC,Inactive,0,,,Inactive,,,,,,,,,,4,,-7.4873,,,,,16.3328,,,56.8358,,,18.7351,,,26.0462,,,8.1562,,,20.3699,,,-7.4873,QC'd by UPCMLD,candidate_step3_property,,C35H35N3O4,561.7,5.1,0,4,8,0
17858,17385251,3247085,CN(C)C(=O)C1=CC2=C(N1CC3=C(SC=C3)Br)C[C@@H]4[C@H]2[C@](N(C4)C(=O)C5=CC=CC=C5)(CC6=CC=C(C=C6)OC)C(=O)OC,Inactive,0,,,Inactive,,,,,,,,,,4,,0.3548,,,,,-8.951,,,8.208,,,0.9686,,,4.828,,,3.0671,,,1.1944,,,0.3548,QC'd by UPCMLD,candidate_step3_property,,C34H34BrN3O5S,676.6,5.8,0,6,9,0
17876,26749929,5781,C1(=O)C(=O)NC(=O)NC1=O,Inactive,0,,,Inactive,,,,,,,,,,4,,10.1717,,,,,-6.9801,,,6.7886,,,-6.5064,,,-1.6922,,,-13.072,,,-0.2793,,,10.1717,QC'd by Microsource,candidate_step3_property,,C4H2N2O4,142.07,-1.0,2,4,0,0
17880,17385250,3247178,CN(C)C(=O)C1=CC2=C(N1CC3=NC4=CC=CC=C4N3)C[C@@H]5[C@H]2[C@](N(C5)C(=O)C6=CC=CC=C6)(CC7=CC=C(C=C7)F)C(=O)OC,Inactive,0,,,Inactive,,,,,,,,,,4,,-22.6099,,,,,-10.1114,,,-21.6244,,,-5.2872,,,-8.9388,,,-10.3435,,,-20.0954,,,-22.6099,QC'd by UPCMLD,residual_possible_step4_or_definition_mismatch,,C36H34FN5O4,619.7,4.8,1,6,8,0
17881,858658,6603339,CP(=O)(CCCN)O.Cl,Inactive,0,,,Inactive,,,,,,,,,,4,,-0.0368,,,,,4.1819,,,-1.6783,,,5.0634,,,-12.4333,,,-2.3949,,,-0.6169,,,-0.0368,QC'd by DPISMR,property_value_missing,,C4H13ClNO2P,173.58,,3,3,3,0
17898,17385253,3247114,CN(C)C(=O)C1=CC2=C(N1CC3=CN=C(C=C3)C(F)(F)F)C[C@@H]4[C@H]2[C@](N(C4)C(=O)C5=CC=CC=C5)(CC6=CC=C(C=C6)OC)C(=O)OC,Inactive,0,,,Inactive,,,,,,,,,,4,,-3.3535,,,,,2.3716,,,43.5805,,,9.4399,,,6.5202,,,2.6103,,,5.0573,,,-3.3535,QC'd by UPCMLD,residual_possible_step4_or_definition_mismatch,,C36H35F3N4O5,660.7,4.9,0,9,9,0
17905,11113053,9604984,CC(C)(C(=O)O)O/N=C(/C1=CSC(=N1)N)\C(=O)N[C@H]2[C@H]3N(C2=O)C(=C(CS3)C[N+]4=CC=CC=C4)C(=O)[O-].O.O.O.O.O,Inactive,0,,,Inactive,,,,,,,,,,4,,4.7641,,16.5864,-2.3073,,3.335,5.4709,,6.397,8.2226,,8.947,18.3763,,8.6104,-1.0391,,7.3521,12.7823,,8.474,4.7641,,,QC'd by Prestwick,property_value_missing,,C22H32N6O12S2,636.7,,8,17,8,0
17912,3717182,2570225,C1=CC=C(C=C1)CCN2C(=O)C3=C(N=C2SCC#N)SC=C3C4=CC=CS4,Inactive,0,,,Inactive,,,,,,,,,,4,,21.6913,,,,,-19.7809,,,12.7942,,,-13.6645,,,-6.2667,,,-30.1464,,,23.3878,,,21.6913,QC'd by DPISMR,residual_possible_step4_or_definition_mismatch,,C20H15N3OS3,409.6,4.9,0,6,6,0
17914,17385252,3247100,COC1=CC=C(C=C1)C[C@@]2([C@@H]3[C@@H](CC4=C3C=C(N4CCC5=CC(=C(C=C5)OC)Br)C(=O)N6CCCC6)CN2C(=O)C7=CC=CC=C7)C(=O)OC,Inactive,0,,,Inactive,,,,,,,,,,4,,-1.9167,,,,,8.9998,,,2.0785,,,-4.8079,,,5.4064,,,-1.7792,,,12.1746,,,-1.9167,QC'd by UPCMLD,candidate_step3_property,,C40H42BrN3O6,740.7,6.5,0,6,11,0
17916,26749931,14079,CC(=O)C1=CC=CN1,Inactive,0,,,Inactive,,,,,,,,,,4,,3.1621,,,,,11.2856,,,12.4318,,,2.4998,,,5.1349,,,-6.1441,,,2.7397,,,3.1621,QC'd by Microsource,candidate_step3_property,,C6H7NO,109.13,0.900,1,1,1,0
17931,17385255,3247130,CC1=C(C(=C(C=C1)CN2C3=C(C=C2C(=O)N(C)C)[C@H]4[C@@H](C3)CN([C@@]4(CC5=CC=C(C=C5)F)C(=O)OC)C(=O)C6=CC=CC=C6)F)F,Inactive,0,,,Inactive,,,,,,,,,,4,,-1.5403,,,,,5.8348,,,-7.9641,,,18.8074,,,4.0495,,,-21.5769,,,6.7584,,,-1.5403,QC'd by UPCMLD,candidate_step3_property,,C36H34F3N3O4,629.7,5.8,0,7,8,0
17934,11113057,5362118,C1C[C@H](N(C1)C(=O)[C@H](CCCCN)N[C@@H](CCC2=CC=CC=C2)C(=O)O)C(=O)O.O.O,Inactive,0,,,Inactive,,,,,,,,,,4,,3.7402,,14.7923,-0.218,,5.3183,7.2346,,-6.1333,-9.7114,,-3.3165,-25.6496,,9.6467,8.6569,,18.1409,0.4855,,0.6218,3.7402,,,QC'd by Prestwick,property_value_missing,,C21H35N3O7,441.5,,6,9,12,0
17952,17385254,3247122,CC1=C(C(=C(C=C1)CN2C3=C(C=C2C(=O)N4CCCC4)[C@H]5[C@@H](C3)CN([C@@]5(CC6=CC=C(C=C6)F)C(=O)OC)C(=O)C7=CC=CC=C7)F)F,Inactive,0,,,Inactive,,,,,,,,,,4,,4.3184,,,,,0.7325,,,-1.6367,,,-7.8324,,,-0.369,,,10.236,,,-9.5979,,,4.3184,QC'd by UPCMLD,candidate_step3_property,,C38H36F3N3O4,655.7,6.2,0,7,8,0
17992,11113058,175533,CCCCCCC[N+](CC)(CC)CCCCC1=CC=C(C=C1)Cl.CC1=CC=C(C=C1)S(=O)(=O)[O-],Inactive,0,,,Inactive,,,,,,,,,,4,,3.854,,25.0781,20.253,,34.7276,30.9053,,11.4766,25.8986,,15.922,25.6612,,14.621,17.9656,,20.7643,27.9949,,30.573,3.854,,,QC'd by Prestwick,property_value_missing,,C28H44ClNO3S,510.2,,0,3,13,0
18005,11113044,23704139,CC(=O)OCC1=C(N2[C@H]([C@@H](C2=O)NC(=O)/C(=N\OC)/C3=CSC(=N3)N)SC1)C(=O)[O-].[Na+],Inactive,0,,,Inactive,,,,,,,,,,4,,5.436,,9.4614,-7.0474,,-0.5448,-15.1656,,-16.6274,-7.0161,,-7.3119,6.0245,,-6.4634,-1.7991,,-11.2161,3.0054,,19.4249,5.436,,,QC'd by Prestwick,candidate_step1_inorganic,Na,C16H16N5NaO7S2,477.5,,2,12,8,0
18011,17385242,3247099,COC1=CC=C(C=C1)C[C@@]2([C@@H]3[C@@H](CC4=C3C=C(N4CCC5=CC(=C(C=C5)O)OC)C(=O)N6CCCC6)CN2C(=O)C7=CC=CC=C7)C(=O)OC,Inactive,0,,,Inactive,,,,,,,,,,4,,1.833,,,,,8.2078,,,11.6962,,,15.3698,,,10.4942,,,10.7299,,,4.2487,,,1.833,QC'd by UPCMLD,candidate_step3_property,,C40H43N3O7,677.8,5.5,1,7,11,0
18026,11113043,62886,C[N@@+]1(CCC2=CC(=C(C=C2[C@H]1CC3=CC(=C(C=C3)OC)OC)OC)OC)CCC(=O)OCCCCCOC(=O)CC[N@+]4(CCC5=CC(=C(C=C5[C@H]4CC6=CC(=C(C=C6)OC)OC)OC)OC)C.C1=CC=C(C=C1)S(=O)(=O)[O-].C1=CC=C(C=C1)S(=O)(=O)[O-],Inactive,0,,,Inactive,,,,,,,,,,4,,9.9115,,14.3808,13.9412,,1.5731,14.7435,,14.2615,5.9189,,18.2885,10.4833,,1.1622,-3.1987,,17.609,-0.0861,,17.4066,9.9115,,,QC'd by Prestwick,property_value_missing,,C65H82N2O18S2,1243.5,,0,18,26,0
18032,17385241,3247176,CN(C)C(=O)C1=CC2=C(N1CC3=CN=C(C=C3)C(F)(F)F)C[C@@H]4[C@H]2[C@](N(C4)C(=O)C5=CC=CC=C5)(CC6=CC=C(C=C6)F)C(=O)OC,Inactive,0,,,Inactive,,,,,,,,,,4,,7.7702,,,,,-10.443,,,8.7285,,,-6.6709,,,-1.2319,,,-20.8126,,,-5.9625,,,7.7702,QC'd by UPCMLD,candidate_step3_property,,C35H32F4N4O4,648.6,5.0,0,9,8,0
18045,11113046,6604567,CN1C(=NN=N1)SCC2=C(N3[C@H]([C@](C3=O)(NC(=O)[C@@H](C4=CC=C(C=C4)O)C(=O)[O-])OC)OC2)C(=O)[O-].[Na+].[Na+],Inactive,0,,,Inactive,,,,,,,,,,4,,5.57,,18.9389,-1.6843,,0.1273,-0.7332,,11.0367,-0.3973,,1.368,16.6384,,-16.927,20.0022,,4.0842,11.7337,,6.5473,5.57,,,QC'd by Prestwick,candidate_step1_inorganic,Na,C20H18N6Na2O9S,564.4,,2,13,7,0
18049,17385244,3247121,COC(=O)[C@]1([C@@H]2[C@@H](CC3=C2C=C(N3CC4=CC=C(C=C4)OC(F)(F)F)C(=O)N5CCCC5)CN1C(=O)C6=CC=CC=C6)CC7=CC=C(C=C7)F,Inactive,0,,,Inactive,,,,,,,,,,4,,4.3788,,,,,1.1416,,,9.304,,,21.6301,,,3.6039,,,0.6344,,,-10.0209,,,4.3788,QC'd by UPCMLD,candidate_step3_property,,C38H35F4N3O5,689.7,6.9,0,9,9,0
18066,17385243,3247113,CN(C)C(=O)C1=CC2=C(N1CC3=CC=C(C=C3)OC(F)(F)F)C[C@@H]4[C@H]2[C@](N(C4)C(=O)C5=CC=CC=C5)(CC6=CC=C(C=C6)OC)C(=O)OC,Inactive,0,,,Inactive,,,,,,,,,,4,,17.4466,,,,,4.3846,,,-4.4057,,,-1.1619,,,1.6457,,,3.0819,,,-4.2198,,,17.4466,QC'd by UPCMLD,candidate_step3_property,,C37H36F3N3O6,675.7,6.2,0,9,10,0
18081,17385246,3247139,COC(=O)[C@]1([C@@H]2[C@@H](CC3=C2C=C(N3CC4=CC(=CC5=C4OCOC5)F)C(=O)N6CCCC6)CN1C(=O)C7=CC=CC=C7)CC8=CC=CC=C8,Inactive,0,,,Inactive,,,,,,,,,,4,,-6.0716,,,,,8.4464,,,-22.0628,,,5.6973,,,10.7374,,,6.0348,,,2.0655,,,-6.0716,QC'd by UPCMLD,candidate_step3_property,,C39H38FN3O6,663.7,5.2,0,7,8,0
18098,17385245,3247129,CN(C)C(=O)C1=CC2=C(N1CC3=CC=C(C=C3)OC(F)(F)F)C[C@@H]4[C@H]2[C@](N(C4)C(=O)C5=CC=CC=C5)(CC6=CC=C(C=C6)F)C(=O)OC,Inactive,0,,,Inactive,,,,,,,,,,4,,-6.0868,,,,,7.261,,,52.3925,,,20.644,,,17.1935,,,-3.93,,,3.8561,,,-6.0868,QC'd by UPCMLD,candidate_step3_property,,C36H33F4N3O5,663.7,6.4,0,9,9,0
18110,17385249,3247169,CN(C)C(=O)C1=CC2=C(N1CC3=CC(=C(C=C3)OC)OC)C[C@@H]4[C@H]2[C@](N(C4)C(=O)C5=CC=CC=C5)(CC6=CC=C(C=C6)F)C(=O)OC,Inactive,0,,,Inactive,,,,,,,,,,4,,6.8068,,,,,-11.5784,,,-15.9844,,,-18.2053,,,2.5965,,,-0.0203,,,-9.9008,,,6.8068,QC'd by UPCMLD,candidate_step3_property,,C37H38FN3O6,639.7,5.1,0,7,10,0
18127,26749927,68643,CNCCC1=CC=CC=N1.Cl.Cl,Inactive,0,,,Inactive,,,,,,,,,,4,,-3.4243,,,,,-5.9823,,,-3.0224,,,9.1233,,,3.0007,,,0.1077,,,17.6349,,,-3.4243,QC'd by Microsource,property_value_missing,,C8H14Cl2N2,209.11,,3,2,3,0
18146,26749945,6857766,CCCCCCCCCCCCCCC(C(=O)OC)C(CC(=O)OC)(C(=O)OC)O,Inactive,0,,,Inactive,,,,,,,,,,4,,10.5545,,,,,9.0716,,,10.8184,,,27.0628,,,19.3534,,,10.641,,,5.6494,,,10.5545,QC'd by Microsource,candidate_step3_property,,C23H42O7,430.6,6.4,1,7,21,0
18184,17385268,3247250,COC(=O)[C@]1([C@@H]2[C@@H](CC3=C2C=C(N3CC4=CC=C(C=C4)S(=O)(=O)C)C(=O)N5CCCC5)CN1C(=O)C6=CC=CC=C6)CC7=CC=C(C=C7)F,Inactive,0,,,Inactive,,,,,,,,,,4,,-1.8238,,,,,-4.9625,,,13.3923,,,5.9442,,,7.201,,,-10.7625,,,-7.4385,,,-1.8238,QC'd by UPCMLD,residual_possible_step4_or_definition_mismatch,,C38H38FN3O6S,683.8,4.9,0,7,9,0
18188,4238466,3233576,C1CC2(CCN(CC2)C(=O)OC3=CC=CC=C3)CN(C1)C4=CC=CC(=C4)C5=CC=CC=C5,Inactive,0,,,Inactive,,,,,,,,,,4,,-10.7566,,,,,-12.7818,,,-25.2255,,,0.3666,,,-15.1655,,,0.8337,,,-11.0664,,,-10.7566,QC'd by Pharmacopeia,candidate_step3_property,,C28H30N2O2,426.5,6.2,0,3,4,0
18219,26749949,16758145,CC1C(C([C@@H](C(O1)OCC2C(C(C(C(O2)OC3=C(OC4=CC(=CC(=C4C3=O)O)O)C5=CC(=C(C=C5)O)O)O)O)O)O)O)O,Inactive,0,,,Inactive,,,,,,,,,,4,,-4.887,,,,,6.4924,,,-7.2968,,,8.8599,,,-12.7432,,,0.6182,,,5.303,,,-4.887,QC'd by Microsource,candidate_step3_property,,C27H30O16,610.5,-1.3,10,16,6,0
18226,11113072,6604593,CCN1CCN(C(=O)C1=O)C(=O)N[C@@H](C2=CC=C(C=C2)O)C(=O)N[C@H]3[C@H]4N(C3=O)C(=C(CS4)CSC5=NN=NN5C)C(=O)O.O.O,Inactive,0,,,Inactive,,,,,,,,,,4,,-1.0389,,3.4087,4.0307,,6.2631,8.0912,,-2.4063,2.1861,,12.6644,2.3923,,6.448,1.0766,,12.0193,-0.3413,,10.2631,-1.0389,,,QC'd by Prestwick,property_value_missing,,C25H31N9O10S2,681.7,,6,15,9,0
18242,17385271,3247243,COC(=O)[C@]1([C@@H]2[C@@H](CC3=C2C=C(N3CC4=CC(=CC5=C4OCOC5)F)C(=O)N6CCCC6)CN1C(=O)C7=CC=CC=C7)CC8=CC=C(C=C8)F,Inactive,0,,,Inactive,,,,,,,,,,4,,-28.8952,,,,,-7.4594,,,-19.2067,,,-14.6259,,,3.7683,,,0.7418,,,8.2384,,,-28.8952,QC'd by UPCMLD,candidate_step3_property,,C39H37F2N3O6,681.7,5.3,0,8,8,0
18245,26749948,6710692,C(CC(C(=O)O)N)CN.C(CC(=O)O)C(=O)C(=O)O,Inactive,0,,,Inactive,,,,,,,,,,4,,-12.6439,,,,,18.1532,,,-4.5762,,,7.3041,,,8.2946,,,15.5625,,,-1.9545,,,-12.6439,QC'd by Microsource,property_value_missing,,C10H18N2O7,278.26,,5,9,8,0
18259,846178,648560,CCC(C1=NN=NN1CCC2=CC=CC=C2)N(CC3=CC=CO3)CC4=CC5=C(C=CC(=C5NC4=O)C)C,Inactive,0,,,Inactive,,,,,,,,,,4,,34.7149,,,,,21.9573,,,9.0668,,,25.644,,,17.4389,,,0.0734,,,22.288,,,34.7149,QC'd by DPISMR,residual_possible_step4_or_definition_mismatch,,C29H32N6O2,496.6,4.5,1,6,10,0
18263,26749951,101748,C(C(C(C(C(C(CO)O)O)O)O)O)O,Inactive,0,,,Inactive,,,,,,,,,,4,,8.2817,,,,,9.7368,,,4.4275,,,-3.3966,,,-4.1285,,,6.0461,,,-4.9242,,,8.2817,QC'd by Microsource,candidate_step3_property,,C7H16O7,212.20,-3.700,7,7,6,0
18291,850688,653217,C1CCC(CC1)N2C(=O)C3=CC=CC=C3N4C2=NN=C4SCC(=O)OC5CCCCC5,Inactive,0,,,Inactive,,,,,,,,,,4,,-2.8325,,,,,-11.7345,,,6.955,,,8.6933,,,0.8491,,,4.911,,,2.5875,,,-2.8325,QC'd by DPISMR,residual_possible_step4_or_definition_mismatch,,C23H28N4O3S,440.6,4.9,0,6,6,0
18298,26754446,,,Inactive,0,,,Activator,39.8107,79.7413,,Single point of activity,-4.4,4.9549,0.8546,82.5528,2.8114,3,0 0 0 0 0 0 0 0 0 0 0 0 0 0 0,74.8547,,-9.3905,7.6724,,9.7836,-0.9393,,3.4825,-1.0487,,0.6753,-12.549,,7.5073,2.3218,,6.3744,8.0408,,18.3298,7.8162,,74.8547,QC'd by Bionet,property_lookup_missing,,,,,,,,
18312,11113061,6604582,CC(C)CC(=O)O[C@H]1[C@@H]([C@H]([C@H](O[C@H]1O[C@H]2C[C@H]([C@H]3CC[C@]45C[C@@H](CC[C@H]4[C@]3(C2)C)C(=C)[C@@H]5O)C(=O)O)CO)OS(=O)(=O)[O-])OS(=O)(=O)[O-].[K+].[K+],Inactive,0,,,Inactive,,,,,,,,,,4,,11.7605,,-1.2638,-12.4899,,-17.439,-0.098,,-20.5893,-16.7159,,-1.8176,0.17,,2.394,-9.7978,,-9.0762,-2.798,,-10.2347,11.7605,,,QC'd by Prestwick,candidate_step1_inorganic,K,C30H44K2O16S2,803.0,,3,16,10,0
18335,17385260,3247181,CN(C)C(=O)C1=CC2=C(N1CC3=CC(=C(C=C3)O)OC)C[C@@H]4[C@H]2[C@](N(C4)C(=O)C5=CC=CC=C5)(CC6=CC=C(C=C6)F)C(=O)OC,Inactive,0,,,Inactive,,,,,,,,,,4,,18.4234,,,,,0.8454,,,0.1651,,,-13.855,,,3.7054,,,-2.6968,,,5.4284,,,18.4234,QC'd by UPCMLD,residual_possible_step4_or_definition_mismatch,,C36H36FN3O6,625.7,4.8,1,7,9,0
18353,26754447,,,Inactive,0,,,Activator,5.0119,82.1551,,Complete curve; high efficacy,-5.3,1.8265,0.9241,92.2355,10.0804,1.1,0 0 0 0 0 0 0 0 0 0 0 0 0 0 0,72.1591,,9.6917,18.718,,18.5837,0.3345,,6.183,8.3216,,16.0721,18.3603,,18.4514,13.9317,,22.4229,51.1116,,87.2786,101.138,,72.1591,QC'd by Bionet,property_lookup_missing,,,,,,,,
18371,11113064,11980904,CC1=C(C2=CC3=NC(=CC4=C(C(=C(N4)C=C5[C@@]6([C@@H](C(=CC=C6C(=N5)C=C1N2)C(=O)OC)C(=O)OC)C)C)CCC(=O)OC)C(=C3C)CCC(=O)O)C=C.CC1=C(C2=CC3=NC(=CC4=C(C(=C(N4)C=C5[C@@]6([C@@H](C(=CC=C6C(=N5)C=C1N2)C(=O)OC)C(=O)OC)C)C)CCC(=O)O)C(=C3C)CCC(=O)OC)C=C,Inactive,0,,,Activator,12.5893,754.941,,Partial curve; high efficacy,-4.9,2.5334,0.988,745.445,-9.4965,2.1,0 0 0 0 0 0 0 0 0 0 0 0 0 0,678.68,,-26.4712,-9.9083,,-20.3118,-18.2455,,-17.3904,-24.3177,,-15.9459,-34.6642,,-8.522,20.9638,,35.3067,92.8112,,338.723,678.68,,,QC'd by Prestwick,property_value_missing,,C82H84N8O16,1437.6,,6,20,24,0
18399,4238454,3233564,COC1=CC=CC(=C1)NC2=NC=C3C(=N2)N(C(=O)C(=N3)CCC4=CC=CC=C4)CC5=CC=CS5,Inactive,0,,,Inactive,,,,,,,,,,4,,-10.1987,,,,,5.891,,,2.6283,,,8.6472,,,-9.0699,,,4.9835,,,4.7849,,,-10.1987,QC'd by Pharmacopeia,residual_possible_step4_or_definition_mismatch,,C26H23N5O2S,469.6,4.4,1,7,8,0
18402,26749940,5152866,C1C(C(OC2=CC(=CC(=C21)O)O)C3=CC(=C(C(=C3C4=C(C(=C(C=C4C5C(CC6=C(C=C(C=C6O5)O)O)OC(=O)C7=CC(=C(C(=C7)O)O)O)O)O)O)O)O)O)O,Inactive,0,,,Inactive,,,,,,,,,,4,,-10.7152,,,,,-8.2241,,,-4.2134,,,-14.0873,,,-11.1007,,,-3.6197,,,4.1558,,,-10.7152,QC'd by Microsource,candidate_step3_property,,C37H30O18,762.6,3.0,14,18,6,0
18413,11113066,6419943,C(CON=C(N)N)[C@@H](C(=O)O)N.O.OS(=O)(=O)O,Inactive,0,,,Inactive,,,,,,,,,,4,,7.4768,,15.6626,3.5696,,-1.118,1.9472,,-2.7437,-8.5788,,4.2526,-12.1853,,-7.7825,13.9957,,3.8544,0.9851,,-7.8097,7.4768,,,QC'd by Prestwick,property_value_missing,,C5H16N4O8S,292.27,,7,10,5,0
18462,17384877,3247264,C[C@H]([C@@H]1C[C@@]1(C)[C@H](C2=CC=CC=C2)NC(=O)OCC3=CC=CC=C3)C(=O)N[C@H](CC4=CC=CC=C4)CO,Inactive,0,,,Inactive,,,,,,,,,,4,,-4.9398,,,,,5.6794,,,-2.9539,,,1.8215,,,1.3707,,,-0.5193,,,-0.3113,,,-4.9398,QC'd by UPCMLD,candidate_step3_property,,C31H36N2O4,500.6,5.200,3,4,12,0
18475,17384876,3247323,C[C@H]([C@@H]1C[C@@]1(C)[C@H](C2=CC=CC=C2)NC(=O)OCC3=CC=CC=C3)C(=O)NCC4=CC(=C(C=C4)OC)OC,Inactive,0,,,Inactive,,,,,,,,,,4,,-18.1307,,,,,-2.0364,,,-14.9434,,,-4.7361,,,-25.0485,,,0.9009,,,1.8565,,,-18.1307,QC'd by UPCMLD,candidate_step3_property,,C31H36N2O5,516.6,5.300,2,5,12,0
18481,11112148,72440,CN(CC1=CN=C2C(=N1)C(=NC(=N2)N)N)C3=CC=C(C=C3)C(=O)N[C@H](CCC(=O)O)C(=O)O,Inactive,0,,,Inactive,,,,,,,,,,4,,4.4563,,-6.9287,-1.5381,,-3.8942,-14.4222,,-23.6652,4.3426,,-7.907,7.8475,,-10.1878,5.4006,,-7.7257,9.6006,,-1.5187,4.4563,,,QC'd by Prestwick,candidate_step3_property,,C20H22N8O5,454.4,-1.800,5,12,9,0
18495,17384875,5461873,C[C@H]([C@@H]1C[C@@]1(C)[C@H](C2=CC=CC=C2)NC(=O)OCC3=CC=CC=C3)C(=O)NC4=CC5=CC=CC=C5C=C4,Inactive,0,,,Inactive,,,,,,,,,,4,,14.1016,,,,,-3.8911,,,15.1296,,,-6.1566,,,7.9619,,,12.6531,,,2.1263,,,14.1016,QC'd by UPCMLD,candidate_step3_property,,C32H32N2O3,492.6,6.6,2,3,9,0
18518,17384873,3247302,C1[C@@H]([C@H]1C(=O)NCC2=CC=CC=C2)[C@@H](C3=CC=CC=C3)NP(=O)(C4=CC=CC=C4)C5=CC=CC=C5,Inactive,0,,,Inactive,,,,,,,,,,4,,-14.4524,,,,,-0.6315,,,-6.511,,,-10.0587,,,1.3348,,,-0.4798,,,-4.8391,,,-14.4524,QC'd by UPCMLD,candidate_step3_property,,C30H29N2O2P,480.5,5.0,2,3,9,0
18590,17384868,5461857,C[C@H]([C@H]1C[C@]1(C)[C@@H](C2=CC=CC=C2)NC(=O)OCC3=CC=CC=C3)C(=O)NC4=CC5=CC=CC=C5C=C4,Inactive,0,,,Inactive,,,,,,,,,,4,,11.3279,,,,,7.1847,,,29.2535,,,7.2211,,,8.434,,,3.5243,,,-6.3809,,,11.3279,QC'd by UPCMLD,candidate_step3_property,,C32H32N2O3,492.6,6.6,2,3,9,0
18697,4241269,3236267,C1CCN(CC1)C2=NC(=CC(=N2)C(F)(F)F)C3=CC=C(C=C3)F,Inactive,0,,,Activator,39.8107,54.1403,,Single point of activity,-4.4,4.9549,0.913,55.0159,0.8756,3,0 0 0 0 0 0 0,47.4396,,,,,-5.5203,,,-2.9907,,,10.3998,,,2.4255,,,3.7213,,,-3.5984,,,47.4396,QC'd by DPISMR,residual_possible_step4_or_definition_mismatch,,C16H15F4N3,325.30,4.2,0,7,2,0
18722,11112134,6604189,CN(CCCCCCCCCCN(C)C(=O)OC1=CC=CC=C1[N+](C)(C)C)C(=O)OC2=CC=CC=C2[N+](C)(C)C,Inactive,0,,,Inactive,,,,,,,,,,4,,10.9039,,-3.5049,-7.7229,,-4.908,2.56,,-0.4392,9.693,,-8.0704,-8.3138,,3.1114,1.8642,,-8.5353,14.2315,,-0.7357,10.9039,,,QC'd by Prestwick,candidate_step3_property,,C32H52N4O4+2,556.8,6.6,0,4,17,2
18754,11112132,688057,CC/C(=C(\CC)/C1=CC=C(C=C1)O)/C2=CC=C(C=C2)O,Inactive,0,,,Inactive,,,,,,,,,,4,,23.3607,,3.282,-19.7457,,7.5114,12.4745,,3.8457,16.2629,,23.6397,10.3737,,2.4822,6.6092,,3.7062,20.8831,,19.165,23.3607,,,QC'd by Prestwick,candidate_step3_property,,C18H20O2,268.3,5.100,2,2,4,0
18757,11112128,3767,C1=CN=CC=C1C(=O)NN,Inactive,0,,,Inactive,,,,,,,,,,4,,-3.8575,,5.3142,-10.2584,,-11.1289,-9.7508,,-1.3117,0.9714,,1.7839,-21.4294,,5.6826,-3.0571,,0.0893,-6.8162,,-10.6532,-3.8575,,,QC'd by Prestwick,candidate_step3_property,,C6H7N3O,137.14,-0.700,2,3,1,0
18784,11112130,9552079,C1=CC(=CC=C1N/C(=N/C(=NCCCCCCN=C(/N=C(/NC2=CC=C(C=C2)Cl)\N)N)N)/N)Cl,Inactive,0,,,Inactive,,,,,,,,,,4,,-4.6689,,-10.3485,-17.7285,,-9.1982,-16.926,,-19.1948,-12.781,,-16.4679,-5.446,,-23.7009,-13.0631,,-1.9499,-10.6088,,-0.9286,-4.6689,,,QC'd by Prestwick,residual_possible_step4_or_definition_mismatch,,C22H30Cl2N10,505.4,0.100,6,2,13,0
18785,7967103,5308626,CCC1=CC(=CC=C1)NC2C3=CC=CC=C3C(=O)N2C4=NC=C(C=C4)C,Inactive,0,,,Inactive,,,,,,,,,,4,,6.3097,,,,,-3.8078,,,3.2258,,,-6.3271,,,1.2,,,-13.7393,,,-8.701,,,6.3097,QC'd by DPISMR,residual_possible_step4_or_definition_mismatch,,C22H21N3O,343.4,4.7,1,3,4,0
18832,11112124,6604186,C1=CC(=C[N+](=C1)[C@H]2[C@H]([C@@H]([C@H](O2)COP(=O)([O-])OP(=O)(O)OC[C@@H]3[C@H]([C@@H]([C@@H](O3)N4C=NC5=C(N=CN=C54)N)O)O)O)O)C(=O)N,Inactive,0,,,Inactive,,,,,,,,,,4,,6.6667,,15.5687,1.2238,,4.124,-1.3275,,7.1624,2.5845,,10.3125,2.0353,,7.3342,8.5591,,8.4572,10.5369,,8.9507,6.6667,,,QC'd by Prestwick,candidate_step3_property,,C21H27N7O14P2,663.4,-6.000,7,18,11,0
18856,4259165,135399494,CC1=C(C(=O)NC(=N1)N2CCC3=CC=CC=C32)CCC(C)C,Inactive,0,,,Inactive,,,,,,,,,,4,,-2.1329,,,,,-4.5771,,,9.8306,,,13.4647,,,0.1832,,,9.9257,,,1.6336,,,-2.1329,QC'd by DPISMR,residual_possible_step4_or_definition_mismatch,,C18H23N3O,297.4,3.4,1,2,4,0
18933,3713560,2609902,C1=CC=C(C=C1)N2C(=O)C3=CC=CC=C3N=C2SCC4=NN=C(O4)C5=CC=CC=C5Br,Inactive,0,,,Inactive,,,,,,,,,,4,,2.0376,,,,,4.661,,,9.7457,,,6.0861,,,6.7354,,,7.0537,,,-7.0395,,,2.0376,QC'd by DPISMR,candidate_step3_property,,C23H15BrN4O2S,491.4,5.1,0,6,5,0
19209,856137,6602813,CC(C(C)(C)NO)NO.Cl,Inactive,0,,,Inactive,,,,,,,,,,4,,5.5845,,,,,6.5772,,,12.4256,,,-6.6525,,,-8.0784,,,-8.6408,,,-3.118,,,5.5845,QC'd by DPISMR,property_value_missing,,C5H15ClN2O2,170.64,,5,4,3,0
19344,11112158,1349907,CN1C=CNC1=S,Inactive,0,,,Inactive,,,,,,,,,,4,,-1.493,,6.5413,6.6267,,3.6971,2.6739,,9.2863,10.6174,,2.9505,12.3079,,0.6422,4.9066,,5.5024,18.7719,,8.2103,-1.493,,,QC'd by Prestwick,candidate_step3_property,,C4H6N2S,114.17,-0.300,1,1,0,0
19386,11112153,938,C1=CC(=CN=C1)C(=O)O,Inactive,0,,,Inactive,,,,,,,,,,4,,-8.583,,-3.1945,2.5567,,-10.6431,-1.4964,,1.6887,2.3649,,-11.7877,-1.7753,,-2.8181,-8.2969,,1.2825,1.5329,,-0.9082,-8.583,,,QC'd by Prestwick,candidate_step3_property,,C6H5NO2,123.11,0.400,1,3,1,0
19499,856120,135449528,CCCC1=NNC(=O)N1,Inactive,0,,,Inactive,,,,,,,,,,4,,-3.9198,,,,,-16.1203,,,-11.5171,,,-4.5049,,,-8.0172,,,-5.7488,,,-0.5966,,,-3.9198,QC'd by DPISMR,candidate_step3_property,,C5H9N3O,127.14,0.0,2,2,2,0
19595,4251187,3244906,CCC1=CC=CC=C1NC(=O)C(CC)SC2=NC3=CC4=C(C=C3C(=O)N2CC5=CC=CO5)OCO4,Inactive,0,,,Inactive,,,,,,,,,,4,,-10.5565,,,,,-3.8995,,,-4.0566,,,-6.8284,,,-9.0214,,,0.0152,,,-8.5836,,,-10.5565,QC'd by DPISMR,residual_possible_step4_or_definition_mismatch,,C26H25N3O5S,491.6,4.9,1,7,8,0
19604,856130,6602752,C1C(C[N+]2=CC=CN21)O.[Cl-],Inactive,0,,,Activator,25.1189,98.2854,,Partial curve; partial efficacy,-4.6,1.4163,0.9151,98.4735,0.1881,2.2,0 0 0 0 0 0 0,76.4027,,,,,-17.6838,,,2.1029,,,8.8496,,,3.7097,,,8.9949,,,22.1697,,,76.4027,QC'd by DPISMR,property_value_missing,,C6H9ClN2O,160.60,,1,2,0,0
19619,11112075,6604157,C[C@H]1[C@@H](O1)P(=O)([O-])[O-].[Na+].[Na+],Inactive,0,,,Activator,1,26,,Complete curve; partial efficacy,-6,1.9282,0.9143,62,36,1.2,1 0 0 0 0 0 1 0,62.0604,,55.9417,,,34.0395,,,41.8964,,,31.0892,,,41.4456,,,57.0274,,,24.9688,,,62.0604,QC'd by SigmaAldrich,candidate_step1_inorganic,Na,C3H5Na2O4P,182.02,,0,4,0,0
19644,11112073,16760703,CCCC(CCC)C(=O)[O-].[Na+],Inactive,0,,,Inactive,,,,,,,,,,4,,5.7295,,31.1556,,,17.6612,,,33.4219,,,29.4583,,,10.8256,,,22.5706,,,21.2153,,,5.7295,QC'd by SigmaAldrich,candidate_step1_inorganic,Na,C8H15NaO2,166.19,,0,2,5,0
19654,11112062,6093160,C1=CC(=CC(=C1)NC(=O)NC2=CC=CC(=C2)C(=O)NC3=C4C(=CC(=CC4=C(C=C3)S(=O)(=O)[O-])S(=O)(=O)[O-])S(=O)(=O)[O-])C(=O)NC5=C6C(=CC(=CC6=C(C=C5)S(=O)(=O)[O-])S(=O)(=O)[O-])S(=O)(=O)[O-].[Na+].[Na+].[Na+].[Na+].[Na+].[Na+],Inactive,0,,,Inactive,,,,,,,,,,4,,1.7418,,25.723,,,-4.2942,,,-2.4329,,,-3.3505,,,16.917,,,-4.4684,,,2.2089,,,1.7418,QC'd by SigmaAldrich,candidate_step1_inorganic,Na,C35H20N4Na6O21S6,1162.9,,4,21,6,0
19694,11112061,6604143,C1C=CN(C=C1C(=O)N)[C@H]2[C@H]([C@H]([C@@H](O2)COP(=O)([O-])OP(=O)([O-])OC[C@H]3[C@H]([C@@H]([C@H](O3)N4C=NC5=C(N=CN=C54)N)OP(=O)([O-])[O-])O)O)O.[Na+].[Na+].[Na+].[Na+],Inactive,0,,,Inactive,,,,,,,,,,4,,15.7362,,-2.0586,,,-2.9393,,,11.1819,,,20.8319,,,23.7211,,,20.6544,,,21.9778,,,15.7362,QC'd by SigmaAldrich,candidate_step1_inorganic,Na,C21H26N7Na4O17P3,833.3,,5,22,12,0
19722,11112068,6604149,C1=CC=C(C(=C1)C(=O)N[C@H](CCC(=O)[O-])C(=O)[O-])C(=O)[O-].[Na+].[Na+].[Na+],Inactive,0,,,Activator,0.0316,15,,Complete curve; partial efficacy,-7.5,4.9549,0.8715,42.5,57.5,1.2,0 0 0 0 0 0 0 0,42.1654,,59.9753,,,53.6056,,,57.5442,,,38.0335,,,45.1451,,,41.9217,,,45.2761,,,42.1654,QC'd by SigmaAldrich,candidate_step1_inorganic,Na,C13H10NNa3O7,361.19,,1,7,4,0
19743,11112064,5242,C(=O)(C(=O)[O-])N.[Na+],Inactive,0,,,Inactive,,,,,,,,,,4,,26.9241,,25.9572,,,16.082,,,28.0912,,,12.3462,,,17.7275,,,31.062,,,26.3118,,,26.9241,QC'd by SigmaAldrich,candidate_step1_inorganic,Na,C2H2NNaO3,111.03,,1,3,1,0
19750,11112066,135484645,CC1=C(C(=C(C(=N1)N=NC2=C(C=C(C=C2)S(=O)(=O)[O-])S(=O)(=O)[O-])COP(=O)([O-])[O-])C=O)O.[Na+].[Na+].[Na+].[Na+],Inactive,0,,,Inactive,,,,,,,,,,4,,-23.8615,,3.7944,,,-2.2748,,,1.8204,,,-1.4687,,,3.0805,,,5.1572,,,-6.9488,,,-23.8615,QC'd by SigmaAldrich,candidate_step1_inorganic,Na,C14H10N3Na4O12PS2,599.3,,1,15,5,0
19796,11112052,6604133,[Li+].[Li+].C1=NC(=C2C(=N1)N(C=N2)[C@H]3[C@H]([C@H]([C@@H](O3)COP(=O)(CP(=O)(O)OP(=O)([O-])[O-])O)O)O)N,Inactive,0,,,Inactive,,,,,,,,,,4,,6.6785,,15.1615,,,13.7557,,,27.9716,,,27.9908,,,18.4273,,,31.2386,,,12.6917,,,6.6785,QC'd by SigmaAldrich,candidate_step1_inorganic,Li,C11H16Li2N5O12P3,517.1,,5,16,7,0
19813,11112053,135484644,CC1=C(C(=C(C(=N1)N=NC2=CC=C(C=C2)C(=O)O)COP(=O)([O-])[O-])C=O)[O-].[Na+].[Na+].[Na+],Inactive,0,,,Inactive,,,,,,,,,,4,,21.9075,,7.5992,,,2.9713,,,9.9896,,,4.6819,,,9.9094,,,-2.9951,,,14.8978,,,21.9075,QC'd by SigmaAldrich,candidate_step1_inorganic,Na,C15H11N3Na3O8P,461.21,,1,11,6,0
19840,11112059,6093161,C1=CC(=C(C=C1S(=O)(=O)[O-])S(=O)(=O)[O-])NC(=O)C2=CC(=CC(=C2)NC(=O)NC3=CC(=CC(=C3)C(=O)NC4=C(C=C(C=C4)S(=O)(=O)[O-])S(=O)(=O)[O-])C(=O)NC5=C(C=C(C=C5)S(=O)(=O)[O-])S(=O)(=O)[O-])C(=O)NC6=C(C=C(C=C6)S(=O)(=O)[O-])S(=O)(=O)[O-].[Na+].[Na+].[Na+].[Na+].[Na+].[Na+].[Na+].[Na+],Inactive,0,,,Inactive,,,,,,,,,,4,,-3.1758,,-13.1334,,,-3.0335,,,-9.449,,,1.1151,,,11.9808,,,-10.5002,,,-2.7093,,,-3.1758,QC'd by SigmaAldrich,candidate_step1_inorganic,Na,C41H24N6Na8O29S8,1505.1,,6,29,10,0
19890,4251235,3244947,CCC(C(=O)NC1=CC2=C(C=C1)OCO2)SC3=NC4=CC=CC=C4C5=NC(C(=O)N53)CC(C)C,Inactive,0,,,Inactive,,,,,,,,,,4,,-3.5797,,,,,8.8896,,,24.9442,,,3.779,,,13.9244,,,6.2621,,,-4.5942,,,-3.5797,QC'd by DPISMR,residual_possible_step4_or_definition_mismatch,,C25H26N4O4S,478.6,4.8,1,7,7,0
19956,11112115,6604184,C[C@]12CC[C@@H]3[C@@H]([C@H]1CC[C@]2(C#C)O)CCC4=CCCC[C@H]34,Inactive,0,,,Inactive,,,,,,,,,,4,,-3.2435,,5.5635,4.2935,,7.7344,-0.715,,7.3135,5.1339,,9.9729,5.635,,6.5464,18.9929,,7.0185,11.2688,,-2.9674,-3.2435,,,QC'd by Prestwick,residual_possible_step4_or_definition_mismatch,,C20H28O,284.4,4.500,1,1,1,0
19967,4246721,3241026,CC1=CC=C(C=C1)CN2C=CC(=N2)NC(=O)C3=C(ON=C3C4=CC=CC=C4Cl)C,Inactive,0,,,Inactive,,,,,,,,,,4,,5.0227,,,,,-0.3865,,,-4.6215,,,5.1457,,,0.9716,,,-1.7678,,,2.5218,,,5.0227,QC'd by DPISMR,residual_possible_step4_or_definition_mismatch,,C22H19ClN4O2,406.9,4.5,1,4,5,0
20030,4241284,135494820,C1CCC2=C(C1)C(=O)NC(=N2)SCC3=CC=CC=C3Cl,Inactive,0,,,Inactive,,,,,,,,,,4,,-1.8859,,,,,-2.7729,,,-0.4239,,,5.82,,,-0.233,,,-7.8156,,,-10.5812,,,-1.8859,QC'd by DPISMR,residual_possible_step4_or_definition_mismatch,,C15H15ClN2OS,306.8,3.6,1,3,3,0
20074,844552,646879,CCC1=CC2=C(C=C1)OC(=N2)C3=C(C=CC(=C3)N=CC4=C(C(=CC=C4)OC)O)O,Inactive,0,,,Inactive,,,,,,,,,,4,,-9.2209,,,,,-6.3443,,,-4.6492,,,2.7228,,,2.765,,,5.948,,,1.7965,,,-9.2209,QC'd by DPISMR,residual_possible_step4_or_definition_mismatch,,C23H20N2O4,388.4,4.8,2,6,5,0
20075,7976082,1378195,CC1=C(C=CC(=C1)O)NC2=NC3=CC=CC=C3N=C2NC4=C(C=C(C=C4)O)C,Inactive,0,,,Inactive,,,,,,,,,,4,,10.3474,,,,,20.3498,,,4.9086,,,16.0212,,,12.7345,,,19.8811,,,1.8755,,,10.3474,QC'd by DPISMR,candidate_step3_property,,C22H20N4O2,372.4,5.0,4,6,4,0
20126,11112108,135484646,C[N+]1=CC=CC=C1/C=N\O,Inactive,0,,,Inactive,,,,,,,,,,4,,3.3859,,16.7864,-11.5048,,-1.3207,-8.3133,,-14.6454,4.4704,,-20.069,-2.9102,,4.55,-1.001,,-1.3937,-7.4843,,0.0481,3.3859,,,QC'd by Prestwick,candidate_step3_property,,C7H9N2O+,137.16,1.0,1,2,1,1
20167,11112095,6604177,C[C@@H](/C=C\[C@@H](C)C(C)C)[C@@H]1CC[C@@H]\2[C@]1(CCC/C2=C\C=C/3\C[C@H](CCC3=C)O)C,Inactive,0,,,Inactive,,,,,,,,,,4,,17.1705,,12.0126,-10.0795,,4.2451,4.3731,,11.8142,7.1415,,12.3339,13.9526,,2.7303,3.9619,,16.6621,20.1086,,12.264,17.1705,,,QC'd by Prestwick,candidate_step3_property,,C28H44O,396.6,7.4,1,1,5,0
20183,4241305,3236301,CCC1=NC2=C3C(=NON3O)C4=[N+](ON=C4C2=N1)[O-],Inactive,0,,,Inactive,,,,,,,,,,4,,13.7612,,,,,11.2344,,,-6.674,,,2.8635,,,-14.5919,,,4.7391,,,8.2266,,,13.7612,QC'd by DPISMR,residual_possible_step4_or_definition_mismatch,,C9H6N6O4,262.18,0.9,1,8,1,0
20245,11112085,6604167,C1=CC(=C[N+](=C1)[C@H]2[C@@H]([C@@H]([C@@H](O2)COP(=O)([O-])OP(=O)(O)OC[C@H]3[C@@H]([C@@H]([C@@H](O3)N4C=NC5=C(N=CN=C54)N)OP(=O)(O)[O-])O)O)O)C(=S)N.[Na+],Inactive,0,,,Inactive,,,,,,,,,,4,,-4.4411,,5.8808,,,4.3332,,,1.9245,,,-6.7561,,,11.8059,,,13.952,,,1.9928,,,-4.4411,QC'd by SigmaAldrich,candidate_step1_inorganic,Na,C21H27N7NaO16P3S,781.5,,7,21,13,0
20290,11112088,2733525,CC/C(=C(\C1=CC=CC=C1)/C2=CC=C(C=C2)OCCN(C)C)/C3=CC=CC=C3.C(C(=O)O)C(CC(=O)O)(C(=O)O)O,Inactive,0,,,Inactive,,,,,,,,,,4,,-10.4352,,4.01,7.5502,,-4.0212,9.8363,,-2.8359,13.3645,,4.3588,2.3952,,5.3288,18.692,,6.8236,-0.7324,,7.8105,-10.4352,,,QC'd by Prestwick,property_value_missing,,C32H37NO8,563.6,,4,9,13,0
20296,851138,653699,CCC(C1=NN=NN1C2CCCC2)N(CC3=CC=CS3)CC4=CC5=CC=CC(=C5NC4=O)C,Inactive,0,,,Inactive,,,,,,,,,,4,,-6.7361,,,,,16.5716,,,5.3973,,,0.6995,,,3.1059,,,-1.9018,,,6.5018,,,-6.7361,QC'd by DPISMR,residual_possible_step4_or_definition_mismatch,,C25H30N6OS,462.6,4.0,1,6,8,0
20336,11112091,6604174,C1=CN(C(=O)NC1=O)[C@H]2[C@H]([C@H]([C@@H](O2)COP(=O)([O-])OP(=O)(O)[O-])O)O.[Na+].[Na+],Inactive,0,,,Inactive,,,,,,,,,,4,,-12.1407,,-3.8054,,,-2.8467,,,-4.8609,,,3.2091,,,1.1441,,,-5.505,,,-2.5115,,,-12.1407,QC'd by SigmaAldrich,candidate_step1_inorganic,Na,C9H12N2Na2O12P2,448.12,,4,12,6,0
20365,17385000,5461305,CCOC(=O)N(CC[C@H]1C[C@@H]1[C@@H](C2(CC2)CC(=C)C3=CC=CC=C3)NP(=O)(C4=CC=CC=C4)C5=CC=CC=C5)S(=O)(=O)C6=CC=C(C=C6)C,Inactive,0,,,Inactive,,,,,,,,,,4,,7.5673,,,,,4.1599,,,10.7071,,,6.3308,,,17.1346,,,3.8486,,,18.3994,,,7.5673,QC'd by UPCMLD,candidate_step3_property,,C40H45N2O5PS,696.8,8.7,1,6,16,0
20371,3713437,2998408,CC1=C(C=C(O1)CSC2=NC(=C(N=N2)C3=CC=CC=C3)C4=CC=CC=C4)C(=O)OC,Inactive,0,,,Inactive,,,,,,,,,,4,,6.916,,,,,18.091,,,12.2996,,,23.8965,,,11.6426,,,10.792,,,-12.5545,,,6.916,QC'd by DPISMR,residual_possible_step4_or_definition_mismatch,,C23H19N3O3S,417.5,4.2,0,7,7,0
20384,17385001,5461760,CC(C1(CC1)CC(=C)C2=CC=CC=C2)NP(=O)(C3=CC=CC=C3)C4=CC=CC=C4,Inactive,0,,,Inactive,,,,,,,,,,4,,19.7381,,,,,-10.5031,,,-31.198,,,-9.4083,,,1.382,,,0.995,,,9.8908,,,19.7381,QC'd by UPCMLD,candidate_step3_property,,C26H28NOP,401.5,6.3,1,2,8,0
20390,846980,649376,CCC(C)(C)N1C(=NN=N1)C(C2=CC=CC(=C2)C#N)N3CCN(CC3)C4=C(C=CC(=C4)C)C,Inactive,0,,,Inactive,,,,,,,,,,4,,19.3959,,,,,1.6248,,,18.1287,,,22.0756,,,12.1767,,,-22.349,,,11.7433,,,19.3959,QC'd by DPISMR,residual_possible_step4_or_definition_mismatch,,C26H33N7,443.6,4.6,0,6,6,0
20394,3717947,3000205,C=CCN1C(=NN=C1SCN2C(=O)C3=CC=CC=C3N=N2)C4=CC=C(C=C4)Cl,Inactive,0,,,Inactive,,,,,,,,,,4,,-18.2157,,,,,7.8738,,,-1.6947,,,3.6499,,,8.7464,,,-5.3524,,,-3.7452,,,-18.2157,QC'd by DPISMR,residual_possible_step4_or_definition_mismatch,,C19H15ClN6OS,410.9,4.7,0,6,6,0
20437,846974,649371,CC1=C2C(=CC=C1)C=C(C(=O)N2)CN(CC3=CC=CO3)C(C4=NN=NN4CCC5=CC=CC=C5)C(C)C,Inactive,0,,,Inactive,,,,,,,,,,4,,-6.6343,,,,,-6.6593,,,-2.54,,,11.3097,,,13.6988,,,2.2712,,,-9.8933,,,-6.6343,QC'd by DPISMR,residual_possible_step4_or_definition_mismatch,,C29H32N6O2,496.6,4.6,1,6,10,0
20471,11112267,8480,C1=CC(=CC=C1NC(=O)N)[As](=O)(O)O,Inactive,0,,,Inactive,,,,,,,,,,4,,-10.5009,,-1.3085,-9.1423,,-3.5989,6.8919,,1.6054,-5.664,,8.0323,2.0671,,-7.7938,7.0123,,-5.7655,0.1767,,2.6276,-10.5009,,,QC'd by Prestwick,candidate_step1_inorganic,As,C7H9AsN2O4,260.08,,4,4,2,0
20523,17385008,5461359,CCCC[C@H]1C[C@@H]1[C@@H](C2(CC2)CC(=C)C3=CC=CC=C3)NP(=O)(C4=CC=CC=C4)C5=CC=CC=C5,Inactive,0,,,Inactive,,,,,,,,,,4,,-7.0563,,,,,-2.8897,,,-6.2349,,,5.0926,,,-3.2698,,,-10.9447,,,1.0467,,,-7.0563,QC'd by UPCMLD,candidate_step3_property,,C32H38NOP,483.6,8.7,1,2,12,0
20633,26750737,16758246,CC(=NO[C@H]1[C@@H]([C@H]([C@H]([C@H](O1)COC(=O)C)OC(=O)C)OC(=O)C)OC(=O)C)C,Inactive,0,,,Inactive,,,,,,,,,,4,,5.9187,,7.804,,,11.0979,,,6.3874,,,1.9427,,,-3.3342,,,9.905,,,5.9187,,,,QC'd by BUCMLD,candidate_step3_property,,C17H25NO10,403.4,1.000,0,11,11,0
20637,11112276,5576,CC1(C(=O)N(C(=O)O1)C)C,Inactive,0,,,Inactive,,,,,,,,,,4,,-12.2276,,8.1887,-6.9753,,4.3158,2.5152,,-5.0526,3.4451,,4.6187,-2.9683,,1.8689,-5.0102,,1.0317,13.2747,,0.7749,-12.2276,,,QC'd by Prestwick,candidate_step3_property,,C6H9NO3,143.14,0.3,0,3,0,0
20669,11112257,6604221,CC[C@H]1[C@@]([C@H]([C@H](C(=O)[C@H](C[C@@]([C@H]([C@H]([C@H]([C@H](C(=O)O1)C)O[C@@H]2C[C@]([C@@H]([C@@H](O2)C)O)(C)OC)C)O[C@H]3[C@H]([C@@H](C[C@@H](O3)C)N(C)C)O)(C)O)C)C)O)(C)O,Inactive,0,,,Inactive,,,,,,,,,,4,,-2.4614,,-2.5778,8.9323,,0.8985,-5.7156,,-5.5765,-3.0022,,4.0247,-7.7283,,-9.2116,12.6954,,8.8037,5.8774,,3.7024,-2.4614,,,QC'd by Prestwick,candidate_step3_property,,C37H67NO13,733.9,2.700,5,14,7,0
20713,11112254,7699,CCCCNC1=CC=C(C=C1)C(=O)OCCOCCOCCOCCOCCOCCOCCOCCOCCOC,Inactive,0,,,Inactive,,,,,,,,,,4,,8.9685,,10.9925,2.1556,,10.7841,10.3841,,3.8177,-1.449,,13.965,2.8328,,7.2096,6.2383,,6.3196,6.5862,,7.3679,8.9685,,,QC'd by Prestwick,candidate_step3_property,,C30H53NO11,603.7,2.400,1,12,33,0
20753,863010,664247,CCCCCCN1C=NC2=C(C1=O)C3=NC4=CC=CC=C4N=C3N2CC5=CC=CS5,Inactive,0,,,Inactive,,,,,,,,,,4,,-5.868,,,,,1.3062,,,0.9138,,,-4.1622,,,-0.7405,,,-7.4133,,,-8.0936,,,-5.868,QC'd by DPISMR,residual_possible_step4_or_definition_mismatch,,C23H23N5OS,417.5,4.7,0,5,7,0
20788,17384992,3247383,C[C@H]([C@@H]1C[C@@]1(C)[C@H](C2=CC=CC=C2)NC(=O)C3=C(C=NC=C3)Cl)C(=O)NC4=CC5=CC=CC=C5C=C4,Inactive,0,,,Inactive,,,,,,,,,,4,,-0.4693,,,,,-3.3106,,,-15.9292,,,-2.653,,,4.9386,,,4.9121,,,-8.6536,,,-0.4693,QC'd by UPCMLD,candidate_step3_property,,C30H28ClN3O2,498.0,6.0,2,3,7,0
20808,17384991,3247368,C[C@H]([C@@H]1C[C@@]1(C)[C@H](C2=CC=CC=C2)NS(=O)(=O)C3=CC=C(C=C3)C4=CC=CC=C4)C(=O)NC5=CC6=CC=CC=C6C=C5,Inactive,0,,,Inactive,,,,,,,,,,4,,0.0145,,,,,10.7762,,,1.8398,,,12.4139,,,-8.7613,,,5.8996,,,-4.5786,,,0.0145,QC'd by UPCMLD,candidate_step3_property,,C36H34N2O3S,574.7,7.7,2,4,9,0
20815,850967,653520,C1=CSC(=C1)C2=NN=C(O2)C3=C(C4=C(S3)C=C(C=C4)F)Cl,Inactive,0,,,Inactive,,,,,,,,,,4,,-5.9648,,,,,1.0187,,,-3.6366,,,-6.9399,,,-0.3699,,,-15.255,,,-9.9349,,,-5.9648,QC'd by DPISMR,residual_possible_step4_or_definition_mismatch,,C14H6ClFN2OS2,336.8,4.6,0,6,2,0
20816,11112265,5104,C1=CC(=C(C=C1[As](=O)(O)O)[N+](=O)[O-])O,Inactive,0,,,Inactive,,,,,,,,,,4,,4.6751,,13.0128,-0.1314,,7.7046,1.5718,,5.1691,9.833,,9.2178,-3.2781,,3.7694,5.179,,6.4675,12.783,,6.3793,4.6751,,,QC'd by Prestwick,candidate_step1_inorganic,As,C6H6AsNO6,263.04,,3,6,1,0
20846,11112263,449293,CN1[C@@H]2CC[C@H]1CC(C2)O,Inactive,0,,,Inactive,,,,,,,,,,4,,9.643,,11.0702,-0.8564,,10.527,3.4546,,8.7451,1.0786,,9.7287,7.6909,,6.2751,-2.4792,,13.1572,-3.6131,,16.4006,9.643,,,QC'd by Prestwick,candidate_step3_property,,C8H15NO,141.21,0.8,1,2,0,0
20854,863003,135461535,CC1=CC2=NC(=NC(=C2C=C1)C)NC3=NC(=CC(=O)N3)CSC4=NN=NN4C5=CC=CC=C5,Inactive,0,,,Inactive,,,,,,,,,,4,,-15.3783,,,,,6.5579,,,14.2544,,,12.4804,,,9.735,,,15.5406,,,5.2002,,,-15.3783,QC'd by DPISMR,residual_possible_step4_or_definition_mismatch,,C22H19N9OS,457.5,3.0,2,8,6,0
20913,844324,646644,CC1=CC(=C(C=C1)NCC2=NN=C(N2CC3=CC=CO3)SCC(=O)C4=CC=C(C=C4)OC)C,Inactive,0,,,Inactive,,,,,,,,,,4,,-2.3252,,,,,1.1546,,,0.4865,,,0.2002,,,5.4647,,,-8.9581,,,-11.3009,,,-2.3252,QC'd by DPISMR,residual_possible_step4_or_definition_mismatch,,C25H26N4O3S,462.6,4.6,1,7,10,0
20944,17384966,3247356,C[C@H]([C@H]1C[C@]1(C)[C@@H](C2=CC=CC=C2)NS(=O)(=O)C3=CC=CC=C3)C(=O)NC4=CC5=CC=CC=C5C=C4,Inactive,0,,,Inactive,,,,,,,,,,4,,11.7034,,,,,-12.4835,,,-2.5504,,,0.7025,,,5.7885,,,-1.5361,,,2.1209,,,11.7034,QC'd by UPCMLD,candidate_step3_property,,C30H30N2O3S,498.6,6.100,2,4,8,0
20952,856028,6603238,CCN1C=CC(=N)C=C1.Br,Inactive,0,,,Inactive,,,,,,,,,,4,,-17.5494,,,,,-5.3315,,,12.8011,,,-9.6012,,,-5.0238,,,2.8813,,,-29.5876,,,-17.5494,QC'd by DPISMR,property_value_missing,,C7H11BrN2,203.08,,2,2,1,0
20962,17384967,3247364,C[C@H]([C@@H]1C[C@@]1(C)[C@H](C2=CC=CC=C2)NS(=O)(=O)C3=CC=CC=C3)C(=O)NC4=CC5=CC=CC=C5C=C4,Inactive,0,,,Inactive,,,,,,,,,,4,,-5.7052,,,,,-6.0081,,,8.2198,,,-33.078,,,-12.56,,,9.2229,,,7.6449,,,-5.7052,QC'd by UPCMLD,candidate_step3_property,,C30H30N2O3S,498.6,6.100,2,4,8,0
20965,863066,6880170,CC1=NC2=C(C3=NC4=CC=CC=C4N=C3N2/N=C/C5=CC=CO5)C(=O)N1CCC6=CCCCC6,Inactive,0,,,Inactive,,,,,,,,,,4,,-19.0579,,,,,-13.6349,,,-0.8831,,,-0.903,,,-7.8886,,,-17.8138,,,-11.23,,,-19.0579,QC'd by DPISMR,residual_possible_step4_or_definition_mismatch,,C26H24N6O2,452.5,4.2,0,6,5,0
20972,11112306,92305,CC(C)[C@](CCCN(C)CCC1=CC(=C(C=C1)OC)OC)(C#N)C2=CC(=C(C=C2)OC)OC,Inactive,0,,,Inactive,,,,,,,,,,4,,1.5076,,-2.6705,-12.9396,,4.2038,-2.4458,,-4.3568,-6.8591,,-9.8956,-15.9457,,-20.5879,9.2848,,2.6039,-5.2799,,-2.3303,1.5076,,,QC'd by Prestwick,residual_possible_step4_or_definition_mismatch,,C27H38N2O4,454.6,3.800,0,6,13,0
20982,17384968,3247380,C[C@H]([C@@H]1C[C@@]1(C)[C@H](C2=CC=CC=C2)NS(=O)(=O)C3=CC4=CC=CC=C4C=C3)C(=O)NC5=CC6=CC=CC=C6C=C5,Inactive,0,,,Inactive,,,,,,,,,,4,,-1.4386,,,,,2.7317,,,3.1521,,,-1.9334,,,5.3156,,,5.9114,,,-5.6479,,,-1.4386,QC'd by UPCMLD,candidate_step3_property,,C34H32N2O3S,548.7,7.3,2,4,8,0
21007,17384960,3247363,C[C@H]([C@@H]1C[C@@]1(C)[C@H](C2=CC=CC=C2)NC(=O)OC3=CC=C(C=C3)F)C(=O)NC4=CC5=CC=CC=C5C=C4,Inactive,0,,,Inactive,,,,,,,,,,4,,1.7641,,,,,4.92,,,17.7397,,,13.0261,,,23.1195,,,14.2572,,,14.6993,,,1.7641,QC'd by UPCMLD,candidate_step3_property,,C31H29FN2O3,496.6,6.8,2,4,8,0
21016,17384962,3247379,C[C@H]([C@H]1C[C@]1(C)[C@@H](C2=CC=CC=C2)NS(=O)(=O)C3=CC4=CC=CC=C4C=C3)C(=O)NC5=CC6=CC=CC=C6C=C5,Inactive,0,,,Inactive,,,,,,,,,,4,,6.1528,,,,,13.4608,,,6.61,,,20.6086,,,13.7317,,,16.6192,,,15.0729,,,6.1528,QC'd by UPCMLD,candidate_step3_property,,C34H32N2O3S,548.7,7.3,2,4,8,0
21059,847009,649404,CN1C(=NN=C1SCC(=O)N2C3=CC=CC=C3CCC4=CC=CC=C42)CN5C6=CC=CC=C6N=N5,Inactive,0,,,Inactive,,,,,,,,,,4,,-1.1135,,,,,1.2472,,,-6.9544,,,15.7492,,,25.67,,,11.0369,,,-4.635,,,-1.1135,QC'd by DPISMR,residual_possible_step4_or_definition_mismatch,,C26H23N7OS,481.6,4.0,0,6,5,0
21061,856019,1967,CC1=C(C(=O)C(=C(C1=O)C)CCCCC#CCCCC#CCO)C,Inactive,0,,,Inactive,,,,,,,,,,4,,-17.2597,,13.7035,,,4.0359,,,13.7508,,,12.7461,,,18.7615,,,-2.9468,,,-4.3038,,,-17.2597,QC'd by SigmaAldrich,residual_possible_step4_or_definition_mismatch,,C21H26O3,326.4,3.9,1,3,6,0
21110,17384975,3247350,C[C@H]([C@H]1C[C@]1(C)[C@@H](C2=CC=CC=C2)NC(=O)C3=CC=CC=C3)C(=O)NC4=CC5=CC=CC=C5C=C4,Inactive,0,,,Inactive,,,,,,,,,,4,,-9.4325,,,,,8.7638,,,-13.2156,,,-7.6404,,,1.4442,,,-5.0245,,,-7.3198,,,-9.4325,QC'd by UPCMLD,candidate_step3_property,,C31H30N2O2,462.6,6.4,2,2,7,0
21120,11112315,11972593,CCN1C[C@@]2([C@H](C[C@H]([C@]34[C@@H]2[C@H]([C@@H]([C@H]31)[C@]5([C@@H]6[C@@H]4C[C@@]([C@H]6OC(=O)C7=CC=CC=C7)([C@H]([C@H]5O)OC)O)OC(=O)C)OC)OC)O)COC,Inactive,0,,,Inactive,,,,,,,,,,4,,-8.138,,-3.8504,-9.7743,,-5.8785,-19.5996,,-15.5877,-3.968,,-1.5644,-7.1582,,-5.4502,-17.5267,,-8.5486,3.2101,,-6.8573,-8.138,,,QC'd by Prestwick,candidate_step3_property,,C34H47NO11,645.7,0.3,3,12,11,0
21127,17384976,3247358,C[C@H]([C@@H]1C[C@@]1(C)[C@H](C2=CC=CC=C2)NC(=O)C3=CC=CC=C3)C(=O)NC4=CC5=CC=CC=C5C=C4,Inactive,0,,,Inactive,,,,,,,,,,4,,3.5273,,,,,16.3569,,,4.0235,,,-15.1935,,,11.6219,,,6.1326,,,2.9036,,,3.5273,QC'd by UPCMLD,candidate_step3_property,,C31H30N2O2,462.6,6.4,2,2,7,0
21169,17384970,3247357,C[C@H]([C@H]1C[C@]1(C)[C@@H](C2=CC=CC=C2)NP(=O)(C3=CC=CC=C3)C4=CC=CC=C4)C(=O)NC5=CC6=CC=CC=C6C=C5,Inactive,0,,,Inactive,,,,,,,,,,4,,-5.6316,,,,,-13.6898,,,-24.9576,,,3.9032,,,0.5705,,,-2.9544,,,-13.7825,,,-5.6316,QC'd by UPCMLD,candidate_step3_property,,C36H35N2O2P,558.6,7.5,2,3,9,0
21185,17384971,3247365,C[C@H]([C@@H]1C[C@@]1(C)[C@H](C2=CC=CC=C2)NP(=O)(C3=CC=CC=C3)C4=CC=CC=C4)C(=O)CC5=CC6=CC=CC=C6C=C5,Inactive,0,,,Inactive,,,,,,,,,,4,,-27.6888,,,,,-0.8171,,,-22.9026,,,0.3191,,,2.0245,,,-14.2541,,,-2.7201,,,-27.6888,QC'd by UPCMLD,candidate_step3_property,,C37H36NO2P,557.7,7.9,1,3,10,0
21205,17384972,3247373,C[C@H]([C@H]1C[C@]1(C)[C@@H](C2=CC=CC=C2)NS(=O)(=O)C3=CC=C(C=C3)C4=CC=CC=C4)C(=O)NC5=CC6=CC=CC=C6C=C5,Inactive,0,,,Inactive,,,,,,,,,,4,,-9.2316,,,,,4.7799,,,-7.5599,,,-12.0351,,,15.079,,,2.1206,,,2.5921,,,-9.2316,QC'd by UPCMLD,candidate_step3_property,,C36H34N2O3S,574.7,7.7,2,4,9,0
21326,11112286,6604030,CN1CCCC[C@@H]1CCN2C3=CC=CC=C3SC4=C2C=C(C=C4)SC,Inactive,0,,,Inactive,,,,,,,,,,4,,-4.1559,,19.3278,-5.3883,,-4.9108,-13.0342,,-17.3333,7.8441,,-16.9984,-1.3413,,-11.8646,-17.4673,,-15.1385,-12.5732,,-1.3875,-4.1559,,,QC'd by Prestwick,candidate_step3_property,,C21H26N2S2,370.6,5.900,0,4,4,0
21381,17384959,3247355,C[C@H]([C@H]1C[C@]1(C)[C@@H](C2=CC=CC=C2)NC(=O)OC3=CC=C(C=C3)F)C(=O)NC4=CC5=CC=CC=C5C=C4,Inactive,0,,,Inactive,,,,,,,,,,4,,-11.1533,,,,,-22.5516,,,3.4548,,,3.3433,,,4.9583,,,4.5622,,,-3.4527,,,-11.1533,QC'd by UPCMLD,candidate_step3_property,,C31H29FN2O3,496.6,6.8,2,4,8,0
21393,11112299,11972592,CC[C@H](C)C(=O)O[C@@H]1[C@@H]([C@@H]2[C@H](CN3C[C@H](CC[C@@H]3[C@@]2(C)O)C)[C@H]4[C@@]1([C@@H]5[C@@H]([C@H]([C@@H]6[C@]7([C@@]5(C4)O[C@]6([C@H](CC7)OC(=O)[C@@](C)(CC)O)O)C)OC(=O)C)OC(=O)C)O)O,Inactive,0,,,Inactive,,,,,,,,,,4,,19.759,,13.3938,8.7424,,22.356,8.5493,,1.1759,9.9671,,6.2164,16.0425,,-9.4831,-5.4803,,12.8221,1.3724,,-2.2044,19.759,,,QC'd by Prestwick,candidate_step3_property,,C41H63NO14,793.9,2.1,5,15,12,0
21409,11112298,6604230,CCCC[C@H](CC)CN1CC(CN(C1)C[C@@H](CC)CCCC)(C)N,Inactive,0,,,Inactive,,,,,,,,,,4,,-5.8599,,4.8812,12.4031,,2.4627,1.8798,,-12.2758,4.9378,,7.8278,3.0376,,-2.8595,6.591,,1.7244,8.5127,,17.4603,-5.8599,,,QC'd by Prestwick,candidate_step3_property,,C21H45N3,339.6,5.7,1,3,12,0
21412,863042,664282,CN1CCC2=C(C1)SC3=C2C(=O)N(C4=NN=C(N34)SCC5=CC=C(C=C5)Cl)C6=CC=CC=C6,Inactive,0,,,Inactive,,,,,,,,,,4,,-27.5412,,,,,-6.3097,,,-9.8443,,,-4.5914,,,-13.1829,,,-4.5194,,,-1.3502,,,-27.5412,QC'd by DPISMR,candidate_step3_property,,C24H20ClN5OS2,494.0,5.0,0,6,4,0
21423,4264592,1259830,COC(=O)C1=CC=C(C=C1)OC2=NC(=NC(=N2)N3CCCC3)NC4=CC=C(C=C4)F,Inactive,0,,,Inactive,,,,,,,,,,4,,-12.9573,,,,,1.2112,,,-7.5016,,,-1.5092,,,-19.6044,,,-13.2661,,,-3.1912,,,-12.9573,QC'd by DPISMR,residual_possible_step4_or_definition_mismatch,,C21H20FN5O3,409.4,4.600,1,9,7,0
21466,856002,3194,C1=CC=C(C=C1)N2C(=O)C3=CC=CC=C3[Se]2,Inactive,0,,,Inactive,,,,,,,,,,4,,-3.157,,-13.8623,,,-9.0113,,,-15.3941,,,-7.7333,,,-3.306,,,-16.3352,,,17.1537,,,-3.157,QC'd by SigmaAldrich,candidate_step1_inorganic,Se,C13H9NOSe,274.19,,0,1,1,0
21475,856000,62969,CC(C)C(CCCN(C)CCC1=CC(=C(C=C1)OC)OC)(C#N)C2=CC(=C(C=C2)OC)OC.Cl,Inactive,0,,,Inactive,,,,,,,,,,4,,-0.3201,,11.1993,10.8569,,21.9379,13.4959,,10.4263,16.167,,-0.6586,22.6241,,5.2476,-0.9734,,28.6592,9.0677,,18.1055,16.9306,,-0.3201,QC'd by Timtec,property_value_missing,,C27H39ClN2O4,491.1,,1,6,13,0
21519,17384931,3247321,C[C@H]([C@H]1C[C@]1(C)[C@@H](C2=CC=CC=C2)NC(=O)OCC3=CC=CC=C3)C(=O)NCC4=CN=C(C=C4)C(F)(F)F,Inactive,0,,,Inactive,,,,,,,,,,4,,38.7389,,,,,5.7061,,,22.1062,,,18.4995,,,19.2881,,,3.2243,,,11.66,,,38.7389,QC'd by UPCMLD,candidate_step3_property,,C29H30F3N3O3,525.6,5.2,2,7,10,0
21525,17384927,3247292,C[C@H]([C@@H]1C[C@@]1(C)[C@H](C2=CC=CC=C2)NC(=O)OCC3=CC=CC=C3)C(=O)NCCC4=CNC5=CC=CC=C54,Inactive,0,,,Inactive,,,,,,,,,,4,,-26.9629,,,,,-1.3464,,,-2.5801,,,12.6487,,,16.2589,,,10.1416,,,-18.0239,,,-26.9629,QC'd by UPCMLD,candidate_step3_property,,C32H35N3O3,509.6,5.9,3,3,11,0
21559,17384929,3247308,C1[C@H]([C@@H]1C(=O)NC2=CC3=CC=CC=C3C=C2)[C@H](C4=CC=CC=C4)NP(=O)(C5=CC=CC=C5)C6=CC=CC=C6,Inactive,0,,,Inactive,,,,,,,,,,4,,-14.0915,,,,,2.9623,,,12.0458,,,-0.5947,,,22.6799,,,10.6007,,,7.0231,,,-14.0915,QC'd by UPCMLD,candidate_step3_property,,C33H29N2O2P,516.6,6.3,2,3,8,0
21576,11112207,6604209,C[C@@H]1CC[C@]2(CC[C@@]3(C(=CC[C@@H]4[C@@]3(CC[C@@H]5[C@@]4(CC[C@H](C5(C)C)O)C)C)[C@H]2[C@@H]1C)C)C(=O)O,Inactive,0,,,Inactive,,,,,,,,,,4,,-6.8426,,0.6824,-9.493,,-10.8464,-5.4066,,-4.388,-8.6163,,-14.422,-16.2609,,-1.5033,-8.7944,,0.3984,0.0846,,8.5855,-6.8426,,,QC'd by Prestwick,candidate_step3_property,,C30H48O3,456.7,7.3,2,3,1,0
21628,7975917,2197839,CCCCCCOC(=O)SC1=NC2=CC=CC=C2O1,Inactive,0,,,Inactive,,,,,,,,,,4,,26.5533,,,,,3.647,,,-4.5512,,,-18.34,,,-8.2543,,,4.4055,,,12.3768,,,26.5533,QC'd by DPISMR,candidate_step3_property,,C14H17NO3S,279.36,5.1,0,5,8,0
21651,17384939,3247322,C[C@H]([C@H]1C[C@]1(C)[C@@H](C2=CC=CC=C2)NC(=O)OCC3=CC=CC=C3)C(=O)NCC4=CC=CC5=CC=CC=C54,Inactive,0,,,Inactive,,,,,,,,,,4,,-3.6599,,,,,-6.2276,,,10.8532,,,-30.3562,,,-2.029,,,-9.8564,,,-10.6583,,,-3.6599,QC'd by UPCMLD,candidate_step3_property,,C33H34N2O3,506.6,6.6,2,3,10,0
21681,11112209,6603844,CC[C@@]1(CC(=O)NC1=O)C,Inactive,0,,,Inactive,,,,,,,,,,4,,-4.6507,,9.6016,2.7923,,0.472,1.1729,,0.4099,4.2721,,11.8478,-1.2999,,-5.298,7.2931,,-7.1262,4.3187,,4.2361,-4.6507,,,QC'd by Prestwick,candidate_step3_property,,C7H11NO2,141.17,0.400,1,2,1,0
21746,17384940,3247331,C1[C@@H]([C@H]1C(=O)NCC2=CC=CC3=CC=CC=C32)[C@@H](C4=CC=CC=C4)NP(=O)(C5=CC=CC=C5)C6=CC=CC=C6,Inactive,0,,,Inactive,,,,,,,,,,4,,-22.7683,,,,,-4.9189,,,-1.3623,,,7.3876,,,-0.6245,,,-24.5431,,,-16.7298,,,-22.7683,QC'd by UPCMLD,candidate_step3_property,,C34H31N2O2P,530.6,6.2,2,3,9,0
21780,17384914,3247328,CC1=C(C(=C(C=C1)CNC(=O)[C@H]2C[C@@H]2[C@@H](C3=CC=CC=C3)NP(=O)(C4=CC=CC=C4)C5=CC=CC=C5)F)F,Inactive,0,,,Inactive,,,,,,,,,,4,,0.5415,,,,,15.093,,,97.3791,,,50.8196,,,24.7102,,,21.1536,,,17.3508,,,0.5415,QC'd by UPCMLD,candidate_step3_property,,C31H29F2N2O2P,530.5,5.5,2,5,9,0
21797,17384913,3247319,C[C@H]([C@H]1C[C@]1(C)[C@@H](C2=CC=CC=C2)NC(=O)OCC3=CC=CC=C3)C(=O)NCC4=CC(=C(C=C4)OC)OC,Inactive,0,,,Inactive,,,,,,,,,,4,,3.8923,,,,,9.1699,,,22.2836,,,-38.1831,,,-0.6329,,,3.8452,,,-4.8884,,,3.8923,QC'd by UPCMLD,candidate_step3_property,,C31H36N2O5,516.6,5.300,2,5,12,0
21819,17384912,3247314,C1[C@H]([C@@H]1C(=O)NCCC2=CNC3=CC=CC=C32)[C@H](C4=CC=CC=C4)NP(=O)(C5=CC=CC=C5)C6=CC=CC=C6,Inactive,0,,,Inactive,,,,,,,,,,4,,-6.8398,,,,,-9.7493,,,-8.5012,,,21.576,,,-3.2976,,,4.845,,,-0.161,,,-6.8398,QC'd by UPCMLD,candidate_step3_property,,C33H32N3O2P,533.6,5.5,3,3,10,0
21826,847022,649417,CCC(C1=NN=NN1CCC2=CC=CC=C2)N(CC3=CC=CO3)CC4=CC5=CC=CC(=C5NC4=O)C,Inactive,0,,,Inactive,,,,,,,,,,4,,-9.0668,,,,,-19.3406,,,-0.8033,,,-1.2334,,,-2.1975,,,-0.8843,,,-9.4287,,,-9.0668,QC'd by DPISMR,residual_possible_step4_or_definition_mismatch,,C28H30N6O2,482.6,4.1,1,6,10,0
21844,17384918,3247291,C[C@H]([C@@H]1C[C@@]1(C)[C@H](C2=CC=CC=C2)NC(=O)OCC3=CC=CC=C3)C(=O)NCC4=CC=CC=C4,Inactive,0,,,Inactive,,,,,,,,,,4,,-2.4515,,,,,2.4635,,,-25.6987,,,1.5922,,,-4.2497,,,-7.2809,,,-5.6416,,,-2.4515,QC'd by UPCMLD,candidate_step3_property,,C29H32N2O3,456.6,5.3,2,3,10,0
21866,11112190,6604202,CC1=CC2=C(C=C1C)N(C=N2)[C@H]3[C@H]([C@H]([C@H](O3)CO)OP(=O)([O-])O[C@@H](C)CNC(=O)CC[C@]4([C@@H]([C@H]5[C@]6([C@]([C@H](/C(=C(/C7=N/C(=C\C8=N/C(=C(\C4=N5)/C)/[C@H](C8(C)C)CCC(=O)N)/[C@H]([C@]7(C)CC(=O)N)CCC(=O)N)\C)/[N-]6)CCC(=O)N)(C)CC(=O)N)C)CC(=O)N)C)O.[C-]#N.[Co+3],Inactive,0,,,Inactive,,,,,,,,,,4,,-8.8742,,-2.3629,9.0985,,8.6445,4.0436,,2.4496,1.7307,,-5.5887,0.1863,,2.2895,1.9263,,1.2372,4.2797,,5.0764,-8.8742,,,QC'd by Prestwick,candidate_step1_inorganic,Co,C63H88CoN14O14P,1355.4,,9,21,26,0
21882,11112189,6604201,C[C@@H](CCCC(C)C)[C@@H]1CC[C@@H]\2[C@]1(CCC/C2=C\C=C/3\C[C@H](CCC3=C)O)C,Inactive,0,,,Inactive,,,,,,,,,,4,,2.7988,,-9.7912,-1.4845,,-5.3944,-0.2208,,0.531,0.6558,,15.47,7.793,,7.2806,1.055,,8.3987,7.1829,,3.5823,2.7988,,,QC'd by Prestwick,candidate_step3_property,,C27H44O,384.6,7.9,1,1,6,0
21904,11112188,3042,CCN(CC)CCOC(=O)C1(CCCCC1)C2CCCCC2,Inactive,0,,,Inactive,,,,,,,,,,4,,-4.0734,,-0.0456,-3.3254,,-3.9262,-7.0821,,-21.75,-2.5838,,-5.8674,-2.6704,,-4.7368,-5.8714,,-6.2912,-1.2261,,-15.911,-4.0734,,,QC'd by Prestwick,candidate_step3_property,,C19H35NO2,309.5,5.5,0,3,8,0
21921,17384922,3247320,CC1=C(C(=C(C=C1)CNC(=O)[C@H](C)[C@H]2C[C@]2(C)[C@@H](C3=CC=CC=C3)NC(=O)OCC4=CC=CC=C4)F)F,Inactive,0,,,Inactive,,,,,,,,,,4,,8.1108,,,,,-2.6206,,,58.3665,,,15.1689,,,14.1311,,,-5.0328,,,13.9798,,,8.1108,QC'd by UPCMLD,candidate_step3_property,,C30H32F2N2O3,506.6,5.9,2,5,10,0
21934,11112195,6234,C1[C@H](C(=O)NO1)N,Inactive,0,,,Inactive,,,,,,,,,,4,,9.1392,,15.2384,13.4906,,2.116,-13.9819,,1.6606,3.3127,,4.7532,-5.2739,,4.4311,2.556,,14.8632,5.3815,,12.5646,9.1392,,,QC'd by Prestwick,candidate_step3_property,,C3H6N2O2,102.09,-1.5,2,3,0,0
21949,11112194,6234,C1[C@H](C(=O)NO1)N,Inactive,0,,,Inactive,,,,,,,,,,4,,-9.4756,,-0.5351,-15.6247,,-15.7258,-15.1655,,-15.0509,-15.2606,,-8.2206,-0.1241,,-13.8775,-18.218,,-17.2023,-7.8949,,-10.8179,-9.4756,,,QC'd by Prestwick,candidate_step3_property,,C3H6N2O2,102.09,-1.5,2,3,0,0
21979,847014,649409,CC1=CC2=C(C=C1)OCCN2,Inactive,0,,,Inactive,,,,,,,,,,4,,1.029,,,,,10.852,,,20.3544,,,-3.1928,,,-3.1571,,,-1.2773,,,5.2351,,,1.029,QC'd by DPISMR,candidate_step3_property,,C9H11NO,149.19,2.0,1,2,0,0
22058,3717853,3000165,C1CC2=CC3=C(C=C2C1)OC=C3CC(=O)OCC4=CC(=O)N5C6=CC=CC=C6SC5=N4,Inactive,0,,,Inactive,,,,,,,,,,4,,-16.0109,,,,,-5.4101,,,0.7622,,,3.1457,,,6.2683,,,3.9556,,,9.5976,,,-16.0109,QC'd by DPISMR,residual_possible_step4_or_definition_mismatch,,C24H18N2O4S,430.5,4.1,0,6,5,0
22120,7975948,1068515,COC1=CC(=C(C=C1)NC2=NC(=NC(=N2)N3CCCCC3)N4CCCCC4)OC,Inactive,0,,,Inactive,,,,,,,,,,4,,-6.8391,,,,,5.7896,,,-0.8778,,,7.0687,,,6.448,,,1.6977,,,-15.8982,,,-6.8391,QC'd by DPISMR,residual_possible_step4_or_definition_mismatch,,C21H30N6O2,398.5,4.4,1,8,6,0
22141,17384899,3247282,C[C@H]([C@H]1C[C@]1(C)[C@@H](C2=CC=CC=C2)NC(=O)OCC3=CC=CC=C3)C(=O)NCC4=CC=CC=C4,Inactive,0,,,Inactive,,,,,,,,,,4,,9.1387,,,,,17.3293,,,18.2575,,,7.1007,,,29.7364,,,-10.4426,,,17.2979,,,9.1387,QC'd by UPCMLD,candidate_step3_property,,C29H32N2O3,456.6,5.3,2,3,10,0
22145,844420,646746,CCC(C1=NN=NN1CC2=CC=CO2)N(CC3=CC4=C(C=CC(=C4)OC)NC3=O)C5CCCCC5,Inactive,0,,,Inactive,,,,,,,,,,4,,-20.5351,,,,,5.8586,,,-15.79,,,-0.7499,,,-11.945,,,4.3385,,,-10.4183,,,-20.5351,QC'd by DPISMR,residual_possible_step4_or_definition_mismatch,,C26H32N6O3,476.6,3.8,1,7,9,0
22146,850991,653544,CC1=CC2=C(C=C1)C=C(C(=O)N2)C(C3=NN=NN3C4CCCC4)N5CCN(CC5)C6=CC=C(C=C6)F,Inactive,0,,,Inactive,,,,,,,,,,4,,-0.013,,,,,-0.6493,,,9.5178,,,20.5107,,,25.9943,,,18.1873,,,-4.6225,,,-0.013,QC'd by DPISMR,residual_possible_step4_or_definition_mismatch,,C27H30FN7O,487.6,3.8,1,7,5,0
22174,17384901,3247297,C1[C@@H]([C@H]1C(=O)NC2=CC3=CC=CC=C3C=C2)[C@@H](C4=CC=CC=C4)NP(=O)(C5=CC=CC=C5)C6=CC=CC=C6,Inactive,0,,,Inactive,,,,,,,,,,4,,-13.1601,,,,,-4.7413,,,-1.7491,,,8.492,,,7.3993,,,6.7211,,,14.6151,,,-13.1601,QC'd by UPCMLD,candidate_step3_property,,C33H29N2O2P,516.6,6.3,2,3,8,0
22193,17384903,3247313,C1[C@H]([C@@H]1C(=O)NCC2=CC=CC=C2)[C@H](C3=CC=CC=C3)NP(=O)(C4=CC=CC=C4)C5=CC=CC=C5,Inactive,0,,,Inactive,,,,,,,,,,4,,6.1684,,,,,9.6007,,,-11.9912,,,3.5074,,,-6.2055,,,9.4621,,,4.2595,,,6.1684,QC'd by UPCMLD,candidate_step3_property,,C30H29N2O2P,480.5,5.0,2,3,9,0
22236,17384905,3247327,COC1=C(C=C(C=C1)CNC(=O)[C@H]2C[C@@H]2[C@@H](C3=CC=CC=C3)NP(=O)(C4=CC=CC=C4)C5=CC=CC=C5)OC,Inactive,0,,,Inactive,,,,,,,,,,4,,3.8334,,,,,-0.1056,,,15.5218,,,-20.037,,,5.8066,,,7.2423,,,2.3165,,,3.8334,QC'd by UPCMLD,residual_possible_step4_or_definition_mismatch,,C32H33N2O4P,540.6,4.9,2,5,11,0
22283,17384908,3247283,C[C@H]([C@H]1C[C@]1(C)[C@@H](C2=CC=CC=C2)NC(=O)OCC3=CC=CC=C3)C(=O)NCCC4=CNC5=CC=CC=C54,Inactive,0,,,Inactive,,,,,,,,,,4,,13.7387,,,,,19.298,,,24.9696,,,-11.6798,,,1.4599,,,9.0544,,,11.6057,,,13.7387,QC'd by UPCMLD,candidate_step3_property,,C32H35N3O3,509.6,5.9,3,3,11,0
22310,11112248,6604219,C([C@H]1[C@H]([C@H]([C@@H]([C@H](O1)O[C@@H]([C@H](CO)O)[C@@H]([C@@H](C(=O)O)O)O)O)O)O)O,Inactive,0,,,Inactive,,,,,,,,,,4,,7.2583,,-0.5302,-10.0645,,3.9728,13.6276,,-10.4209,7.2107,,-2.5953,7.2273,,0.1707,3.1147,,-6.2951,-6.8447,,-5.9557,7.2583,,,QC'd by Prestwick,candidate_step3_property,,C12H22O12,358.30,-5.0,9,12,8,0
22374,11112220,6604213,CC[C@H](CC[C@H](C)[C@@H]1CC[C@H]2[C@]1(CC[C@H]3[C@@H]2CC=C4[C@@]3(CC[C@@H](C4)O)C)C)C(C)C,Inactive,0,,,Inactive,,,,,,,,,,4,,1.9491,,8.0359,-6.4697,,1.6793,-16.3254,,5.1654,4.4343,,-4.1475,-12.6197,,-7.1398,-24.8907,,-0.639,-10.7434,,1.5169,1.9491,,,QC'd by Prestwick,candidate_step3_property,,C29H50O,414.7,9.3,1,1,6,0
22417,4259199,1263560,C1CCN(CC1)C2=NC(=NC(=N2)SCC(=O)C3=CC=CC=C3)N4CCCCC4,Inactive,0,,,Inactive,,,,,,,,,,4,,17.2167,,,,,2.7327,,,-3.5378,,,-14.1631,,,-22.094,,,12.5014,,,1.4983,,,17.2167,QC'd by DPISMR,residual_possible_step4_or_definition_mismatch,,C21H27N5OS,397.5,4.8,0,7,6,0
22431,17384882,3247303,C1[C@@H]([C@H]1C(=O)NCCC2=CNC3=CC=CC=C32)[C@@H](C4=CC=CC=C4)NP(=O)(C5=CC=CC=C5)C6=CC=CC=C6,Inactive,0,,,Inactive,,,,,,,,,,4,,-17.26,,,,,4.769,,,5.8518,,,8.9889,,,-10.5334,,,1.4708,,,6.0432,,,-17.26,QC'd by UPCMLD,candidate_step3_property,,C33H32N3O2P,533.6,5.5,3,3,10,0
22446,11112224,192197,CC[C@H](C1=CC=C(C=C1)O)[C@@H](CC)C2=CC=C(C=C2)O,Inactive,0,,,Inactive,,,,,,,,,,4,,-23.8135,,6.7137,-14.859,,-8.6403,-21.7339,,-20.0026,-13.1867,,-25.4492,3.3134,,-12.0003,-3.801,,-2.1747,-9.6487,,-7.7979,-23.8135,,,QC'd by Prestwick,candidate_step3_property,,C18H22O2,270.4,5.2,2,2,5,0
22468,17384884,3247324,CC1=C(C(=C(C=C1)CNC(=O)[C@H](C)[C@@H]2C[C@@]2(C)[C@H](C3=CC=CC=C3)NC(=O)OCC4=CC=CC=C4)F)F,Inactive,0,,,Inactive,,,,,,,,,,4,,16.9565,,,,,10.8829,,,8.8807,,,4.4693,,,-7.9069,,,-3.8447,,,4.3001,,,16.9565,QC'd by UPCMLD,candidate_step3_property,,C30H32F2N2O3,506.6,5.9,2,5,10,0
22499,11112226,6604214,CCOC(=O)OC1=C(C=C(C=C1OC)C(=O)O[C@H]2C[C@H]3CN4CCC5=C([C@@H]4C[C@H]3[C@H]([C@@H]2OC)C(=O)OC)NC6=C5C=CC(=C6)OC)OC,Inactive,0,,,Inactive,,,,,,,,,,4,,5.8008,,12.2904,-8.3973,,6.0429,4.7205,,9.2188,5.2578,,10.4441,5.1798,,9.2995,7.3423,,6.0568,8.178,,11.1555,5.8008,,,QC'd by Prestwick,candidate_step3_property,,C35H42N2O11,666.7,4.6,1,12,13,0
22512,17384886,3247265,C[C@H]([C@H]1C[C@]1(C)[C@@H](C2=CC=CC=C2)NC(=O)OCC3=CC=CC=C3)C(=O)N[C@H](CC4=CC=CC=C4)CO,Inactive,0,,,Inactive,,,,,,,,,,4,,4.9447,,,,,4.0888,,,4.587,,,8.1789,,,3.2482,,,8.67,,,12.1838,,,4.9447,QC'd by UPCMLD,candidate_step3_property,,C31H36N2O4,500.6,5.200,3,4,12,0
22545,847049,649444,CC1=CC=C(C=C1)C2=NN=C(O2)CSC3=NN=C4N3C(=NC5=C4C(=C(S5)C)C)C(C)C,Inactive,0,,,Inactive,,,,,,,,,,4,,-5.8422,,,,,2.2493,,,1.1768,,,-0.3004,,,4.7114,,,-18.1707,,,-5.0492,,,-5.8422,QC'd by DPISMR,candidate_step3_property,,C22H22N6OS2,450.6,6.0,0,8,5,0
22662,855906,5510,CC1=CC(=CC=C1)N(C)C(=S)OC2=CC3=CC=CC=C3C=C2,Inactive,0,,,Inactive,,,,,,,,,,4,,-12.9723,,,,,16.322,,,-2.8417,,,-1.6104,,,9.8868,,,3.3754,,,18.9107,,,-12.9723,QC'd by Microsource,candidate_step3_property,,C19H17NOS,307.4,5.5,0,2,3,0
22681,11112398,442649,C1CC(=NC1)C2=CN=CC=C2,Inactive,0,,,Inactive,,,,,,,,,,4,,7.691,,4.7691,-5.5573,,-8.4574,-9.6353,,-11.0356,-0.3003,,-8.1018,-3.6775,,-0.034,5.3855,,-2.7691,5.7496,,-2.7127,7.691,,,QC'd by Prestwick,candidate_step3_property,,C9H10N2,146.19,0.6,0,2,1,0
22782,844202,646514,CC1=C(C=C(C=C1)NC(=O)CSC2=NN=C(N2C3=CC=CC=C3)COC4=CC=C(C=C4)C#N)C,Inactive,0,,,Inactive,,,,,,,,,,4,,22.4997,,,,,-0.0251,,,4.9109,,,24.3548,,,18.1382,,,6.042,,,15.9042,,,22.4997,QC'd by DPISMR,residual_possible_step4_or_definition_mismatch,,C26H23N5O2S,469.6,4.8,1,6,8,0
22822,11112383,6604263,C[C@H]1[C@H]([C@H]([C@@H]([C@H](O1)OC[C@H]2[C@H]([C@H]([C@@H]([C@H](O2)OC3=CC(=C4C(=O)C[C@H](OC4=C3)C5=CC(=C(C=C5)OC)O)O)O)O)O)O)O)O,Inactive,0,,,Inactive,,,,,,,,,,4,,8.2007,,29.4035,1.9573,,-2.0317,-24.1229,,-14.2716,-10.6562,,-9.4095,-12.5527,,-13.5487,-10.9589,,15.1399,2.1431,,5.8708,8.2007,,,QC'd by Prestwick,candidate_step3_property,,C28H34O15,610.6,-1.100,8,15,7,0
22854,846827,649220,CC1=CC2=C(C=C1)C=C(C(=O)N2)C(C3=NN=NN3C4CCCC4)N5CCN(CC5)C6=CC=C(C=C6)OC,Inactive,0,,,Inactive,,,,,,,,,,4,,-2.2051,,,,,4.067,,,4.0171,,,22.4846,,,21.0308,,,-8.0965,,,-20.0314,,,-2.2051,QC'd by DPISMR,residual_possible_step4_or_definition_mismatch,,C28H33N7O2,499.6,3.7,1,7,6,0
22857,4246930,135468407,COC1=C(C=C(C=C1)Cl)N2C3=C(C(=O)NC(=N3)SCC(=O)NCC4CCCO4)SC2=S,Inactive,0,,,Inactive,,,,,,,,,,4,,-11.6212,,,,,-13.9416,,,-11.5489,,,-30.4251,,,-14.0537,,,-3.7536,,,-44.9089,,,-11.6212,QC'd by DPISMR,residual_possible_step4_or_definition_mismatch,,C19H19ClN4O4S3,499.0,3.1,2,8,7,0
22862,11112412,5456,CCCCCCCCCCCCCCCC[N+](C)(C)CCN(CC1=CC=C(C=C1)OC)C2=NC=CC=N2,Inactive,0,,,Inactive,,,,,,,,,,4,,-18.1246,,3.2127,-10.4292,,0.7621,-2.7041,,-5.0713,-5.7201,,-5.3096,1.3296,,0.696,-1.2178,,1.4402,12.6782,,4.8199,-18.1246,,,QC'd by Prestwick,candidate_step3_property,,C32H55N4O+,511.8,9.9,0,4,22,1
23022,11112406,6604269,C[C@@H](CCCC(C)(C)O)N,Inactive,0,,,Inactive,,,,,,,,,,4,,11.0362,,12.9671,14.0558,,-4.5394,4.1974,,17.3709,-1.5923,,8.6175,5.8003,,7.3442,12.1148,,11.7008,2.7386,,-1.6003,11.0362,,,QC'd by Prestwick,candidate_step3_property,,C8H19NO,145.24,0.7,2,2,4,0
23023,4258884,1628636,CCOC(=O)C1=CN=C(N=C1N)SCC2=NC(=NC(=N2)NC3=CC=C(C=C3)C)N,Inactive,0,,,Inactive,,,,,,,,,,4,,-18.311,,,,,4.7564,,,11.2342,,,-0.0466,,,12.8618,,,7.7965,,,-8.2721,,,-18.311,QC'd by DPISMR,candidate_step3_property,,C18H20N8O2S,412.5,2.9,3,11,8,0
23148,11112428,3739,C1=C(C(=C(C(=C1I)NC(=O)CCCCC(=O)NC2=C(C=C(C(=C2I)C(=O)O)I)I)I)C(=O)O)I,Inactive,0,,,Activator,1.2589,16,,Complete curve; partial efficacy; poor fit,-5.9,0.8,0.5079,28,12,1.4,1 0 0 0 0 0 0 0 0 0 0 0 0 0,17.256,,39.8533,17.1856,,14.3212,14.7552,,6.6751,13.7518,,12.8238,17.2109,,16.393,20.1567,,17.0275,28.8497,,31.2501,17.256,,,QC'd by Prestwick,candidate_step3_property,,C20H14I6N2O6,1139.8,5.5,4,6,9,0
23163,4240973,2992722,COC1=C(C=C(C=C1)C2=CC(=NC(=N2)N3CCN(CC3)CC4=CC=CC=C4)C(F)(F)F)OC,Inactive,0,,,Inactive,,,,,,,,,,4,,0.4637,,,,,-6.8536,,,-12.3165,,,7.3116,,,7.9849,,,-3.5252,,,0.515,,,0.4637,QC'd by DPISMR,residual_possible_step4_or_definition_mismatch,,C24H25F3N4O2,458.5,4.5,0,9,6,0
23204,11112424,6604276,CC(=O)N[C@@H]1CCC2=CC(=C(C(=C2C3=CC=C(C(=O)C=C13)SC)OC)OC)O[C@@H]4[C@H]([C@@H]([C@@H]([C@@H](O4)CO)O)O)O,Inactive,0,,,Inactive,,,,,,,,,,4,,5.0833,,25.4789,5.9059,,8.2423,-2.9836,,3.3098,-4.3032,,-7.4052,3.8073,,-9.5958,5.3535,,-12.1648,4.3622,,1.1539,5.0833,,,QC'd by Prestwick,candidate_step3_property,,C27H33NO10S,563.6,-0.400,5,11,7,0
23351,11112416,11289,COC1=CC=C(C=C1)C(=C(C2=CC=C(C=C2)OC)Cl)C3=CC=C(C=C3)OC,Inactive,0,,,Inactive,,,,,,,,,,4,,11.085,,5.7098,9.1267,,1.2293,8.4609,,-1.9512,-0.2964,,6.7262,-3.0266,,0.3837,6.6102,,2.7992,14.8012,,33.0241,11.085,,,QC'd by Prestwick,candidate_step3_property,,C23H21ClO3,380.9,6.400,0,3,6,0
23522,11112437,3081,CC1(C(=O)NC(=O)O1)C,Inactive,0,,,Inactive,,,,,,,,,,4,,-3.866,,16.9686,4.737,,-12.8298,2.4744,,-1.0423,-6.3679,,-1.7127,3.5785,,13.0049,19.8485,,5.7374,15.1082,,8.1348,-3.866,,,QC'd by Prestwick,candidate_step3_property,,C5H7NO3,129.11,0.1,1,3,0,0
23534,11112436,6419891,C[C@]1(CCOC(=O)C1)O,Inactive,0,,,Inactive,,,,,,,,,,4,,-4.5145,,4.4516,-15.8255,,-19.1189,-2.9061,,-6.1219,-12.7008,,-2.8062,0.684,,-2.4264,2.2518,,0.6874,-4.3652,,1.0847,-4.5145,,,QC'd by Prestwick,candidate_step3_property,,C6H10O3,130.14,-0.3,1,3,0,0
23756,11112318,3503,CC1=CC2=C(C(=C(C(=C2C(C)C)O)O)C=O)C(=C1C3=C(C4=C(C=C3C)C(=C(C(=C4C=O)O)O)C(C)C)O)O,Inactive,0,,,Inactive,,,,,,,,,,4,,4.8974,,24.6492,7.4477,,30.2349,16.1303,,25.2959,8.3771,,4.0853,13.3741,,-0.0362,21.1955,,17.2386,21.3438,,27.4581,4.8974,,,QC'd by Prestwick,candidate_step3_property,,C30H30O8,518.6,6.9,6,8,5,0
23820,846896,649289,CCC(C1=NN=NN1C(C)(C)CC)N(CC2=CC=CS2)CC3=CC4=C(C=CC(=C4)OCC)NC3=O,Inactive,0,,,Inactive,,,,,,,,,,4,,-1.7105,,,,,-11.0161,,,2.9488,,,20.5245,,,-46.3475,,,-2.6408,,,16.5486,,,-1.7105,QC'd by DPISMR,residual_possible_step4_or_definition_mismatch,,C26H34N6O2S,494.7,4.2,1,7,11,0
23860,11112342,6604247,C[C@H](CCC(=O)O)[C@H]1CC[C@H]2[C@]1(CC[C@H]3[C@@H]2CC[C@@H]4[C@]3(CC[C@@H](C4)O)C)C,Inactive,0,,,Inactive,,,,,,,,,,4,,9.2009,,9.9099,18.1263,,-4.3494,-2.4316,,-0.0789,12.2786,,-3.171,16.6659,,13.294,7.5672,,9.24,23.7829,,11.6372,9.2009,,,QC'd by Prestwick,candidate_step3_property,,C24H40O3,376.6,6.3,2,3,4,0
23915,11112346,6604250,CC(=C)[C@H]1CC[C@]2([C@@H]1[C@@H]3CC[C@H]4[C@]5(CC[C@H](C([C@@H]5CC[C@@]4([C@@]3(CC2)C)C)(C)C)O)C)C(=O)O,Inactive,0,,,Inactive,,,,,,,,,,4,,22.2344,,-3.7779,0.2942,,-0.5782,-4.6496,,0.6883,2.5074,,0.4798,6.4317,,-11.3407,-6.6544,,11.7546,10.9072,,15.2091,22.2344,,,QC'd by Prestwick,candidate_step3_property,,C30H48O3,456.7,8.2,2,3,2,0
23935,862560,663789,CN1CCC2=C(C1)SC3=C2C(=O)N(C4=NN=C(N34)SCC5=CC=CC=C5F)C6=CC=CC=C6,Inactive,0,,,Inactive,,,,,,,,,,4,,-8.8618,,,,,4.2047,,,5.9458,,,4.8574,,,4.2097,,,-0.3694,,,4.8545,,,-8.8618,QC'd by DPISMR,residual_possible_step4_or_definition_mismatch,,C24H20FN5OS2,477.6,4.4,0,7,4,0
23965,11112347,6604251,CC(=C)[C@H]1CC[C@]2([C@@H]1[C@@H]3CC[C@H]4[C@]5(CC[C@H](C([C@@H]5CC[C@@]4([C@@]3(CC2)C)C)(C)C)O)C)CO,Inactive,0,,,Inactive,,,,,,,,,,4,,12.3183,,35.3127,7.4911,,-1.1775,13.4545,,13.752,7.7523,,14.0442,3.9562,,11.809,6.4018,,-1.3823,14.6961,,15.0534,12.3183,,,QC'd by Prestwick,candidate_step3_property,,C30H50O2,442.7,8.3,2,2,2,0
24234,7976361,1028458,COC1=CC=C(C=C1)C2=NN=C(O2)SC(=O)N3C4=CC=CC=C4SC5=CC=CC=C53,Inactive,0,,,Inactive,,,,,,,,,,4,,-1.4559,,,,,-9.0421,,,-0.585,,,-2.8939,,,-4.0603,,,-6.9077,,,12.944,,,-1.4559,QC'd by DPISMR,candidate_step3_property,,C22H15N3O3S2,433.5,5.3,0,7,4,0
24265,4241035,3236059,C1C2CC3CC1CC(C2)(C3)CNC(=O)C4=NN5C(CC(NC5=C4Cl)C6=CC=CO6)C(F)(F)F,Inactive,0,,,Inactive,,,,,,,,,,4,,9.4889,,,,,7.9579,,,-8.0274,,,2.6249,,,-0.6284,,,6.044,,,-3.629,,,9.4889,QC'd by DPISMR,candidate_step3_property,,C23H26ClF3N4O2,482.9,5.5,2,7,4,0
24295,846927,649320,CC1=CC(=C2C(=C1)C=C(C(=O)N2)CN(CC3=CC4=C(C=C3)OCO4)CC5=NN=NN5C6CCCC6)C,Inactive,0,,,Inactive,,,,,,,,,,4,,20.0886,,,,,18.4862,,,19.5181,,,-0.5985,,,-5.0826,,,1.5464,,,5.957,,,20.0886,QC'd by DPISMR,residual_possible_step4_or_definition_mismatch,,C27H30N6O3,486.6,3.6,1,7,7,0
24303,7976362,2276878,CC1=CC(=NC(=N1)SC2=C(C(=C(C(=C2F)F)C(F)(F)F)F)F)C,Inactive,0,,,Inactive,,,,,,,,,,4,,11.9543,,,,,22.1538,,,0.4359,,,-1.8408,,,-9.9345,,,-4.7683,,,5.3372,,,11.9543,QC'd by DPISMR,candidate_step3_property,,C13H7F7N2S,356.26,4.7,0,10,2,0
24435,4254879,756537,C1CCCN(CC1)C2=NC(=CC(=N2)C(F)(F)F)C3=CC=CC=C3,Inactive,0,,,Activator,19.9526,47.8253,,Single point of activity,-4.7,2.1876,0.9345,44.2031,-3.6222,3,0 0 0 0 0 0 0,39.6859,,,,,-3.4071,,,-3.0099,,,4.3651,,,-8.7883,,,-7.6263,,,7.6452,,,39.6859,QC'd by DPISMR,residual_possible_step4_or_definition_mismatch,,C17H18F3N3,321.34,4.4,0,6,2,0
24439,11112378,6604261,C[N+]1(C[C@H](C[C@@H]1C(=O)[O-])O)C,Inactive,0,,,Inactive,,,,,,,,,,4,,15.947,,23.2875,12.2384,,14.0133,9.0667,,2.0562,22.2557,,8.7765,18.22,,9.5303,18.599,,16.5254,3.5638,,11.3534,15.947,,,QC'd by Prestwick,residual_possible_step4_or_definition_mismatch,,C7H13NO3,159.18,0.1,1,3,0,0
24446,11112369,1796510,C1C[C@H](CNC1)C(=O)O,Inactive,0,,,Inactive,,,,,,,,,,4,,-2.0245,,8.3221,-5.1626,,-13.5644,-12.4952,,-13.8955,-13.3042,,-20.7656,-12.8489,,-15.2447,-16.0731,,-6.5269,-28.6319,,-6.357,-2.0245,,,QC'd by Prestwick,candidate_step3_property,,C6H11NO2,129.16,-2.900,2,3,1,0
24451,7967260,5308718,CN1C2=C(C=C(S2)C(=O)N3CCN(CC3)C4=CC=CC=C4OC)C(=N1)C5=CC=C(C=C5)Cl,Inactive,0,,,Inactive,,,,,,,,,,4,,-25.8934,,,,,3.993,,,3.1911,,,-5.5279,,,-1.5347,,,-9.2931,,,-3.9905,,,-25.8934,QC'd by DPISMR,candidate_step3_property,,C24H23ClN4O2S,467.0,5.2,0,5,4,0
24554,11112370,1257702,C1=CN(C=C(C1=O)O)C[C@H](C(=O)O)N,Inactive,0,,,Inactive,,,,,,,,,,4,,1.6289,,24.9654,-2.7196,,-0.5237,15.74,,18.1471,14.408,,3.6548,-2.5898,,2.2468,7.3453,,20.4575,5.2809,,-1.2028,1.6289,,,QC'd by Prestwick,candidate_step3_property,,C8H10N2O4,198.18,-3.5,3,6,3,0
24570,4259034,2219259,CC1=CC=C(C=C1)CN2C=CC(=N2)NC(=O)CCSC3=NC(=CC(=N3)C(F)(F)F)C4=CC=CO4,Inactive,0,,,Inactive,,,,,,,,,,4,,-9.7565,,,,,-1.716,,,-19.9506,,,-14.4215,,,-8.1123,,,-7.8038,,,-3.5682,,,-9.7565,QC'd by DPISMR,residual_possible_step4_or_definition_mismatch,,C23H20F3N5O2S,487.5,4.1,1,9,8,0
24635,11112516,5510,CC1=CC(=CC=C1)N(C)C(=S)OC2=CC3=CC=CC=C3C=C2,Inactive,0,,,Activator,12.5893,70.3406,,Partial curve; partial efficacy,-4.9,3.6772,0.9006,66.844,-3.4967,2.2,0 0 0 0 0 0 0 0 0 0 0 0 0 0,62.4109,,4.7082,-16.5798,,-5.6723,-0.8742,,-11.9212,-5.3583,,-4.7464,-0.1503,,-7.2704,7.533,,1.6075,-2.5561,,31.1225,62.4109,,,QC'd by Prestwick,candidate_step3_property,,C19H17NOS,307.4,5.5,0,2,3,0
24780,11112523,6604311,CCN(CCCCOC(=O)C1=CC(=C(C=C1)OC)OC)[C@@H](C)CC2=CC=C(C=C2)OC,Inactive,0,,,Inactive,,,,,,,,,,4,,-5.4055,,21.8417,-9.6714,,0.2932,0.1549,,4.934,-8.7975,,3.2439,-7.3498,,-18.6859,-6.2181,,5.3973,1.5893,,-14.4452,-5.4055,,,QC'd by Prestwick,candidate_step3_property,,C25H35NO5,429.5,5.2,0,6,14,0
24792,862739,663973,CN1CCC2=C(C1)SC3=C2C(=O)N(C4=NN=C(N34)SCC5=CC=C(C=C5)F)C6=CC=CC=C6,Inactive,0,,,Inactive,,,,,,,,,,4,,-12.1507,,,,,8.7627,,,-4.3427,,,-3.8201,,,-11.8339,,,-12.7713,,,-3.6571,,,-12.1507,QC'd by DPISMR,residual_possible_step4_or_definition_mismatch,,C24H20FN5OS2,477.6,4.4,0,7,4,0
24889,4259021,2951746,CC1=CC=C(C=C1)C2=NN=C(C3=CC=CC=C32)N4CCN(CC4)C5=CC=CC=N5,Inactive,0,,,Activator,0.1259,29.8197,,Complete curve; partial efficacy; poor fit,-6.9,4.9549,0.467,34.0298,4.21,1.4,1 0 0 0 0 0 0,4.823,,,,,32.9223,,,3.9406,,,9.3819,,,46.8403,,,42.8177,,,41.3486,,,4.823,QC'd by DPISMR,residual_possible_step4_or_definition_mismatch,,C24H23N5,381.5,4.4,0,5,3,0
24910,851219,653784,CCC(C1=NN=NN1CC2=CC=CO2)N(CCC3=CC=CC=C3)CC4=CC5=C(C=CC(=C5)C)NC4=O,Inactive,0,,,Inactive,,,,,,,,,,4,,3.4846,,,,,-1.1619,,,7.0344,,,-10.6432,,,-0.9675,,,-6.1115,,,-2.9539,,,3.4846,QC'd by DPISMR,residual_possible_step4_or_definition_mismatch,,C28H30N6O2,482.6,4.3,1,6,10,0
24934,11112534,3926,CC1=C(C(=CC=C1)C)NC(=O)CN2CCN(CC2)CCCC(C3=CC=C(C=C3)F)C4=CC=C(C=C4)F,Inactive,0,,,Inactive,,,,,,,,,,4,,14.7306,,13.3631,15.9252,,9.4448,-1.9778,,-0.5148,2.4404,,7.6881,-8.2095,,2.9063,1.869,,9.0376,15.4782,,12.6848,14.7306,,,QC'd by Prestwick,candidate_step3_property,,C30H35F2N3O,491.6,6.0,1,5,9,0
25068,4251038,3244774,CC1=CC=CC=C1CN2C(=C(C(=N2)C)NC(=O)C3=NOC4=C3CC(CC4)C(C)(C)C)C,Inactive,0,,,Inactive,,,,,,,,,,4,,26.5979,,,,,5.6927,,,18.6387,,,3.6135,,,14.1572,,,15.4152,,,27.9119,,,26.5979,QC'd by DPISMR,candidate_step3_property,,C25H32N4O2,420.5,5.3,1,4,5,0
25127,855746,2247,COC1=CC=C(C=C1)CCN2CCC(CC2)NC3=NC4=CC=CC=C4N3CC5=CC=C(C=C5)F,Inactive,0,,,Inactive,,,,,,,,,,4,,1.5942,,,,,23.8225,,,-9.1766,,,7.0674,,,7.6889,,,7.1358,,,10.6262,,,1.5942,QC'd by Microsource,candidate_step3_property,,C28H31FN4O,458.6,6.0,1,5,8,0
25166,11112548,73265355,C[C@@H]1[C@]([C@@H]([C@@H](O1)O[C@H]2[C@H]([C@@H]([C@@H]([C@@H]([C@@H]2O)O)N=C(N)N)O)N=C(N)N)O[C@@H]3[C@@H]([C@@H]([C@@H]([C@@H](O3)CO)O)O)NC)(C=O)O,Inactive,0,,,Inactive,,,,,,,,,,4,,-8.6165,,-1.0421,-13.9765,,3.7239,1.1832,,-5.5,-0.7817,,2.4803,-1.2765,,-2.6783,-15.6034,,1.721,-1.974,,7.0664,-8.6165,,,QC'd by Prestwick,candidate_step3_property,,C21H39N7O12,581.6,-8.0,12,15,9,0
25185,11112563,6604320,C[C@H]1[C@@]([C@H]([C@H](O1)O[C@H]2[C@H]([C@@H]([C@@H]([C@@H]([C@@H]2O)O)N=C(N)N)O)N=C(N)N)O[C@H]3[C@H]([C@H]([C@@H]([C@H](O3)CO)O)O)NC)(CO)O,Inactive,0,,,Inactive,,,,,,,,,,4,,0.4002,,16.9352,4.0267,,-1.0129,-15.5413,,-1.2399,-20.9782,,-8.6395,8.7187,,11.6532,3.7356,,9.9224,3.4061,,-3.7568,0.4002,,,QC'd by Prestwick,candidate_step3_property,,C21H41N7O12,583.6,-8.2,13,15,9,0
25215,862774,664007,CC1=CC(=NO1)NC(=O)C2=CC3=C(C=C2)N=C(C(=N3)C4=CC=CC=C4)C5=CC=CC=C5,Inactive,0,,,Inactive,,,,,,,,,,4,,4.5651,,,,,21.9405,,,24.7019,,,12.2194,,,19.8534,,,1.7857,,,-4.8696,,,4.5651,QC'd by DPISMR,residual_possible_step4_or_definition_mismatch,,C25H18N4O2,406.4,4.5,1,5,4,0
25217,11112561,641768,C[C@@H]1CCC[C@@H](N1)C,Inactive,0,,,Inactive,,,,,,,,,,4,,0.7909,,18.2185,9.6971,,7.9562,1.3667,,2.6593,11.96,,9.1344,10.704,,6.6792,10.5126,,18.2727,13.4913,,11.1591,0.7909,,,QC'd by Prestwick,candidate_step3_property,,C7H15N,113.20,1.500,1,1,0,0
25243,3713729,2612952,COC1=C(C=C(C=C1)Cl)C2=NN=C(N2C3=CC(=C(C=C3)OC)Cl)SCCC#N,Inactive,0,,,Inactive,,,,,,,,,,4,,-15.7803,,,,,-3.6362,,,0.149,,,-16.2854,,,-16.2523,,,-0.5191,,,-4.647,,,-15.7803,QC'd by DPISMR,residual_possible_step4_or_definition_mismatch,,C19H16Cl2N4O2S,435.3,4.5,0,6,7,0
25244,851196,653761,COC1=CC=C(C=C1)CCNC(=O)CCSC2=NC(=CC(=N2)C(F)(F)F)C3=CC=CO3,Inactive,0,,,Inactive,,,,,,,,,,4,,-10.1882,,,,,-3.8233,,,-5.8256,,,6.0801,,,0.4724,,,-2.0669,,,4.3499,,,-10.1882,QC'd by DPISMR,residual_possible_step4_or_definition_mismatch,,C21H20F3N3O3S,451.5,3.9,1,9,9,0
25261,4259011,2224202,COC1=C(C=C(C=C1)Cl)NC(=O)CSC2=NC(=NC(=N2)N3CCCCC3)N4CCCCC4,Inactive,0,,,Inactive,,,,,,,,,,4,,-0.0292,,,,,-4.0732,,,-13.3549,,,-5.101,,,1.0674,,,-1.8831,,,1.8325,,,-0.0292,QC'd by DPISMR,residual_possible_step4_or_definition_mismatch,,C22H29ClN6O2S,477.0,4.9,1,8,7,0
25265,855736,5074,CC1=C(C(=O)N2C=CSC2=N1)CCN3CCC(=C(C4=CC=C(C=C4)F)C5=CC=C(C=C5)F)CC3,Inactive,0,,,Inactive,,,,,,,,,,4,,-11.8514,,0.5501,,,-9.0707,,,-8.9388,,,-4.2142,,,4.6317,,,-2.9556,,,4.1953,,,-11.8514,QC'd by SigmaAldrich,candidate_step3_property,,C27H25F2N3OS,477.6,5.2,0,6,5,0
25310,844086,646396,CCC(=O)N(CC1=CC2=C(C=CC(=C2NC1=O)C)C)C3CCCCC3,Inactive,0,,,Inactive,,,,,,,,,,4,,8.292,,,,,9.7974,,,17.7078,,,1.9199,,,11.4741,,,6.3419,,,9.1635,,,8.292,QC'd by DPISMR,residual_possible_step4_or_definition_mismatch,,C21H28N2O2,340.5,3.6,1,2,4,0
25356,3713738,2127267,COC1=CC=C(C=C1)C2=NN=C(N2C3=CC=CC=C3)SCC4=NN=C(O4)C5=CC=C(C=C5)Cl,Inactive,0,,,Inactive,,,,,,,,,,4,,7.8196,,,,,1.3341,,,16.2903,,,32.6263,,,8.3239,,,6.7719,,,19.0614,,,7.8196,QC'd by DPISMR,candidate_step3_property,,C24H18ClN5O2S,476.0,5.2,0,7,7,0
25444,4264313,1292871,COC1=CC=CC=C1OCC2=NN3C=NC4=C(C3=N2)C(=C(O4)C5=CC=CC=C5)C6=CC=CC=C6,Inactive,0,,,Inactive,,,,,,,,,,4,,-11.7036,,,,,-5.0418,,,-7.3427,,,-13.3144,,,-3.012,,,-18.4695,,,-8.9691,,,-11.7036,QC'd by DPISMR,candidate_step3_property,,C27H20N4O3,448.5,5.6,0,6,6,0
25483,4251033,3244769,COC1=CC=CC(=C1)C2=CC(=NC(=N2)N3CCN(CC3)C4=CC=CC=C4)C(F)(F)F,Inactive,0,,,Inactive,,,,,,,,,,4,,3.513,,,,,1.5365,,,4.2735,,,3.3478,,,-8.4236,,,7.4762,,,9.6571,,,3.513,QC'd by DPISMR,residual_possible_step4_or_definition_mismatch,,C22H21F3N4O,414.4,4.8,0,8,4,0
25486,846735,649129,CCN1CCCC1CN(CC2=CC3=C(C=C(C=C3NC2=O)C)C)C(=O)NC4CCCCC4,Inactive,0,,,Inactive,,,,,,,,,,4,,-8.6784,,,,,5.3224,,,14.4565,,,8.9867,,,11.8769,,,8.7619,,,5.2118,,,-8.6784,QC'd by DPISMR,residual_possible_step4_or_definition_mismatch,,C26H38N4O2,438.6,4.0,2,3,6,0
25534,846734,649128,C1=CC=NC(=C1)C2=NC3=C(O2)C=CC(=C3)CC4=CC5=C(C=C4)OC(=N5)C6=CC=CC=N6,Inactive,0,,,Inactive,,,,,,,,,,4,,7.2454,,,,,12.8377,,,6.0132,,,23.1524,,,20.9203,,,-4.923,,,20.2059,,,7.2454,QC'd by DPISMR,residual_possible_step4_or_definition_mismatch,,C25H16N4O2,404.4,4.8,0,6,4,0
25669,11112455,70269,CC1=NNC(=O)NC1=O,Inactive,0,,,Inactive,,,,,,,,,,4,,-6.7805,,-9.3369,-12.0592,,-1.3589,3.3464,,-6.4976,-6.8074,,-4.2976,-14.9111,,-12.1849,-5.3903,,-3.135,-7.4534,,-5.4259,-6.7805,,,QC'd by Prestwick,candidate_step3_property,,C4H5N3O2,127.10,-0.300,2,3,0,0
25678,3713635,2377519,CC(C)(C)C(=O)/C(=C\1/N(C(=O)/C(=C/C2=CC=C(C=C2)N(C)C3=CC=CC=C3)/S1)CC4=CC=CO4)/C#N,Inactive,0,,,Inactive,,,,,,,,,,4,,5.7488,,,,,2.1102,,,19.719,,,6.7078,,,7.4528,,,9.3243,,,2.6017,,,5.7488,QC'd by DPISMR,candidate_step3_property,,C29H27N3O3S,497.6,5.8,0,6,7,0
25690,11112457,6604287,CC(=O)OCC1=C(N2[C@H]([C@@H](C2=O)N)SC1)C(=O)O,Inactive,0,,,Inactive,,,,,,,,,,4,,0.408,,8.8713,-6.9918,,-15.0559,-1.5724,,0.0697,-0.664,,-8.0609,-4.5375,,-0.7218,1.877,,3.4002,0.9893,,-4.4563,0.408,,,QC'd by Prestwick,candidate_step3_property,,C10H12N2O5S,272.28,-4.000,2,7,4,0
25787,11112463,54686781,C[C@@]1([C@H]2C[C@H]3[C@H](C(=O)C(=C([C@@]3(C(=O)C2=C(C4=C1C=CC=C4O)O)O)O)C(=O)NCN[C@@H](CCCCN)C(=O)O)N(C)C)O,Inactive,0,,,Inactive,,,,,,,,,,4,,-4.768,,26.9873,-11.9068,,-0.3418,5.8532,,0.1321,-0.389,,-6.3257,3.7249,,-8.3609,-1.9826,,-0.7301,7.3734,,5.5919,-4.768,,,QC'd by Prestwick,candidate_step3_property,,C29H38N4O10,602.6,-4.400,9,13,10,0
25835,11112467,667534,CCN(CC)[C@@H](C)CN1C2=CC=CC=C2SC3=CC=CC=C31,Inactive,0,,,Inactive,,,,,,,,,,4,,1.3636,,30.7667,22.6284,,11.2545,5.817,,14.5054,18.9067,,21.8663,25.9563,,17.4657,32.4752,,0.5336,14.1816,,25.0458,1.3636,,,QC'd by Prestwick,residual_possible_step4_or_definition_mismatch,,C19H24N2S,312.5,4.800,0,3,5,0
25848,11112468,6604289,CC1=CC(=CC=C1)CN2CCN(CC2)[C@@H](C3=CC=CC=C3)C4=CC=C(C=C4)Cl,Inactive,0,,,Inactive,,,,,,,,,,4,,-1.8431,,11.5355,16.1657,,23.2934,17.3321,,13.2337,13.9341,,15.8562,9.4603,,12.9183,21.0567,,17.727,5.7814,,16.5068,-1.8431,,,QC'd by Prestwick,candidate_step3_property,,C25H27ClN2,390.9,5.8,0,2,5,0
25851,846777,649170,C1=CC=C(C=C1)CCNC(=O)CCSC2=NC(=CC(=N2)C(F)(F)F)C3=CC=CO3,Inactive,0,,,Inactive,,,,,,,,,,4,,-13.0021,,,,,-0.0209,,,-9.7155,,,-23.3693,,,1.5437,,,2.3114,,,3.6551,,,-13.0021,QC'd by DPISMR,residual_possible_step4_or_definition_mismatch,,C20H18F3N3O2S,421.4,3.9,1,8,8,0
25861,11112469,4091,CN(C)C(=N)N=C(N)N,Inactive,0,,,Inactive,,,,,,,,,,4,,5.2202,,-10.8804,-1.397,,-7.0863,-13.0646,,-2.5713,-2.3178,,-4.0167,3.7756,,0.2241,6.6809,,-4.1401,5.5194,,5.7538,5.2202,,,QC'd by Prestwick,candidate_step3_property,,C4H11N5,129.16,-1.3,3,1,2,0
26015,11112479,6604293,C1[C@H]([C@H]([C@@H]([C@@H]([C@H]1N)O[C@H]2[C@H]([C@H]([C@@H]([C@H](O2)CO)O)O)N)O[C@@H]3[C@H]([C@@H]([C@@H](O3)CO)O[C@@H]4[C@H]([C@@H]([C@@H]([C@@H](O4)CN)O)O)N)O)O)N,Inactive,0,,,Inactive,,,,,,,,,,4,,-5.3636,,4.1473,13.7058,,-6.1696,-5.874,,-12.9249,-15.1807,,-12.1653,-9.1607,,-6.6099,0.8256,,8.6027,1.6213,,-2.116,-5.3636,,,QC'd by Prestwick,candidate_step3_property,,C23H45N5O14,615.6,-8.7,13,19,9,0
26024,11112481,16134261,CC[C@H](C)[C@@H]1C(=O)N[C@@H](C(=O)NC(=C)C(=O)N[C@@H](C(=O)N[C@]23CCC(=N[C@@H]2C4=CSC(=N4)[C@@H]([C@@H](OC(=O)C5=NC6=C(C=C[C@@H]([C@H]6O)N1)C(=C5)[C@H](C)O)C)NC(=O)C7=CSC(=N7)[C@H](NC(=O)[C@@H]8CSC(=N8)/C(=C/C)/NC(=O)[C@H](NC(=O)C9=CSC3=N9)[C@H](C)O)[C@@](C)([C@H](C)O)O)C1=NC(=CS1)C(=O)NC(=C)C(=O)NC(=C)C(=O)N)C)C,Inactive,0,,,Inactive,,,,,,,,,,4,,28.8224,,29.1719,19.7996,,19.61,22.0425,,21.1628,27.2122,,31.8209,29.1274,,15.555,34.2089,,31.5419,32.0453,,34.3538,28.8224,,,QC'd by Prestwick,candidate_step3_property,,C72H85N19O18S5,1664.9,0.6,17,31,12,0
26028,11112480,6604294,C[C@@H]([C@@H]1C(=O)NCC[C@@H](C(=O)N[C@@H](C(=O)N[C@@H](C(=O)NC[C@@H](C(=O)N[C@@H](C(=O)N[C@@H](C(=O)N1)CCN)CCN)C(C)C)CC(C)C)CCN)NC(=O)[C@H](CCN)NC(=O)[C@@H]([C@H](C)O)NC(=O)[C@H](CCN)NC(=O)CCCCC(C)C)O,Inactive,0,,,Inactive,,,,,,,,,,4,,2.2774,,9.0641,-12.8602,,-4.2312,-4.9571,,-0.4029,5.5299,,7.1553,-2.8309,,0.1896,3.5881,,7.3714,5.1722,,-8.135,2.2774,,,QC'd by Prestwick,candidate_step3_property,,C52H98N16O13,1155.4,-3.8,18,18,27,0
26047,11112485,6604298,C[C@H]1[C@H]([C@@](C[C@H](O1)O[C@H]2[C@@H]([C@@H]([C@@H](O[C@@H]2OC3=C4C=C5C=C3OC6=C(C=C(C=C6)[C@@H]([C@@H](C(=O)N[C@@H](C(=O)N[C@@H]5C(=O)N[C@@H]7C8=CC(=C(C=C8)O)C9=C(C=C(C=C9O)O)[C@H](NC(=O)[C@H]([C@@H](C1=CC(=C(O4)C=C1)Cl)O)NC7=O)C(=O)O)CC(=O)N)NC(=O)[C@H](CC(C)C)NC)O)Cl)CO)O)O)(C)N)O,Inactive,0,,,Inactive,,,,,,,,,,4,,-3.6934,,4.2014,1.4074,,5.9087,12.4937,,-8.3323,7.9165,,-8.6258,2.2196,,-0.0701,11.8249,,0.4777,-2.3532,,-7.8365,-3.6934,,,QC'd by Prestwick,candidate_step3_property,,C66H75Cl2N9O24,1449.2,-2.6,19,26,13,0
26059,11112484,6604297,C[C@H]1/C=C\C=CCC/C=C\C=C/C=C\C=C[C@H](C[C@H]2[C@@H]([C@@H](C[C@](O2)(C[C@H]([C@H](CC[C@H](C[C@H](C[C@H](CC(=O)O[C@H]([C@H]([C@H]1O)C)C)O)O)O)O)O)O)O)C(=O)O)O[C@@H]3[C@H]([C@@H]([C@@H]([C@@H](O3)C)O)N)O,Inactive,0,,,Inactive,,,,,,,,,,4,,-8.7055,,4.5951,-3.526,,5.5783,7.0748,,-11.8334,-4.4315,,-2.4385,7.5996,,-12.9111,-6.7531,,-5.4957,-2.4822,,11.0285,-8.7055,,,QC'd by Prestwick,candidate_step3_property,,C47H75NO17,926.1,-0.2,12,18,3,0
26084,855676,2333,CCC1=C(C2=CC=CC=C2O1)C(=O)C3=CC(=C(C(=C3)Br)O)Br,Inactive,0,,,Inactive,,,,,,,,,,4,,-18.0785,,9.6971,,,10.8656,,,16.0346,,,10.703,,,1.0779,,,5.5405,,,-18.0785,,,,QC'd by NCI,candidate_step3_property,,C17H12Br2O3,424.1,5.700,1,3,3,0
26092,11112482,6604295,C[C@H]1/C=C\C=C/C=C\C=C/C=C\C=C/C=C\[C@H](C[C@H]2[C@@H]([C@@H](C[C@](O2)(C[C@H](C[C@H]([C@H](CC[C@H](C[C@H](CC(=O)O[C@H]([C@H]([C@H]1O)C)C)O)O)O)O)O)O)O)C(=O)O)O[C@@H]3[C@H]([C@@H]([C@@H]([C@@H](O3)C)O)N)O,Inactive,0,,,Inactive,,,,,,,,,,4,,-4.2999,,2.0145,-14.3933,,-17.0159,2.3898,,1.788,-8.5815,,-13.8384,-8.4205,,-9.1606,-9.1063,,-5.3132,-9.3743,,-0.6957,-4.2999,,,QC'd by Prestwick,candidate_step3_property,,C47H73NO17,924.1,0.0,12,18,3,0
26142,11112487,6604300,CC[C@H](C)[C@@H]1C(=O)N[C@@H](C(=O)N[C@@H](C(=O)N[C@@H](C(=O)N[C@@H](C(=O)NCCCC[C@@H](C(=O)N[C@@H](C(=O)N1)CCCN)NC(=O)[C@@H]([C@@H](C)CC)NC(=O)[C@H](CCC(=O)O)NC(=O)[C@H](CC(C)C)NC(=O)[C@@H]2CSC(=N2)[C@H]([C@@H](C)CC)N)CC(=O)N)CC(=O)O)CC3=CN=CN3)CC4=CC=CC=C4,Inactive,0,,,Inactive,,,,,,,,,,4,,11.6795,,29.2716,1.4528,,0.1215,8.8867,,-6.1943,-8.3757,,6.9265,7.4451,,12.7978,8.0905,,12.8924,9.824,,-10.7925,11.6795,,,QC'd by Prestwick,candidate_step3_property,,C66H103N17O16S,1422.7,-4.1,17,21,31,0
26159,11112486,6604299,C1[C@@H]([C@@H]([C@H]([C@H]([C@@H]1N)O[C@@H]2[C@H]([C@@H]([C@@H]([C@@H](O2)CN)O)O)N)O[C@H]3[C@H]([C@@H]([C@H](O3)CO)COC[C@@H]4[C@H]([C@@H]([C@@H]([C@@H](O4)CN)O)O)N)O)O)N,Inactive,0,,,Inactive,,,,,,,,,,4,,-3.6349,,12.5248,-2.8829,,-11.1429,-0.39,,-12.9598,-36.6132,,-10.9463,18.4233,,-4.2643,-8.973,,-12.0621,1.2439,,-10.0698,-3.6349,,,QC'd by Prestwick,candidate_step3_property,,C25H50N6O13,642.7,-8.9,13,19,11,0
26180,851260,653824,CN1CCNC(=O)C1CC(=O)O,Inactive,0,,,Inactive,,,,,,,,,,4,,7.6515,,,,,-84.2291,,,2.3409,,,14.079,,,9.422,,,-0.0026,,,-4.6496,,,7.6515,QC'd by DPISMR,candidate_step3_property,,C7H12N2O3,172.18,-3.4,2,4,2,0
26183,11112492,6604302,CN1CCC[C@H](C1)CC2C3=CC=CC=C3SC4=CC=CC=C24,Inactive,0,,,Inactive,,,,,,,,,,4,,22.4125,,1.8984,-17.0373,,-5.4227,-13.9775,,-2.9654,-9.1943,,-3.8635,1.6692,,-3.5681,-13.7675,,5.5631,0.2385,,8.0773,22.4125,,,QC'd by Prestwick,residual_possible_step4_or_definition_mismatch,,C20H23NS,309.5,4.9,0,2,2,0
26296,4251091,3244821,COC1=CC=C(C=C1)C2=CC(=NO2)C(=O)N3CCN(CC3)C(C4=CC=CC=C4)C5=CC=CC=C5,Inactive,0,,,Inactive,,,,,,,,,,4,,14.0807,,,,,11.2342,,,-1.5531,,,14.1835,,,4.6053,,,11.2707,,,5.0261,,,14.0807,QC'd by DPISMR,residual_possible_step4_or_definition_mismatch,,C28H27N3O3,453.5,4.8,0,5,6,0
26305,11112501,3396,C1CN(CCC12C(=O)NCN2C3=CC=CC=C3)CCCC(C4=CC=C(C=C4)F)C5=CC=C(C=C5)F,Inactive,0,,,Inactive,,,,,,,,,,4,,-14.8788,,1.5808,-0.4685,,5.3958,3.1748,,-3.5586,-9.5242,,0.9229,0.372,,11.3797,4.0418,,5.0875,11.9489,,14.0565,-14.8788,,,QC'd by Prestwick,candidate_step3_property,,C29H31F2N3O,475.6,5.600,1,5,7,0
26355,11112504,6604304,C1[C@H]([C@H]1N)C2=CC=CC=C2,Inactive,0,,,Inactive,,,,,,,,,,4,,1.4056,,6.6409,7.8206,,7.6125,7.1099,,6.4825,1.1021,,5.0703,15.7124,,6.669,11.5915,,3.715,-5.4427,,16.3673,1.4056,,,QC'd by Prestwick,candidate_step3_property,,C9H11N,133.19,1.500,1,1,1,0
26360,862736,135427823,CCCCCC1=C(N=C(NC1=O)NC2=NC(=C3C=C(C=CC3=N2)OC)C)C,Inactive,0,,,Inactive,,,,,,,,,,4,,-8.4691,,,,,2.6364,,,-8.3404,,,6.1424,,,9.0152,,,1.8536,,,-6.5475,,,-8.4691,QC'd by DPISMR,residual_possible_step4_or_definition_mismatch,,C20H25N5O2,367.4,3.8,2,5,7,0
26369,11112505,3366,C1=NC(=O)NC(=C1F)N,Inactive,0,,,Inactive,,,,,,,,,,4,,7.94,,14.4155,5.2166,,5.4719,-6.4138,,-9.8046,-7.821,,-0.7256,0.3022,,-0.5381,4.5382,,17.4805,7.6049,,12.3262,7.94,,,QC'd by Prestwick,candidate_step3_property,,C4H4FN3O,129.09,-0.9,2,3,0,0
26371,4258917,1303751,COC1=C(C=C(C=C1)CCNC2=NC(=NC(=N2)N3CCCCC3)N4CCCCC4)OC,Inactive,0,,,Inactive,,,,,,,,,,4,,-22.8567,,,,,0.1674,,,-1.9007,,,0.97,,,6.1586,,,-0.4254,,,-7.9148,,,-22.8567,QC'd by DPISMR,residual_possible_step4_or_definition_mismatch,,C23H34N6O2,426.6,4.400,1,8,8,0
26436,7967120,5308639,CN1C=CC=C1CC2=NN=C(N2C3=CC=C(C=C3)F)SCC(=O)NC4=CC=C(C=C4)Cl,Inactive,0,,,Inactive,,,,,,,,,,4,,12.4814,,,,,-3.4366,,,6.6502,,,3.3768,,,10.9963,,,-8.8208,,,-20.1623,,,12.4814,QC'd by DPISMR,residual_possible_step4_or_definition_mismatch,,C22H19ClFN5OS,455.9,4.3,1,5,7,0
26544,11111648,5917,C1CCC2=NN=NN2CC1,Inactive,0,,,Inactive,,,,,,,,,,4,,10.3224,,11.6015,-1.0689,,7.8811,-3.2265,,15.9598,7.6771,,2.1151,2.2737,,3.9032,10.1695,,4.7646,8.8347,,10.2062,10.3224,,,QC'd by Prestwick,candidate_step3_property,,C6H10N4,138.17,0.100,0,3,0,0
26562,11111647,5917,C1CCC2=NN=NN2CC1,Inactive,0,,,Inactive,,,,,,,,,,4,,2.8919,,28.8382,,,-10.6448,,,-18.6744,,,-2.8784,,,-7.7749,,,-0.1685,,,-8.682,,,2.8919,QC'd by SigmaAldrich,candidate_step3_property,,C6H10N4,138.17,0.100,0,3,0,0
26619,11111653,3675,C1=CC=C(C=C1)CCNN,Inactive,0,,,Inactive,,,,,,,,,,4,,-2.4996,,-5.1626,,,8.9364,,,-8.265,,,0.7374,,,-3.276,,,-3.9316,,,-0.8646,,,-2.4996,QC'd by SigmaAldrich,candidate_step3_property,,C8H12N2,136.19,1.200,2,2,3,0
26671,11111654,3675,C1=CC=C(C=C1)CCNN,Inactive,0,,,Inactive,,,,,,,,,,4,,1.4469,,15.9066,16.3415,,0.8901,6.9043,,13.69,9.7228,,-0.5319,11.3233,,8.1192,-12.3917,,7.972,1.41,,16.1881,1.4469,,,QC'd by Prestwick,candidate_step3_property,,C8H12N2,136.19,1.200,2,2,3,0
26685,26751158,16758566,CC/C=C\CC[C@@H](C1=CCCCC1=O)OC(=O)C2=CC=C(C=C2)Br,Inactive,0,,,Inactive,,,,,,,,,,4,,-2.9909,,-2.0364,,,-23.4586,,,7.1479,,,-10.589,,,9.9179,,,2.773,,,-2.9909,,,,QC'd by BUCMLD,candidate_step3_property,,C20H23BrO3,391.3,5.1,0,3,8,0
26742,855632,444795,CC1=C(C(CCC1)(C)C)/C=C/C(=C/C=C/C(=C/C(=O)O)/C)/C,Inactive,0,,,Inactive,,,,,,,,,,4,,8.4401,,-16.1867,8.1308,,2.9374,2.9374,,-2.6695,-4.1327,,2.9907,-1.0881,,-14.2126,11.3725,,3.7967,-3.8545,,-5.0539,-2.6046,,8.4401,QC'd by Timtec,candidate_step3_property,,C20H28O2,300.4,6.300,1,2,5,0
26753,26751162,6917575,C1CC=C(C(=O)C1)[C@H](CCOC(C2=CC=CC=C2)(C3=CC=CC=C3)C4=CC=CC=C4)O,Inactive,0,,,Inactive,,,,,,,,,,4,,-4.9289,,4.687,,,6.1019,,,-7.0608,,,1.3685,,,-7.8284,,,-4.9528,,,-4.9289,,,,QC'd by BUCMLD,candidate_step3_property,,C28H28O3,412.5,5.5,1,3,8,0
26816,26751151,16758561,CCCCOC([C@@H](CSC1=CC2=CC=CC=C2C=C1)O)OCCCC,Inactive,0,,,Inactive,,,,,,,,,,4,,-1.3885,,-5.823,,,-1.4284,,,-0.4196,,,-6.7923,,,7.5713,,,6.2701,,,-1.3885,,,,QC'd by BUCMLD,candidate_step3_property,,C21H30O3S,362.5,5.4,1,4,12,0
26842,26751153,16758563,C1CC=C(C(=O)C1)[C@H](CCC2=CC=CC=C2)OC(=O)C3=CC=C(C=C3)Br,Inactive,0,,,Inactive,,,,,,,,,,4,,-7.5421,,-21.6551,,,-17.6276,,,-12.4319,,,-21.4275,,,-14.8183,,,-7.8989,,,-7.5421,,,,QC'd by BUCMLD,candidate_step3_property,,C22H21BrO3,413.3,5.3,0,3,7,0
26900,3714126,2998674,C1C(OC2=CC=CC=C2O1)C3=NN=C(N3C4=CC=CC=C4)SCN5C(=O)C6=CC=CC=C6N=N5,Inactive,0,,,Inactive,,,,,,,,,,4,,-23.5564,,,,,4.6397,,,3.804,,,6.566,,,-4.722,,,0.5619,,,2.1451,,,-23.5564,QC'd by DPISMR,residual_possible_step4_or_definition_mismatch,,C24H18N6O3S,470.5,4.6,0,8,5,0
26906,11111637,4843,C1CC(=O)N(C1)CC(=O)N,Inactive,0,,,Inactive,,,,,,,,,,4,,24.0771,,18.2111,,,-1.8535,,,2.6034,,,10.8874,,,1.2326,,,5.3538,,,14.216,,,24.0771,QC'd by SigmaAldrich,candidate_step3_property,,C6H10N2O2,142.16,-1.3,1,2,2,0
26919,11111638,4843,C1CC(=O)N(C1)CC(=O)N,Inactive,0,,,Inactive,,,,,,,,,,4,,13.154,,11.9475,-1.0287,,0.571,10.723,,-1.0059,-6.9266,,5.2229,2.6674,,3.0295,16.9584,,5.037,9.0244,,11.6988,13.154,,,QC'd by Prestwick,candidate_step3_property,,C6H10N2O2,142.16,-1.3,1,2,2,0
26928,4264990,2946497,CC1(C(=O)C2(CCCCC2)C(OC1=O)C3=C(C(=C(C(=C3F)F)F)F)F)C,Inactive,0,,,Inactive,,,,,,,,,,4,,1.5806,,,,,2.8963,,,0.6742,,,-3.9053,,,-5.5877,,,-1.103,,,-2.4725,,,1.5806,QC'd by DPISMR,residual_possible_step4_or_definition_mismatch,,C18H17F5O3,376.3,4.700,0,8,1,0
26951,4246105,135489633,C1CCC2=C(C1)C(=O)NC(=N2)SCC3=CC(=CC=C3)Cl,Inactive,0,,,Inactive,,,,,,,,,,4,,8.2135,,,,,-15.4108,,,-5.7235,,,12.815,,,0.4537,,,-9.4234,,,-12.6067,,,8.2135,QC'd by DPISMR,residual_possible_step4_or_definition_mismatch,,C15H15ClN2OS,306.8,3.6,1,3,3,0
27019,7975504,1277248,COC1=CC=C(C=C1)C2=NN=C(N2C3=CC=CC=C3)SCC4=NN=C(O4)C5=CC=CC=C5,Inactive,0,,,Inactive,,,,,,,,,,4,,-15.0171,,,,,-11.072,,,-9.0448,,,-13.0592,,,3.5685,,,-6.3158,,,-9.7544,,,-15.0171,QC'd by DPISMR,residual_possible_step4_or_definition_mismatch,,C24H19N5O2S,441.5,4.6,0,7,7,0
27047,11111630,167760,CCCCCCCCCCCCCCCC(=O)O[C@H](CC(=O)O)C[N+](C)(C)C,Inactive,0,,,Inactive,,,,,,,,,,4,,1.6363,,32.2326,,,-2.7373,,,13.1746,,,11.7928,,,-8.5649,,,20.2002,,,-3.2211,,,1.6363,QC'd by SigmaAldrich,candidate_step3_property,,C23H46NO4+,400.6,7.1,1,4,20,1
27091,7972090,292557,COC1=CC(=CC(=C1OC)OC)C2N(CCN2C3=CC=CC=C3)C4=CC=CC=C4,Inactive,0,,,Inactive,,,,,,,,,,4,,-3.0136,,,,,-6.0614,,,-3.4108,,,-5.6131,,,-14.1089,,,-1.2154,,,-3.7343,,,-3.0136,QC'd by DPISMR,candidate_step3_property,,C24H26N2O3,390.5,5.2,0,5,6,0
27204,26751127,16758544,CC1=CC2=C(CCCN2C[C@@H](CN3CCCC4=C3C=CC(=N4)C5=CC=C(C=C5)Br)O)N=C1C,Inactive,0,,,Inactive,,,,,,,,,,4,,13.3521,,-0.5954,,,-3.8704,,,10.614,,,-4.9782,,,7.8601,,,15.3223,,,13.3521,,,,QC'd by BUCMLD,candidate_step3_property,,C27H31BrN4O,507.5,5.1,1,5,5,0
27223,26751128,16758544,CC1=CC2=C(CCCN2C[C@@H](CN3CCCC4=C3C=CC(=N4)C5=CC=C(C=C5)Br)O)N=C1C,Inactive,0,,,Inactive,,,,,,,,,,4,,-7.2598,,-1.2889,,,13.3885,,,-24.8007,,,4.0803,,,7.7782,,,-19.4944,,,-7.2598,,,,QC'd by BUCMLD,candidate_step3_property,,C27H31BrN4O,507.5,5.1,1,5,5,0
27302,26751129,16758545,CC1=CC2=C(CCCCN2C[C@@H](CN3CCCC4=C3C=CC(=N4)C5=CC=C(C=C5)Br)O)N=C1C,Inactive,0,,,Inactive,,,,,,,,,,4,,16.5019,,-2.4191,,,12.2486,,,-3.8098,,,1.9713,,,-3.6843,,,-0.0551,,,16.5019,,,,QC'd by BUCMLD,candidate_step3_property,,C28H33BrN4O,521.5,5.400,1,5,5,0
27306,11111611,4910,CCCC(C1=CC=CC=C1)(C2=CC=CC=C2)C(=O)OCCN(CC)CC,Inactive,0,,,Inactive,,,,,,,,,,4,,37.0764,,46.0983,40.0098,,34.1086,24.8167,,37.4742,22.5836,,29.3008,44.4955,,27.6839,45.6198,,33.49,33.7931,,31.9902,37.0764,,,QC'd by Prestwick,residual_possible_step4_or_definition_mismatch,,C23H31NO2,353.5,4.600,0,3,11,0
27322,11111610,4910,CCCC(C1=CC=CC=C1)(C2=CC=CC=C2)C(=O)OCCN(CC)CC,Inactive,0,,,Inactive,,,,,,,,,,4,,-1.3381,,3.0702,,,3.1038,,,-3.379,,,1,,,11.2081,,,10.4038,,,5.2814,,,-1.3381,QC'd by SigmaAldrich,residual_possible_step4_or_definition_mismatch,,C23H31NO2,353.5,4.600,0,3,11,0
27335,26751120,6636401,CC1=CC=C(C=C1)S(=O)(=O)N2C3=CC=CC=C3C4=C2N=C(N=N4)C(=O)C5=CC=CC=C5,Inactive,0,,,Inactive,,,,,,,,,,4,,11.3205,,24.2068,,,10.4741,,,2.1621,,,12.1604,,,-0.7378,,,-12.438,,,11.3205,,,,QC'd by BUCMLD,residual_possible_step4_or_definition_mismatch,,C23H16N4O3S,428.5,4.3,0,6,4,0
27420,7975465,1040976,CC(=O)OC1=C(C=C(C=C1)C2N(CCN2C3=CC=CC=C3)C4=CC=CC=C4)OC,Inactive,0,,,Inactive,,,,,,,,,,4,,-16.7978,,,,,-0.0712,,,-19.7222,,,-3.2633,,,-1.2758,,,-8.4206,,,4.3065,,,-16.7978,QC'd by DPISMR,candidate_step3_property,,C24H24N2O3,388.5,5.0,0,5,6,0
27473,26751111,6636419,CCCC[C@@H]1CN2[C@@H](CC[C@@H]([C@H]2C3=CC=C(C=C3)Br)C)C(=O)O1,Inactive,0,,,Inactive,,,,,,,,,,4,,24.6577,,-4.8268,,,-2.6636,,,1.2764,,,23.0979,,,-14.3859,,,1.4584,,,24.6577,,,,QC'd by BUCMLD,candidate_step3_property,,C19H26BrNO2,380.3,5.400,0,3,4,0
27534,26751115,25240998,COC1=CC=C(C=C1)C2=NC3=C(C=C2)N(CCC3)C[C@@H](CN4CCCC5=C4C=CC(=N5)C6=CC=C(C=C6)Br)O,Inactive,0,,,Inactive,,,,,,,,,,4,,-0.0681,,3.8371,,,9.7476,,,-0.7811,,,-5.4185,,,-4.9578,,,-2.7149,,,-0.0681,,,,QC'd by BUCMLD,candidate_step3_property,,C32H33BrN4O2,585.5,5.9,1,6,7,0
27549,26751114,25240998,COC1=CC=C(C=C1)C2=NC3=C(C=C2)N(CCC3)C[C@@H](CN4CCCC5=C4C=CC(=N5)C6=CC=C(C=C6)Br)O,Inactive,0,,,Inactive,,,,,,,,,,4,,-11.1965,,2.1286,,,12.0893,,,-9.3405,,,5.7661,,,-0.7339,,,-3.0905,,,-11.1965,,,,QC'd by BUCMLD,candidate_step3_property,,C32H33BrN4O2,585.5,5.9,1,6,7,0
27559,855647,5405,CC(C)(C)C1=CC=C(C=C1)C(CCCN2CCC(CC2)C(C3=CC=CC=C3)(C4=CC=CC=C4)O)O,Inactive,0,,,Inactive,,,,,,,,,,4,,20.5283,,21.139,,,21.6712,,,28.527,,,23.2049,,,29.593,,,34.8847,,,22.74,,,20.5283,QC'd by SigmaAldrich,candidate_step3_property,,C32H41NO2,471.7,6.6,2,3,9,0
27595,26751238,16758626,CC(=O)OC[C@H]1[C@H]([C@H]([C@H]([C@@H](O1)O/N=C\2/C[C@H]([C@H]([C@H]3[C@@H]2CC[C@H]4[C@H]3C(=O)N(C4=O)C5=CC(=CC=C5)OC6=CC=CC=C6)O)O)OC(=O)C)OC(=O)C)OC(=O)C,Inactive,0,,,Inactive,,,,,,,,,,4,,6.1642,,30.2648,,,7.6846,,,-23.8378,,,13.5482,,,-3.0925,,,12.6167,,,6.1642,,,,QC'd by BUCMLD,candidate_step3_property,,C38H42N2O15,766.7,1.5,2,16,14,0
27614,7967520,5308860,CN1C2=C(C=C(S2)C(=O)N3CCN(CC3)C4=CC=CC=C4)C(=N1)C5=CC=C(C=C5)Cl,Inactive,0,,,Inactive,,,,,,,,,,4,,4.4734,,,,,7.9985,,,7.3996,,,-2.3136,,,-6.5738,,,-2.6185,,,0.9412,,,4.4734,QC'd by DPISMR,candidate_step3_property,,C23H21ClN4OS,437.0,5.3,0,4,3,0
27651,26751232,16758620,CC(=CCC/C(=C/CO/N=C\1/C[C@H]([C@H]([C@H]2[C@@H]1CC[C@H]3[C@H]2C(=O)N(C3=O)C4=CC(=CC=C4)OC5=CC=CC=C5)O)O)/C)C,Inactive,0,,,Inactive,,,,,,,,,,4,,-2.8476,,-0.1014,,,10.9085,,,-13.7505,,,7.4819,,,0.6995,,,-4.0522,,,-2.8476,,,,QC'd by BUCMLD,candidate_step3_property,,C34H40N2O6,572.7,5.2,2,7,9,0
27689,11111584,1681,C1=CC=C(C=C1)C#CCN,Inactive,0,,,Inactive,,,,,,,,,,4,,7.6592,,12.8233,,,4.0516,,,14.2552,,,8.9671,,,-10.3262,,,23.1802,,,9.6824,,,7.6592,QC'd by SigmaAldrich,candidate_step3_property,,C9H9N,131.17,1.2,1,1,1,0
27703,11111583,6603954,CCCN(CCC1=CC=CC=C1)[C@H]2CCC3=C(C2)C=CC=C3O,Inactive,0,,,Inactive,,,,,,,,,,4,,-22.0441,,5.3977,,,-9.2842,,,1.0585,,,5.5801,,,-3.4355,,,-11.7515,,,-10.3535,,,-22.0441,QC'd by SigmaAldrich,candidate_step3_property,,C21H27NO,309.4,5.2,1,2,6,0
27727,26751229,16758617,CC(=O)OC[C@H]1[C@H]([C@H]([C@H]([C@@H](O1)O/N=C\2/C[C@H]([C@H]([C@H]3[C@H]2CC[C@@H]4[C@@H]3C(=O)N(C4=O)C5=C(C=C(C=C5)F)F)O)O)OC(=O)C)OC(=O)C)OC(=O)C,Inactive,0,,,Inactive,,,,,,,,,,4,,8.5779,,11.0745,,,-11.0814,,,-10.4961,,,10.881,,,9.3925,,,3.097,,,8.5779,,,,QC'd by BUCMLD,candidate_step3_property,,C32H36F2N2O14,710.6,0.2,2,17,12,0
27733,855565,3339,CC(C)OC(=O)C(C)(C)OC1=CC=C(C=C1)C(=O)C2=CC=C(C=C2)Cl,Inactive,0,,,Activator,25.1189,92.9938,,Partial curve; high efficacy,-4.6,2.7868,0.8916,94.1244,1.1306,2.1,0 0 0 0 0 0 0,85.8099,,,,,-3.4898,,,-9.0579,,,-5.9754,,,24.5697,,,-0.1185,,,11.1722,,,85.8099,QC'd by SigmaAldrich,candidate_step3_property,,C20H21ClO4,360.8,5.2,0,4,7,0
27769,863397,664651,COC1=CC=C(C=C1)N2CCN(CC2)C3=C(N=C(O3)COC4=C(C=C(C=C4)Cl)Cl)C#N,Inactive,0,,,Inactive,,,,,,,,,,4,,-42.3873,,,,,-31.7635,,,-30.2339,,,-6.8245,,,-13.5196,,,-6.8465,,,-14.1785,,,-42.3873,QC'd by DPISMR,candidate_step3_property,,C22H20Cl2N4O3,459.3,5.200,0,7,6,0
27774,11111574,6603952,C[C@H]1[C@H]([C@H]([C@H]([C@@H](O1)O[C@H]2C[C@H]([C@@]3([C@H]4[C@H](CC[C@]3(C2)O)[C@@]5(CC[C@H]([C@]5(C[C@@H]4O)C)C6=CC(=O)OC6)O)CO)O)O)O)O,Inactive,0,,,Inactive,,,,,,,,,,4,,-4.1832,,-6.4077,,,-3.8647,,,-13.2484,,,-1.9379,,,4.5526,,,5.0322,,,-2.4358,,,-4.1832,QC'd by SigmaAldrich,candidate_step3_property,,C29H44O12,584.7,-1.700,8,12,4,0
27863,26751220,16758608,CC(=O)OC[C@H]1[C@H]([C@H]([C@H]([C@@H](O1)O/N=C\2/C[C@H]([C@H]([C@H]3[C@H]2CC[C@H]4[C@H]3C(=O)N(C4=O)CC5=CC=CC=C5)O)O)OC(=O)C)OC(=O)C)OC(=O)C,Inactive,0,,,Inactive,,,,,,,,,,4,,6.8767,,3.7063,,,5.3747,,,7.0845,,,7.8874,,,1.8284,,,3.5125,,,6.8767,,,,QC'd by BUCMLD,candidate_step3_property,,C33H40N2O14,688.7,-0.1,2,15,13,0
27920,859549,660844,COCC1=NN=C(S1)N,Inactive,0,,,Inactive,,,,,,,,,,4,,24.1638,,,,,0.4852,,,-2.0073,,,19.3349,,,14.9418,,,5.506,,,9.201,,,24.1638,QC'd by DPISMR,candidate_step3_property,,C4H7N3OS,145.19,-0.3,1,5,2,0
27960,11111568,5282759,CCCCCCC/C=C\CCCCCCCCC(=O)O,Inactive,0,,,Inactive,,,,,,,,,,4,,20.703,,9.7057,,,15.2048,,,18.7804,,,32.2516,,,24.9698,,,18.5349,,,20.8064,,,20.703,QC'd by SigmaAldrich,candidate_step3_property,,C18H34O2,282.5,6.500,1,2,15,0
27972,863378,135462206,CC1=CC=C(C=C1)NC2=NC(=C(C(=O)N2)CCC(C)C)C,Inactive,0,,,Inactive,,,,,,,,,,4,,3.2776,,,,,-9.5081,,,-17.543,,,-10.1735,,,-11.1127,,,-3.9041,,,-11.687,,,3.2776,QC'd by DPISMR,residual_possible_step4_or_definition_mismatch,,C17H23N3O,285.4,3.5,2,2,5,0
27976,847720,650129,CC1=CC2=C(C=C1)C=C(C(=O)N2)CN(CC3=CC=C(C=C3)F)CC4=NN=NN4C5CCCC5,Inactive,0,,,Inactive,,,,,,,,,,4,,2.5868,,,,,3.424,,,16.3715,,,-2.1805,,,12.8811,,,-0.3208,,,0.6383,,,2.5868,QC'd by DPISMR,residual_possible_step4_or_definition_mismatch,,C25H27FN6O,446.5,3.5,1,6,7,0
27996,7967543,5308876,CC1=CC=CC=C1CN2C(=C(C(=N2)C)NC(=O)C3=NOC4=C3CCC5=CC=CC=C54)C,Inactive,0,,,Inactive,,,,,,,,,,4,,12.3125,,,,,-1.4723,,,5.3353,,,2.1884,,,-4.7049,,,1.1201,,,-0.3357,,,12.3125,QC'd by DPISMR,residual_possible_step4_or_definition_mismatch,,C25H24N4O2,412.5,4.6,1,4,4,0
28076,26751211,16758599,CC(=O)OC[C@H]1[C@H]([C@H]([C@H]([C@@H](O1)O/N=C\2/C[C@H]([C@H]([C@H]3[C@@H]2CC[C@@H]4[C@@H]3C(=O)N(C4=O)C5=C(C=C(C=C5)F)F)O)O)OC(=O)C)OC(=O)C)OC(=O)C,Inactive,0,,,Inactive,,,,,,,,,,4,,6.6882,,-7.6141,,,-4.1976,,,-6.4606,,,-17.7298,,,-11.3592,,,-4.2064,,,6.6882,,,,QC'd by BUCMLD,candidate_step3_property,,C32H36F2N2O14,710.6,0.2,2,17,12,0
28165,26751202,16758590,CC(=O)OC[C@H]1[C@H]([C@H]([C@H]([C@@H](O1)O/N=C\2/C[C@H]([C@H]([C@H]3[C@@H]2CC[C@H]4[C@H]3C(=O)N(C4=O)CC5=CC=CC=C5)O)O)OC(=O)C)OC(=O)C)OC(=O)C,Inactive,0,,,Inactive,,,,,,,,,,4,,5.4485,,18.2189,,,15.2421,,,16.9246,,,5.6958,,,6.3602,,,10.0783,,,5.4485,,,,QC'd by BUCMLD,candidate_step3_property,,C33H40N2O14,688.7,-0.1,2,15,13,0
28279,11111544,1678,C(C[N+](=O)[O-])C(=O)O,Inactive,0,,,Inactive,,,,,,,,,,4,,-7.9554,,5.5263,,,3.3231,,,-4.7203,,,-6.6061,,,-2.964,,,-15.6687,,,2.037,,,-7.9554,QC'd by SigmaAldrich,candidate_step3_property,,C3H5NO4,119.08,-0.5,1,4,2,0
28418,847679,650088,CC1=NC=CN1CC(=O)O,Inactive,0,,,Inactive,,,,,,,,,,4,,1.8741,,,,,-8.7139,,,-1.8771,,,1.748,,,2.0169,,,-0.3086,,,-0.4556,,,1.8741,QC'd by DPISMR,candidate_step3_property,,C6H8N2O2,140.14,0.1,1,3,2,0
28421,11111537,6603946,C(CC(=O)N[C@H](CSN=O)C(=O)NCC(=O)O)[C@H](C(=O)O)N,Inactive,0,,,Inactive,,,,,,,,,,4,,-10.0008,,3.9881,,,1.5058,,,15.5423,,,4.9466,,,16.8528,,,-4.106,,,17.6641,,,-10.0008,QC'd by SigmaAldrich,candidate_step3_property,,C10H16N4O7S,336.32,-4.8,5,10,10,0
28488,855570,1547484,C1CN(CCN1C/C=C/C2=CC=CC=C2)C(C3=CC=CC=C3)C4=CC=CC=C4,Inactive,0,,,Inactive,,,,,,,,,,4,,-16.1201,,-12.8266,,,3.8837,,,5.575,,,17.6273,,,16.901,,,-1.5934,,,5.4058,,,-16.1201,QC'd by SigmaAldrich,candidate_step3_property,,C26H28N2,368.5,5.800,0,2,6,0
28497,4250674,3244451,C1CN(CCN1CCO)C(=O)C2C3CC(C2C(=O)O)C=C3,Inactive,0,,,Inactive,,,,,,,,,,4,,12.1529,,,,,1.2306,,,6.613,,,4.8989,,,19.1959,,,18.2173,,,16.0791,,,12.1529,QC'd by DPISMR,residual_possible_step4_or_definition_mismatch,,C15H22N2O4,294.35,-2.9,2,5,4,0
28546,26751179,16758576,C[C@@H]1CC[C@@H]2C(=O)N3[C@@H](CC[C@H]([C@@H]3C4=CC=C(C=C4)C5=CC=CO5)C)C(=O)N2[C@H]1C6=CC=C(C=C6)C7=CC=CO7,Inactive,0,,,Inactive,,,,,,,,,,4,,2.6769,,10.4342,,,1.2951,,,7.7815,,,7.0096,,,4.4479,,,5.2516,,,2.6769,,,,QC'd by BUCMLD,candidate_step3_property,,C34H34N2O4,534.6,6.2,0,4,4,0
28571,26751178,16758575,C[C@@H]1CC[C@H]2C(=O)N3[C@@H](CC[C@H]([C@H]3C4=CC=C(C=C4)Br)C)C(=O)N2[C@H]1C5=CC=C(C=C5)Br,Inactive,0,,,Activator,6.3096,43.2614,,Single point of activity,-5.2,4.9549,0.733,46.6442,3.3828,3,0 0 0 0 0 0 0,44.4575,,10.8186,,,-5.0977,,,-3.9118,,,13.2212,,,16.7158,,,2.6454,,,44.4575,,,,QC'd by BUCMLD,candidate_step3_property,,C26H28Br2N2O2,560.3,6.1,0,2,2,0
28601,26751176,11991108,C[C@H]1CC[C@H]2C(=O)N3[C@@H](CC[C@@H]([C@H]3C4=CC=C(C=C4)Br)C)C(=O)N2[C@@H]1C5=CC=C(C=C5)Br,Inactive,0,,,Inactive,,,,,,,,,,4,,4.7476,,-2.8141,,,2.7094,,,-4.7612,,,5.7287,,,0.4591,,,-1.0324,,,4.7476,,,,QC'd by BUCMLD,candidate_step3_property,,C26H28Br2N2O2,560.3,6.1,0,2,2,0
28680,26751292,16758680,CC(=O)OC[C@H]1[C@H]([C@H]([C@H]([C@@H](O1)O/N=C\2/C[C@H]([C@H]([C@H]3[C@H]2CC[C@H]4[C@H]3C(=O)N(C4=O)C[C@@H]5CCCO5)O)O)OC(=O)C)OC(=O)C)OC(=O)C,Inactive,0,,,Inactive,,,,,,,,,,4,,4.7419,,-1.4205,,,14.0063,,,3.6386,,,-6.1891,,,10.163,,,8.5325,,,4.7419,,,,QC'd by BUCMLD,candidate_step3_property,,C31H42N2O15,682.7,-1.2,2,16,13,0
28712,11111777,3086457,C[C@H]1C(=O)N[C@H](C(=O)N[C@H](C(=O)N[C@H](C(=O)N[C@H](C(=O)N[C@H](C(=O)N1C)CC2=CC=CC=C2)C(C)C)CCCCN)CC3=CNC4=CC=CC=C43)CC5=CC=C(C=C5)O,Inactive,0,,,Inactive,,,,,,,,,,4,,-21.7655,,-6.6411,,,-15.7994,,,-33.0062,,,-5.241,,,2.1464,,,-22.7972,,,-18.9206,,,-21.7655,QC'd by SigmaAldrich,candidate_step3_property,,C44H56N8O7,809.0,3.9,8,8,11,0
28760,4265103,1290684,C1=CC=C(C=C1)C2=NOC(=N2)CSC3=NN=C(N3C4=CC=CC=C4)CC5=CC=CS5,Inactive,0,,,Inactive,,,,,,,,,,4,,-26.694,,,,,-14.1266,,,-11.1908,,,-7.0193,,,-8.3963,,,0.0183,,,-13.9773,,,-26.694,QC'd by DPISMR,candidate_step3_property,,C22H17N5OS2,431.5,5.0,0,7,7,0
28810,11111783,4306515,COC1=CC=C(C=C1)N2C(=CC(=N2)C(F)(F)F)C3=CC=C(C=C3)Cl,Inactive,0,,,Inactive,,,,,,,,,,4,,-3.9767,,-10.2402,,,-17.2996,,,-5.5856,,,-10.7523,,,3.5557,,,-15.2333,,,-7.8184,,,-3.9767,QC'd by SigmaAldrich,candidate_step3_property,,C17H12ClF3N2O,352.7,5.1,0,5,3,0
28813,26751301,16758689,C[C@@H](C1=CC=CC=C1)N2C(=O)[C@H]3CC[C@@H]\4[C@@H]([C@@H]3C2=O)[C@@H]([C@@H](C/C4=N/O[C@H]5[C@@H]([C@@H]([C@@H]([C@@H](O5)COC(=O)C)OC(=O)C)OC(=O)C)OC(=O)C)O)O,Inactive,0,,,Inactive,,,,,,,,,,4,,-1.4141,,2.3943,,,16.9799,,,8.6818,,,10.6487,,,-0.9788,,,10.8011,,,-1.4141,,,,QC'd by BUCMLD,candidate_step3_property,,C34H42N2O14,702.7,0.3,2,15,13,0
28826,11111784,5196,C(=O)(N)NN,Inactive,0,,,Inactive,,,,,,,,,,4,,14.8302,,18.726,,,8.3896,,,24.7864,,,24.0601,,,29.4385,,,15.8734,,,33.3219,,,14.8302,QC'd by SigmaAldrich,candidate_step3_property,,CH5N3O,75.07,-1.8,3,2,0,0
28874,11111787,1102,C(CCNCCCN)CN,Inactive,0,,,Inactive,,,,,,,,,,4,,1.9713,,7.4672,,,2.7151,,,3.8912,,,2.2628,,,12.4534,,,9.8229,,,17.0069,,,1.9713,QC'd by SigmaAldrich,candidate_step3_property,,C7H19N3,145.25,-1.0,3,3,7,0
28878,4250766,135428327,C1CC2=CC=CC=C2N(C1)C(=O)CSC3=NC4=C(C=NN4C5=CC=C(C=C5)Cl)C(=O)N3,Inactive,0,,,Inactive,,,,,,,,,,4,,26.3419,,,,,21.1038,,,8.2774,,,3.8141,,,11.4929,,,4.516,,,-2.9908,,,26.3419,QC'd by DPISMR,residual_possible_step4_or_definition_mismatch,,C22H18ClN5O2S,451.9,4.0,1,5,4,0
28880,26751274,16758662,CC(=O)OC[C@H]1[C@H]([C@H]([C@H]([C@@H](O1)O/N=C\2/C[C@H]([C@H]([C@H]3[C@@H]2CC[C@H]4[C@H]3C(=O)N(C4=O)C[C@@H]5CCCO5)O)O)OC(=O)C)OC(=O)C)OC(=O)C,Inactive,0,,,Inactive,,,,,,,,,,4,,5.496,,1.2999,,,-1.2182,,,-2.5723,,,-3.6936,,,-7.1984,,,-0.6056,,,5.496,,,,QC'd by BUCMLD,candidate_step3_property,,C31H42N2O15,682.7,-1.2,2,16,13,0
28898,4265111,2188626,CC1=C(OC2=CC=CC=C12)C3=NN4C(=O)/C(=C/C5=CC=CC=C5OCC=C)/SC4=N3,Inactive,0,,,Inactive,,,,,,,,,,4,,-14.1731,,,,,-26.442,,,-15.6228,,,-8.49,,,-8.1465,,,-9.7902,,,-2.4019,,,-14.1731,QC'd by DPISMR,candidate_step3_property,,C23H17N3O3S,415.5,5.7,0,6,5,0
29025,26751283,16758671,C[C@@H](C1=CC=CC=C1)N2C(=O)[C@H]3CC[C@H]\4[C@@H]([C@@H]3C2=O)[C@@H]([C@@H](C/C4=N/O[C@H]5[C@@H]([C@@H]([C@@H]([C@@H](O5)COC(=O)C)OC(=O)C)OC(=O)C)OC(=O)C)O)O,Inactive,0,,,Inactive,,,,,,,,,,4,,-6.1593,,4.3041,,,-1.7114,,,2.9439,,,-12.1129,,,-5.8282,,,-34.6428,,,-6.1593,,,,QC'd by BUCMLD,candidate_step3_property,,C34H42N2O14,702.7,0.3,2,15,13,0
29029,843828,646133,CCC(C1=NN=NN1CC2=CC=CC=C2)N(CC3=CC=CO3)CC4=CC5=C(C=CC(=C5)OCC)NC4=O,Inactive,0,,,Inactive,,,,,,,,,,4,,-6.7265,,,,,9.8789,,,-4.2156,,,9.6173,,,-71.6461,,,-6.8078,,,8.5195,,,-6.7265,QC'd by DPISMR,residual_possible_step4_or_definition_mismatch,,C28H30N6O3,498.6,3.8,1,7,11,0
29080,847514,649919,C1CCC(CC1)C(=O)N(CC2=CC=CS2)CC3=NC4=C(C5=C(S4)CCCC5)C(=O)N3,Inactive,0,,,Inactive,,,,,,,,,,4,,-12.9442,,,,,12.8148,,,-3.5241,,,5.6116,,,14.2393,,,1.3676,,,-2.3536,,,-12.9442,QC'd by DPISMR,residual_possible_step4_or_definition_mismatch,,C23H27N3O2S2,441.6,4.8,1,5,5,0
29181,11111738,6603983,CC1=C(C(CCC1)(C)C)/C=C\C(=C\C=C/C(=C/C(=O)O)/C)\C,Inactive,0,,,Inactive,,,,,,,,,,4,,-7.5096,,-4.9264,-10.7239,,13.8069,1.7701,,5.3513,-10.2102,,-3.8243,0.5333,,-9.1261,-9.1469,,8.657,-1.4189,,-10.7915,-7.5096,,,QC'd by Prestwick,candidate_step3_property,,C20H28O2,300.4,6.300,1,2,5,0
29208,4246281,3240654,CCC(C(=O)NC1=NC(=C(S1)C(=O)OCC)C)SC2=NC3=C(C4=CC=CC=C4N3CC=C)N=N2,Inactive,0,,,Inactive,,,,,,,,,,4,,2.264,,,,,32.2921,,,30.003,,,21.7941,,,27.2064,,,20.0564,,,1.7972,,,2.264,QC'd by DPISMR,residual_possible_step4_or_definition_mismatch,,C23H24N6O3S2,496.6,4.8,1,9,10,0
29209,26751265,16758653,CC(=O)OC[C@H]1[C@H]([C@H]([C@H]([C@@H](O1)O/N=C\2/C[C@H]([C@H]([C@H]3[C@H]2CC[C@H]4[C@H]3C(=O)N(C4=O)CC5=CC6=C(C=C5)OCO6)O)O)OC(=O)C)OC(=O)C)OC(=O)C,Inactive,0,,,Inactive,,,,,,,,,,4,,42.0749,,39.3789,,,22.7902,,,27.7451,,,30.5855,,,21.5892,,,25.0021,,,42.0749,,,,QC'd by BUCMLD,candidate_step3_property,,C34H40N2O16,732.7,-0.3,2,17,13,0
29251,4255301,2967050,C1CCC(CC1)NC(=O)CSC2=NC(=NC(=N2)N3CCCCC3)N4CCCCC4,Inactive,0,,,Inactive,,,,,,,,,,4,,5.2415,,,,,-5.3923,,,-8.4815,,,1.8817,,,-13.0345,,,-10.5384,,,-1.5814,,,5.2415,QC'd by DPISMR,residual_possible_step4_or_definition_mismatch,,C21H34N6OS,418.6,4.6,1,7,6,0
29291,4255312,2220861,CC1=CC2=C(C=C1)N=C(C=C2C(=O)NC3=NOC(=C3)C)C4=CC=CC=C4Cl,Inactive,0,,,Inactive,,,,,,,,,,4,,-14.8543,,,,,-6.8336,,,-11.0214,,,-34.2074,,,-15.0683,,,-2.8863,,,-16.5154,,,-14.8543,QC'd by DPISMR,residual_possible_step4_or_definition_mismatch,,C21H16ClN3O2,377.8,4.9,1,4,3,0
29306,847493,649898,CCOC(=O)C1CCN(CC1)C(C2=CC3=C(C(=C(C=C3)C)C)NC2=O)C4=NN=NN4C5CCCCC5,Inactive,0,,,Inactive,,,,,,,,,,4,,-26.5684,,,,,0.5144,,,-11.8053,,,-29.2651,,,-3.3348,,,-11.0815,,,-10.3546,,,-26.5684,QC'd by DPISMR,residual_possible_step4_or_definition_mismatch,,C27H36N6O3,492.6,3.7,1,7,7,0
29463,26751247,16758635,CC(=O)OC[C@H]1[C@H]([C@H]([C@H]([C@@H](O1)O/N=C\2/C[C@H]([C@H]([C@H]3[C@@H]2CC[C@H]4[C@H]3C(=O)N(C4=O)CC5=CC6=C(C=C5)OCO6)O)O)OC(=O)C)OC(=O)C)OC(=O)C,Inactive,0,,,Inactive,,,,,,,,,,4,,16.5696,,7.1575,,,5.8523,,,15.9475,,,13.8216,,,3.3066,,,12.5031,,,16.5696,,,,QC'd by BUCMLD,candidate_step3_property,,C34H40N2O16,732.7,-0.3,2,17,13,0
29528,11111733,5035,C1CCN(CC1)CCOC2=CC=C(C=C2)C(=O)C3=C(SC4=C3C=CC(=C4)O)C5=CC=C(C=C5)O,Inactive,0,,,Inactive,,,,,,,,,,4,,-5.2171,,-0.2865,,,0.9403,,,-0.5683,,,-6.4329,,,8.6637,,,5.281,,,0.3236,,,-5.2171,QC'd by SigmaAldrich,candidate_step3_property,,C28H27NO4S,473.6,6.1,2,6,7,0
29567,26751250,16758638,CC(=CCC/C(=C/CO/N=C\1/C[C@H]([C@H]([C@H]2[C@H]1CC[C@H]3[C@H]2C(=O)N(C3=O)C4=CC(=CC=C4)OC5=CC=CC=C5)O)O)/C)C,Inactive,0,,,Inactive,,,,,,,,,,4,,7.2878,,1.1709,,,-2.5357,,,-3.9877,,,4.8845,,,-3.1024,,,2.7525,,,7.2878,,,,QC'd by BUCMLD,candidate_step3_property,,C34H40N2O6,572.7,5.2,2,7,9,0
29583,4255296,135431127,C1CC2=C(C(C3=C(N2)N=C(NC3=O)SCC4=CC=CC=C4Cl)C5=CC=NC=C5)C(=O)C1,Inactive,0,,,Inactive,,,,,,,,,,4,,-23.943,,,,,7.7304,,,-2.2107,,,0.7393,,,-16.7639,,,5.265,,,-6.5082,,,-23.943,QC'd by DPISMR,residual_possible_step4_or_definition_mismatch,,C23H19ClN4O2S,450.9,3.2,2,6,4,0
29589,11111737,6603983,CC1=C(C(CCC1)(C)C)/C=C\C(=C\C=C/C(=C/C(=O)O)/C)\C,Inactive,0,,,Inactive,,,,,,,,,,4,,-0.6615,,19.4258,3.0457,,1.8075,5.2954,,3.1408,14.2033,,0.072,0.2765,,-2.7096,16.7467,,9.3873,4.3621,,6.4568,-0.6615,,,QC'd by Prestwick,candidate_step3_property,,C20H28O2,300.4,6.300,1,2,5,0
29601,11111736,6603983,CC1=C(C(CCC1)(C)C)/C=C\C(=C\C=C/C(=C/C(=O)O)/C)\C,Inactive,0,,,Inactive,,,,,,,,,,4,,-9.4133,,-4.7645,,,-9.6246,,,5.9792,,,3.8437,,,3.1574,,,12.6489,,,12.7921,,,-9.4133,QC'd by SigmaAldrich,candidate_step3_property,,C20H28O2,300.4,6.300,1,2,5,0
29606,26751256,16758644,CC(=O)OC[C@H]1[C@H]([C@H]([C@H]([C@@H](O1)O/N=C\2/C[C@H]([C@H]([C@H]3[C@H]2CC[C@H]4[C@H]3C(=O)N(C4=O)C5=CC(=CC=C5)OC6=CC=CC=C6)O)O)OC(=O)C)OC(=O)C)OC(=O)C,Inactive,0,,,Inactive,,,,,,,,,,4,,20.3891,,-6.4333,,,2.1215,,,6.1939,,,-3.9021,,,11.727,,,3.1484,,,20.3891,,,,QC'd by BUCMLD,candidate_step3_property,,C38H42N2O15,766.7,1.5,2,16,14,0
29681,26751364,16758752,CC(=O)OC[C@H]1[C@H]([C@H]([C@H]([C@@H](O1)O/N=C\2/C[C@H]([C@H]([C@H]3[C@H]2CC[C@H]4[C@H]3C(=O)N(C4=O)C5CCCCC5)O)O)OC(=O)C)OC(=O)C)OC(=O)C,Inactive,0,,,Inactive,,,,,,,,,,4,,13.6361,,10.1559,,,7.671,,,9.1567,,,16.0748,,,-18.9081,,,12.0057,,,13.6361,,,,QC'd by BUCMLD,candidate_step3_property,,C32H44N2O14,680.7,0.2,2,15,12,0
29693,11111712,6603979,CCN(CC)CCC[C@H](C)NC1=C2C=C(C=CC2=NC3=C1C=CC(=C3)Cl)OC,Inactive,0,,,Inactive,,,,,,,,,,4,,22.5504,,21.3663,,,13.8334,,,9.8773,,,14.7182,,,6.1938,,,11.5404,,,25.1425,,,22.5504,QC'd by SigmaAldrich,candidate_step3_property,,C23H30ClN3O,400.0,6.0,1,4,9,0
29704,847607,650011,CCC(C1=NN=NN1CC2=CC=CO2)N(CCC3=CC=CC=C3)CC4=CC5=CC=CC(=C5NC4=O)C,Inactive,0,,,Inactive,,,,,,,,,,4,,-3.7775,,,,,-29.0929,,,-14.4384,,,-12.7334,,,-2.7319,,,-21.1787,,,-2.5937,,,-3.7775,QC'd by DPISMR,residual_possible_step4_or_definition_mismatch,,C28H30N6O2,482.6,4.3,1,6,10,0
29718,4250829,3244588,COC1=CC=CC=C1C2=CC(=NC(=N2)N3CCN(CC3)C4=CC=C(C=C4)F)C(F)(F)F,Inactive,0,,,Inactive,,,,,,,,,,4,,13.6926,,,,,2.9248,,,-2.6784,,,7.9299,,,1.2677,,,-1.1468,,,29.9418,,,13.6926,QC'd by DPISMR,residual_possible_step4_or_definition_mismatch,,C22H20F4N4O,432.4,4.9,0,9,4,0
29802,26751372,16758760,CCN1C(=O)[C@H]2CC[C@@H]\3[C@@H]([C@@H]2C1=O)[C@@H]([C@@H](C/C3=N/O[C@H]4[C@@H]([C@@H]([C@@H]([C@@H](O4)COC(=O)C)OC(=O)C)OC(=O)C)OC(=O)C)O)O,Inactive,0,,,Inactive,,,,,,,,,,4,,3.0027,,7.5515,,,11.0578,,,2.6057,,,8.18,,,-3.3717,,,-1.6507,,,3.0027,,,,QC'd by BUCMLD,candidate_step3_property,,C28H38N2O14,626.6,-1.2,2,15,12,0
29920,26751346,16758734,CC(=O)OC[C@H]1[C@H]([C@H]([C@H]([C@@H](O1)O/N=C\2/C[C@H]([C@H]([C@H]3[C@@H]2CC[C@H]4[C@H]3C(=O)N(C4=O)C5CCCCC5)O)O)OC(=O)C)OC(=O)C)OC(=O)C,Inactive,0,,,Inactive,,,,,,,,,,4,,19.0013,,7.7726,,,0.2547,,,-10.2308,,,16.6609,,,-7.2482,,,8.9461,,,19.0013,,,,QC'd by BUCMLD,candidate_step3_property,,C32H44N2O14,680.7,0.2,2,15,12,0
29944,843904,646213,CCC(C)(C)N1C(=NN=N1)C(C2=CC=CC(=C2)C#N)N3CCN(CC3)C4=CC=CC(=C4C)C,Inactive,0,,,Inactive,,,,,,,,,,4,,5.002,,,,,-5.1282,,,1.2415,,,-0.198,,,-5.9308,,,6.6942,,,-8.2083,,,5.002,QC'd by DPISMR,residual_possible_step4_or_definition_mismatch,,C26H33N7,443.6,4.6,0,6,6,0
29945,11111695,6603977,C1=CC=C(C=C1)CCCCOC2=C3C=CC(=O)OC3=CC4=C2C=CO4,Inactive,0,,,Activator,15.8489,98.188,,Partial curve; high efficacy,-4.8,1.3443,0.9347,95.4544,-2.7337,2.1,0 0 0 0 0 0 0 0,83.2899,,-11.1344,,,0.3645,,,-3.7257,,,-12.2781,,,14.3802,,,5.0626,,,32.3681,,,83.2899,QC'd by SigmaAldrich,candidate_step3_property,,C21H18O4,334.4,5.0,0,4,6,0
29979,11111689,6603975,C1[C@H]([C@H]([C@H]([C@@H]([C@H]1N)O[C@H]2[C@H]([C@H]([C@H]([C@@H](O2)CO)O)O)N)O[C@H]3[C@@H]([C@@H]([C@@H](O3)CO)O[C@H]4[C@@H]([C@@H]([C@@H]([C@@H](O4)CN)O)O)N)O)O)N,Inactive,0,,,Inactive,,,,,,,,,,4,,2.5142,,-7.9021,,,-2.0404,,,1.6172,,,-6.0711,,,1.6048,,,0.6932,,,-7.8855,,,2.5142,QC'd by SigmaAldrich,candidate_step3_property,,C23H45N5O14,615.6,-8.7,13,19,9,0
30074,26751355,16758743,CCN1C(=O)[C@H]2CC[C@H]\3[C@@H]([C@@H]2C1=O)[C@@H]([C@@H](C/C3=N/O[C@H]4[C@@H]([C@@H]([C@@H]([C@@H](O4)COC(=O)C)OC(=O)C)OC(=O)C)OC(=O)C)O)O,Inactive,0,,,Inactive,,,,,,,,,,4,,17.483,,14.4949,,,15.642,,,8.5078,,,13.5096,,,13.7191,,,18.7174,,,17.483,,,,QC'd by BUCMLD,candidate_step3_property,,C28H38N2O14,626.6,-1.2,2,15,12,0
30137,859382,135449599,C1(=[N+](ON=C1N)[O-])/C(=N/O)/N,Inactive,0,,,Inactive,,,,,,,,,,4,,6.6063,,,,,-7.098,,,6.7484,,,-13.1823,,,-11.9447,,,-2.9215,,,11.9337,,,6.6063,QC'd by DPISMR,residual_possible_step4_or_definition_mismatch,,C3H5N5O3,159.10,-0.3,3,6,1,0
30142,11111678,158614,C1C[C@H]([C@@H](NC1)C(=O)O)C(=O)O,Inactive,0,,,Inactive,,,,,,,,,,4,,12.8151,,13.046,,,5.0319,,,20.7848,,,23.7893,,,23.5933,,,11.0219,,,28.3439,,,12.8151,QC'd by SigmaAldrich,residual_possible_step4_or_definition_mismatch,,C7H11NO4,173.17,-2.8,3,5,2,0
30145,863496,135467307,CCCCCC1=C(N=C(NC1=O)NC2=CC=C(C=C2)F)C,Inactive,0,,,Inactive,,,,,,,,,,4,,24.6791,,,,,-0.8924,,,-3.9493,,,-7.2659,,,-17.4946,,,-12.8952,,,-8.447,,,24.6791,QC'd by DPISMR,residual_possible_step4_or_definition_mismatch,,C16H20FN3O,289.35,3.6,2,3,6,0
30169,26751328,16758716,CCOC(=O)CCN1C(=O)[C@H]2CC[C@@H]\3[C@@H]([C@@H]2C1=O)[C@@H]([C@@H](C/C3=N/O[C@H]4[C@@H]([C@@H]([C@@H]([C@@H](O4)COC(=O)C)OC(=O)C)OC(=O)C)OC(=O)C)O)O,Inactive,0,,,Inactive,,,,,,,,,,4,,23.0843,,2.5519,,,1.7872,,,-1.2396,,,11.4622,,,12.5727,,,0.4643,,,23.0843,,,,QC'd by BUCMLD,candidate_step3_property,,C31H42N2O16,698.7,-1.4,2,17,16,0
30174,11111676,19493,C1[C@H]([C@@H]1N)C2=CC=CC=C2,Inactive,0,,,Inactive,,,,,,,,,,4,,-2.4655,,-1.7446,,,-7.0725,,,16.3902,,,8.1654,,,8.579,,,6.3065,,,10.7788,,,-2.4655,QC'd by SigmaAldrich,candidate_step3_property,,C9H11N,133.19,1.500,1,1,1,0
30228,847570,649975,CC1=C2C(=CC=C1)C=C(C(=O)N2)CN(CC3=CC=CS3)C4(CCCC4)C5=NN=NN5C6CCCC6,Inactive,0,,,Inactive,,,,,,,,,,4,,-12.1566,,,,,-0.9351,,,4.5416,,,-2.0467,,,5.6734,,,3.0089,,,-1.5155,,,-12.1566,QC'd by DPISMR,residual_possible_step4_or_definition_mismatch,,C27H32N6OS,488.6,4.2,1,6,7,0
30237,11111672,4971,CC1=C(C2=CC3=NC(=CC4=NC(=CC5=C(C(=C(N5)C=C1N2)C=C)C)C(=C4CCC(=O)O)C)C(=C3C)CCC(=O)O)C=C,Inactive,0,,,Activator,12.5893,322.523,,Partial curve; high efficacy,-4.9,1.9282,0.9994,325.517,2.9943,2.1,0 0 0 0 0 0 0 0,308.636,,0.941,,,2.6485,,,-1.3799,,,6.8168,,,7.0945,,,13.034,,,151.355,,,308.636,QC'd by SigmaAldrich,residual_possible_step4_or_definition_mismatch,,C34H34N4O4,562.7,4.6,4,6,8,0
30293,26751337,16758725,CC(=O)OC[C@H]1[C@H]([C@H]([C@H]([C@@H](O1)O/N=C\2/C[C@H]([C@H]([C@H]3[C@H]2CC[C@H]4[C@H]3C(=O)N(C4=O)C(C)(C)C)O)O)OC(=O)C)OC(=O)C)OC(=O)C,Inactive,0,,,Inactive,,,,,,,,,,4,,27.6101,,25.3763,,,10.8302,,,23.7424,,,-4.7584,,,12.6703,,,29.4144,,,27.6101,,,,QC'd by BUCMLD,candidate_step3_property,,C30H42N2O14,654.7,-0.6,2,15,12,0
30386,3713884,2998581,CN1C2=CC=CC=C2N=C1C(C#N)C(=O)C3=C(C4=CC=CC=C4S3)Cl,Inactive,0,,,Inactive,,,,,,,,,,4,,-0.375,,,,,10.4418,,,8.0113,,,7.0867,,,13.4729,,,-62.4135,,,-6.7081,,,-0.375,QC'd by DPISMR,residual_possible_step4_or_definition_mismatch,,C19H12ClN3OS,365.8,4.7,0,4,3,0
30397,11111663,1045,C(CCN)CN,Inactive,0,,,Inactive,,,,,,,,,,4,,8.5411,,7.7707,,,7.5853,,,0.4532,,,5.4028,,,8.0046,,,-4.6697,,,1.3888,,,8.5411,QC'd by SigmaAldrich,candidate_step3_property,,C4H12N2,88.15,-0.9,2,2,3,0
30450,7967442,5308829,CC1=C(C=C(C=C1)NC(=O)CSC2=NN=C(N2C3=CC=C(C=C3)OC)CC4=CC=CN4C)Cl,Inactive,0,,,Inactive,,,,,,,,,,4,,-23.0789,,,,,3.5417,,,-22.2908,,,-8.8701,,,-10.334,,,-7.6083,,,-5.8671,,,-23.0789,QC'd by DPISMR,residual_possible_step4_or_definition_mismatch,,C24H24ClN5O2S,482.0,4.5,1,5,8,0
30469,26751310,16758698,CCOC(=O)CCN1C(=O)[C@H]2CC[C@H]\3[C@@H]([C@@H]2C1=O)[C@@H]([C@@H](C/C3=N/O[C@H]4[C@@H]([C@@H]([C@@H]([C@@H](O4)COC(=O)C)OC(=O)C)OC(=O)C)OC(=O)C)O)O,Inactive,0,,,Inactive,,,,,,,,,,4,,11.3569,,32.3779,,,16.5132,,,3.4647,,,6.6102,,,-4.4756,,,-7.5968,,,11.3569,,,,QC'd by BUCMLD,candidate_step3_property,,C31H42N2O16,698.7,-1.4,2,17,16,0
30531,11111670,6603973,CCCCCCCCCCCCCC(=O)O[C@H]1[C@H]([C@]2([C@@H](C=C(C[C@]3([C@H]2C=C(C3=O)C)O)CO)[C@@H]4[C@]1(C4(C)C)OC(=O)C)O)C,Inactive,0,,,Inactive,,,,,,,,,,4,,19.6067,,-14.8914,,,-2.9304,,,-20.8868,,,-5.3292,,,12.0911,,,9.7898,,,17.8362,,,19.6067,QC'd by SigmaAldrich,candidate_step3_property,,C36H56O8,616.8,6.5,3,8,17,0
30547,26751319,16758707,CC(=O)OC[C@H]1[C@H]([C@H]([C@H]([C@@H](O1)O/N=C\2/C[C@H]([C@H]([C@H]3[C@@H]2CC[C@H]4[C@H]3C(=O)N(C4=O)C(C)(C)C)O)O)OC(=O)C)OC(=O)C)OC(=O)C,Inactive,0,,,Inactive,,,,,,,,,,4,,6.9906,,-0.6922,,,-19.8836,,,0.4957,,,2.5182,,,9.9487,,,2.4726,,,6.9906,,,,QC'd by BUCMLD,candidate_step3_property,,C30H42N2O14,654.7,-0.6,2,15,12,0
30638,26750889,16758379,CC1=CC=C(C=C1)O[C@H]2C=C[C@H](O[C@H]2COC(=O)CC/C(=N\OC[C@H]3[C@H](C=C[C@H](O3)C4=CC=CC=C4)OC5=CC=C(C=C5)OC)/C)C#CC6=CC=CC=C6,Inactive,0,,,Inactive,,,,,,,,,,4,,8.2257,,6.6479,,,9.577,,,-6.0782,,,-1.4761,,,3.5951,,,1.036,,,8.2257,,,,QC'd by BUCMLD,candidate_step3_property,,C45H45NO8,727.8,8.1,0,9,16,0
30674,26750887,16758377,C/C(=N\O[C@H]1[C@@H]([C@H]([C@H]([C@H](O1)COC(=O)C)OC(=O)C)OC(=O)C)OC(=O)C)/CCC(=O)OC[C@H]2[C@H](C=C[C@H](O2)C3=CC=CC=C3)OC4=CC=C(C=C4)OC,Inactive,0,,,Inactive,,,,,,,,,,4,,3.1085,,7.7252,,,-0.391,,,-19.7518,,,-1.8275,,,-5.1087,,,-4.3352,,,3.1085,,,,QC'd by BUCMLD,candidate_step3_property,,C38H45NO15,755.8,3.4,0,16,21,0
30687,26750886,16758376,C[C@H](CO/N=C(/C)\CCC(=O)OC[C@H]1[C@H](C=C[C@H](O1)C2=CC=CC=C2)OC3=CC=C(C=C3)OC)[C@@H](C(C)C)OCC4=CC=CC=C4,Inactive,0,,,Inactive,,,,,,,,,,4,,-20.0159,,-4.1771,,,-21.6418,,,-12.8829,,,-3.452,,,0.363,,,-27.0469,,,-20.0159,,,,QC'd by BUCMLD,candidate_step3_property,,C38H47NO7,629.8,7.3,0,8,18,0
30698,26750893,16758383,CC1=CC=C(C=C1)O[C@H]2C=C[C@H](O[C@H]2COC(=O)CC/C(=N\O[C@@H](C)CN3CCCC4=C3C=C(C(=N4)C)C)/C)C#CC5=CC=CC=C5,Inactive,0,,,Inactive,,,,,,,,,,4,,17.5505,,17.1126,,,14.6809,,,13.0513,,,2.46,,,-1.5437,,,5.9163,,,17.5505,,,,QC'd by BUCMLD,candidate_step3_property,,C39H45N3O5,635.8,7.0,0,8,13,0
30721,26750892,16758382,CC1=CC=C(C=C1)O[C@H]2C=C[C@H](O[C@H]2COC(=O)CC/C(=N\O[C@@H](C)CN3CCCCC4=C3C=C(C(=N4)C)C)/C)C#CC5=CC=CC=C5,Inactive,0,,,Inactive,,,,,,,,,,4,,3.0286,,7.3078,,,2.2807,,,2.0366,,,4.3647,,,-3.343,,,10.5742,,,3.0286,,,,QC'd by BUCMLD,candidate_step3_property,,C40H47N3O5,649.8,7.3,0,8,13,0
30731,26750891,16758381,CC1=CC=C(C=C1)O[C@H]2C=C[C@H](O[C@H]2COC(=O)CC/C(=N/OCC[C@@H]3C=C[C@@H]([C@@H](O3)COC(=O)C)OC(=O)C)/C)C#CC4=CC=CC=C4,Inactive,0,,,Inactive,,,,,,,,,,4,,4.0215,,-2.2411,,,-8.071,,,-5.0986,,,2.3065,,,-0.5045,,,-0.1343,,,4.0215,,,,QC'd by BUCMLD,candidate_step3_property,,C38H43NO10,673.7,4.9,0,11,18,0
30746,26750890,16758380,CCCNC(=O)OC[C@H]1[C@H](C=C[C@H](O1)CCO/N=C(\C)/CCC(=O)OC[C@H]2[C@H](C=C[C@H](O2)C#CC3=CC=CC=C3)OC4=CC=C(C=C4)C)OC5=CC=C(C=C5)OC,Inactive,0,,,Inactive,,,,,,,,,,4,,2.378,,-3.8646,,,19.864,,,-12.9166,,,7.1438,,,3.2956,,,-9.2225,,,2.378,,,,QC'd by BUCMLD,candidate_step3_property,,C45H52N2O10,780.9,7.4,1,11,21,0
30762,26750881,16758372,C/C(=N/OC[C@H](COCC1=CC=CO1)O)/CCC(=O)OC[C@H]2[C@H](C=C[C@H](O2)C3=CC=CC=C3)OC4=CC=C(C=C4)OC,Inactive,0,,,Inactive,,,,,,,,,,4,,-11.1994,,5.1094,,,13.5822,,,-2.5932,,,10.2581,,,-12.579,,,-3.2408,,,-11.1994,,,,QC'd by BUCMLD,candidate_step3_property,,C32H37NO9,579.6,3.6,1,10,17,0
30779,26750879,16758370,C/C(=N/OC[C@H]([C@@H]1[C@H]([C@H]2[C@@H](O1)OC(O2)(C)C)O)O)/CCC(=O)OC[C@H]3[C@H](C=C[C@H](O3)C4=CC=CC=C4)OC5=CC=C(C=C5)OC,Inactive,0,,,Inactive,,,,,,,,,,4,,5.3491,,-0.4082,,,-6.8637,,,1.8743,,,-1.0503,,,8.8706,,,6.7428,,,5.3491,,,,QC'd by BUCMLD,candidate_step3_property,,C33H41NO11,627.7,3.2,2,12,14,0
30786,4246370,3240724,COC1=C(C=C(C=C1)C2=CC(=NC(=N2)N3CCN(CC3)C4=CC=C(C=C4)F)C(F)(F)F)OC,Inactive,0,,,Inactive,,,,,,,,,,4,,7.2085,,,,,0.883,,,6.6258,,,10.5934,,,-3.0502,,,-1.3614,,,7.1493,,,7.2085,QC'd by DPISMR,candidate_step3_property,,C23H22F4N4O2,462.4,4.9,0,10,5,0
30795,26750878,16758369,CC1=CC2=C(CCCN2C[C@H](C)O/N=C(/C)\CCC(=O)OC[C@H]3[C@H](C=C[C@H](O3)C4=CC=CC=C4)OC5=CC=C(C=C5)OC)N=C1C,Inactive,0,,,Inactive,,,,,,,,,,4,,-6.6046,,-16.8733,,,-2.7714,,,-14.8506,,,-4.7268,,,-6.8856,,,-11.3073,,,-6.6046,,,,QC'd by BUCMLD,candidate_step3_property,,C37H45N3O6,627.8,6.2,0,9,14,0
30812,26750877,16758368,CC1=CC2=C(CCCCN2C[C@H](C)O/N=C(/C)\CCC(=O)OC[C@H]3[C@H](C=C[C@H](O3)C4=CC=CC=C4)OC5=CC=C(C=C5)OC)N=C1C,Inactive,0,,,Inactive,,,,,,,,,,4,,12.1019,,2.5332,,,11.1238,,,-8.6282,,,-8.6743,,,3.2332,,,-12.4856,,,12.1019,,,,QC'd by BUCMLD,candidate_step3_property,,C38H47N3O6,641.8,6.5,0,9,14,0
30816,26750885,16758375,CC1=CC(=C(C(=C1)C)C2=NOC(=C2)[C@H](C)O/N=C(/C)\CCC(=O)OC[C@H]3[C@H](C=C[C@H](O3)C4=CC=CC=C4)OC5=CC=C(C=C5)OC)C,Inactive,0,,,Inactive,,,,,,,,,,4,,5.5406,,16.873,,,15.3801,,,10.4275,,,13.0994,,,-4.2148,,,8.7188,,,5.5406,,,,QC'd by BUCMLD,candidate_step3_property,,C38H42N2O7,638.7,6.9,0,9,14,0
30824,4237545,3232658,C1CC2(CCN(CC2)C(=O)C3=CC(=CC(=C3)C(F)(F)F)C(F)(F)F)CN(C1)C4=CC=CC=N4,Inactive,0,,,Inactive,,,,,,,,,,4,,-7.9479,,,,,-8.8107,,,-8.2693,,,-16.8893,,,-1.9207,,,8.9828,,,-19.1525,,,-7.9479,QC'd by Pharmacopeia,candidate_step3_property,,C23H23F6N3O,471.4,5.3,0,9,2,0
30836,26750884,16758374,C[C@@H](C1=CN(N=N1)[C@@H](CC2=CC=CC=C2)CO)O/N=C(/C)\CCC(=O)OC[C@H]3[C@H](C=C[C@H](O3)C4=CC=CC=C4)OC5=CC=C(C=C5)OC,Inactive,0,,,Inactive,,,,,,,,,,4,,5.2559,,11.054,,,-17.165,,,-8.8537,,,4.304,,,-8.0603,,,0.4937,,,5.2559,,,,QC'd by BUCMLD,candidate_step3_property,,C37H42N4O7,654.8,4.7,1,10,17,0
30849,26750883,16758374,C[C@@H](C1=CN(N=N1)[C@@H](CC2=CC=CC=C2)CO)O/N=C(/C)\CCC(=O)OC[C@H]3[C@H](C=C[C@H](O3)C4=CC=CC=C4)OC5=CC=C(C=C5)OC,Inactive,0,,,Inactive,,,,,,,,,,4,,-5.2562,,2.4578,,,-31.0048,,,-6.3699,,,-15.0073,,,-2.9027,,,-16.4019,,,-5.2562,,,,QC'd by BUCMLD,candidate_step3_property,,C37H42N4O7,654.8,4.7,1,10,17,0
30866,26750882,16758373,C[C@@H](C1=CN(N=N1)[C@H]2COC[C@H]2O)O/N=C(/C)\CCC(=O)OC[C@H]3[C@H](C=C[C@H](O3)C4=CC=CC=C4)OC5=CC=C(C=C5)OC,Inactive,0,,,Inactive,,,,,,,,,,4,,-21.0138,,-9.3169,,,-10.4823,,,-11.8756,,,-13.0155,,,-20.0559,,,-16.2548,,,-21.0138,,,,QC'd by BUCMLD,candidate_step3_property,,C32H38N4O8,606.7,2.5,1,11,14,0
30896,26750905,16758394,CCCNC(=O)OC[C@H]1[C@H](C=C[C@H](O1)CCO/N=C\C[C@H]2C=C[C@@H]([C@H](O2)COC(=O)C)OC(=O)C)OC3=CC=C(C=C3)OC,Inactive,0,,,Inactive,,,,,,,,,,4,,-1.0295,,-4.2555,,,-12.7952,,,-10.436,,,2.2235,,,10.4323,,,-17.0346,,,-1.0295,,,,QC'd by BUCMLD,candidate_step3_property,,C31H42N2O11,618.7,3.1,1,12,19,0
30917,26750902,16758391,CC1=CC=C(C=C1)O[C@H]2C=C[C@H](O[C@H]2COC(=O)CC/C(=N/O[C@H]3[C@@H]([C@H]([C@H]([C@H](O3)COC(=O)C)OC(=O)C)OC(=O)C)OC(=O)C)/C)C#CC4=CC=CC=C4,Inactive,0,,,Inactive,,,,,,,,,,4,,-7.8149,,4.6786,,,-11.1488,,,-5.892,,,-8.0158,,,-16.1292,,,2.4887,,,-7.8149,,,,QC'd by BUCMLD,candidate_step3_property,,C40H45NO14,763.8,4.2,0,15,20,0
30953,4237568,3232681,COC1=CC=C(C=C1)C(=O)N2CCC3(CCN(CC3)C(C4=CC=CC=C4)C5=CC=CC=C5)CC2,Inactive,0,,,Inactive,,,,,,,,,,4,,-21.3432,,,,,1.6642,,,8.8227,,,-2.4854,,,6.9175,,,6.8922,,,19.7505,,,-21.3432,QC'd by Pharmacopeia,candidate_step3_property,,C30H34N2O2,454.6,5.7,0,3,5,0
30972,26750909,16758398,CC(=O)OC[C@H]1[C@H](C=C[C@H](O1)C/C=N\OC[C@H]([C@@H]2[C@H]([C@H]3[C@@H](O2)OC(O3)(C)C)O)O)OC(=O)C,Inactive,0,,,Inactive,,,,,,,,,,4,,17.5976,,14.4797,,,-4.8471,,,11.1915,,,1.2586,,,-2.3464,,,1.1782,,,17.5976,,,,QC'd by BUCMLD,candidate_step3_property,,C21H31NO11,473.5,-0.3,2,12,11,0
30986,26750906,16758395,CC(=O)OC[C@@H]1[C@H](C=C[C@@H](O1)CCO/N=C\C[C@@H]2C=C[C@@H]([C@@H](O2)COC(=O)C)OC(=O)C)OC(=O)C,Inactive,0,,,Inactive,,,,,,,,,,4,,11.6404,,5.1439,,,4.4194,,,-20.8097,,,-14.0115,,,-6.068,,,-4.684,,,11.6404,,,,QC'd by BUCMLD,candidate_step3_property,,C24H33NO11,511.5,0.6,0,12,16,0
31017,26750896,16758386,CC1=CC=C(C=C1)O[C@H]2C=C[C@H](O[C@H]2COC(=O)CC/C(=N\OC[C@H](COCC3=CC=CO3)O)/C)C#CC4=CC=CC=C4,Inactive,0,,,Inactive,,,,,,,,,,4,,9.1813,,-6.4524,,,-11.8867,,,-21.9112,,,4.526,,,-11.878,,,-15.56,,,9.1813,,,,QC'd by BUCMLD,candidate_step3_property,,C34H37NO8,587.7,4.4,1,9,16,0
31047,26750894,16758384,CC1=CC=C(C=C1)O[C@H]2C=C[C@H](O[C@H]2COC(=O)CC/C(=N\OC[C@H]([C@@H]3[C@H]([C@H]4[C@@H](O3)OC(O4)(C)C)O)O)/C)C#CC5=CC=CC=C5,Inactive,0,,,Inactive,,,,,,,,,,4,,4.2835,,3.2768,,,-10.3519,,,-9.6264,,,7.5946,,,2.6057,,,-7.9907,,,4.2835,,,,QC'd by BUCMLD,candidate_step3_property,,C35H41NO10,635.7,4.0,2,11,13,0
31064,26750895,16758385,CC1=CC=C(C=C1)O[C@H]2C=C[C@H](O[C@H]2COC(=O)CC/C(=N\O[C@@H]3C=C[C@H](O[C@@H]3CO)CC=C)/C)C#CC4=CC=CC=C4,Inactive,0,,,Inactive,,,,,,,,,,4,,15.8431,,10.6253,,,4.9431,,,-0.4998,,,15.9943,,,9.7814,,,20.7133,,,15.8431,,,,QC'd by BUCMLD,candidate_step3_property,,C35H39NO7,585.7,5.2,1,8,14,0
31087,26750900,16758389,CC1=CC=C(C=C1)O[C@H]2C=C[C@H](O[C@H]2COC(=O)CC/C(=N\O[C@@H](C)C3=CC(=NO3)C4=C(C=C(C=C4C)C)C)/C)C#CC5=CC=CC=C5,Inactive,0,,,Inactive,,,,,,,,,,4,,2.5676,,9.2761,,,3.6342,,,13.4121,,,18.806,,,-4.0376,,,-4.7781,,,2.5676,,,,QC'd by BUCMLD,candidate_step3_property,,C40H42N2O6,646.8,7.7,0,8,13,0
31104,26750901,16758390,CC1=CC=C(C=C1)O[C@H]2C=C[C@H](O[C@H]2COC(=O)CC/C(=N\OC[C@@H](C)[C@@H](C(C)C)OCC3=CC=CC=C3)/C)C#CC4=CC=CC=C4,Inactive,0,,,Inactive,,,,,,,,,,4,,-19.299,,7.4932,,,7.0758,,,10.855,,,3.6792,,,-8.3967,,,12.6894,,,-19.299,,,,QC'd by BUCMLD,candidate_step3_property,,C40H47NO6,637.8,8.1,0,7,17,0
31120,26750898,16758388,CC1=CC=C(C=C1)O[C@H]2C=C[C@H](O[C@H]2COC(=O)CC/C(=N\O[C@@H](C)C3=CN(N=N3)[C@@H](CC4=CC=CC=C4)CO)/C)C#CC5=CC=CC=C5,Inactive,0,,,Inactive,,,,,,,,,,4,,-0.1414,,-26.452,,,-2.118,,,-21.8396,,,-5.3627,,,-5.8089,,,4.5243,,,-0.1414,,,,QC'd by BUCMLD,candidate_step3_property,,C39H42N4O6,662.8,5.5,1,9,16,0
31134,26750899,16758388,CC1=CC=C(C=C1)O[C@H]2C=C[C@H](O[C@H]2COC(=O)CC/C(=N\O[C@@H](C)C3=CN(N=N3)[C@@H](CC4=CC=CC=C4)CO)/C)C#CC5=CC=CC=C5,Inactive,0,,,Inactive,,,,,,,,,,4,,5.9107,,-2.3341,,,-17.3527,,,6.5213,,,-0.8492,,,-0.2647,,,5.6719,,,5.9107,,,,QC'd by BUCMLD,candidate_step3_property,,C39H42N4O6,662.8,5.5,1,9,16,0
31156,4241540,3236497,CC1=CC=C(C=C1)CN2C=CC(=N2)NC(=O)C3=NOC(=C3)C4=CC=C(C=C4)Cl,Inactive,0,,,Inactive,,,,,,,,,,4,,2.5133,,,,,17.9991,,,14.9044,,,2.6966,,,-9.3131,,,1.7781,,,-0.5431,,,2.5133,QC'd by DPISMR,residual_possible_step4_or_definition_mismatch,,C21H17ClN4O2,392.8,4.4,1,4,5,0
31198,11111865,114924,CCCCCCCCCCCCCCSCC(=O)O,Inactive,0,,,Inactive,,,,,,,,,,4,,4.27,,21.9072,,,4.3677,,,21.5771,,,13.2942,,,23.0037,,,4.3807,,,27.2055,,,4.27,QC'd by SigmaAldrich,candidate_step3_property,,C16H32O2S,288.5,7.1,1,3,15,0
31217,863139,135513627,CCCCCC1=C(N=C(NC1=O)NC2=CC=CC=C2)C,Inactive,0,,,Inactive,,,,,,,,,,4,,-17.3529,,,,,-3.9131,,,-3.6553,,,-2.854,,,1.9246,,,-5.246,,,-4.3202,,,-17.3529,QC'd by DPISMR,residual_possible_step4_or_definition_mismatch,,C16H21N3O,271.36,3.5,2,2,6,0
31245,11111868,5413,CC[N+](CC)(CC)CC,Inactive,0,,,Inactive,,,,,,,,,,4,,19.513,,24.7505,,,14.3411,,,16.1974,,,19.5908,,,23.9692,,,18.4076,,,36.3445,,,19.513,QC'd by SigmaAldrich,candidate_step3_property,,C8H20N+,130.25,1.7,0,0,4,1
31284,863143,664380,COC1=CC=CC=C1C2=NC(=C(O2)N3CCN(CC3)C(C4=CC=CC=C4)C5=CC=CC=C5)C#N,Inactive,0,,,Inactive,,,,,,,,,,4,,-2.3471,,,,,-2.1889,,,0.4402,,,8.07,,,2.9237,,,10.255,,,12.228,,,-2.3471,QC'd by DPISMR,candidate_step3_property,,C28H26N4O2,450.5,5.5,0,6,6,0
31365,11111859,3117,CCN(CC)C(=S)SSC(=S)N(CC)CC,Inactive,0,,,Inactive,,,,,,,,,,4,,-21.1585,,-10.1569,,,1.2011,,,-1.9375,,,-2.8886,,,0.9296,,,-10.7669,,,-6.5818,,,-21.1585,QC'd by SigmaAldrich,residual_possible_step4_or_definition_mismatch,,C10H20N2S4,296.5,3.900,0,4,7,0
31380,11111860,3117,CCN(CC)C(=S)SSC(=S)N(CC)CC,Inactive,0,,,Inactive,,,,,,,,,,4,,-16.0169,,-1.7183,-1.001,,-7.5501,-6.5303,,-11.9701,-3.3739,,-9.8517,1.9788,,0.2418,-2.6688,,-6.0902,-16.6676,,-20.7026,-16.0169,,,QC'd by Prestwick,residual_possible_step4_or_definition_mismatch,,C10H20N2S4,296.5,3.900,0,4,7,0
31396,11111861,5382,C1=CC(=CC=C1OC2=C(C=C(C=N2)Cl)Cl)OC3=C(C=C(C=N3)Cl)Cl,Inactive,0,,,Inactive,,,,,,,,,,4,,13.7824,,9.895,,,-19.3463,,,-5.1252,,,10.8149,,,6.9565,,,5.3677,,,16.8949,,,13.7824,QC'd by SigmaAldrich,candidate_step3_property,,C16H8Cl4N2O2,402.1,6.0,0,4,4,0
31404,26750869,16758360,CC1=CC=C(C=C1)O[C@H]2C=C[C@H](O[C@H]2COC(=O)NCC3=CC=CC4=CC=CC=C43)CC=C,Inactive,0,,,Inactive,,,,,,,,,,4,,21.2208,,21.3576,,,17.461,,,16.138,,,17.6547,,,7.8608,,,7.5787,,,21.2208,,,,QC'd by BUCMLD,candidate_step3_property,,C28H29NO4,443.5,6.0,1,4,9,0
31420,26750870,16758361,COC1=CC=C(C=C1)O[C@H]2C=C[C@H](O[C@H]2COC(=O)NCC3=CC=CC4=CC=CC=C43)C5=CC=CC=C5,Inactive,0,,,Inactive,,,,,,,,,,4,,5.6147,,3.5824,,,5.5519,,,-1.2056,,,11.4209,,,-4.0805,,,0.0815,,,5.6147,,,,QC'd by BUCMLD,candidate_step3_property,,C31H29NO5,495.6,6.2,1,5,9,0
31430,4237543,3232656,C1CC2(CCN(CC2)C(=O)C3=CC(=CC=C3)F)CN(C1)CC4=CC(=CC(=C4)C(F)(F)F)C(F)(F)F,Inactive,0,,,Inactive,,,,,,,,,,4,,-0.5139,,,,,7.5959,,,-4.1203,,,-18.321,,,-1.4188,,,-1.2166,,,-1.8424,,,-0.5139,QC'd by Pharmacopeia,candidate_step3_property,,C25H25F7N2O,502.5,5.9,0,9,3,0
31441,851873,654475,COC1=CC=C(C=C1)C(=O)CSC2=NN=C(N2CC3=CC=CO3)C4=CC5=CC=CC=C5C=C4O,Inactive,0,,,Inactive,,,,,,,,,,4,,-28.1955,,,,,0.8584,,,-4.9333,,,-2.4933,,,-1.5775,,,2.3745,,,0.7894,,,-28.1955,QC'd by DPISMR,residual_possible_step4_or_definition_mismatch,,C26H21N3O4S,471.5,4.9,1,7,8,0
31493,26750874,16758365,C/C(=N/OC[C@H]1[C@H](C=C[C@H](O1)C2=CC=CC=C2)OC3=CC=C(C=C3)OC)/CCC(=O)OC[C@H]4[C@H](C=C[C@H](O4)C5=CC=CC=C5)OC6=CC=C(C=C6)OC,Inactive,0,,,Inactive,,,,,,,,,,4,,0.4144,,11.0542,,,5.0688,,,-2.0522,,,8.5621,,,-0.9272,,,5.5855,,,0.4144,,,,QC'd by BUCMLD,candidate_step3_property,,C43H45NO9,719.8,7.3,0,10,17,0
31506,26750875,16758366,CCCNC(=O)OC[C@H]1[C@H](C=C[C@H](O1)CCO/N=C(\C)/CCC(=O)OC[C@H]2[C@H](C=C[C@H](O2)C3=CC=CC=C3)OC4=CC=C(C=C4)OC)OC5=CC=C(C=C5)OC,Inactive,0,,,Inactive,,,,,,,,,,4,,-12.6216,,-3.6156,,,4.3611,,,-4.3025,,,16.3407,,,2.9184,,,-6.513,,,-12.6216,,,,QC'd by BUCMLD,candidate_step3_property,,C43H52N2O11,772.9,6.6,1,12,22,0
31520,26750876,16758367,C/C(=N\OCC[C@@H]1C=C[C@@H]([C@@H](O1)COC(=O)C)OC(=O)C)/CCC(=O)OC[C@H]2[C@H](C=C[C@H](O2)C3=CC=CC=C3)OC4=CC=C(C=C4)OC,Inactive,0,,,Inactive,,,,,,,,,,4,,2.8905,,4.8959,,,12.1209,,,0.9447,,,-5.2331,,,7.3421,,,1.515,,,2.8905,,,,QC'd by BUCMLD,candidate_step3_property,,C36H43NO11,665.7,4.2,0,12,19,0
31570,11111874,5568,CN(C)CCCN1C2=CC=CC=C2SC3=C1C=C(C=C3)C(F)(F)F,Inactive,0,,,Inactive,,,,,,,,,,4,,7.5961,,3.0292,-3.2375,,-1.4843,-2.1339,,-21.6864,4.0831,,-2.5766,-4.6722,,2.5749,15.0029,,-3.9864,5.8261,,-17.5021,7.5961,,,QC'd by Prestwick,candidate_step3_property,,C18H19F3N2S,352.4,5.200,0,6,4,0
31575,847372,649767,CCCCC1=C(N=C(NC1=O)SCC(=O)NC2=CC3=C(CCC3)C=C2)O,Inactive,0,,,Inactive,,,,,,,,,,4,,-7.0387,,,,,0.5031,,,-0.2569,,,-2.6794,,,-0.0693,,,-7.1985,,,0.2902,,,-7.0387,QC'd by DPISMR,residual_possible_step4_or_definition_mismatch,,C19H23N3O3S,373.5,3.7,3,5,7,0
31595,11111872,5610,C1=CC(=CC=C1CCN)O,Inactive,0,,,Inactive,,,,,,,,,,4,,11.7843,,4.9416,,,7.3258,,,9.4603,,,22.6817,,,20.0462,,,19.9705,,,28.9034,,,11.7843,QC'd by SigmaAldrich,candidate_step3_property,,C8H11NO,137.18,1.100,2,2,2,0
31609,3714365,2361235,CC1=C(SC2=C1C(=NC=N2)SC3=NN=C4N3C5=CC=CC=C5S4)C,Inactive,0,,,Inactive,,,,,,,,,,4,,9.1205,,,,,-4.3909,,,-3.8176,,,-4.3089,,,5.1571,,,-11.0228,,,-4.0446,,,9.1205,QC'd by DPISMR,candidate_step3_property,,C16H11N5S3,369.5,5.8,0,7,2,0
31667,26750959,6518269,C[C@H]1CC[C@H](N([C@@H]1C2=CC=C(C=C2)C)C(=O)C3=CC=C(C=C3)/C=N\O[C@@H](C)C4=CN(N=N4)[C@@H](CC5=CC=CC=C5)CO)C(=O)OC,Inactive,0,,,Inactive,,,,,,,,,,4,,-0.2393,,-13.981,,,1.3215,,,-4.4056,,,2.7213,,,-4.9254,,,-8.8563,,,-0.2393,,,,QC'd by BUCMLD,candidate_step3_property,,C36H41N5O5,623.7,5.5,1,8,12,0
31682,26750958,6518269,C[C@H]1CC[C@H](N([C@@H]1C2=CC=C(C=C2)C)C(=O)C3=CC=C(C=C3)/C=N\O[C@@H](C)C4=CN(N=N4)[C@@H](CC5=CC=CC=C5)CO)C(=O)OC,Inactive,0,,,Inactive,,,,,,,,,,4,,17.8424,,5.44,,,8.0958,,,-32.4146,,,10.6094,,,9.2379,,,8.8668,,,17.8424,,,,QC'd by BUCMLD,candidate_step3_property,,C36H41N5O5,623.7,5.5,1,8,12,0
31690,11111836,3448,C1CNCC2=C1C(=O)NO2,Inactive,0,,,Inactive,,,,,,,,,,4,,-4.0428,,-1.9274,,,6.7335,,,8.3801,,,11.236,,,4.4575,,,22.8369,,,-3.3612,,,-4.0428,QC'd by SigmaAldrich,candidate_step3_property,,C6H8N2O2,140.14,-0.900,2,3,0,0
31725,11111834,6604017,CCCCCCCCCC[Si](C)(C)CCC(=O)N[C@@H](CC1=CC=C(C=C1)C)C2=CC=CC=C2,Inactive,0,,,Inactive,,,,,,,,,,4,,13.4469,,2.4158,,,6.8792,,,15.0016,,,15.4125,,,19.8127,,,8.5044,,,13.8904,,,13.4469,QC'd by SigmaAldrich,candidate_step1_inorganic,Si,C30H47NOSi,465.8,,1,1,16,0
31727,863104,135399482,CCCCCC1=C(N=C(NC1=O)N2CCC3=CC=CC=C32)C,Inactive,0,,,Inactive,,,,,,,,,,4,,-6.0576,,,,,-3.2425,,,-4.5645,,,-1.4387,,,-26.2864,,,-13.7942,,,-13.0764,,,-6.0576,QC'd by DPISMR,residual_possible_step4_or_definition_mismatch,,C18H23N3O,297.4,3.7,1,2,5,0
31765,26750953,16758423,C[C@H]1CC[C@H](N([C@@H]1C2=CC=C(C=C2)C)C(=O)C3=CC=C(C=C3)/C=N\O[C@@H](C)CN4CCCC5=C4C=C(C(=N5)C)C)C(=O)OC,Inactive,0,,,Inactive,,,,,,,,,,4,,2.1394,,8.82,,,0.1603,,,2.9748,,,-8.5752,,,-0.3929,,,-0.6975,,,2.1394,,,,QC'd by BUCMLD,candidate_step3_property,,C36H44N4O4,596.8,6.9,0,7,9,0
31783,26750952,6518263,C[C@H]1CC[C@H](N([C@@H]1C2=CC=C(C=C2)C)C(=O)C3=CC=C(C=C3)/C=N\O[C@@H](C)CN4CCCCC5=C4C=C(C(=N5)C)C)C(=O)OC,Inactive,0,,,Inactive,,,,,,,,,,4,,-8.4977,,24.5033,,,15.3499,,,9.1164,,,17.7153,,,2.6935,,,11.0772,,,-8.4977,,,,QC'd by BUCMLD,candidate_step3_property,,C37H46N4O4,610.8,7.3,0,7,9,0
31817,26750950,16758421,CCCNC(=O)OC[C@H]1[C@H](C=C[C@H](O1)CCO/N=C\C2=CC=C(C=C2)C(=O)N3[C@@H](CC[C@@H]([C@H]3C4=CC=C(C=C4)C)C)C(=O)OC)OC5=CC=C(C=C5)OC,Inactive,0,,,Inactive,,,,,,,,,,4,,10.2032,,28.0811,,,11.2784,,,6.0536,,,-18.4934,,,-2.5988,,,0.0154,,,10.2032,,,,QC'd by BUCMLD,candidate_step3_property,,C42H51N3O9,741.9,7.4,1,10,17,0
31832,26750949,16758420,C[C@H]1CC[C@H](N([C@@H]1C2=CC=C(C=C2)C)C(=O)C3=CC=C(C=C3)/C=N\OC[C@H]4[C@H](C=C[C@H](O4)C5=CC=CC=C5)OC6=CC=C(C=C6)OC)C(=O)OC,Inactive,0,,,Inactive,,,,,,,,,,4,,19.1647,,15.5424,,,8.421,,,0.4868,,,15.3919,,,16.7587,,,13.0799,,,19.1647,,,,QC'd by BUCMLD,candidate_step3_property,,C42H44N2O7,688.8,8.1,0,8,12,0
31850,4255384,2947090,C1CCC(CC1)C2=C(C=CC(=C2)Cl)OC3=NC(=NC(=N3)N4CCOCC4)N5CCOCC5,Inactive,0,,,Inactive,,,,,,,,,,4,,11.801,,,,,5.2846,,,14.9456,,,10.184,,,3.6315,,,12.4843,,,17.23,,,11.801,QC'd by DPISMR,candidate_step3_property,,C23H30ClN5O3,460.0,5.2,0,8,5,0
31874,26750947,16758419,CC1=CC2=C(CCCN2CC/C(=N/O[C@H]3[C@@H]([C@H]([C@H]([C@H](O3)COC(=O)C)OC(=O)C)OC(=O)C)OC(=O)C)/C)N=C1C,Inactive,0,,,Inactive,,,,,,,,,,4,,8.1253,,4.3501,,,-13.0441,,,-8.9111,,,-6.2308,,,-3.7166,,,-0.9669,,,8.1253,,,,QC'd by BUCMLD,candidate_step3_property,,C28H39N3O10,577.6,2.0,0,13,14,0
31890,26750946,9556019,CC1=CC2=C(CCCN2CC/C(=N/OC[C@@H](C)[C@@H](C(C)C)OCC3=CC=CC=C3)/C)N=C1C,Inactive,0,,,Inactive,,,,,,,,,,4,,16.8033,,-1.7632,,,-15.8437,,,-10.8269,,,0.5953,,,-5.7122,,,-0.6725,,,16.8033,,,,QC'd by BUCMLD,candidate_step3_property,,C28H41N3O2,451.6,5.9,0,5,11,0
31904,26750945,9556018,CC1=CC(=C(C(=C1)C)C2=NOC(=C2)[C@H](C)O/N=C(\C)/CCN3CCCC4=C3C=C(C(=N4)C)C)C,Inactive,0,,,Inactive,,,,,,,,,,4,,12.9672,,-8.1008,,,-3.7535,,,-6.7117,,,0.4032,,,-7.4281,,,-3.6386,,,12.9672,,,,QC'd by BUCMLD,candidate_step3_property,,C28H36N4O2,460.6,5.5,0,6,7,0
31933,26750974,16758438,CC1=CC=C(C=C1)S(=O)(=O)N[C@H](/C=N\O[C@@H](C)C2=CN(N=N2)[C@@H](CC3=CC=CC=C3)CO)[C@H](C)/C=C\CC(=O)OC,Inactive,0,,,Inactive,,,,,,,,,,4,,-3.5226,,16.8751,,,-1.1039,,,4.1456,,,10.2551,,,8.8189,,,-18.122,,,-3.5226,,,,QC'd by BUCMLD,candidate_step3_property,,C29H37N5O6S,583.7,3.4,2,10,16,0
31949,26750975,16758439,CC1=CC=C(C=C1)S(=O)(=O)N[C@H](/C=N\O[C@@H](C)C2=CC(=NO2)C3=C(C=C(C=C3C)C)C)[C@H](C)/C=C\CC(=O)OC,Inactive,0,,,Inactive,,,,,,,,,,4,,4.106,,9.3975,,,3.3039,,,-2.4557,,,8.1361,,,-1.0648,,,3.6124,,,4.106,,,,QC'd by BUCMLD,candidate_step3_property,,C30H37N3O6S,567.7,5.6,1,9,13,0
31951,4264643,1266325,CC1=CC=C(C=C1)CNC(=O)CSC2=NC(=NC(=N2)N3CCCCC3)N4CCCCC4,Inactive,0,,,Inactive,,,,,,,,,,4,,-2.0772,,,,,5.5655,,,7.698,,,16.2891,,,14.5737,,,6.7293,,,20.0298,,,-2.0772,QC'd by DPISMR,residual_possible_step4_or_definition_mismatch,,C23H32N6OS,440.6,4.6,1,7,7,0
31972,11111850,5520,CP(=O)(C1=CC[NH2+]CC1)[O-],Inactive,0,,,Activator,1,18,,Complete curve; partial efficacy; poor fit,-6,0.8,0.7375,32,14,1.4,0 0 0 0 0 0 1 0,30.2153,,16.3972,,,13.7794,,,17.4945,,,9.2868,,,24.365,,,24.5478,,,-8.2597,,,30.2153,QC'd by SigmaAldrich,residual_possible_step4_or_definition_mismatch,,C6H12NO2P,161.14,-1.3,1,2,1,0
31982,26750973,16758438,CC1=CC=C(C=C1)S(=O)(=O)N[C@H](/C=N\O[C@@H](C)C2=CN(N=N2)[C@@H](CC3=CC=CC=C3)CO)[C@H](C)/C=C\CC(=O)OC,Inactive,0,,,Inactive,,,,,,,,,,4,,-1.4328,,-17.5371,,,3.3534,,,-12.4096,,,-0.1275,,,-4.9104,,,-0.0037,,,-1.4328,,,,QC'd by BUCMLD,candidate_step3_property,,C29H37N5O6S,583.7,3.4,2,10,16,0
32014,26750971,16758436,CC1=CC=C(C=C1)S(=O)(=O)N[C@H](/C=N\OC[C@H](COCC2=CC=CO2)O)[C@H](C)/C=C\CC(=O)OC,Inactive,0,,,Inactive,,,,,,,,,,4,,-3.1116,,-0.067,,,-13.3792,,,-16.5527,,,-10.9671,,,1.9232,,,0.3245,,,-3.1116,,,,QC'd by BUCMLD,candidate_step3_property,,C24H32N2O8S,508.6,2.3,2,10,16,0
32045,26750969,16758434,CC1=CC=C(C=C1)S(=O)(=O)N[C@H](/C=N\OC[C@H]([C@@H]2[C@H]([C@H]3[C@@H](O2)OC(O3)(C)C)O)O)[C@H](C)/C=C\CC(=O)OC,Inactive,0,,,Inactive,,,,,,,,,,4,,6.7349,,4.9552,,,-3.9656,,,4.9856,,,3.4785,,,0.4942,,,-7.0354,,,6.7349,,,,QC'd by BUCMLD,candidate_step3_property,,C25H36N2O10S,556.6,1.9,3,12,13,0
32053,26750966,16758431,CC1=CC=C(C=C1)S(=O)(=O)N[C@H](/C=N\OCC[C@H]2C=C[C@@H]([C@H](O2)COC(=O)C)OC(=O)C)[C@H](C)/C=C\CC(=O)OC,Inactive,0,,,Inactive,,,,,,,,,,4,,5.0532,,-18.2648,,,-20.3928,,,-6.7102,,,1.82,,,-1.349,,,-30.6077,,,5.0532,,,,QC'd by BUCMLD,candidate_step3_property,,C28H38N2O10S,594.7,2.8,1,12,18,0
32083,26750964,16758429,CC1=CC=C(C=C1)S(=O)(=O)N[C@H](/C=N\OC[C@H]2[C@H](C=C[C@H](O2)C3=CC=CC=C3)OC4=CC=C(C=C4)OC)[C@H](C)/C=C\CC(=O)OC,Inactive,0,,,Inactive,,,,,,,,,,4,,-7.0852,,1.9957,,,4.009,,,3.3893,,,3.8846,,,-5.8126,,,-4.6841,,,-7.0852,,,,QC'd by BUCMLD,candidate_step3_property,,C35H40N2O8S,648.8,6.0,1,10,16,0
32097,26750965,16758430,CCCNC(=O)OC[C@@H]1[C@H](C=C[C@@H](O1)CCO/N=C\[C@H]([C@H](C)/C=C\CC(=O)OC)NS(=O)(=O)C2=CC=C(C=C2)C)OC3=CC=C(C=C3)OC,Inactive,0,,,Inactive,,,,,,,,,,4,,5.0348,,-2.718,,,-1.1679,,,4.6859,,,15.0526,,,-8.1786,,,-1.9876,,,5.0348,,,,QC'd by BUCMLD,candidate_step3_property,,C35H47N3O10S,701.8,5.3,2,12,21,0
32102,851915,654521,CN(C)CCN1CC(CC1=O)C(=O)O,Inactive,0,,,Inactive,,,,,,,,,,4,,10.1953,,,,,18.1496,,,18.3189,,,8.4542,,,-4.7416,,,8.618,,,10.3102,,,10.1953,QC'd by DPISMR,candidate_step3_property,,C9H16N2O3,200.23,-3.3,1,4,4,0
32123,26750962,16758427,C[C@H]1CC[C@H](N([C@@H]1C2=CC=C(C=C2)C)C(=O)C3=CC=C(C=C3)/C=N\O[C@H]4[C@@H]([C@H]([C@H]([C@H](O4)COC(=O)C)OC(=O)C)OC(=O)C)OC(=O)C)C(=O)OC,Inactive,0,,,Inactive,,,,,,,,,,4,,9.7656,,9.5014,,,15.5756,,,7.1757,,,4.0136,,,15.9353,,,12.4699,,,9.7656,,,,QC'd by BUCMLD,candidate_step3_property,,C37H44N2O13,724.7,4.2,0,14,16,0
32136,4237631,3232744,C1C[C@@]2(CCN(C2)CC3=CC=C(C=C3)C#N)CN(C1)C(=O)C4=CC(=CC(=C4)C(F)(F)F)C(F)(F)F,Inactive,0,,,Inactive,,,,,,,,,,4,,-16.282,,,,,-6.3881,,,-8.1084,,,-8.2153,,,-16.6078,,,-6.688,,,7.1576,,,-16.282,QC'd by Pharmacopeia,candidate_step3_property,,C25H23F6N3O,495.5,5.1,0,9,3,0
32148,4237632,3232745,C1C[C@@]2(CCN(C2)CC3=CC=CC=C3)CN(C1)C(=O)C4=CC(=CC(=C4)C(F)(F)F)C(F)(F)F,Inactive,0,,,Inactive,,,,,,,,,,4,,-5.6936,,,,,13.4847,,,0.6309,,,10.0645,,,-1.026,,,11.9194,,,-3.9455,,,-5.6936,QC'd by Pharmacopeia,candidate_step3_property,,C24H24F6N2O,470.4,5.4,0,8,3,0
32156,26750960,6518270,C[C@H]1CC[C@H](N([C@@H]1C2=CC=C(C=C2)C)C(=O)C3=CC=C(C=C3)/C=N\O[C@@H](C)C4=CC(=NO4)C5=C(C=C(C=C5C)C)C)C(=O)OC,Inactive,0,,,Inactive,,,,,,,,,,4,,-8.1205,,4.0805,,,-1.5583,,,0.0181,,,0.0724,,,-2.4019,,,-7.6899,,,-8.1205,,,,QC'd by BUCMLD,candidate_step3_property,,C37H41N3O5,607.7,7.7,0,7,9,0
32169,11111837,3448,C1CNCC2=C1C(=O)NO2,Inactive,0,,,Inactive,,,,,,,,,,4,,2.2033,,-1.4596,-10.8318,,-11.0876,-5.1629,,-8.0968,4.956,,0.6523,7.7381,,5.9801,7.6259,,4.1458,-0.0594,,7.1867,2.2033,,,QC'd by Prestwick,candidate_step3_property,,C6H8N2O2,140.14,-0.900,2,3,0,0
32170,26750961,6602515,C[C@H]1CC[C@H](N([C@@H]1C2=CC=C(C=C2)C)C(=O)C3=CC=C(C=C3)/C=N\OC[C@@H](C)[C@@H](C(C)C)OCC4=CC=CC=C4)C(=O)OC,Inactive,0,,,Inactive,,,,,,,,,,4,,9.0691,,22.992,,,12.2751,,,-1.7208,,,11.5689,,,8.7193,,,2.2843,,,9.0691,,,,QC'd by BUCMLD,candidate_step3_property,,C37H46N2O5,598.8,8.1,0,6,13,0
32224,11111802,5951,C([C@@H](C(=O)O)N)O,Inactive,0,,,Inactive,,,,,,,,,,4,,14.6061,,17.7512,,,2.4402,,,11.4398,,,15.1024,,,19.2407,,,26.2311,,,28.6029,,,14.6061,QC'd by SigmaAldrich,candidate_step3_property,,C3H7NO3,105.09,-3.100,3,4,2,0
32243,26750920,16758406,CCCNC(=O)OC[C@H]1[C@H](C=C[C@H](O1)CCO/N=C(\C)/CCN2CCCCC3=C2C=C(C(=N3)C)C)OC4=CC=C(C=C4)OC,Inactive,0,,,Inactive,,,,,,,,,,4,,6.3892,,4.6761,,,-1.7748,,,-10.474,,,-0.1434,,,-16.2713,,,1.3761,,,6.3892,,,,QC'd by BUCMLD,candidate_step3_property,,C34H48N4O6,608.8,5.6,1,9,15,0
32262,26750919,9555994,CC1=CC2=C(CCCCN2CC/C(=N/OC[C@@H]3[C@H](C=C[C@H](O3)C4=CC=CC=C4)OC5=CC=C(C=C5)OC)/C)N=C1C,Inactive,0,,,Inactive,,,,,,,,,,4,,9.8532,,5.9746,,,-0.6266,,,-7.2031,,,9.6019,,,1.388,,,-16.2714,,,9.8532,,,,QC'd by BUCMLD,candidate_step3_property,,C34H41N3O4,555.7,6.3,0,7,10,0
32278,26750922,9555997,CC1=CC2=C(CCCCN2CC/C(=N/O[C@@H](C)CN3CCCCC4=C3C=C(C(=N4)C)C)/C)N=C1C,Inactive,0,,,Inactive,,,,,,,,,,4,,7.6207,,5.4974,,,17.3087,,,-4.4042,,,-5.0445,,,10.6003,,,1.6663,,,7.6207,,,,QC'd by BUCMLD,candidate_step3_property,,C29H43N5O,477.7,5.5,0,6,7,0
32319,847422,6603305,C1=C(N=CS1)C(=O)O.Br,Inactive,0,,,Inactive,,,,,,,,,,4,,-11.5809,,,,,-23.6724,,,3.8482,,,1.0599,,,3.4381,,,1.6109,,,9.2466,,,-11.5809,QC'd by DPISMR,property_value_missing,,C4H4BrNO2S,210.05,,2,4,1,0
32329,4237579,3232692,C1=CC=C(C(=C1)C2=CC3=C(C=C2)N=CN=C3NCC4=CC=CS4)C(F)(F)F,Inactive,0,,,Inactive,,,,,,,,,,4,,-25.7274,,,,,13.4483,,,-3.7768,,,3.6433,,,2.0492,,,-17.247,,,0.2582,,,-25.7274,QC'd by Pharmacopeia,candidate_step3_property,,C20H14F3N3S,385.4,5.6,1,7,4,0
32365,26750917,16758405,CC(=O)OC[C@H]1[C@H](C=C[C@H](O1)C/C=N\O[C@H]2[C@@H]([C@H]([C@@H]([C@H](O2)COC(=O)C)OC(=O)C)OC(=O)C)OC(=O)C)OC(=O)C,Inactive,0,,,Inactive,,,,,,,,,,4,,-0.7097,,17.647,,,-16.8666,,,-1.8366,,,-0.5837,,,4.6395,,,-12.2159,,,-0.7097,,,,QC'd by BUCMLD,candidate_step3_property,,C26H35NO15,601.6,-0.1,0,16,18,0
32389,859790,661092,C1CCCN(CC1)C2=NC3=C(C=NN3C4=CC=CC=C4)C(=N2)N5CCN(CC5)C6=CC=CC=N6,Inactive,0,,,Inactive,,,,,,,,,,4,,12.3553,,,,,-15.6319,,,-11.8184,,,0.5673,,,-6.9809,,,-20.5257,,,-4.7862,,,12.3553,QC'd by DPISMR,residual_possible_step4_or_definition_mismatch,,C26H30N8,454.6,4.8,0,7,4,0
32416,26750912,16758401,C[C@@H](C1=CN(N=N1)[C@H]2COC[C@H]2O)O/N=C\C[C@@H]3C=C[C@@H]([C@@H](O3)COC(=O)C)OC(=O)C,Inactive,0,,,Inactive,,,,,,,,,,4,,-3.8376,,-7.6407,,,-10.9049,,,-3.3844,,,-5.7785,,,-9.1296,,,-0.9775,,,-3.8376,,,,QC'd by BUCMLD,candidate_step3_property,,C20H28N4O8,452.5,-1.1,1,11,11,0
32456,847431,649837,CC1=C(C=C(C=C1)Cl)N2CCN(CC2)C(C3=CC=C(C=C3)C#N)C4=NN=NN4C5CCCC5,Inactive,0,,,Inactive,,,,,,,,,,4,,-3.4589,,,,,-0.3078,,,-11.0102,,,-12.4578,,,-12.2195,,,-7.9589,,,-6.1524,,,-3.4589,QC'd by DPISMR,residual_possible_step4_or_definition_mismatch,,C25H28ClN7,462.0,4.6,0,6,5,0
32570,26750931,9556005,CC1=CC2=C(CCCCN2CC/C(=N/OC[C@@H](C)[C@@H](C(C)C)OCC3=CC=CC=C3)/C)N=C1C,Inactive,0,,,Inactive,,,,,,,,,,4,,18.2275,,4.0221,,,0.8711,,,15.1832,,,15.2062,,,17.5614,,,7.2323,,,18.2275,,,,QC'd by BUCMLD,candidate_step3_property,,C29H43N3O2,465.7,6.3,0,5,11,0
32584,843725,646027,CCC1=CC2=C(C=C1)NC(=O)C(=C2)CN(CC3=CC4=C(C=C3)OCO4)CC5=NN=NN5C6CCCC6,Inactive,0,,,Inactive,,,,,,,,,,4,,-14.7875,,,,,7.6435,,,8.201,,,-0.3029,,,-9.0645,,,-8.9577,,,-1.592,,,-14.7875,QC'd by DPISMR,residual_possible_step4_or_definition_mismatch,,C27H30N6O3,486.6,3.6,1,7,8,0
32587,26750932,16758412,CC1=CC2=C(CCCCN2CC/C(=N/O[C@H]3[C@@H]([C@H]([C@H]([C@H](O3)COC(=O)C)OC(=O)C)OC(=O)C)OC(=O)C)/C)N=C1C,Inactive,0,,,Inactive,,,,,,,,,,4,,12.8536,,16.8836,,,7.6048,,,0.2908,,,14.339,,,-0.5691,,,18.3091,,,12.8536,,,,QC'd by BUCMLD,candidate_step3_property,,C29H41N3O10,591.6,2.4,0,13,14,0
32613,26750934,9556008,CC1=CC2=C(CCCN2CC/C(=N/OC[C@@H]3[C@H](C=C[C@H](O3)C4=CC=CC=C4)OC5=CC=C(C=C5)OC)/C)N=C1C,Inactive,0,,,Inactive,,,,,,,,,,4,,9.1666,,11.4181,,,1.9647,,,-0.2838,,,5.266,,,6.212,,,-5.8129,,,9.1666,,,,QC'd by BUCMLD,candidate_step3_property,,C33H39N3O4,541.7,5.9,0,7,10,0
32642,11111804,5233,CC(C)COC(=O)OCN1C(=O)CN(CC1=O)CCN2CC(=O)N(C(=O)C2)COC(=O)OCC(C)C,Inactive,0,,,Inactive,,,,,,,,,,4,,-7.5767,,2.9293,,,-10.9234,,,-5.0507,,,-10.2156,,,-10.9226,,,-3.994,,,1.9757,,,-7.5767,QC'd by SigmaAldrich,candidate_step3_property,,C22H34N4O10,514.5,2.0,0,12,15,0
32673,26750930,9556004,CC1=CC(=C(C(=C1)C)C2=NOC(=C2)[C@H](C)O/N=C(\C)/CCN3CCCCC4=C3C=C(C(=N4)C)C)C,Inactive,0,,,Inactive,,,,,,,,,,4,,12.6878,,-1.1266,,,-9.3534,,,-16.3542,,,1.9956,,,-5.7695,,,-12.0823,,,12.6878,,,,QC'd by BUCMLD,candidate_step3_property,,C29H38N4O2,474.6,5.9,0,6,7,0
32695,26751012,16758472,CC(=O)OC[C@@H]1[C@H](C=C[C@@H](O1)CCO/N=C/2\[C@@H]3CCN4C(=O)N(C(=O)N4[C@H]3[C@@H]([C@@H]5[C@@H]2O5)O)C6=CC=CC=C6)OC(=O)C,Inactive,0,,,Inactive,,,,,,,,,,4,,-8.6202,,-16.0932,,,-1.6146,,,-5.6691,,,-3.4152,,,-14.0561,,,-1.447,,,-8.6202,,,,QC'd by BUCMLD,candidate_step3_property,,C28H32N4O10,584.6,0.9,1,11,10,0
32737,26751011,16758471,CCCNC(=O)OC[C@@H]1[C@H](C=C[C@@H](O1)CCO/N=C/2\[C@@H]3CCN4C(=O)N(C(=O)N4[C@H]3[C@@H]([C@@H]5[C@@H]2O5)O)C6=CC=CC=C6)OC7=CC=C(C=C7)OC,Inactive,0,,,Inactive,,,,,,,,,,4,,-3.4441,,0.1886,,,-1.3963,,,-3.7583,,,-11.5684,,,5.1539,,,-5.81,,,-3.4441,,,,QC'd by BUCMLD,candidate_step3_property,,C35H41N5O10,691.7,3.4,2,11,13,0
32755,843575,79418,C1CNC2C(N1)NCCN2,Inactive,0,,,Inactive,,,,,,,,,,4,,11.2529,,,,,-14.5525,,,7.9832,,,7.2862,,,14.6597,,,5.1057,,,16.3618,,,11.2529,QC'd by DPISMR,candidate_step3_property,,C6H14N4,142.20,-1.6,4,4,0,0
32800,26751015,16758475,CC1(O[C@H]2[C@@H]([C@H](O[C@H]2O1)[C@@H](CO/N=C/3\[C@@H]4CCN5C(=O)N(C(=O)N5[C@H]4[C@@H]([C@@H]6[C@@H]3O6)O)C7=CC=CC=C7)O)O)C,Inactive,0,,,Inactive,,,,,,,,,,4,,18.5944,,10.9042,,,2.4892,,,7.36,,,1.8625,,,8.9636,,,2.9915,,,18.5944,,,,QC'd by BUCMLD,candidate_step3_property,,C25H30N4O10,546.5,0.0,3,11,5,0
32884,26751024,16758482,CC(=O)OC[C@@H]1[C@H]([C@@H]([C@H]([C@@H](O1)O/N=C/2\[C@@H]3CCN4C(=O)N(C(=O)N4[C@H]3[C@@H]([C@@H]5[C@@H]2O5)O)C6=CC=CC=C6)OC(=O)C)OC(=O)C)OC(=O)C,Inactive,0,,,Inactive,,,,,,,,,,4,,12.4006,,12.4188,,,-7.084,,,-11.907,,,-3.3495,,,2.4897,,,-12.3379,,,12.4006,,,,QC'd by BUCMLD,candidate_step3_property,,C30H34N4O14,674.6,0.1,1,15,12,0
32949,26751029,6518332,CC1=CC2=C(CCCCN2C[C@H](C)O/N=C\[C@@H](C)[C@@H](C(C)C)OCC3=CC=CC=C3)N=C1C,Inactive,0,,,Inactive,,,,,,,,,,4,,17.6723,,-0.9406,,,3.3637,,,0.7111,,,21.8919,,,-4.6797,,,-6.2766,,,17.6723,,,,QC'd by BUCMLD,candidate_step3_property,,C28H41N3O2,451.6,6.3,0,5,10,0
32964,851716,654309,CCC(C1=NN=NN1CCC2=CC=CC=C2)N(CC3=CC=CO3)CC4=CC5=CC(=CC(=C5NC4=O)C)C,Inactive,0,,,Inactive,,,,,,,,,,4,,-1.6002,,,,,11.7416,,,11.0579,,,21.5028,,,4.3677,,,10.9754,,,7.5732,,,-1.6002,QC'd by DPISMR,residual_possible_step4_or_definition_mismatch,,C29H32N6O2,496.6,4.5,1,6,10,0
32980,26751027,16758483,CCCNC(=O)OC[C@H]1[C@H](C=C[C@H](O1)CCO/N=C\[C@@H](C)[C@@H](C(C)C)OCC2=CC=CC=C2)OC3=CC=C(C=C3)OC,Inactive,0,,,Activator,3.1623,35.4641,,Single point of activity,-5.5,3.5722,0.7659,33.0948,-2.3693,3,1 0 0 0 0 0 0,32.7686,,13.2996,,,-11.2234,,,0.8425,,,10.5588,,,-8.9198,,,6.7853,,,32.7686,,,,QC'd by BUCMLD,candidate_step3_property,,C33H46N2O7,582.7,6.4,1,8,18,0
32989,847271,649670,CC1=CC2=C(C=C1)NC(=O)C(=C2)C3=C(N4C=CC(=CC4=N3)C)NCC5=CC=CO5,Inactive,0,,,Inactive,,,,,,,,,,4,,-12.3048,,,,,3.4939,,,1.6358,,,-28.5291,,,-1.5681,,,-1.1341,,,-0.0869,,,-12.3048,QC'd by DPISMR,residual_possible_step4_or_definition_mismatch,,C23H20N4O2,384.4,4.5,2,4,4,0
32994,26751026,6518329,C[C@H](/C=N\OC[C@@H]1[C@H](C=C[C@H](O1)C2=CC=CC=C2)OC3=CC=C(C=C3)OC)[C@@H](C(C)C)OCC4=CC=CC=C4,Inactive,0,,,Inactive,,,,,,,,,,4,,0.5989,,-6.7618,,,-5.9402,,,-9.869,,,-2.9034,,,-3.5842,,,4.7047,,,0.5989,,,,QC'd by BUCMLD,candidate_step3_property,,C33H39NO5,529.7,7.1,0,6,13,0
33046,26751030,16758485,CC1=CC2=C(CCCN2C[C@H](C)O/N=C\[C@@H](C)[C@@H](C(C)C)OCC3=CC=CC=C3)N=C1C,Inactive,0,,,Inactive,,,,,,,,,,4,,-5.2594,,-2.1946,,,11.2042,,,-3.1983,,,-0.2583,,,0.1039,,,-3.1435,,,-5.2594,,,,QC'd by BUCMLD,candidate_step3_property,,C27H39N3O2,437.6,5.9,0,5,10,0
33060,26751037,6518339,CC1=CC(=C(C(=C1)C)C2=NOC(=C2)[C@H](C)O/N=C\[C@@H](C)[C@@H](C(C)C)OCC3=CC=CC=C3)C,Inactive,0,,,Inactive,,,,,,,,,,4,,9.978,,4.6675,,,7.0167,,,-5.8013,,,15.0641,,,9.9759,,,7.5743,,,9.978,,,,QC'd by BUCMLD,candidate_step3_property,,C28H36N2O3,448.6,6.7,0,5,10,0
33067,11112046,6604128,CSC1=NC(=C2C(=N1)N(C=N2)[C@H]3[C@@H]([C@@H]([C@@H](O3)COP(=O)([O-])OP(=O)([O-])[O-])O)O)N.[Na+].[Na+].[Na+],Inactive,0,,,Inactive,,,,,,,,,,4,,-7.1769,,7.2433,,,-9.1955,,,13.5666,,,14.6936,,,-7.0574,,,6.9837,,,9.6179,,,-7.1769,QC'd by SigmaAldrich,candidate_step1_inorganic,Na,C11H14N5Na3O10P2S,539.24,,3,15,6,0
33070,26751036,6518338,C[C@H](/C=N\O[C@@H](C)C1=CN(N=N1)[C@@H](CC2=CC=CC=C2)CO)[C@@H](C(C)C)OCC3=CC=CC=C3,Inactive,0,,,Inactive,,,,,,,,,,4,,29.5518,,12.728,,,12.8788,,,7.7552,,,18.2928,,,10.8755,,,3.7797,,,29.5518,,,,QC'd by BUCMLD,residual_possible_step4_or_definition_mismatch,,C27H36N4O3,464.6,4.5,1,6,13,0
33088,26751035,6518338,C[C@H](/C=N\O[C@@H](C)C1=CN(N=N1)[C@@H](CC2=CC=CC=C2)CO)[C@@H](C(C)C)OCC3=CC=CC=C3,Inactive,0,,,Inactive,,,,,,,,,,4,,17.6535,,1.72,,,17.4458,,,-2.1617,,,-5.6753,,,-0.1868,,,-10.0052,,,17.6535,,,,QC'd by BUCMLD,residual_possible_step4_or_definition_mismatch,,C27H36N4O3,464.6,4.5,1,6,13,0
33128,26751042,16758490,CCCNC(=O)OC[C@H]1[C@H](C=C[C@H](O1)CCO/N=C(\C)/CCN2CCC3=NC(=C(C=C3C2)CC)CC)OC4=CC=C(C=C4)OC,Inactive,0,,,Inactive,,,,,,,,,,4,,19.5163,,9.0112,,,16.6707,,,-8.4872,,,17.0383,,,14.6405,,,14.7945,,,19.5163,,,,QC'd by BUCMLD,candidate_step3_property,,C35H50N4O6,622.8,5.5,1,9,17,0
33144,26751041,9556106,CCC1=C(N=C2CCN(CC2=C1)CC/C(=N/OC[C@@H]3[C@H](C=C[C@H](O3)C4=CC=CC=C4)OC5=CC=C(C=C5)OC)/C)CC,Inactive,0,,,Inactive,,,,,,,,,,4,,1.368,,6.3736,,,2.2271,,,-20.7027,,,0.4162,,,13.387,,,11.7704,,,1.368,,,,QC'd by BUCMLD,candidate_step3_property,,C35H43N3O4,569.7,6.1,0,7,12,0
33155,26751039,16758489,C[C@H](/C=N\O[C@H]1[C@@H]([C@H]([C@H]([C@H](O1)COC(=O)C)OC(=O)C)OC(=O)C)OC(=O)C)[C@@H](C(C)C)OCC2=CC=CC=C2,Inactive,0,,,Inactive,,,,,,,,,,4,,12.9047,,1.2407,,,5.2697,,,2.4146,,,0.2216,,,-17.225,,,2.5389,,,12.9047,,,,QC'd by BUCMLD,candidate_step3_property,,C28H39NO11,565.6,3.2,0,12,17,0
33171,26751038,6518340,C[C@H](CO/N=C\[C@@H](C)[C@@H](C(C)C)OCC1=CC=CC=C1)[C@@H](C(C)C)OCC2=CC=CC=C2,Inactive,0,,,Inactive,,,,,,,,,,4,,16.1419,,24.9027,,,28.3926,,,14.1877,,,18.7838,,,8.4033,,,-0.7077,,,16.1419,,,,QC'd by BUCMLD,candidate_step3_property,,C28H41NO3,439.6,7.1,0,4,14,0
33184,26750977,16758441,CC1=CC=C(C=C1)S(=O)(=O)N[C@H](/C=N\O[C@H]2[C@@H]([C@H]([C@@H]([C@H](O2)COC(=O)C)OC(=O)C)OC(=O)C)OC(=O)C)[C@H](C)/C=C\CC(=O)OC,Inactive,0,,,Inactive,,,,,,,,,,4,,-9.2985,,14.0295,,,10.17,,,-3.106,,,8.5291,,,11.2161,,,1.5314,,,-9.2985,,,,QC'd by BUCMLD,candidate_step3_property,,C30H40N2O14S,684.7,2.1,1,16,20,0
33197,26750976,16758440,CC1=CC=C(C=C1)S(=O)(=O)N[C@H](/C=N\OC[C@@H](C)[C@@H](C(C)C)OCC2=CC=CC=C2)[C@H](C)/C=C\CC(=O)OC,Inactive,0,,,Inactive,,,,,,,,,,4,,9.9513,,5.9846,,,5.6806,,,8.855,,,13.1733,,,21.6745,,,11.8307,,,9.9513,,,,QC'd by BUCMLD,candidate_step3_property,,C30H42N2O6S,558.7,6.0,1,8,17,0
33204,843539,645842,CCC1=CC2=C(C=C1)NC(=O)C(=C2)CN(CC3=NN=NN3C4CCCC4)C5CCCCC5,Inactive,0,,,Activator,39.8107,32,,Partial curve; partial efficacy; poor fit,-4.4,0.9,0.7757,44,12,2.4,0 0 0 1 0 0 0,34.2768,,,,,13.8225,,,7.9909,,,16.2262,,,20.9875,,,16.418,,,13.932,,,34.2768,QC'd by DPISMR,residual_possible_step4_or_definition_mismatch,,C25H34N6O,434.6,4.1,1,5,7,0
33214,11111986,6604054,CCN(CC)C1=NC=NC2=C1N=CN2[C@H]3[C@H]([C@H]([C@@H](O3)COP(=O)([O-])OP(=O)(C(P(=O)(O)[O-])(Br)Br)[O-])O)O.[Na+].[Na+].[Na+],Inactive,0,,,Inactive,,,,,,,,,,4,,9.0893,,18.5825,,,8.8586,,,-7.5408,,,7.6199,,,3.7291,,,16.6098,,,-2.731,,,9.0893,QC'd by SigmaAldrich,candidate_step1_inorganic,Na,C15H21Br2N5Na3O12P3,785.05,,3,16,11,0
33215,26750979,16758443,COC1=CC=C(C=C1)O[C@H]2C=C[C@H](O[C@H]2CO/N=C/3\[C@@H]([C@@H](OC4=C3C=C(C=C4)OC)C5=CC(=CC=C5)OC)O)C6=CC=CC=C6,Inactive,0,,,Inactive,,,,,,,,,,4,,-8.0004,,2.4109,,,-3.3437,,,-5.0671,,,7.0581,,,3.1548,,,1.8593,,,-8.0004,,,,QC'd by BUCMLD,candidate_step3_property,,C36H35NO8,609.7,6.4,1,9,10,0
33234,26750980,16758444,CCCNC(=O)OC[C@H]1[C@H](C=C[C@H](O1)CCO/N=C\2/[C@@H]([C@H](OC3=C2C=C(C=C3)OC)C4=CC(=CC=C4)OC)O)OC5=CC=C(C=C5)OC,Inactive,0,,,Inactive,,,,,,,,,,4,,9.2735,,9.7394,,,-7.3598,,,3.7505,,,6.2093,,,-2.0964,,,9.0898,,,9.2735,,,,QC'd by BUCMLD,candidate_step3_property,,C36H42N2O10,662.7,5.7,2,11,15,0
33237,7967771,1520549,CCCC1=NC2=C(C(=N1)N3CCN(CC3)C)SC(=S)N2C4=CC=CC=C4,Inactive,0,,,Inactive,,,,,,,,,,4,,-22.015,,,,,-17.8628,,,1.204,,,-1.6553,,,-4.1815,,,-13.1346,,,-12.1543,,,-22.015,QC'd by DPISMR,residual_possible_step4_or_definition_mismatch,,C19H23N5S2,385.6,4.1,0,6,4,0
33255,26750981,16758445,CC(=O)OC[C@H]1[C@H](C=C[C@H](O1)CCO/N=C\2/[C@@H]([C@H](OC3=C2C=C(C=C3)OC)C4=CC(=CC=C4)OC)O)OC(=O)C,Inactive,0,,,Inactive,,,,,,,,,,4,,10.5629,,10.0442,,,-5.85,,,-1.1337,,,-4.4735,,,4.2012,,,0.8692,,,10.5629,,,,QC'd by BUCMLD,candidate_step3_property,,C29H33NO10,555.6,3.2,1,11,12,0
33268,26750982,16758446,CC1=CC2=C(CCCCN2C[C@H](C)O/N=C/3\[C@@H]([C@@H](OC4=C3C=C(C=C4)OC)C5=CC(=CC=C5)OC)O)N=C1C,Inactive,0,,,Inactive,,,,,,,,,,4,,10.3575,,-6.208,,,3.3085,,,0.4975,,,-7.0222,,,1.1221,,,-1.9529,,,10.3575,,,,QC'd by BUCMLD,candidate_step3_property,,C31H37N3O5,531.6,5.6,1,8,7,0
33272,4241395,3236376,CC1=C(C(=CC=C1)N2CCN(CC2)C(=O)C3=CC4=C(N3C)C5=CC=CC=C5NC4=O)C,Inactive,0,,,Inactive,,,,,,,,,,4,,6.9508,,,,,17.1791,,,23.7795,,,29.5284,,,18.2771,,,13.0169,,,26.2649,,,6.9508,QC'd by DPISMR,residual_possible_step4_or_definition_mismatch,,C25H26N4O2,414.5,3.4,1,3,2,0
33296,26750984,16758448,CC1(O[C@@H]2[C@H]([C@@H](O[C@@H]2O1)[C@@H](CO/N=C\3/[C@@H]([C@H](OC4=C3C=C(C=C4)OC)C5=CC(=CC=C5)OC)O)O)O)C,Inactive,0,,,Inactive,,,,,,,,,,4,,11.1203,,-10.2114,,,3.5368,,,-5.7821,,,3.0413,,,9.0405,,,-6.5231,,,11.1203,,,,QC'd by BUCMLD,candidate_step3_property,,C26H31NO10,517.5,2.3,3,11,7,0
33368,11111999,6604064,C1=NC2=C(N=C(N=C2N1[C@H]3[C@@H]([C@@H]([C@@H](O3)COP(=O)([O-])OP(=O)([O-])OP(=O)([O-])[O-])O)O)Cl)N.[Na+].[Na+].[Na+].[Na+],Inactive,0,,,Inactive,,,,,,,,,,4,,15.0315,,-18.7404,,,-18.3406,,,-0.5792,,,9.2646,,,-12.0824,,,-6.6478,,,-15.2345,,,15.0315,QC'd by SigmaAldrich,candidate_step1_inorganic,Na,C10H11ClN5Na4O13P3,629.55,,3,17,7,0
33387,3714224,2568754,CC1=CC(=C(N1C2=CC=C(C=C2)OC)C)C(=O)CSC3=NN4C(=O)C(=NN=C4S3)C(C)(C)C,Inactive,0,,,Inactive,,,,,,,,,,4,,-1.7346,,,,,4.1089,,,-7.2571,,,13.3329,,,1.2351,,,-15.5928,,,-12.2614,,,-1.7346,QC'd by DPISMR,candidate_step3_property,,C23H25N5O3S2,483.6,5.2,0,8,7,0
33389,26750990,16758452,CC1=CC(=C(C(=C1)C)C2=NOC(=C2)[C@H](C)O/N=C/3\[C@@H]([C@@H](OC4=C3C=C(C=C4)OC)C5=CC(=CC=C5)OC)O)C,Inactive,0,,,Inactive,,,,,,,,,,4,,12.311,,-0.9695,,,3.4902,,,-2.6154,,,10.4345,,,-1.7257,,,-22.7772,,,12.311,,,,QC'd by BUCMLD,candidate_step3_property,,C31H32N2O6,528.6,6.0,1,8,7,0
33401,26750991,16758453,C[C@H](CO/N=C/1\[C@@H]([C@@H](OC2=C1C=C(C=C2)OC)C3=CC(=CC=C3)OC)O)[C@@H](C(C)C)OCC4=CC=CC=C4,Inactive,0,,,Inactive,,,,,,,,,,4,,-3.4466,,-14.5978,,,-3.4918,,,-10.5552,,,-14.6306,,,10.2139,,,-14.5282,,,-3.4466,,,,QC'd by BUCMLD,candidate_step3_property,,C31H37NO6,519.6,6.400,1,7,11,0
33403,11112002,6604070,CCCC.CCCCCCCC.CCCCCCCCCCCCCCC/C=C\[C@@H]([C@@H](NC(=O)CCCCCCCCCCCCC)OC)O,Inactive,0,,,Inactive,,,,,,,,,,4,,11.8242,,25.1452,,,22.4298,,,36.1646,,,31.2973,,,30.4749,,,28.5227,,,1.9857,,,11.8242,QC'd by SigmaAldrich,property_value_missing,,C46H95NO3,710.3,,2,3,36,0
33415,26750992,16758454,CC(=O)OC[C@@H]1[C@@H]([C@@H]([C@H]([C@@H](O1)O/N=C\2/[C@@H]([C@H](OC3=C2C=C(C=C3)OC)C4=CC(=CC=C4)OC)O)OC(=O)C)OC(=O)C)OC(=O)C,Inactive,0,,,Inactive,,,,,,,,,,4,,6.2075,,5.6263,,,6.0978,,,-2.3604,,,-2.579,,,-4.9961,,,-1.9896,,,6.2075,,,,QC'd by BUCMLD,candidate_step3_property,,C31H35NO14,645.6,2.5,1,15,14,0
33417,11112001,6604068,C[N+](C)(C)COP(=O)([O-])OP(=O)([O-])OC[C@H]1[C@@H]([C@@H]([C@@H](O1)N2C=CC(=NC2=O)N)O)O.[Na+],Inactive,0,,,Inactive,,,,,,,,,,4,,-0.8685,,16.1126,,,-22.4921,,,-6.4378,,,-36.6289,,,-14.3768,,,-8.0819,,,-16.0962,,,-0.8685,QC'd by SigmaAldrich,candidate_step1_inorganic,Na,C13H23N4NaO11P2,496.28,,3,11,9,0
33427,11112003,6604072,CC(=O)OCC1=C(N2[C@H]([C@@H](C2=O)NC(=O)CCC[C@H](C(=O)[O-])N)SC1)C(=O)[O-].[Zn+2],Inactive,0,,,Inactive,,,,,,,,,,4,,11.0353,,8.4991,,,11.1822,,,25.0778,,,13.1483,,,25.2326,,,13.9116,,,24.6037,,,11.0353,QC'd by SigmaAldrich,candidate_step1_inorganic,Zn,C16H19N3O8SZn,478.8,,2,10,8,0
33443,11112004,23684973,C1[C@H]2[C@@H]([C@H]([C@@H](O2)N3C4=NC=NC(=C4N=C3SC5=CC=C(C=C5)Cl)N)O)OP(=O)(O1)[O-].[Na+],Inactive,0,,,Inactive,,,,,,,,,,4,,-16.8279,,15.1114,,,1.1933,,,15.1335,,,13.4229,,,16.7795,,,17.7603,,,-6.8741,,,-16.8279,QC'd by SigmaAldrich,candidate_step1_inorganic,Na,C16H14ClN5NaO6PS,493.8,,2,11,3,0
33459,26750996,16758458,CCN1C(=O)[C@H]2CC[C@@H]\3[C@@H]([C@@H]2C1=O)[C@@H]([C@@H](C/C3=N/OCC[C@H]4C=C[C@@H]([C@H](O4)COC(=O)C)OC(=O)C)O)O,Inactive,0,,,Inactive,,,,,,,,,,4,,3.7321,,3.3083,,,6.1588,,,-5.2297,,,-0.7672,,,-11.7641,,,-10.4701,,,3.7321,,,,QC'd by BUCMLD,candidate_step3_property,,C26H36N2O10,536.6,-0.5,2,11,10,0
33478,26750995,16758457,CCCNC(=O)OC[C@@H]1[C@H](C=C[C@@H](O1)CCO/N=C\2/C[C@H]([C@H]([C@H]3[C@H]2CC[C@H]4[C@H]3C(=O)N(C4=O)CC)O)O)OC5=CC=C(C=C5)OC,Inactive,0,,,Inactive,,,,,,,,,,4,,14.9099,,17.2315,,,17.5684,,,8.932,,,14.495,,,19.2754,,,4.9647,,,14.9099,,,,QC'd by BUCMLD,candidate_step3_property,,C33H45N3O10,643.7,2.0,3,11,13,0
33494,4264802,993245,C1CC2=CC=CC=C2N(C1)C(=O)CSC3=NC(=CC(=N3)C(F)(F)F)C4=CC=CO4,Inactive,0,,,Inactive,,,,,,,,,,4,,-0.4076,,,,,-12.8077,,,-31.3961,,,-0.6029,,,-9.4491,,,-7.9141,,,-8.1822,,,-0.4076,QC'd by DPISMR,residual_possible_step4_or_definition_mismatch,,C20H16F3N3O2S,419.4,4.2,0,8,4,0
33505,11112008,23684975,CC1=NN=C(S1)SCC2=C(N3[C@H]([C@@H](C3=O)NC(=O)CN4C=NN=N4)SC2)C(=O)[O-].[Na+],Inactive,0,,,Inactive,,,,,,,,,,4,,-18.7461,,3.1908,,,-1.3897,,,-1.9213,,,2.6016,,,18.2817,,,-8.2725,,,10.7855,,,-18.7461,QC'd by SigmaAldrich,candidate_step1_inorganic,Na,C14H13N8NaO4S3,476.5,,1,12,7,0
33524,11112009,9604975,CN1C(=NC(=O)C(=N1)[O-])SCC2=C(N3[C@H]([C@@H](C3=O)NC(=O)/C(=N\OC)/C4=CSC(=N4)N)SC2)C(=O)[O-].[Na+].[Na+],Inactive,0,,,Inactive,,,,,,,,,,4,,2.2893,,-0.8961,,,5.9405,,,-3.8508,,,18.3471,,,4.0824,,,-0.0502,,,2.2324,,,2.2893,QC'd by SigmaAldrich,candidate_step1_inorganic,Na,C18H16N8Na2O7S3,598.6,,2,14,7,0
33547,26750999,16758461,CCN1C(=O)[C@H]2CC[C@@H]\3[C@@H]([C@@H]2C1=O)[C@@H]([C@@H](C/C3=N/OC[C@H]([C@@H]4[C@H]([C@H]5[C@@H](O4)OC(O5)(C)C)O)O)O)O,Inactive,0,,,Inactive,,,,,,,,,,4,,15.2734,,18.1554,,,-14.0508,,,-4.5348,,,-6.0126,,,4.3595,,,-7.74,,,15.2734,,,,QC'd by BUCMLD,candidate_step3_property,,C23H34N2O10,498.5,-1.400,4,11,5,0
33560,11112011,23684976,CN1C(=NN=N1)SCC2=C(N3[C@H]([C@](C3=O)(NC(=O)CSCC#N)OC)SC2)C(=O)[O-].[Na+],Inactive,0,,,Inactive,,,,,,,,,,4,,-8.0228,,-5.3849,,,-30.6771,,,-14.9205,,,-5.9229,,,-10.7808,,,-11.9583,,,0.2277,,,-8.0228,QC'd by SigmaAldrich,candidate_step1_inorganic,Na,C15H16N7NaO5S3,493.5,,1,12,9,0
33577,11112012,23704139,CC(=O)OCC1=C(N2[C@H]([C@@H](C2=O)NC(=O)/C(=N\OC)/C3=CSC(=N3)N)SC1)C(=O)[O-].[Na+],Inactive,0,,,Inactive,,,,,,,,,,4,,6.6917,,17.5161,,,14.586,,,3.8436,,,20.6615,,,19.2663,,,11.8329,,,14.3743,,,6.6917,QC'd by SigmaAldrich,candidate_step1_inorganic,Na,C16H16N5NaO7S2,477.5,,2,12,8,0
33592,11112013,6604087,C1C(=C(N2[C@@H](S1)[C@@H](C2=O)NC(=O)[C@H](C3=CC=CC=C3)S(=O)(=O)[O-])C(=O)[O-])C[N+]4=CC=C(C=C4)C(=O)N.[Na+],Inactive,0,,,Inactive,,,,,,,,,,4,,3.229,,11.6907,,,6.8447,,,26.9751,,,16.4987,,,31.3049,,,20.1065,,,6.3814,,,3.229,QC'd by SigmaAldrich,candidate_step1_inorganic,Na,C22H19N4NaO8S2,554.5,,2,9,6,0
33645,26751008,16758468,CCN1C(=O)[C@H]2CC[C@@H]\3[C@@H]([C@@H]2C1=O)[C@@H]([C@@H](C/C3=N/O[C@H]4[C@@H]([C@H]([C@@H]([C@H](O4)COC(=O)C)OC(=O)C)OC(=O)C)OC(=O)C)O)O,Inactive,0,,,Inactive,,,,,,,,,,4,,6.4473,,3.1188,,,4.6422,,,1.2476,,,21.0991,,,-3.3657,,,5.8607,,,6.4473,,,,QC'd by BUCMLD,candidate_step3_property,,C28H38N2O14,626.6,-1.2,2,15,12,0
33676,11111960,6604044,CC[C@@]1(C[C@@H]2C[C@](C3=C(CCN(C2)C1)C4=CC=CC=C4N3)(C5=C(C=C6C(=C5)[C@]78CCN9[C@@H]7[C@](C=CC9)([C@H]([C@@]([C@@H]8N6C=O)(C(=O)OC)O)OC(=O)C)CC)OC)C(=O)OC)O,Inactive,0,,,Inactive,,,,,,,,,,4,,15.8859,,16.7907,,,20.1671,,,10.4137,,,13.0495,,,21.8739,,,12.3565,,,7.9222,,,15.8859,QC'd by SigmaAldrich,candidate_step3_property,,C46H56N4O10,825.0,2.800,3,12,10,0
33678,4259462,889692,CCCN1C2=CC=CC=C2N=C1NCC3=CC=CC(=C3O)CC=C,Inactive,0,,,Inactive,,,,,,,,,,4,,-13.5424,,,,,-0.9256,,,2.9729,,,14.2146,,,10.466,,,5.2208,,,0.7037,,,-13.5424,QC'd by DPISMR,residual_possible_step4_or_definition_mismatch,,C20H23N3O,321.4,4.8,2,3,7,0
33697,859696,661002,CC1CCN(CC1)C2=NC3=CC=CC=C3N=C2C(C#N)S(=O)(=O)C4=CC=C(C=C4)C,Inactive,0,,,Inactive,,,,,,,,,,4,,-19.686,,,,,-11.7612,,,-2.7719,,,-15.4764,,,-11.5152,,,-10.7427,,,-20.3018,,,-19.686,QC'd by DPISMR,residual_possible_step4_or_definition_mismatch,,C23H24N4O2S,420.5,4.1,0,6,4,0
33708,11111958,6604043,C[C@H]1[C@H]([C@@](C[C@@H](O1)O[C@@H]2[C@@H]([C@@H]([C@@H](O[C@H]2OC3=C4C=C5C=C3OC6=C(C=C(C=C6)[C@@H]([C@@H](C(=O)N[C@@H](C(=O)N[C@H]5C(=O)N[C@@H]7C8=CC(=C(C=C8)O)C9=C(C=C(C=C9O)O)[C@H](NC(=O)[C@H]([C@@H](C1=CC(=C(O4)C=C1)Cl)O)NC7=O)C(=O)O)CC(=O)N)NC(=O)[C@H](CC(C)C)NC)O)Cl)CO)O)O)(C)N)O,Inactive,0,,,Inactive,,,,,,,,,,4,,-3.0661,,21.6773,,,-0.66,,,13.9385,,,10.9209,,,25.2154,,,26.4675,,,12.5098,,,-3.0661,QC'd by SigmaAldrich,candidate_step3_property,,C66H75Cl2N9O24,1449.2,-2.6,19,26,13,0
33815,4250584,3244377,CC1=CC=C(C=C1)N2CCN(C2C3=CC=CC=N3)C4=CC=C(C=C4)C,Inactive,0,,,Inactive,,,,,,,,,,4,,17.3592,,,,,18.4912,,,-7.6982,,,5.6429,,,15.3561,,,19.6116,,,9.4052,,,17.3592,QC'd by DPISMR,candidate_step3_property,,C22H23N3,329.4,5.0,0,3,3,0
33889,3714193,2502379,CC(C)CCN1C(=O)C2=CC=CC=C2N=C1SCC(=O)OCN3C(=O)C4=CC=CC=C4N=N3,Inactive,0,,,Inactive,,,,,,,,,,4,,-24.7818,,,,,-9.3586,,,-4.7056,,,-10.4184,,,-11.3481,,,-5.6722,,,-8.4069,,,-24.7818,QC'd by DPISMR,residual_possible_step4_or_definition_mismatch,,C23H23N5O4S,465.5,4.9,0,8,9,0
33892,11111963,6604046,C1=CN(C(=O)NC1=O)C[C@H](C(=O)O)N,Inactive,0,,,Inactive,,,,,,,,,,4,,-9.4673,,25.5105,,,13.2352,,,27.6558,,,31.8746,,,23.2778,,,25.6464,,,10.7721,,,-9.4673,QC'd by SigmaAldrich,candidate_step3_property,,C7H9N3O4,199.16,-4.4,3,5,3,0
33894,26751084,16758517,C[C@H](/C=C\CC(=O)OC)[C@@H](/C=N\O[C@H]1[C@@H]([C@H]([C@H]([C@H](O1)COC(=O)C)OC(=O)C)OC(=O)C)OC(=O)C)OC,Inactive,0,,,Inactive,,,,,,,,,,4,,16.9861,,-4.5947,,,0.6508,,,19.6185,,,9.3206,,,-0.2794,,,-7.6283,,,16.9861,,,,QC'd by BUCMLD,candidate_step3_property,,C24H35NO13,545.5,0.9,0,14,18,0
33906,11111962,6604045,C[C@]12CC[C@H]3[C@@H]([C@@H]1CC[C@]2(C#N)O)CCC4=CC5=NC6=NC7=CC=CC=C7N6C=C5C[C@]34C,Inactive,0,,,Inactive,,,,,,,,,,4,,-3.8827,,6.6883,,,3.4944,,,-3.107,,,8.7834,,,6.3463,,,10.0116,,,-6.001,,,-3.8827,QC'd by SigmaAldrich,candidate_step3_property,,C28H30N4O,438.6,5.7,1,4,0,0
33921,3714195,2378667,CC1=C(C(=NO1)C)CSC2=NN=C(N2C3=CC=C(C=C3)Cl)C4=CNC5=CC=CC=C54,Inactive,0,,,Inactive,,,,,,,,,,4,,5.6805,,,,,8.9974,,,-5.4271,,,8.182,,,-0.356,,,10.3834,,,8.7417,,,5.6805,QC'd by DPISMR,candidate_step3_property,,C22H18ClN5OS,435.9,5.1,1,5,5,0
33985,851784,654377,CCC(C1=NN=NN1CC2=CC=CO2)N(CC3=CC=CC=C3OC)CC4=CC5=C(C=CC(=C5)C)NC4=O,Inactive,0,,,Inactive,,,,,,,,,,4,,-14.0156,,,,,4.5684,,,5.517,,,-12.1594,,,1.0266,,,3.3943,,,-3.3075,,,-14.0156,QC'd by DPISMR,residual_possible_step4_or_definition_mismatch,,C28H30N6O3,498.6,3.8,1,7,10,0
33992,4259447,1252644,C1CCN(CC1)C2=NC(=NC(=N2)SCC3=CC=CC=C3C#N)N4CCCCC4,Inactive,0,,,Inactive,,,,,,,,,,4,,0.2558,,,,,-6.886,,,-14.9601,,,-2.1248,,,6.2175,,,0.4363,,,-16.9468,,,0.2558,QC'd by DPISMR,residual_possible_step4_or_definition_mismatch,,C21H26N6S,394.5,4.6,0,7,5,0
34021,11111973,6604050,C[C@@H](C(=O)[O-])OC1=CC=C(C=C1)OC2=CN=C3C=CC(=CC3=N2)Cl.[Na+],Inactive,0,,,Inactive,,,,,,,,,,4,,-10.7338,,-5.1688,,,0.5515,,,11.8224,,,3.1468,,,1.3239,,,16.4896,,,3.5692,,,-10.7338,QC'd by SigmaAldrich,candidate_step1_inorganic,Na,C17H12ClN2NaO4,366.7,,0,6,5,0
34058,26751108,16758537,C[C@@H]1CC[C@H]2C(=O)O[C@@H](CN2[C@@H]1C3=CC=C(C=C3)Br)COS(=O)(=O)C4=CC=C(C=C4)C,Inactive,0,,,Activator,1.5849,34,,Partial curve; partial efficacy,-5.8,0.4,0.9292,40,6,2.2,0 0 0 0 0 1 0,30.4972,,5.3713,,,11.9725,,,9.1152,,,15.6011,,,16.4806,,,7.4952,,,30.4972,,,,QC'd by BUCMLD,residual_possible_step4_or_definition_mismatch,,C23H26BrNO5S,508.4,4.9,0,6,5,0
34075,26751107,16758536,CCCC[C@@H]1CN2[C@@H](CC[C@H]([C@H]2C3=CC=C(C=C3)Br)C)C(=O)O1,Inactive,0,,,Inactive,,,,,,,,,,4,,11.8155,,7.524,,,-3.9839,,,17.98,,,-1.624,,,9.4955,,,-8.4534,,,11.8155,,,,QC'd by BUCMLD,candidate_step3_property,,C19H26BrNO2,380.3,5.400,0,3,4,0
34084,11111985,6604052,CSC1=NC(=C2C(=N1)N(C=N2)[C@H]3[C@@H]([C@@H]([C@@H](O3)COP(=O)([O-])OP(=O)([O-])OP(=O)([O-])[O-])O)O)N.[Na+].[Na+].[Na+].[Na+],Inactive,0,,,Inactive,,,,,,,,,,4,,25.5219,,16.6669,,,19.2415,,,17.9825,,,31.3728,,,29.0124,,,28.4908,,,16.3133,,,25.5219,QC'd by SigmaAldrich,candidate_step1_inorganic,Na,C11H14N5Na4O13P3S,641.20,,3,18,8,0
34236,11111926,5368,CC1=NC=CC(=C1)CN2C(=C(C3=C(C2=O)C(=NC=C3)OCC4=NC=CC=N4)C5=CC(=C(C(=C5)OC)OC)OC)C(=O)OC,Inactive,0,,,Inactive,,,,,,,,,,4,,6.0791,,21.014,,,10.1351,,,25.0378,,,35.0662,,,34.5858,,,25.6124,,,27.4031,,,6.0791,QC'd by SigmaAldrich,candidate_step3_property,,C31H29N5O7,583.6,2.500,0,11,11,0
34272,26751044,16758492,CCC1=C(N=C2CCN(CC2=C1)CC/C(=N/O[C@@H](C)CN3CCCCC4=C3C=C(C(=N4)C)C)/C)CC,Inactive,0,,,Inactive,,,,,,,,,,4,,16.1849,,-4.0199,,,-9.3521,,,-7.6066,,,-0.1061,,,2.3625,,,-6.0484,,,16.1849,,,,QC'd by BUCMLD,candidate_step3_property,,C30H45N5O,491.7,5.4,0,6,9,0
34284,26751045,9556110,CCC1=C(N=C2CCN(CC2=C1)CC/C(=N/O[C@@H](C)CN3CCCC4=C3C=C(C(=N4)C)C)/C)CC,Inactive,0,,,Inactive,,,,,,,,,,4,,19.0543,,3.8926,,,-0.9391,,,0.162,,,23.6613,,,0.9391,,,1.772,,,19.0543,,,,QC'd by BUCMLD,candidate_step3_property,,C29H43N5O,477.7,5.0,0,6,9,0
34321,26751056,9556120,C/C(=N\OC[C@@H]1[C@H](C=C[C@H](O1)C2=CC=CC=C2)OC3=CC=C(C=C3)OC)/CCN4CCC5=NC(=C(C=C5C4)C6=CC=CC=C6)C7=CC=CC=C7,Inactive,0,,,Inactive,,,,,,,,,,4,,-1.6275,,17.1619,,,16.9599,,,8.6787,,,11.1189,,,14.4019,,,18.0849,,,-1.6275,,,,QC'd by BUCMLD,candidate_step3_property,,C43H43N3O4,665.8,7.8,0,7,12,0
34343,26751057,16758497,CCCNC(=O)OC[C@H]1[C@H](C=C[C@H](O1)CCO/N=C(\C)/CCN2CCC3=NC(=C(C=C3C2)C4=CC=CC=C4)C5=CC=CC=C5)OC6=CC=C(C=C6)OC,Inactive,0,,,Inactive,,,,,,,,,,4,,-2.113,,10.7972,,,-2.1706,,,-3.7066,,,2.7766,,,-7.1501,,,-15.3224,,,-2.113,,,,QC'd by BUCMLD,candidate_step3_property,,C43H50N4O6,718.9,7.1,1,9,17,0
34356,7967701,5308984,CN1C=CC=C1CC2=NN=C(N2C3=CC=C(C=C3)F)SCC(=O)NC4=C(C=CC(=C4)Cl)OC,Inactive,0,,,Inactive,,,,,,,,,,4,,-27.2953,,,,,6.2736,,,10.2829,,,-7.1731,,,7.2101,,,-9.3171,,,4.6629,,,-27.2953,QC'd by DPISMR,residual_possible_step4_or_definition_mismatch,,C23H21ClFN5O2S,486.0,4.3,1,6,8,0
34371,11111929,6604031,CCCCCCCC(=O)O[C@H]1[C@H]2C(=C([C@H]1OC(=O)/C(=C/C)/C)C)[C@H]3[C@]([C@@H](C[C@]2(C)OC(=O)C)OC(=O)CCC)([C@@](C(=O)O3)(C)O)O,Inactive,0,,,Inactive,,,,,,,,,,4,,20.2309,,47.5716,,,23.7994,,,29.3092,,,29.2457,,,35.6158,,,37.4854,,,36.6118,,,20.2309,QC'd by SigmaAldrich,candidate_step3_property,,C34H50O12,650.8,3.6,2,12,17,0
34380,26751052,9556116,CCC1=C(N=C2CCN(CC2=C1)CC/C(=N/O[C@@H](C)C3=CC(=NO3)C4=C(C=C(C=C4C)C)C)/C)CC,Inactive,0,,,Inactive,,,,,,,,,,4,,7.3304,,11.3224,,,4.4934,,,5.6122,,,-0.8838,,,13.7748,,,-13.8803,,,7.3304,,,,QC'd by BUCMLD,candidate_step3_property,,C30H40N4O2,488.7,5.8,0,6,9,0
34398,26751053,9556117,CCC1=C(N=C2CCN(CC2=C1)CC/C(=N/OC[C@@H](C)[C@@H](C(C)C)OCC3=CC=CC=C3)/C)CC,Inactive,0,,,Inactive,,,,,,,,,,4,,10.8048,,1.0981,,,3.5801,,,9.488,,,1.9378,,,1.5751,,,-3.4706,,,10.8048,,,,QC'd by BUCMLD,candidate_step3_property,,C30H45N3O2,479.7,6.2,0,5,13,0
34415,26751054,16758496,CCC1=C(N=C2CCN(CC2=C1)CC/C(=N/O[C@H]3[C@@H]([C@H]([C@H]([C@H](O3)COC(=O)C)OC(=O)C)OC(=O)C)OC(=O)C)/C)CC,Inactive,0,,,Inactive,,,,,,,,,,4,,10.6375,,3.5129,,,26.079,,,7.154,,,15.3396,,,9.8134,,,-5.999,,,10.6375,,,,QC'd by BUCMLD,candidate_step3_property,,C30H43N3O10,605.7,2.2,0,13,16,0
34420,11111930,6604032,C[C@H](CCC(=O)NCCS(=O)(=O)[O-])[C@@H]1CC[C@@H]2[C@@]1([C@@H](C[C@@H]3[C@@H]2[C@H](C[C@@H]4[C@@]3(CC[C@@H](C4)O)C)O)O)C.[Na+],Inactive,0,,,Inactive,,,,,,,,,,4,,-0.4937,,25.7685,,,6.7736,,,5.9909,,,1.111,,,12.6346,,,17.9684,,,5.8144,,,-0.4937,QC'd by SigmaAldrich,candidate_step1_inorganic,Na,C26H44NNaO7S,537.7,,4,7,7,0
34457,26751066,9556129,C[C@@H](C1=CN(N=N1)[C@@H](CC2=CC=CC=C2)CO)O/N=C(\C)/CCN3CCC4=NC(=C(C=C4C3)C5=CC=CC=C5)C6=CC=CC=C6,Inactive,0,,,Inactive,,,,,,,,,,4,,-4.3996,,-11.4332,,,-11.8081,,,-14.2166,,,-10.8348,,,1.1466,,,-7.5595,,,-4.3996,,,,QC'd by BUCMLD,candidate_step3_property,,C37H40N6O2,600.8,5.2,1,7,12,0
34459,843591,135450618,CCN(CC)CC1=NC2=C(C(=O)N1)C3(CCCCC3)CC4=CC=CC=C42,Inactive,0,,,Inactive,,,,,,,,,,4,,-6.769,,,,,-22.1654,,,-4.608,,,-1.6398,,,2.0256,,,2.9458,,,2.6759,,,-6.769,QC'd by DPISMR,residual_possible_step4_or_definition_mismatch,,C22H29N3O,351.5,4.3,1,3,4,0
34470,26751065,9556129,C[C@@H](C1=CN(N=N1)[C@@H](CC2=CC=CC=C2)CO)O/N=C(\C)/CCN3CCC4=NC(=C(C=C4C3)C5=CC=CC=C5)C6=CC=CC=C6,Inactive,0,,,Inactive,,,,,,,,,,4,,7.4137,,12.7465,,,18.9238,,,-0.8396,,,5.9311,,,2.4025,,,0.5353,,,7.4137,,,,QC'd by BUCMLD,candidate_step3_property,,C37H40N6O2,600.8,5.2,1,7,12,0
34488,26751060,9556124,CC1=CC2=C(CCCN2C[C@H](C)O/N=C(\C)/CCN3CCC4=NC(=C(C=C4C3)C5=CC=CC=C5)C6=CC=CC=C6)N=C1C,Inactive,0,,,Inactive,,,,,,,,,,4,,2.8621,,17.8872,,,2.1982,,,5.4876,,,15.5374,,,12.3896,,,-16.2421,,,2.8621,,,,QC'd by BUCMLD,candidate_step3_property,,C37H43N5O,573.8,6.7,0,6,9,0
34502,26751059,16758499,CC1=CC2=C(CCCCN2C[C@H](C)O/N=C(\C)/CCN3CCC4=NC(=C(C=C4C3)C5=CC=CC=C5)C6=CC=CC=C6)N=C1C,Inactive,0,,,Inactive,,,,,,,,,,4,,25.1209,,19.0659,,,11.1368,,,13.4919,,,25.6514,,,18.115,,,17.708,,,25.1209,,,,QC'd by BUCMLD,candidate_step3_property,,C38H45N5O,587.8,7.0,0,6,9,0
34504,4246618,3240939,CC1=CC=C(C=C1)CN2C=CC(=N2)NC(=O)C3=NOC4=C3CCC5=C4C=CC(=C5)OC,Inactive,0,,,Inactive,,,,,,,,,,4,,-2.5367,,,,,7.6805,,,-11.1608,,,-0.467,,,-10.4396,,,-9.0787,,,-12.6663,,,-2.5367,QC'd by DPISMR,residual_possible_step4_or_definition_mismatch,,C24H22N4O3,414.5,4.1,1,5,5,0
34518,26751062,16758501,C/C(=N\O[C@H]1C=C[C@H](O[C@H]1CO)CC=C)/CCN2CCC3=NC(=C(C=C3C2)C4=CC=CC=C4)C5=CC=CC=C5,Inactive,0,,,Inactive,,,,,,,,,,4,,5.5314,,-14.8798,,,-5.1064,,,-3.6674,,,2.1089,,,-5.9788,,,-11.9636,,,5.5314,,,,QC'd by BUCMLD,residual_possible_step4_or_definition_mismatch,,C33H37N3O3,523.7,4.9,1,6,10,0
34543,11111949,6604039,CC1=C(C2=C(CC[C@@](O2)(C)CN3CCN(CC3)C4=NC(=NC(=C4)N5CCCC5)N6CCCC6)C(=C1O)C)C,Inactive,0,,,Inactive,,,,,,,,,,4,,-2.0682,,12.3623,,,6.8105,,,17.838,,,5.6111,,,16.8769,,,14.4376,,,8.3563,,,-2.0682,QC'd by SigmaAldrich,candidate_step3_property,,C30H44N6O2,520.7,5.4,1,8,5,0
34550,26751073,16758507,C[C@H](/C=C\CC(=O)OC)[C@@H](/C=N\OCC[C@@H]1C=C[C@@H]([C@@H](O1)COC(=O)C)OC(=O)C)OC,Inactive,0,,,Inactive,,,,,,,,,,4,,3.9286,,14.5547,,,14.5521,,,3.6478,,,7.6382,,,3.1773,,,-10.1697,,,3.9286,,,,QC'd by BUCMLD,candidate_step3_property,,C22H33NO9,455.5,1.7,0,10,16,0
34551,26751072,16758506,CCCNC(=O)OC[C@H]1[C@H](C=C[C@H](O1)CCO/N=C\[C@H]([C@H](C)/C=C\CC(=O)OC)OC)OC2=CC=C(C=C2)OC,Inactive,0,,,Inactive,,,,,,,,,,4,,-0.1392,,2.4026,,,3.1272,,,0.8094,,,8.4876,,,-9.5144,,,-25.4156,,,-0.1392,,,,QC'd by BUCMLD,candidate_step3_property,,C29H42N2O9,562.7,4.1,1,10,19,0
34564,11111950,6604040,C[C@]12CC[C@@H]3[C@@H]([C@@H]1CC[C@H]2NCCCCCCN4C(=O)C=CC4=O)CCC5=C3C=CC(=C5)OC,Inactive,0,,,Inactive,,,,,,,,,,4,,-2.6684,,16.5871,,,9.7289,,,20.5805,,,13.5237,,,12.7803,,,10.2055,,,12.615,,,-2.6684,QC'd by SigmaAldrich,residual_possible_step4_or_definition_mismatch,,C29H40N2O3,464.6,4.000,1,4,9,0
34570,3714175,2998691,C1CCC(=O)C(C1)SC2=NN=C(N2CCC3=CC=CC=C3)CC4=CC=CS4,Inactive,0,,,Inactive,,,,,,,,,,4,,-8.8356,,,,,7.747,,,-5.783,,,2.7561,,,2.781,,,-3.7446,,,2.1418,,,-8.8356,QC'd by DPISMR,residual_possible_step4_or_definition_mismatch,,C21H23N3OS2,397.6,4.5,0,5,7,0
34585,11111951,1549103,C1=C(NC=N1)/C=C\C(=O)O,Inactive,0,,,Inactive,,,,,,,,,,4,,-7.649,,24.3155,,,16.6088,,,18.5562,,,4.4971,,,15.1801,,,14.5305,,,14.3199,,,-7.649,QC'd by SigmaAldrich,candidate_step3_property,,C6H6N2O2,138.12,0.0,2,3,2,0
34586,3714172,2493161,CCCN1C(=O)C2=CC=CC=C2N3C1=NN=C3SCC4=C(OC5=CC=CC=C54)C(=O)OCC,Inactive,0,,,Inactive,,,,,,,,,,4,,4.2529,,,,,-27.0922,,,-26.9405,,,-14.402,,,-25.9391,,,-26.3848,,,-17.951,,,4.2529,QC'd by DPISMR,residual_possible_step4_or_definition_mismatch,,C24H22N4O4S,462.5,4.7,0,7,8,0
34622,26751068,9556131,C[C@H](CO/N=C(\C)/CCN1CCC2=NC(=C(C=C2C1)C3=CC=CC=C3)C4=CC=CC=C4)[C@@H](C(C)C)OCC5=CC=CC=C5,Inactive,0,,,Inactive,,,,,,,,,,4,,6.9691,,4.2046,,,-0.4251,,,5.4988,,,-3.8866,,,2.8862,,,-4.7436,,,6.9691,,,,QC'd by BUCMLD,candidate_step3_property,,C38H45N3O2,575.8,7.8,0,5,13,0
34638,26751067,9556130,CC1=CC(=C(C(=C1)C)C2=NOC(=C2)[C@H](C)O/N=C(\C)/CCN3CCC4=NC(=C(C=C4C3)C5=CC=CC=C5)C6=CC=CC=C6)C,Inactive,0,,,Inactive,,,,,,,,,,4,,-6.0538,,-17.546,,,0.3413,,,-5.6357,,,-6.7739,,,-2.3644,,,-6.5197,,,-6.0538,,,,QC'd by BUCMLD,candidate_step3_property,,C38H40N4O2,584.7,7.4,0,6,9,0
34673,26751069,16758503,C/C(=N\O[C@H]1[C@@H]([C@H]([C@H]([C@H](O1)COC(=O)C)OC(=O)C)OC(=O)C)OC(=O)C)/CCN2CCC3=NC(=C(C=C3C2)C4=CC=CC=C4)C5=CC=CC=C5,Inactive,0,,,Inactive,,,,,,,,,,4,,8.4035,,1.0375,,,11.7202,,,-0.0932,,,17.0954,,,-9.8855,,,4.3624,,,8.4035,,,,QC'd by BUCMLD,candidate_step3_property,,C38H43N3O10,701.8,3.9,0,13,16,0
34689,17389122,6348,C(=S)=S,Inactive,0,,,Inactive,,,,,,,,,,4,,-5.9523,,25.4833,-11.2708,,7.4696,6.0324,,-15.097,-9.8796,,-15.4286,1.7301,,4.955,14.8795,,6.4255,9.9885,,-10.6661,-21.0989,,-5.9523,QC'd by NIEHS/NTP,candidate_step3_property,,CS2,76.15,2.1,0,2,0,0
34733,843333,645624,CC(C)C(C1=NN=NN1C2CCCCC2)N(CC3=CC=CO3)CC4=CC5=C(C=C(C=C5)OC)NC4=O,Inactive,0,,,Inactive,,,,,,,,,,4,,-8.8938,,,,,2.7286,,,-11.2045,,,0.0847,,,1.8786,,,-8.375,,,-1.9807,,,-8.8938,QC'd by DPISMR,residual_possible_step4_or_definition_mismatch,,C27H34N6O3,490.6,4.0,1,7,9,0
34749,17389117,,,Inactive,0,,,Inactive,,,,,,,,,,4,,-2.0255,,-8.5277,-0.3873,,-2.5446,0.7261,,-17.5279,-22.7837,,0.7106,-10.9037,,-14.1347,-9.291,,-9.2068,3.4498,,-3.101,-0.4152,,-2.0255,QC'd by null,property_lookup_missing,,,,,,,,
34772,17389116,,,Inactive,0,,,Inactive,,,,,,,,,,4,,0.0585,,13.3035,-10.1027,,3.1475,-8.0232,,-27.2463,-3.8925,,-9.8806,6.943,,12.9851,0.9187,,11.3288,3.8163,,-10.6298,1.0264,,0.0585,QC'd by null,property_lookup_missing,,,,,,,,
34786,17389115,8816,CCCCCCCCCCCCCCCC[N+]1=CC=CC=C1.[Br-],Inactive,0,,,Inactive,,,,,,,,,,4,,-29.9287,,-9.7913,-5.9514,,-26.463,-4.1817,,-0.7224,-1.1082,,1.7958,8.5346,,-10.6243,-15.5418,,-14.0838,-7.5724,,-4.9445,-20.661,,-29.9287,QC'd by NIEHS/NTP,property_value_missing,,C21H38BrN,384.4,,0,1,15,0
34817,26747621,5917,C1CCC2=NN=NN2CC1,Inactive,0,,,Inactive,,,,,,,,,,4,,-10.7269,,,,,-34.1915,,,-31.5034,,,2.7945,,,-16.6551,,,-11.8401,,,-0.0793,,,-10.7269,QC'd by Microsource,candidate_step3_property,,C6H10N4,138.17,0.100,0,3,0,0
34890,17389110,6397,C[Si](C)(C)Cl,Inactive,0,,,Inactive,,,,,,,,,,4,,19.2148,,27.2517,15.8304,,16.8022,7.0977,,14.1486,30.8379,,25.4611,18.2187,,15.8464,20.4855,,20.3143,2.4346,,23.9273,6.5631,,19.2148,QC'd by NIEHS/NTP,candidate_step1_inorganic,Si,C3H9ClSi,108.64,,0,0,0,0
34911,17389109,6537497,CCCC(CCCC(CCC(CCC(CCC(CCCC(CCC)Cl)Cl)Cl)Cl)Cl)Cl,Inactive,0,,,Inactive,,,,,,,,,,4,,-3.888,,9.4034,-4.0758,,-9.9363,-12.3546,,-0.3485,-19.021,,-2.166,-5.9149,,0.4296,-9.6403,,-5.5091,5.0222,,-28.9083,0.4065,,-3.888,QC'd by NIEHS/NTP,candidate_step3_property,,C24H44Cl6,545.3,11.000,0,0,21,0
34913,26747613,65341,CCCC(C1=CC=CC=C1)(C2=CC=CC=C2)C(=O)OCCN(CC)CC.Cl,Inactive,0,,,Inactive,,,,,,,,,,4,,-8.2558,,,,,1.8248,,,1.1808,,,3.678,,,9.8451,,,8.0809,,,-14.6341,,,-8.2558,QC'd by Microsource,property_value_missing,,C23H32ClNO2,390.0,,1,3,11,0
34931,17389108,6537498,CCC(CC(C(C(C(C(C)Cl)Cl)Cl)Cl)Cl)Cl,Inactive,0,,,Activator,39.8107,87.7429,,Partial curve; partial efficacy,-4.4,2.5334,0.8187,81.9474,-5.7955,2.2,0 0 0 0 0 0 0 0 0 0 0 0 0 0 0,64.215,,-3.4276,-10.2097,,-27.1385,-2.7112,,-6.936,-8.7932,,2.5179,-5.9914,,1.9351,-11.3531,,-5.9974,-10.4701,,15.4258,12.8321,,64.215,QC'd by NIEHS/NTP,candidate_step3_property,,C10H16Cl6,348.9,5.8,0,0,7,0
34966,17389106,5281764,C1=CC(=C(C=C1/C=C/C(=O)O[C@@H](C(=O)O)[C@@H](OC(=O)/C=C/C2=CC(=C(C=C2)O)O)C(=O)O)O)O,Inactive,0,,,Inactive,,,,,,,,,,4,,-15.5809,,-1.8846,8.5662,,3.9577,11.3807,,-0.4806,10.5384,,14.8571,-1.4803,,3.3411,6.4887,,-5.3616,5.8525,,-4.5717,-12.3701,,-15.5809,QC'd by NIEHS/NTP,candidate_step3_property,,C22H18O12,474.4,2.0,6,12,11,0
34970,17389137,31253,CC(=CCCC(=C)C=C)C,Inactive,0,,,Inactive,,,,,,,,,,4,,8.0488,,22.4694,5.4348,,9.7451,7.8559,,3.7678,16.6602,,-4.2552,-8.3835,,1.6791,-4.3063,,-1.8918,-11.3106,,-9.446,8.0148,,8.0488,QC'd by NIEHS/NTP,candidate_step3_property,,C10H16,136.23,4.3,0,0,4,0
34989,17389138,,,Inactive,0,,,Inactive,,,,,,,,,,4,,-0.9447,,2.6558,-8.7151,,14.5355,-6.9171,,7.1097,-2.983,,10.4129,-1.2946,,5.1161,10.7064,,-3.1677,-14.1155,,-23.3492,4.9218,,-0.9447,QC'd by null,property_lookup_missing,,,,,,,,
34992,26747634,6239,CCN(CC)CCCC(C)NC1=C2C=C(C=CC2=NC3=C1C=CC(=C3)Cl)OC.Cl.Cl,Inactive,0,,,Inactive,,,,,,,,,,4,,17.0598,,,,,24.9596,,,13.2609,,,35.6176,,,6.6065,,,11.2889,,,31.9974,,,17.0598,QC'd by Microsource,property_value_missing,,C23H32Cl3N3O,472.9,,3,4,9,0
35038,17389136,61591,B(F)(F)F.O.O,Inactive,0,,,Inactive,,,,,,,,,,4,,8.3373,,2.4255,6.1313,,0.3211,5.8586,,-20.3612,9.4657,,8.8472,-8.7313,,14.2111,4.8711,,2.9663,10.2276,,-31.2509,-12.6528,,8.3373,QC'd by NIEHS/NTP,candidate_step1_inorganic,B,BF3H4O2,103.84,,2,5,0,0
35046,26747639,4971,CC1=C(C2=CC3=NC(=CC4=NC(=CC5=C(C(=C(N5)C=C1N2)C=C)C)C(=C4CCC(=O)O)C)C(=C3C)CCC(=O)O)C=C,Inactive,0,,,Activator,12.5893,411.952,,Partial curve; high efficacy,-4.9,2.1211,0.9996,422,10.0476,2.1,0 0 0 0 0 0 0,407.689,,,,,13.6546,,,5.7842,,,13.7542,,,10.0061,,,23.4818,,,193.22,,,407.689,QC'd by Microsource,residual_possible_step4_or_definition_mismatch,,C34H34N4O4,562.7,4.6,4,6,8,0
35065,26747638,9532,C(CCN)CN.Cl.Cl,Inactive,0,,,Inactive,,,,,,,,,,4,,-0.5945,,,,,17.896,,,6.4143,,,12.4005,,,6.5997,,,-22.0858,,,-6.3387,,,-0.5945,QC'd by Microsource,property_value_missing,,C4H14Cl2N2,161.07,,4,2,3,0
35073,7965719,5307790,CCC1=CC=C(C=C1)NC(=O)CSC2=NN=C(N2C3=CC=C(C=C3)OC)CC4=CC=CN4C,Inactive,0,,,Inactive,,,,,,,,,,4,,-9.7229,,,,,-11.6327,,,-16.4219,,,-20.8398,,,-14.5137,,,-21.7743,,,-10.5702,,,-9.7229,QC'd by DPISMR,residual_possible_step4_or_definition_mismatch,,C25H27N5O2S,461.6,4.3,1,5,9,0
35100,26747636,61100,C1=CC=C(C=C1)CCNN.OS(=O)(=O)O,Inactive,0,,,Inactive,,,,,,,,,,4,,-24.5808,,,,,-4.6836,,,-12.6308,,,-3.8877,,,0.9108,,,-20.2107,,,4.3901,,,-24.5808,QC'd by Microsource,property_value_missing,,C8H14N2O4S,234.28,,4,6,3,0
35110,3714440,1112348,COC1=C(C=C(C=C1)C(=O)NC2=C(C(=C(O2)C3=CC=CC=C3)C4=CC=CC=C4)C#N)OC,Inactive,0,,,Inactive,,,,,,,,,,4,,9.6805,,,,,12.0107,,,16.0038,,,11.8485,,,13.2953,,,10.2374,,,2.7079,,,9.6805,QC'd by DPISMR,candidate_step3_property,,C26H20N2O4,424.4,5.7,1,5,6,0
35112,17389132,5324278,CCC/C=N/O,Inactive,0,,,Inactive,,,,,,,,,,4,,17.1258,,-6.575,-3.553,,-4.2642,-8.9506,,-4.0458,-28.3346,,-5.4711,-16.9232,,2.6364,8.7608,,5.6294,-1.9555,,-5.19,0.1505,,17.1258,QC'd by NIEHS/NTP,candidate_step3_property,,C4H9NO,87.12,0.8,1,2,2,0
35126,4239845,3234952,COC1=CC=CC(=C1)CN2C3=NC(=NC=C3N=C(C2=O)C4=CC=CS4)NC5=CC(=CC=C5)OC,Inactive,0,,,Activator,10,55.5893,,Partial curve; partial efficacy,-5,2.0437,0.8972,42.3742,-13.2151,2.2,0 0 0 0 0 0 0,41.6944,,,,,-1.8889,,,-13.0097,,,-11.705,,,-27.054,,,-9.9377,,,17.517,,,41.6944,QC'd by Pharmacopeia,residual_possible_step4_or_definition_mismatch,,C25H21N5O3S,471.5,4.5,1,8,7,0
35161,17389127,6537495,CC(=O)[O-].CC(=O)[O-].O.O.[Cd+2],Inactive,0,,,Inactive,,,,,,,,,,4,,-13.7399,,-10.4838,-7.2579,,-11.3383,-10.8477,,-11.1051,3.401,,-8.0827,-2.1227,,-34.2928,-1.9461,,-24.2059,-13.7128,,-5.8293,-13.5852,,-13.7399,QC'd by NIEHS/NTP,candidate_step1_inorganic,Cd,C4H10CdO6,266.53,,2,6,0,0
35178,17389128,8855,CCCC(=O)Cl,Inactive,0,,,Inactive,,,,,,,,,,4,,-4.5962,,16.8509,-1.5328,,19.9623,14.7311,,-21.7165,5.3746,,-34.3947,17.0686,,4.086,-17.1702,,4.9573,0.8523,,6.1207,5.6987,,-4.5962,QC'd by NIEHS/NTP,candidate_step3_property,,C4H7ClO,106.55,1.6,0,1,2,0
35187,26747624,4843,C1CC(=O)N(C1)CC(=O)N,Inactive,0,,,Inactive,,,,,,,,,,4,,13.9899,,,,,51.5097,,,7.7535,,,15.9495,,,44.8243,,,-8.6217,,,5.5235,,,13.9899,QC'd by Microsource,candidate_step3_property,,C6H10N2O2,142.16,-1.3,1,2,2,0
35224,17389126,14782,O=[Cd],Inactive,0,,,Inactive,,,,,,,,,,4,,2.3722,,12.0411,-11.2827,,-0.98,5.9755,,-5.9145,-11.9168,,10.8777,-4.1543,,-20.6182,1.3005,,-6.2421,-10.1047,,-4.4463,-30.4351,,2.3722,QC'd by NIEHS/NTP,candidate_step1_inorganic,Cd,CdO,128.41,,0,1,0,0
35299,17389151,17355,CC(=O)CCC1=CC=CC=C1,Inactive,0,,,Inactive,,,,,,,,,,4,,13.5062,,23.8656,14.0595,,22.9378,-4.2284,,6.9726,-34.1148,,8.0271,12.9007,,6.3754,25.1031,,4.4932,14.8205,,-1.9247,16.6771,,13.5062,QC'd by NIEHS/NTP,candidate_step3_property,,C10H12O,148.20,1.8,0,1,3,0
35383,17389147,5284459,C1=CC=C(C=C1)/C=C/[N+](=O)[O-],Inactive,0,,,Inactive,,,,,,,,,,4,,12.9814,,-4.2792,-20.6867,,6.1482,1.3093,,-2.1785,1.6014,,-9.3074,-6.4014,,2.2007,0.4771,,9.29,8.7037,,-2.4139,12.0146,,12.9814,QC'd by NIEHS/NTP,candidate_step3_property,,C8H7NO2,149.15,2.100,0,2,1,0
35465,17389143,82917,[CH-]1C=CC=C1.[CH-]1C=CC=C1.Cl[V]Cl,Inactive,0,,,Activator,31.6228,72.4433,,Partial curve; partial efficacy; poor fit,-4.5,0.4,0.5874,75.8113,3.368,2.4,0 0 0 0 0 0 0 0 0 1 0 0 0 0 0,58.6437,,1.9989,4.8446,,8.0832,16.716,,15.0286,24.6359,,9.5818,-2.1289,,28.1992,-18.9887,,10.9592,16.3338,,24.5978,38.0846,,58.6437,QC'd by NIEHS/NTP,candidate_step1_inorganic,V,C10H10Cl2V-2,252.03,,0,2,0,-2
35519,17389140,7913,C(=O)(N)NC(=O)N,Inactive,0,,,Inactive,,,,,,,,,,4,,8.1503,,-8.8926,-5.0601,,15.2186,1.0875,,-9.8673,14.0316,,8.437,10.8696,,9.0727,7.4044,,10.3972,5.7243,,1.4706,3.6712,,8.1503,QC'd by NIEHS/NTP,candidate_step3_property,,C2H5N3O2,103.08,-0.7,3,2,0,0
35539,17389139,6537494,C/C(=C\C=C\C(=C\C=C\C(=O)OC)\C)/C=C\C=C(/C)\C=C/C=C(/C)\C=C/C(=O)O,Inactive,0,,,Inactive,,,,,,,,,,4,,7.3294,,-15.1179,8.2354,,9.6651,11.1534,,1.2989,15.8713,,7.5565,14.5278,,2.9825,6.3672,,11.3733,3.0391,,25.9509,-1.3836,,7.3294,QC'd by NIEHS/NTP,candidate_step3_property,,C25H30O4,394.5,7.5,1,4,11,0
35578,4239857,3234964,C1=CC=C(C=C1)OC2=NC=C3C(=N2)N(C(=O)C(=N3)C4=CC=C(C=C4)F)CC5=CC=CS5,Inactive,0,,,Inactive,,,,,,,,,,4,,-33.2098,,,,,-6.1866,,,-21.3444,,,-31.0126,,,-36.9522,,,-30.0364,,,-31.0253,,,-33.2098,QC'd by Pharmacopeia,residual_possible_step4_or_definition_mismatch,,C23H15FN4O2S,430.5,4.3,0,7,5,0
35590,17389168,241,C1=CC=CC=C1,Inactive,0,,,Inactive,,,,,,,,,,4,,2.4599,,1.7202,5.1144,,1.5326,7.5176,,-4.2566,-4.1754,,2.8083,0.0698,,-0.2802,16.474,,-14.4901,4.214,,-2.0409,-17.7017,,2.4599,QC'd by NIEHS/NTP,candidate_step3_property,,C6H6,78.11,2.100,0,0,0,0
35617,4239887,3234994,CC1=CC(=CC=C1)CNC2=NC=NC3=C2C=C(C=C3)C4=CC=CC=C4C#N,Inactive,0,,,Inactive,,,,,,,,,,4,,-19.6005,,,,,1.6398,,,10.4034,,,11.4934,,,11.0057,,,1.2237,,,-16.622,,,-19.6005,QC'd by Pharmacopeia,candidate_step3_property,,C23H18N4,350.4,5.1,1,4,4,0
35659,4239884,3234991,C1CC2(CCN(CC2)C(=O)OC3=CC=CC=C3)CN(C1)C4=CC=C(C=C4)C5=CC=CC=C5,Inactive,0,,,Inactive,,,,,,,,,,4,,7.4771,,,,,-2.748,,,-15.8263,,,-8.8516,,,11.4597,,,3.0273,,,-2.8977,,,7.4771,QC'd by Pharmacopeia,candidate_step3_property,,C28H30N2O2,426.5,6.2,0,3,4,0
35669,17389164,5798,C1=CC=C2C(=C1)NC=N2,Inactive,0,,,Inactive,,,,,,,,,,4,,5.4286,,9.5632,-1.8987,,-19.4218,-9.4111,,7.0277,-15.3904,,17.4203,-3.2743,,13.6717,2.4639,,-2.5081,3.9121,,-3.8442,1.7305,,5.4286,QC'd by NIEHS/NTP,candidate_step3_property,,C7H6N2,118.14,1.300,1,1,0,0
35678,4260248,135465185,CC1=CC=C(C=C1)SCC2=CC(=O)NC(=N2)N3CCN(CC3)CC4=CC5=C(C=C4)OCO5,Inactive,0,,,Inactive,,,,,,,,,,4,,-0.3427,,,,,3.6852,,,0.7258,,,2.6388,,,-0.8839,,,-5.5005,,,3.224,,,-0.3427,QC'd by DPISMR,residual_possible_step4_or_definition_mismatch,,C24H26N4O3S,450.6,2.8,1,6,6,0
35728,17389160,9158,C1=CC=C2C=C3C4=CC=CC5=C4C(=CC=C5)C3=CC2=C1,Inactive,0,,,Activator,15.8489,50.8828,,Complete curve; partial efficacy; poor fit,-4.8,1.1,0.7544,55.4204,4.5376,1.4,0 0 0 0 0 1 1 0 0 0 0 0 0 0 0,43.7457,,11.7345,1.5251,,-9.4707,5.3087,,2.0823,24.9274,,-13.2144,21.3212,,9.7842,9.5363,,11.6401,13.7295,,17.1423,44.5533,,43.7457,QC'd by NIEHS/NTP,candidate_step3_property,,C20H12,252.3,6.400,0,0,0,0
35730,26747658,9539,C(CCNCCCN)CN.Cl.Cl.Cl,Inactive,0,,,Inactive,,,,,,,,,,4,,29.764,,,,,1.1569,,,-2.3943,,,-1.9604,,,6.6304,,,15.7516,,,-9.4492,,,29.764,QC'd by Microsource,property_value_missing,,C7H22Cl3N3,254.6,,6,3,7,0
35739,4252414,3245970,CC1=C(C(=NN1CC2=CC(=C(C=C2)Cl)Cl)C)NC(=O)C3=NOC(=C3)C4=CC5=C(C=C4)OCO5,Inactive,0,,,Inactive,,,,,,,,,,4,,-19.9461,,,,,-7.7208,,,8.6063,,,7.9889,,,-1.9059,,,6.6867,,,-13.1068,,,-19.9461,QC'd by DPISMR,candidate_step3_property,,C23H18Cl2N4O4,485.3,5.0,1,6,5,0
35759,17389162,9128,C1=CC=C2C(=C1)C3=CC=CC4=C3C5=C(C=CC=C25)C=C4,Inactive,0,,,Inactive,,,,,,,,,,4,,33.7293,,-4.9889,9.6337,,-5.304,-20.3695,,1.746,3.8391,,8.1728,-18.6814,,24.6358,15.9633,,8.9765,3.8818,,-8.7229,12.3331,,33.7293,QC'd by NIEHS/NTP,candidate_step3_property,,C20H12,252.3,6.400,0,0,0,0
35777,4239877,3234984,COC1=CC=C(C=C1)N2C3=NC(=NC=C3N=C(C2=O)C4=CC=CS4)NC5=CC(=CC=C5)OC,Inactive,0,,,Inactive,,,,,,,,,,4,,-2.9086,,,,,1.8496,,,4.0344,,,14.2738,,,-4.9032,,,12.5678,,,-1.5273,,,-2.9086,QC'd by Pharmacopeia,residual_possible_step4_or_definition_mismatch,,C24H19N5O3S,457.5,4.5,1,8,6,0
35778,17389163,9153,C1=CC=C2C3=C4C(=CC=C3)C5=CC=CC=C5C4=CC2=C1,Inactive,0,,,Activator,19.9526,67.7779,,Partial curve; partial efficacy,-4.7,1.21,0.9028,72.6518,4.8739,2.2,0 0 0 0 0 1 0 0 0 0 0 0 0 0 0,65.3015,,13.4254,15.6288,,4.1254,-0.3353,,-4.2889,34.9883,,5.2508,6.2321,,9.6033,4.1593,,9.0977,21.6176,,26.7261,39.9887,,65.3015,QC'd by NIEHS/NTP,candidate_step3_property,,C20H12,252.3,6.400,0,0,0,0
35788,26747659,5282379,CC1=C(C(CCC1)(C)C)/C=C/C(=C/C=C/C(=C\C(=O)O)/C)/C,Inactive,0,,,Inactive,,,,,,,,,,4,,0.7616,,,,,0.0161,,,5.5007,,,8.8616,,,14.5229,,,-0.3505,,,15.6163,,,0.7616,QC'd by Microsource,candidate_step3_property,,C20H28O2,300.4,6.300,1,2,5,0
35797,17389156,7368,C1=CC=C(C=C1)C(F)(F)F,Inactive,0,,,Inactive,,,,,,,,,,4,,7.1017,,4.4229,21.0745,,20.9131,2.5365,,-4.0313,-7.6909,,22.9494,-1.2371,,3.4296,20.0992,,13.124,15.2486,,-2.1302,15.2069,,7.1017,QC'd by NIEHS/NTP,candidate_step3_property,,C7H5F3,146.11,3.000,0,3,0,0
35831,17389158,7222,C1=CC=C2C(=C1)N=CS2,Inactive,0,,,Inactive,,,,,,,,,,4,,22.2662,,17.6125,12.5474,,17.0609,14.0584,,13.3364,8.5178,,12.6621,9.8073,,14.2018,13.2295,,6.6467,16.8303,,19.688,20.2256,,22.2662,QC'd by NIEHS/NTP,candidate_step3_property,,C7H5NS,135.19,2.000,0,2,0,0
35932,17389188,10758,C1=CC=C(C=C1)C(C#N)O,Inactive,0,,,Inactive,,,,,,,,,,4,,1.9255,,-7.8095,7.9645,,5.7929,-12.5802,,-0.7132,18.563,,5.9367,14.4713,,-28.945,-4.389,,0.6165,14.9055,,-0.8958,-11.065,,1.9255,QC'd by NIEHS/NTP,candidate_step3_property,,C8H7NO,133.15,1.000,1,2,1,0
35966,17389186,5354896,C/C(=C/C1=CC=CC=C1)/C=O,Inactive,0,,,Inactive,,,,,,,,,,4,,10.8994,,-15.7073,2.9372,,-6.7282,12.825,,-11.6121,-19.6466,,12.8009,-8.3656,,-5.3327,10.4439,,9.728,2.6783,,-7.1092,-4.2069,,10.8994,QC'd by NIEHS/NTP,candidate_step3_property,,C10H10O,146.19,2.2,0,1,2,0
35982,17389185,7407,CC(=C)C1=CC=CC=C1,Inactive,0,,,Inactive,,,,,,,,,,4,,18.8722,,10.9857,17.2248,,17.2865,1.3257,,7.5404,17.2607,,8.7473,10.169,,17.5336,26.0695,,17.5824,-16.628,,2.3618,16.0016,,18.8722,QC'd by NIEHS/NTP,candidate_step3_property,,C9H10,118.18,3.500,0,0,1,0
36026,17389174,6537493,C[C@H]1CC[C@@H]2[C@H]([C@H]3[C@@H](N2C1)C[C@@H]4[C@@]3(CC[C@H]5[C@H]4CC=C6[C@@]5(CCC(C6)O[C@H]7[C@@H]([C@H]([C@H]([C@H](O7)CO)O)O[C@H]8[C@@H]([C@H]([C@@H]([C@H](O8)CO)O)O)O)O[C@@H]9[C@@H]([C@@H]([C@H]([C@@H](O9)C)O)O)O)C)C)C,Inactive,0,,,Inactive,,,,,,,,,,4,,8.0909,,-4.1074,-4.5179,,-3.8335,5.6997,,-1.6328,47.3953,,11.2573,10.9893,,-0.9637,7.9387,,32.8228,8.6426,,14.7892,24.3743,,8.0909,QC'd by NIEHS/NTP,candidate_step3_property,,C45H73NO15,868.1,1.8,9,16,8,0
36049,17389173,447043,CC[C@@H]1[C@@]([C@@H]([C@H](N(C[C@@H](C[C@@]([C@@H]([C@H]([C@@H]([C@H](C(=O)O1)C)O[C@H]2C[C@@]([C@H]([C@@H](O2)C)O)(C)OC)C)O[C@H]3[C@@H]([C@H](C[C@H](O3)C)N(C)C)O)(C)O)C)C)C)O)(C)O,Inactive,0,,,Inactive,,,,,,,,,,4,,32.9367,,0.9144,25.8504,,22.2219,10.0241,,6.2069,20.7188,,25.7631,24.8923,,15.3758,18.4222,,14.0251,23.5892,,9.8908,21.1166,,32.9367,QC'd by NIEHS/NTP,candidate_step3_property,,C38H72N2O12,749.0,4.000,5,14,7,0
36061,17389172,5462814,C(=O)(N)/N=N/C(=O)N,Inactive,0,,,Inactive,,,,,,,,,,4,,-6.8703,,6.9176,-6.2482,,-0.6254,-7.49,,-2.3451,-15.971,,-4.4564,1.3335,,-0.8974,14.3866,,1.117,-6.4449,,-9.3561,-4.1396,,-6.8703,QC'd by NIEHS/NTP,candidate_step3_property,,C2H4N4O2,116.08,-1.0,2,2,0,0
36085,17389179,22985,[NH4+].[N+](=O)([O-])[O-],Inactive,0,,,Inactive,,,,,,,,,,4,,0.5442,,-1.0628,-13.6198,,-2.7678,8.8936,,4.6539,0.1558,,1.2448,5.2172,,3.0171,-27.1334,,11.009,3.7483,,13.7964,8.0666,,0.5442,QC'd by NIEHS/NTP,property_value_missing,,H4N2O3,80.044,,1,3,0,0
36103,17389178,24639,[NH4+].[O-]Cl(=O)(=O)=O,Inactive,0,,,Inactive,,,,,,,,,,4,,-0.9535,,-0.3301,-0.465,,10.7892,9.597,,-3.5907,31.0453,,1.0269,-0.3174,,-8.8447,-0.1243,,4.4192,-9.4134,,15.766,7.4559,,-0.9535,QC'd by NIEHS/NTP,property_value_missing,,ClH4NO4,117.49,,1,4,0,0
36117,17389177,,,Inactive,0,,,Inactive,,,,,,,,,,4,,15.8787,,7.9892,3.7489,,7.1277,-5.1235,,-3.3875,-16.7244,,-2.3619,-7.1689,,3.3622,-8.5864,,1.3579,5.1756,,0.3083,-27.3479,,15.8787,QC'd by null,property_lookup_missing,,,,,,,,
36131,17389176,6537492,C/C(=C\C=C\C=C(/C)\C=C\C=C(\C)/C=C/C(=O)O)/C=C/C=C(\C)/C=C/C(=O)O,Inactive,0,,,Inactive,,,,,,,,,,4,,1.4129,,9.6456,-24.4946,,-6.644,-23.1856,,2.7892,-24.8557,,14.9632,-0.4016,,-2.1208,8.5406,,4.1295,-6.7233,,-9.2373,-1.0978,,1.4129,QC'd by NIEHS/NTP,candidate_step3_property,,C24H28O4,380.5,7.2,2,4,10,0
36246,4260349,2235692,CC1=CC(=C2C(=C1)N=C(O2)C3=CC(=C(C=C3)Cl)NC(=O)C4=C(C=C(C=C4)C#N)F)C,Inactive,0,,,Inactive,,,,,,,,,,4,,-7.2194,,,,,-2.5397,,,6.9358,,,-11.3584,,,-2.59,,,-11.2247,,,-4.2263,,,-7.2194,QC'd by DPISMR,candidate_step3_property,,C23H15ClFN3O2,419.8,5.4,1,5,3,0
36247,17389204,8035,CC(=O)CCC(=O)C,Inactive,0,,,Inactive,,,,,,,,,,4,,9.1077,,-10.7514,11.232,,9.0764,5.3145,,-8.2255,15.1045,,5.0566,8.297,,-2.368,8.2756,,2.3319,-1.0468,,1.1175,-33.7957,,9.1077,QC'd by NIEHS/NTP,candidate_step3_property,,C6H10O2,114.14,-0.300,0,2,3,0
36252,857108,11373,C1=CC2=C(C=CC(=C2)N)N=C1,Inactive,0,,,Inactive,,,,,,,,,,4,,-7.2259,,,,,10.9629,,,3.2846,,,2.927,,,21.7599,,,5.1349,,,-4.2942,,,-7.2259,QC'd by DPISMR,candidate_step3_property,,C9H8N2,144.17,1.300,1,2,0,0
36263,17389201,6579,C=CC(=O)N,Inactive,0,,,Inactive,,,,,,,,,,4,,6.1121,,-13.1949,0.8453,,34.3041,21.8382,,-9.4255,40.6647,,18.9587,-6.409,,0.3692,14.9531,,5.2743,-1.3832,,-7.994,1.3236,,6.1121,QC'd by NIEHS/NTP,candidate_step3_property,,C3H5NO,71.08,-0.700,1,1,1,0
36299,26747565,9082,C(CS)N.Cl,Inactive,0,,,Inactive,,,,,,,,,,4,,-0.5893,,,,,4.3075,,,-3.1052,,,-5.9896,,,14.9109,,,5.3421,,,9.7923,,,-0.5893,QC'd by Microsource,property_value_missing,,C2H8ClNS,113.61,,3,2,1,0
36317,17389192,1549517,C=CCNC(=S)N,Inactive,0,,,Inactive,,,,,,,,,,4,,-1.3782,,7.2646,-11.6863,,2.5724,-23.7267,,-17.7849,20.2689,,7.568,-1.3168,,4.3077,0.3532,,0.8744,6.8306,,-4.7566,-2.498,,-1.3782,QC'd by NIEHS/NTP,candidate_step3_property,,C4H8N2S,116.19,0.2,2,1,2,0
36334,17389189,444913,C([C@@H]1[C@@H]2[C@@H]([C@H]([C@H](O1)O[C@@H]3[C@H](O[C@@H]([C@@H]([C@H]3O)O)O[C@@H]4[C@H](O[C@@H]([C@@H]([C@H]4O)O)O[C@@H]5[C@H](O[C@@H]([C@@H]([C@H]5O)O)O[C@@H]6[C@H](O[C@@H]([C@@H]([C@H]6O)O)O[C@@H]7[C@H](O[C@H](O2)[C@@H]([C@H]7O)O)CO)CO)CO)CO)CO)O)O)O,Inactive,0,,,Inactive,,,,,,,,,,4,,11.3009,,6.1524,12.1295,,4.6033,-0.9442,,0.457,18.2339,,17.0343,11.4568,,6.722,14.2713,,10.774,-1.0826,,6.1326,10.9628,,11.3009,QC'd by NIEHS/NTP,candidate_step3_property,,C36H60O30,972.8,-12.9,18,30,6,0
36344,852015,654622,CCC(C1=NN=NN1CC2=CC=CO2)N(CCC3=CC=CC=C3)CC4=CC5=C(C=C(C=C5)OC)NC4=O,Inactive,0,,,Inactive,,,,,,,,,,4,,-9.376,,,,,4.1128,,,-3.1985,,,-1.7921,,,1.0678,,,5.4919,,,-1.7821,,,-9.376,QC'd by DPISMR,residual_possible_step4_or_definition_mismatch,,C28H30N6O3,498.6,3.9,1,7,11,0
36385,17389196,11584,CC(=O)OCC=C,Inactive,0,,,Inactive,,,,,,,,,,4,,-3.4896,,9.0837,-16.7902,,-9.0468,7.1567,,-10.4924,0.1648,,-7.2485,-3.9355,,6.9256,-4.1676,,-13.18,-27.108,,19.5784,-2.5736,,-3.4896,QC'd by NIEHS/NTP,candidate_step3_property,,C5H8O2,100.12,1.000,0,2,3,0
36423,17389194,7841,C=CCBr,Inactive,0,,,Inactive,,,,,,,,,,4,,8.5102,,-13.7149,-8.8359,,4.6678,-19.5903,,-1.061,-2.968,,3.2143,7.5637,,1.7078,5.7367,,11.6661,-0.9453,,-23.4861,-4.3268,,8.5102,QC'd by NIEHS/NTP,candidate_step3_property,,C3H5Br,120.98,1.800,0,0,1,0
36424,7968018,5309173,CN1C=CC=C1CC2=NN=C(N2C3=CC=C(C=C3)F)SCC(=O)N4CCCC5=CC=CC=C54,Inactive,0,,,Inactive,,,,,,,,,,4,,-26.9381,,,,,23.718,,,10.9998,,,2.9683,,,4.2326,,,-3.5447,,,-4.1542,,,-26.9381,QC'd by DPISMR,residual_possible_step4_or_definition_mismatch,,C25H24FN5OS,461.6,4.2,0,5,6,0
36444,17389214,11927,CC1=CC2=C(C=CC=N2)C=C1,Inactive,0,,,Inactive,,,,,,,,,,4,,-11.9843,,-15.8354,-0.4055,,11.8139,1.2972,,1.874,12.4867,,-3.5282,9.8442,,7.102,-0.4408,,-0.4571,8.156,,-9.5069,10.7465,,-11.9843,QC'd by NIEHS/NTP,candidate_step3_property,,C10H9N,143.18,2.500,0,1,0,0
36454,4239801,3234908,COC1=CC2=C(C=C1)NC=C2CCNC3=NC=NC4=C3C=C(C=C4)C5=CC(=CC=C5)OC,Inactive,0,,,Inactive,,,,,,,,,,4,,-13.1437,,,,,20.6001,,,6.8511,,,15.7035,,,7.4127,,,20.617,,,-9.0396,,,-13.1437,QC'd by Pharmacopeia,candidate_step3_property,,C26H24N4O2,424.5,5.5,2,5,7,0
36460,17389213,1923,C1=CC2=C(C(=C1)O)N=CC=C2,Inactive,0,,,Inactive,,,,,,,,,,4,,-8.4336,,-8.344,-28.0166,,3.6352,-31.918,,-11.5608,-6.6961,,4.9284,-2.864,,-2.7548,11.2291,,-0.5555,3.1163,,-3.1389,-3.453,,-8.4336,QC'd by NIEHS/NTP,candidate_step3_property,,C9H7NO,145.16,2.000,1,2,0,0
36477,4239798,3234905,CC(C)CN1CCCC2(C1)CCN(CC2)C(=O)C3=CC(=CC(=C3)C(F)(F)F)C(F)(F)F,Inactive,0,,,Inactive,,,,,,,,,,4,,-0.4738,,,,,-5.4877,,,-12.6138,,,-10.8113,,,1.6687,,,-15.0412,,,-11.4167,,,-0.4738,QC'd by Pharmacopeia,candidate_step3_property,,C22H28F6N2O,450.5,5.600,0,8,3,0
36499,17389219,22463,C1=CC2=C(C=CC(=C2)SSC3=CC4=C(C=C3)C=C(C=C4)O)C=C1O,Inactive,0,,,Inactive,,,,,,,,,,4,,26.3587,,-33.3659,-6.1987,,35.7465,10.9012,,2.5971,-111.981,,32.5884,50.0701,,28.3836,47.6718,,35.8046,41.6073,,24.8517,-4.3209,,26.3587,QC'd by NIEHS/NTP,candidate_step3_property,,C20H14O2S2,350.5,5.8,2,4,3,0
36586,861081,662350,CC(C)OCC(CN)O,Inactive,0,,,Inactive,,,,,,,,,,4,,-5.2845,,,,,-8.4245,,,-11.4294,,,-6.7382,,,0.1313,,,-11.3183,,,-24.4263,,,-5.2845,QC'd by DPISMR,candidate_step3_property,,C6H15NO2,133.19,-0.7,2,3,4,0
36599,17389208,7765,CCOC(C)OCC,Inactive,0,,,Inactive,,,,,,,,,,4,,12.8395,,28.1821,22.5144,,21.344,14.6449,,25.3641,4.8608,,28.3242,14.9228,,13.9009,24.463,,13.7092,21.1064,,11.9182,3.5693,,12.8395,QC'd by NIEHS/NTP,candidate_step3_property,,C6H14O2,118.17,0.800,0,2,4,0
36610,857071,658431,C1COCCOCCN(CCOCCOCCN1CC(=O)O)CC(=O)O,Inactive,0,,,Inactive,,,,,,,,,,4,,-14.7196,,,,,-5.2487,,,-5.3748,,,-8.7144,,,-1.0452,,,-12.3453,,,-13.8225,,,-14.7196,QC'd by DPISMR,candidate_step3_property,,C16H30N2O8,378.42,-5.9,2,10,4,0
36619,17389207,7918,CC(=O)OC(=O)C,Inactive,0,,,Inactive,,,,,,,,,,4,,-17.6857,,-6.8223,8.792,,-3.2252,7.367,,-23.1878,17.0294,,-3.1527,2.6566,,3.0392,10.8317,,2.2316,1.2108,,3.9382,8.7103,,-17.6857,QC'd by NIEHS/NTP,candidate_step3_property,,C4H6O3,102.09,-0.1,0,3,2,0
36730,17389231,11604,C=CCCC#N,Inactive,0,,,Inactive,,,,,,,,,,4,,-0.2512,,5.9236,2.3568,,-14.2041,-11.9812,,7.7501,24.4324,,-7.0461,2.8821,,0.1198,10.5059,,1.0894,1.8932,,9.9865,10.7886,,-0.2512,QC'd by NIEHS/NTP,candidate_step3_property,,C5H7N,81.12,1.0,0,1,2,0
36802,26747599,16760703,CCCC(CCC)C(=O)[O-].[Na+],Inactive,0,,,Inactive,,,,,,,,,,4,,16.9176,,,,,11.9348,,,5.1431,,,12.061,,,21.402,,,21.4587,,,2.1251,,,16.9176,QC'd by Microsource,candidate_step1_inorganic,Na,C8H15NaO2,166.19,,0,2,5,0
36829,17389236,38764,CCCCCCC1=CC=C(C=C1)C2=CC=C(C=C2)C#N,Inactive,0,,,Inactive,,,,,,,,,,4,,29.9346,,13.6806,0.9516,,-3.4313,12.9529,,17.4041,-14.6165,,17.1464,-5.2325,,12.5844,-4.4899,,0.3366,1.009,,3.4505,18.269,,29.9346,QC'd by NIEHS/NTP,candidate_step3_property,,C19H21N,263.4,6.2,0,1,6,0
36848,17389237,13195,CC1=CN=CN1,Inactive,0,,,Inactive,,,,,,,,,,4,,-10.387,,1.1381,-10.7367,,-4.569,-9.9185,,5.1982,25.8442,,-5.4226,4.5654,,1.7618,8.4446,,2.3941,1.4087,,-1.2596,-5.2357,,-10.387,QC'd by NIEHS/NTP,candidate_step3_property,,C4H6N2,82.10,0.200,1,1,0,0
36918,17389225,17818,CC1=C(C=C(C=C1)N)O,Inactive,0,,,Inactive,,,,,,,,,,4,,8.5844,,11.0156,10.4539,,2.617,9.0419,,3.2052,15.6623,,6.1977,15.451,,10.3107,0.6841,,8.8506,16.2088,,-2.3767,-10.1094,,8.5844,QC'd by NIEHS/NTP,candidate_step3_property,,C7H9NO,123.15,1.300,2,2,0,0
36951,7967985,5309153,CCCC1=CC(=NO1)C(=O)N(C2CCCCC2)C3CCCCC3,Inactive,0,,,Inactive,,,,,,,,,,4,,18.7358,,,,,22.0525,,,12.646,,,20.1973,,,25.414,,,16.101,,,9.7328,,,18.7358,QC'd by DPISMR,candidate_step3_property,,C19H30N2O2,318.5,5.0,0,3,5,0
36954,26747591,1678,C(C[N+](=O)[O-])C(=O)O,Inactive,0,,,Inactive,,,,,,,,,,4,,-2.3857,,,,,14.1359,,,2.3822,,,6.2352,,,23.9646,,,8.1124,,,16.0607,,,-2.3857,QC'd by Microsource,candidate_step3_property,,C3H5NO4,119.08,-0.5,1,4,2,0
36968,17389228,80642,C1=C(OC(=C1)C(=O)O)CO,Inactive,0,,,Inactive,,,,,,,,,,4,,11.0904,,0.2974,8.7481,,8.0195,6.6895,,-9.0506,10.834,,10.5826,1.4439,,3.6238,1.0575,,3.325,-0.8094,,5.4628,2.9304,,11.0904,QC'd by NIEHS/NTP,candidate_step3_property,,C6H6O4,142.11,0.0,2,4,2,0
36990,17389229,237332,C1=C(OC(=C1)C=O)CO,Inactive,0,,,Inactive,,,,,,,,,,4,,3.615,,11.1785,-3.7365,,1.3108,-2.8765,,7.4858,9.2981,,6.0612,4.628,,7.8619,11.733,,1.636,7.1736,,13.6317,2.2877,,3.615,QC'd by NIEHS/NTP,candidate_step3_property,,C6H6O3,126.11,-0.600,1,3,2,0
37009,17388980,8119,C1CCCNCC1,Inactive,0,,,Inactive,,,,,,,,,,4,,19.9074,,14.9207,15.9533,,11.1102,3.1029,,-1.3714,31.2589,,4.4909,9.0606,,7.5906,9.2929,,5.1283,13.0918,,26.2777,12.7144,,19.9074,QC'd by NIEHS/NTP,candidate_step3_property,,C6H13N,99.17,1.200,1,1,0,0
37034,843472,645767,C1CCC(C1)N(CC2=NC3=C(C4=C(S3)CCCC4)C(=O)N2)C(=O)C5=CC=CS5,Inactive,0,,,Inactive,,,,,,,,,,4,,19.3,,,,,-0.4819,,,9.2107,,,15.3951,,,27.4408,,,-12.6977,,,2.9986,,,19.3,QC'd by DPISMR,residual_possible_step4_or_definition_mismatch,,C21H23N3O2S2,413.6,4.4,1,5,4,0
37080,17388976,24846,[NH3+]O.[NH3+]O.[O-]S(=O)(=O)[O-],Inactive,0,,,Inactive,,,,,,,,,,4,,-6.2777,,1.9402,4.9195,,-15.5513,-4.9541,,-5.9221,-5.9757,,10.7397,6.0721,,2.2304,7.08,,-5.4753,8.9127,,-5.7569,-1.5662,,-6.2777,QC'd by NIEHS/NTP,property_value_missing,,H8N2O6S,164.14,,4,6,0,0
37121,17388974,795,C1=CN=CN1,Inactive,0,,,Inactive,,,,,,,,,,4,,15.6175,,-1.9956,14.0222,,15.1099,8.5294,,3.5522,16.0794,,-1.4927,9.689,,13.574,12.4704,,17.3597,7.3644,,2.1658,19.0081,,15.6175,QC'd by NIEHS/NTP,candidate_step3_property,,C3H4N2,68.08,-0.100,1,1,0,0
37143,857168,658522,C1CC[N+]2(CC1)CC(C2)O.[Cl-],Inactive,0,,,Inactive,,,,,,,,,,4,,3.0911,,,,,-0.9057,,,-7.8785,,,-16.4792,,,-4.5817,,,-1.0629,,,-8.5829,,,3.0911,QC'd by DPISMR,property_value_missing,,C8H16ClNO,177.67,,1,2,0,0
37167,4239968,3235075,COC1=CC2=C(C=C1)NC=C2CCNC3=NC=NC=C3C4=CC=CC=C4C(F)(F)F,Inactive,0,,,Inactive,,,,,,,,,,4,,-9.7758,,,,,-10.6844,,,-0.8375,,,-19.5343,,,-10.4353,,,-10.4839,,,-15.9411,,,-9.7758,QC'd by Pharmacopeia,candidate_step3_property,,C22H19F3N4O,412.4,5.1,2,7,6,0
37170,17388988,3485,C(CC=O)CC=O,Inactive,0,,,Inactive,,,,,,,,,,4,,-15.9476,,-0.5501,-3.7789,,-4.0065,-4.5207,,-14.5375,9.7692,,-24.9877,1.9544,,-11.1102,-0.3049,,-6.4737,-9.8742,,-11.3496,-7.8376,,-15.9476,QC'd by NIEHS/NTP,candidate_step3_property,,C5H8O2,100.12,-0.5,0,2,4,0
37192,17388989,,,Inactive,0,,,Inactive,,,,,,,,,,4,,4.703,,8.8758,-14.776,,-0.0347,-2.5228,,-6.193,48.9787,,-3.6679,-10.9609,,-3.9137,-16.8449,,4.3644,-6.8619,,-4.8824,8.555,,4.703,QC'd by null,property_lookup_missing,,,,,,,,
37205,17388986,7837,CC(=C)C(=O)OCC1CO1,Inactive,0,,,Inactive,,,,,,,,,,4,,3.9853,,14.1316,8.055,,17.9755,7.8692,,8.0024,-1.8845,,7.6144,-2.2548,,17.1881,26.4357,,6.2349,15.2817,,14.962,21.192,,3.9853,QC'd by NIEHS/NTP,candidate_step3_property,,C7H10O3,142.15,0.8,0,3,4,0
37221,26747483,68539,CN(C)CCCN1C2=CC=CC=C2CCC3=C1C=C(C=C3)Cl.Cl,Inactive,0,,,Inactive,,,,,,,,,,4,,-2.5111,,,,,-3.7934,,,-9.7217,,,-18.5083,,,-20.9595,,,-5.8508,,,-5.1815,,,-2.5111,QC'd by Microsource,property_value_missing,,C19H24Cl2N2,351.3,,1,2,4,0
37224,17388987,753,C(C(CO)O)O,Inactive,0,,,Inactive,,,,,,,,,,4,,8.6906,,-4.7887,13.8359,,20.5488,-0.5929,,-8.7184,-14.3233,,9.576,3.1265,,-0.5837,3.5859,,-14.2938,6.6308,,15.92,-23.7203,,8.6906,QC'd by NIEHS/NTP,candidate_step3_property,,C3H8O3,92.09,-1.800,3,3,2,0
37263,17388985,7860,C(=O)C=O,Inactive,0,,,Inactive,,,,,,,,,,4,,1.5347,,-9.6905,1.4549,,-33.8784,-9.5983,,-10.4574,13.205,,8.7359,-8.1656,,-0.4432,-8.889,,-23.4289,2.8701,,-1.3563,11.3008,,1.5347,QC'd by NIEHS/NTP,candidate_step3_property,,C2H2O2,58.04,-0.4,0,2,1,0
37293,26747489,10649,CC1=[N+](C2=CC=CC=C2C(=C1)N)CCCCCCCCCC[N+]3=C(C=C(C4=CC=CC=C43)N)C.[Cl-].[Cl-],Inactive,0,,,Inactive,,,,,,,,,,4,,-2.3511,,,,,17.0976,,,-1.6887,,,-10.8189,,,32.89,,,5.4313,,,11.5444,,,-2.3511,QC'd by Microsource,property_value_missing,,C30H40Cl2N4,527.6,,2,4,11,0
37358,17388996,713,C(=O)N,Inactive,0,,,Inactive,,,,,,,,,,4,,4.2976,,-9.9191,-0.115,,-5.3207,2.466,,8.1246,-0.3142,,4.5593,7.5372,,5.2063,12.9749,,2.8958,10.9289,,-1.8866,8.3059,,4.2976,QC'd by NIEHS/NTP,candidate_step3_property,,CH3NO,45.041,-0.8,1,1,0,0
37373,17388995,7671,C1=CC=C(C=C1)NC=O,Inactive,0,,,Inactive,,,,,,,,,,4,,11.4667,,9.1887,-11.6413,,7.3422,-2.2733,,-11.4633,-0.3916,,-19.8062,-9.5834,,7.1487,12.089,,4.9181,7.4606,,-16.3972,1.4484,,11.4667,QC'd by NIEHS/NTP,candidate_step3_property,,C7H7NO,121.14,1.200,1,1,1,0
37392,17388994,637930,C(=C/C#N)\C#N,Inactive,0,,,Inactive,,,,,,,,,,4,,-0.7492,,-7.6899,-2.1391,,-14.1196,-8.2622,,-5.3269,28.4207,,-5.4632,-18.932,,-4.2467,-7.8087,,-3.5832,2.7596,,-4.9777,-6.6537,,-0.7492,QC'd by NIEHS/NTP,candidate_step3_property,,C4H2N2,78.07,-0.200,0,2,0,0
37410,3714561,2096629,CC1=CC2=C(C=C1C)OC(=O)C=C2CN3CCCC4=CC=CC=C43,Inactive,0,,,Inactive,,,,,,,,,,4,,8.5306,,,,,5.8934,,,0.8156,,,-1.2347,,,-1.3896,,,0.6509,,,-3.5522,,,8.5306,QC'd by DPISMR,residual_possible_step4_or_definition_mismatch,,C21H21NO2,319.4,4.2,0,3,2,0
37421,17388992,12170,CC(=O)OCC1=CC=CO1,Inactive,0,,,Inactive,,,,,,,,,,4,,-2.0069,,9.9429,6.17,,13.8789,2.3228,,-4.2189,13.5611,,1.0153,-1.8093,,4.5033,-3.3748,,4.2191,1.2653,,17.7173,-12.0718,,-2.0069,QC'd by NIEHS/NTP,candidate_step3_property,,C7H8O3,140.14,0.7,0,3,3,0
37441,17388991,13521,CCO[Si](CCCN)(OCC)OCC,Inactive,0,,,Inactive,,,,,,,,,,4,,21.914,,14.7813,33.4643,,19.5948,18.8114,,15.2183,32.0108,,16.4795,23.8732,,14.6405,18.2361,,28.0102,18.3696,,15.8007,24.9941,,21.914,QC'd by NIEHS/NTP,candidate_step1_inorganic,Si,C9H23NO3Si,221.37,,1,4,9,0
37478,4239984,3235091,C1CC2(CCN(CC2)S(=O)(=O)C3=CC=CC=C3)CN(C1)CC4=CC(=CC(=C4)C(F)(F)F)C(F)(F)F,Inactive,0,,,Inactive,,,,,,,,,,4,,25.2173,,,,,-10.327,,,-3.8789,,,-42.2768,,,-11.9819,,,-0.0316,,,7.2015,,,25.2173,QC'd by Pharmacopeia,candidate_step3_property,,C24H26F6N2O2S,520.5,5.5,0,10,4,0
37489,17389006,12375,CCOCCOCC,Inactive,0,,,Inactive,,,,,,,,,,4,,-8.9885,,-1.6934,-14.5778,,-4.7072,-13.5307,,-13.3407,-15.9569,,-9.4451,-11.3369,,-19.175,11.0584,,1.9165,-1.7938,,-13.6167,-13.3454,,-8.9885,QC'd by NIEHS/NTP,candidate_step3_property,,C6H14O2,118.17,0.700,0,2,5,0
37501,26747503,275,C(CON=C(N)N)C(C(=O)O)N,Inactive,0,,,Inactive,,,,,,,,,,4,,-5.1236,,,,,6.1241,,,-8.6636,,,12.7552,,,9.0181,,,-4.2778,,,14.9276,,,-5.1236,QC'd by Microsource,candidate_step3_property,,C5H12N4O3,176.17,-4.800,4,5,5,0
37507,17389005,8133,CCCCOCCO,Inactive,0,,,Inactive,,,,,,,,,,4,,-1.1795,,-0.9426,-7.5218,,5.2872,-13.7297,,-8.249,-28.2498,,-0.3439,-13.9784,,-13.3832,9.8563,,3.2915,0.4586,,-10.4841,-27.6594,,-1.1795,QC'd by NIEHS/NTP,candidate_step3_property,,C6H14O2,118.17,0.800,1,2,5,0
37523,17389004,5365543,C/C=C/1\CC2CC1C=C2,Inactive,0,,,Inactive,,,,,,,,,,4,,14.5744,,9.443,4.4194,,-5.1714,5.1373,,0.9966,3.1095,,-4.3182,5.9908,,6.8588,5.4491,,0.6858,17.9037,,13.0738,11.1532,,14.5744,QC'd by NIEHS/NTP,candidate_step3_property,,C9H12,120.19,2.2,0,0,0,0
37535,26747501,441344,CCN(CC)CCOC(=O)C1(CCCCC1)C2CCCCC2.Cl,Inactive,0,,,Inactive,,,,,,,,,,4,,-16.7447,,,,,18.5977,,,-2.0079,,,4.6295,,,32.536,,,-8.1519,,,-3.9912,,,-16.7447,QC'd by Microsource,property_value_missing,,C19H36ClNO2,345.9,,1,3,8,0
37543,17389003,25914,CCCCNCC,Inactive,0,,,Inactive,,,,,,,,,,4,,1.4037,,-10.4075,21.2716,,7.7811,17.3239,,6.8222,-13.8794,,13.2314,9.0879,,-4.8029,26.4377,,10.5148,3.5006,,-0.4482,14.0586,,1.4037,QC'd by NIEHS/NTP,candidate_step3_property,,C6H15N,101.19,1.600,1,1,4,0
37553,17389002,7611,[CH-]1C=CC=C1.[CH-]1C=CC=C1.[Fe+2],Inactive,0,,,Activator,0.0016,37.9208,,Complete curve; partial efficacy; poor fit,-8.8,1.331,0.6753,26.7011,-11.2198,1.4,0 0 0 0 0 1 1 0 0 0 0 0 0 0 0,31.934,,-5.683,6.0226,,28.9233,13.2353,,18.1922,44.6532,,-3.0344,23.3546,,38.3189,24.5378,,27.2363,29.9192,,22.5272,22.4197,,31.934,QC'd by NIEHS/NTP,candidate_step1_inorganic,Fe,C10H10Fe,186.03,,0,2,0,0
37572,17389001,9154,C1=CC=C2C(=C1)C3=CC=CC4=C3C2=CC=C4,Inactive,0,,,Activator,39.8107,51.6346,,Single point of activity,-4.4,4.9549,0.7288,48.573,-3.0615,3,1 0 0 0 0 0 0 0 0 0 0 0 0 0 0,43.6613,,-30.6366,5.5602,,-2.1246,-4.969,,-13.7383,1.7486,,-6.2779,3.388,,1.5175,-17.2938,,7.3054,0.6277,,-2.2431,-7.3067,,43.6613,QC'd by NIEHS/NTP,candidate_step3_property,,C16H10,202.25,5.200,0,0,0,0
37599,17389000,10008,C1=CC=C(C=C1)F,Inactive,0,,,Inactive,,,,,,,,,,4,,7.3827,,2.6961,-26.4649,,-8.3665,3.9849,,0.1132,3.2913,,1.5482,7.9562,,0.6414,-0.6705,,-4.5035,2.8961,,-6.4192,-4.3945,,7.3827,QC'd by NIEHS/NTP,candidate_step3_property,,C6H5F,96.10,2.300,0,1,0,0
37605,26747505,200213,CCSC(=N)N.Br,Inactive,0,,,Inactive,,,,,,,,,,4,,-14.3797,,,,,-9.3923,,,-24.0075,,,-20.8841,,,-6.9988,,,-18.6539,,,-11.6595,,,-14.3797,QC'd by Microsource,property_value_missing,,C3H9BrN2S,185.09,,3,2,2,0
37621,17388999,24603,OS(=O)(=O)F,Inactive,0,,,Inactive,,,,,,,,,,4,,23.058,,11.1055,-12.9209,,14.7228,7.9981,,15.4802,127.657,,3.7392,8.0117,,12.9855,23.3835,,16.6153,7.7966,,-0.1956,9.7469,,23.058,QC'd by NIEHS/NTP,candidate_step3_property,,FHO3S,100.07,-0.3,1,4,0,0
37631,843506,645800,CCOC(=O)CN1C(=NN=N1)C(C(C)C)N(CC2=CC3=C(C=C(C=C3NC2=O)C)C)C4CCCC4,Inactive,0,,,Inactive,,,,,,,,,,4,,-14.8247,,,,,-6.7318,,,9.2706,,,2.7866,,,4.9814,,,-6.9425,,,-3.5585,,,-14.8247,QC'd by DPISMR,residual_possible_step4_or_definition_mismatch,,C26H36N6O3,480.6,4.1,1,7,10,0
37641,17389011,81530,CCOC(=O)C(=C)C#N,Inactive,0,,,Inactive,,,,,,,,,,4,,-6.2615,,3.6196,-6.2114,,1.2552,-10.7494,,2.1885,14.0303,,-0.3676,-14.3241,,-7.0835,-1.3905,,5.6289,4.0086,,22.5159,-1.6054,,-6.2615,QC'd by NIEHS/NTP,candidate_step3_property,,C6H7NO2,125.13,1.0,0,3,3,0
37671,866019,667280,CCCC1=CC(=O)N2C(=N1)N=C(N2)NCC3=C(C=CC=C3Cl)Cl,Inactive,0,,,Inactive,,,,,,,,,,4,,11.7648,,,,,0.7311,,,3.9251,,,-1.8724,,,11.88,,,7.2418,,,13.7288,,,11.7648,QC'd by DPISMR,residual_possible_step4_or_definition_mismatch,,C15H15Cl2N5O,352.2,2.9,2,2,5,0
37685,17389013,8821,CCOC(=O)C=C,Inactive,0,,,Inactive,,,,,,,,,,4,,12.7019,,13.6782,5.1289,,6.5878,2.5548,,-2.3748,20.0841,,2.5569,5.6983,,-2.3241,7.0497,,14.3528,9.1123,,16.7446,12.4519,,12.7019,QC'd by NIEHS/NTP,candidate_step3_property,,C5H8O2,100.12,1.300,0,2,3,0
37703,17389014,12301,CCOCC(=O)O,Inactive,0,,,Inactive,,,,,,,,,,4,,-3.1915,,-8.563,-25.6364,,-13.2352,1.5186,,3.6427,-3.6149,,6.0882,-5.9827,,-7.1146,8.2144,,6.0365,-7.1448,,-16.5416,1.9502,,-3.1915,QC'd by NIEHS/NTP,candidate_step3_property,,C4H8O3,104.10,0.0,1,3,3,0
37712,17389007,701,CCOC(=O)C(C)C(=O)C,Inactive,0,,,Inactive,,,,,,,,,,4,,-7.0759,,12.274,-16.102,,-21.3341,-9.9948,,-20.4809,-62.0367,,3.9032,-21.5826,,-14.6732,-8.4303,,-15.9229,-15.8705,,-13.3332,-22.5293,,-7.0759,QC'd by NIEHS/NTP,candidate_step3_property,,C7H12O3,144.17,0.900,0,3,4,0
37718,26747513,5282407,C1CN(CCN1C/C=C/C2=CC=CC=C2)C(C3=CC=C(C=C3)F)C4=CC=C(C=C4)F.Cl.Cl,Inactive,0,,,Inactive,,,,,,,,,,4,,-8.9756,,,,,20.4658,,,4.3284,,,16.2991,,,25.5164,,,0.2352,,,21.7169,,,-8.9756,QC'd by Microsource,property_value_missing,,C26H28Cl2F2N2,477.4,,2,4,6,0
37731,17389008,15394,CCC(=O)C=C,Inactive,0,,,Inactive,,,,,,,,,,4,,-14.2339,,-2.8334,-16.7622,,0.9925,-8.5081,,-1.4048,2.9577,,8.218,-8.6668,,-19.0377,-4.5665,,-6.5781,-6.5582,,-2.6103,-0.5877,,-14.2339,QC'd by NIEHS/NTP,candidate_step3_property,,C5H8O,84.12,1.0,0,1,2,0
37752,26747515,3291,CCC1(CC(=O)NC1=O)C,Inactive,0,,,Inactive,,,,,,,,,,4,,9.4223,,,,,5.002,,,-15.3812,,,1.9388,,,-5.303,,,-0.5547,,,5.9021,,,9.4223,QC'd by Microsource,candidate_step3_property,,C7H11NO2,141.17,0.400,1,2,1,0
37756,17389009,6113,CCOS(=O)(=O)C,Inactive,0,,,Inactive,,,,,,,,,,4,,4.3544,,-2.4659,11.1139,,-1.7342,12.7627,,10.9429,29.7231,,2.8422,15.2445,,16.1779,11.5568,,-2.5128,8.2614,,17.5384,3.6546,,4.3544,QC'd by NIEHS/NTP,candidate_step3_property,,C3H8O3S,124.16,0.000,0,3,2,0
37775,17389010,6371716,CC/C=C/C/C=C/C/C=C/CCCCCCCC(=O)OCC,Inactive,0,,,Inactive,,,,,,,,,,4,,26.0351,,-17.7219,-11.0343,,-12.5383,0.6468,,-7.8841,-20.8264,,-0.4852,10.4174,,4.8389,-0.0425,,-14.5941,-2.5365,,10.7759,2.6487,,26.0351,QC'd by NIEHS/NTP,candidate_step3_property,,C20H34O2,306.5,6.600,0,2,15,0
37834,26747519,5961,C(CC(=O)N)[C@@H](C(=O)O)N,Inactive,0,,,Inactive,,,,,,,,,,4,,-3.1841,,,,,7.7815,,,5.8948,,,19.1899,,,8.2566,,,15.8973,,,4.5437,,,-3.1841,QC'd by Microsource,candidate_step3_property,,C5H10N2O3,146.14,-3.100,3,4,4,0
37915,26747524,155107,C1CNCC=C1C(=O)O.Cl,Inactive,0,,,Inactive,,,,,,,,,,4,,26.7619,,,,,9.972,,,9.682,,,13.1619,,,-16.4893,,,7.1827,,,0.3848,,,26.7619,QC'd by Microsource,property_value_missing,,C6H10ClNO2,163.60,,3,3,1,0
37939,26747525,11957555,C1CNCC(=C1)C(=O)O.Cl,Inactive,0,,,Inactive,,,,,,,,,,4,,17.3475,,,,,0.0191,,,-14.3353,,,7.7176,,,-8.9662,,,7.4555,,,-14.5004,,,17.3475,QC'd by Microsource,property_value_missing,,C6H10ClNO2,163.60,,3,3,1,0
37943,17389029,6537503,CCC(O)OC(CC)O,Inactive,0,,,Inactive,,,,,,,,,,4,,-14.582,,-3.1348,-27.3894,,-16.4328,-16.7479,,-5.3211,-15.4152,,-3.4197,-14.9108,,-8.474,6.8227,,-3.46,-9.2152,,-1.7473,-2.3421,,-14.582,QC'd by NIEHS/NTP,candidate_step3_property,,C6H14O3,134.17,0.8,2,3,4,0
37968,17389028,6537503,CCC(O)OC(CC)O,Inactive,0,,,Inactive,,,,,,,,,,4,,6.3504,,1.2709,-14.6369,,6.499,-2.1006,,-2.7919,-17.3199,,-17.8791,-5.7454,,3.8807,-1.6087,,-8.0184,-2.3373,,-9.3943,-4.905,,6.3504,QC'd by NIEHS/NTP,candidate_step3_property,,C6H14O3,134.17,0.8,2,3,4,0
37982,852178,654791,CC1=C(C2=C(C=C1)C=C(C(=O)N2)CN(CC3=CC=CO3)C(=O)C4CCCCC4)C,Inactive,0,,,Inactive,,,,,,,,,,4,,10.0199,,,,,-8.8477,,,-14.7457,,,2.4216,,,-18.9338,,,-10.5983,,,-23.0874,,,10.0199,QC'd by DPISMR,residual_possible_step4_or_definition_mismatch,,C24H28N2O3,392.5,4.0,1,3,5,0
37988,17389031,8561,CCCCCOC(=O)C1=CC=CC=C1C(=O)OCCCCC,Inactive,0,,,Activator,39.8107,32.8425,,Single point of activity,-4.4,4.9549,0.7022,32,-0.8425,3,1 0 0 0 0 1 0 0 0 0 0 0 0 0 0,30.3869,,8.7114,2.4632,,1.9931,7.8765,,-2.9176,-21.0779,,-1.1567,1.7125,,5.9914,-1.2662,,-8.6188,-7.1397,,-0.0266,-6.9121,,30.3869,QC'd by NIEHS/NTP,candidate_step3_property,,C18H26O4,306.4,5.800,0,4,12,0
38023,17389025,19283,CCCCCCCCCCCOC(=O)C1=CC=CC=C1C(=O)OCCCCCCCCCCC,Inactive,0,,,Inactive,,,,,,,,,,4,,7.7949,,13.502,-9.8388,,9.1141,11.7363,,1.8511,20.2631,,-94.8728,15.5875,,8.1169,-1.3097,,10.45,3.5953,,-3.2602,-39.8559,,7.7949,QC'd by NIEHS/NTP,candidate_step3_property,,C30H50O4,474.7,12.300,0,4,24,0
38039,17389024,66666,C=CC1=CC=CC=C1C=C,Inactive,0,,,Inactive,,,,,,,,,,4,,6.9359,,-13.045,6.0151,,-2.8839,-26.6179,,-8.8495,3.3244,,-10.1382,-11.8668,,-0.2728,4.3729,,-0.5796,-20.9735,,-12.6792,-3.4458,,6.9359,QC'd by NIEHS/NTP,candidate_step3_property,,C10H10,130.19,3.5,0,0,2,0
38064,26747531,5818,C1=C(NC=N1)CCN.Cl.Cl,Inactive,0,,,Inactive,,,,,,,,,,4,,4.1693,,,,,-4.1178,,,8.2642,,,11.4744,,,12.1148,,,-0.1187,,,7.8492,,,4.1693,QC'd by Microsource,property_value_missing,,C5H11Cl2N3,184.06,,4,2,2,0
38081,17389026,8033,CC(C)(C)OOC(C)(C)C,Inactive,0,,,Inactive,,,,,,,,,,4,,10.6155,,11.2843,-2.246,,5.0285,6.4477,,-10.486,2.7712,,1.9868,5.5962,,-5.2514,6.8683,,-4.6347,6.586,,14.9429,11.8461,,10.6155,QC'd by NIEHS/NTP,candidate_step3_property,,C8H18O2,146.23,2.1,0,2,3,0
38095,3711208,2997546,COC1=CC=C(C=C1)N2C(=NN=C2SCC3=NN=C(O3)C4=CC=CC=C4)C5=CC=CC=C5,Inactive,0,,,Inactive,,,,,,,,,,4,,8.4907,,,,,20.2188,,,17.6563,,,10.1495,,,9.702,,,13.364,,,-5.6714,,,8.4907,QC'd by DPISMR,residual_possible_step4_or_definition_mismatch,,C24H19N5O2S,441.5,4.6,0,7,7,0
38109,17389037,12232,CSSC,Inactive,0,,,Inactive,,,,,,,,,,4,,14.3095,,-16.9664,13.0109,,18.4764,5.8304,,7.6927,29.5326,,-9.409,18.2812,,13.0434,26.2903,,21.4924,21.7112,,35.4844,12.7932,,14.3095,QC'd by NIEHS/NTP,candidate_step3_property,,C2H6S2,94.20,1.800,0,2,1,0
38117,26747533,3657,C(=O)(N)NO,Inactive,0,,,Inactive,,,,,,,,,,4,,-6.2262,,,,,4.1631,,,-10.4362,,,1.3266,,,10.4727,,,-3.4242,,,16.8457,,,-6.2262,QC'd by Microsource,candidate_step3_property,,CH4N2O2,76.055,-1.800,3,2,0,0
38130,17389036,70452,CC(C)N(C)C,Inactive,0,,,Inactive,,,,,,,,,,4,,-14.952,,3.5194,-10.189,,3.4303,-11.8314,,-11.4267,-48.949,,-11.5723,-3.6748,,-6.0984,-9.6448,,-8.4928,-13.0029,,0.1287,-13.1253,,-14.952,QC'd by NIEHS/NTP,candidate_step3_property,,C5H13N,87.16,1.1,0,1,1,0
38158,4240018,3235125,COC1=CC2=C(C=C1)NC=C2CCNC3=NC=NC(=C3)C4=CC=CC=C4C(F)(F)F,Inactive,0,,,Inactive,,,,,,,,,,4,,-9.6753,,,,,-18.1207,,,-8.8721,,,-3.9463,,,-7.3455,,,-9.5935,,,-5.2188,,,-9.6753,QC'd by Pharmacopeia,candidate_step3_property,,C22H19F3N4O,412.4,5.1,2,7,6,0
38184,4247779,3241945,COC1=CC=CC(=C1)C2=CC(=NO2)C(=O)N3CCN(CC3)C(C4=CC=CC=C4)C5=CC=CC=C5,Inactive,0,,,Inactive,,,,,,,,,,4,,11.1701,,,,,19.0634,,,13.1766,,,2.9906,,,7.1792,,,-0.23,,,10.6299,,,11.1701,QC'd by DPISMR,residual_possible_step4_or_definition_mismatch,,C28H27N3O3,453.5,4.8,0,5,6,0
38189,4240015,3235122,COC1=CC=CC(=C1)NC2=NC=C3C(=N2)N(C(=O)C(=N3)C4=CC=CS4)C5=CC=CC=C5,Inactive,0,,,Inactive,,,,,,,,,,4,,-7.5444,,,,,-11.2738,,,-5.0779,,,-6.1804,,,-11.7074,,,-7.0708,,,-20.5432,,,-7.5444,QC'd by Pharmacopeia,residual_possible_step4_or_definition_mismatch,,C23H17N5O2S,427.5,4.6,1,7,5,0
38230,17389035,11317,CC1=C(C2=CC=CC=C2C=C1)C,Inactive,0,,,Inactive,,,,,,,,,,4,,-22.7188,,-4.8816,-9.6316,,-4.9765,-9.3794,,-13.0036,-0.6056,,2.4528,-7.8151,,-0.0823,-1.3753,,4.7257,-6.203,,0.5482,-3.0345,,-22.7188,QC'd by NIEHS/NTP,residual_possible_step4_or_definition_mismatch,,C12H12,156.22,4.300,0,0,0,0
38249,17389034,7820,COC(=O)CCC(=O)OC,Inactive,0,,,Inactive,,,,,,,,,,4,,-8.4673,,9.9338,2.012,,1.3384,-9.7805,,10.846,-1.5263,,-2.1436,-20.4243,,-4.7924,7.7854,,-4.3184,-8.63,,-11.492,-10.7131,,-8.4673,QC'd by NIEHS/NTP,candidate_step3_property,,C6H10O4,146.14,0.400,0,4,5,0
38257,4239890,3234997,CN(C)C1=CC=C(C=C1)C2=NC3=CC=CC=C3C(=N2)NCC4=CC=CC=C4OC,Inactive,0,,,Inactive,,,,,,,,,,4,,4.8984,,,,,-7.2278,,,-17.69,,,-3.1295,,,-19.3195,,,-9.1417,,,-8.563,,,4.8984,QC'd by Pharmacopeia,candidate_step3_property,,C24H24N4O,384.5,5.1,1,5,6,0
38265,17389042,12734,CC(C)N=C=NC(C)C,Inactive,0,,,Inactive,,,,,,,,,,4,,15.7292,,4.3315,-6.4644,,-1.2606,-4.077,,-4.346,-5.5721,,-9.7088,-9.8271,,-8.2886,-15.7371,,-3.9473,-0.6974,,2.0246,-18.2112,,15.7292,QC'd by NIEHS/NTP,candidate_step3_property,,C7H14N2,126.20,2.6,0,2,2,0
38282,17389043,7912,CC(C)NC(C)C,Inactive,0,,,Inactive,,,,,,,,,,4,,1.3617,,-0.7313,-6.859,,1.984,-16.0668,,-6.7769,-53.0769,,0.6722,8.8276,,-3.918,-11.8067,,-0.1317,-5.0356,,-10.7492,3.3961,,1.3617,QC'd by NIEHS/NTP,candidate_step3_property,,C6H15N,101.19,1.400,1,1,2,0
38414,861177,662435,CN1C(=NN=C1SCC2=C(C=CC=C2Cl)Cl)C3=CC=CS3,Inactive,0,,,Inactive,,,,,,,,,,4,,-8.278,,,,,26.8348,,,-2.8059,,,25.4133,,,10.5066,,,3.3717,,,-0.2941,,,-8.278,QC'd by DPISMR,residual_possible_step4_or_definition_mismatch,,C14H11Cl2N3S2,356.3,4.4,0,4,4,0
38431,852156,654769,CCC(C1=NN=NN1C2CCCC2)N(CC3=CC=CS3)CC4=CC5=C(C=CC(=C5)C)NC4=O,Inactive,0,,,Inactive,,,,,,,,,,4,,-0.2818,,,,,-6.617,,,20.7274,,,23.9633,,,10.5786,,,6.1452,,,5.6225,,,-0.2818,QC'd by DPISMR,residual_possible_step4_or_definition_mismatch,,C25H30N6OS,462.6,4.0,1,6,8,0
38519,17389054,6492,C1C=CC2C1C3CC2C=C3,Inactive,0,,,Inactive,,,,,,,,,,4,,-3.3554,,3.8461,6.2943,,5.4573,-10.0662,,-8.0695,22.7697,,14.0662,10.1842,,18.8839,3.5511,,7.6631,8.4694,,9.0901,-11.2826,,-3.3554,QC'd by NIEHS/NTP,candidate_step3_property,,C10H12,132.20,2.5,0,0,0,0
38523,3711138,2525820,C1CN(CCN1C(=O)CSC2=NN(C(=S)S2)C3=CC=C(C=C3)Cl)C(=O)C4=CC=CO4,Inactive,0,,,Inactive,,,,,,,,,,4,,-20.3089,,,,,-5.1431,,,-19.6309,,,-2.6881,,,-9.3038,,,-15.282,,,-0.921,,,-20.3089,QC'd by DPISMR,residual_possible_step4_or_definition_mismatch,,C19H17ClN4O3S3,481.0,4.1,0,7,5,0
38542,866042,135465169,CC1=C(C(=O)NC(=N1)N2CCN(CC2)C3=CC=CC=C3)CC4=CC=CC5=CC=CC=C54,Inactive,0,,,Inactive,,,,,,,,,,4,,-17.931,,,,,-3.809,,,-0.775,,,6.096,,,12.6294,,,-10.7071,,,-13.8108,,,-17.931,QC'd by DPISMR,residual_possible_step4_or_definition_mismatch,,C26H26N4O,410.5,4.4,1,3,4,0
38563,17389052,7766,CCOC(=O)OCC,Inactive,0,,,Inactive,,,,,,,,,,4,,24.8769,,4.2272,2.1953,,7.9448,8.6696,,8.4645,8.2873,,4.4121,13.6538,,9.5082,-1.1894,,-7.2832,-0.1491,,9.6002,18.2831,,24.8769,QC'd by NIEHS/NTP,candidate_step3_property,,C5H10O3,118.13,1.200,0,3,4,0
38583,26747417,69398,C(CCN)CC(=O)O.Cl,Inactive,0,,,Inactive,,,,,,,,,,4,,6.2906,,,,,-1.3768,,,-3.7955,,,9.5095,,,27.4481,,,-4.3909,,,9.2359,,,6.2906,QC'd by Microsource,property_value_missing,,C5H12ClNO2,153.61,,3,3,4,0
38602,26747432,2794990,C(CCN=C(N)N)CN.OS(=O)(=O)O,Inactive,0,,,Inactive,,,,,,,,,,4,,3.578,,,,,6.8686,,,3.0193,,,0.5281,,,16.4596,,,-0.7066,,,8.7105,,,3.578,QC'd by Microsource,property_value_missing,,C5H16N4O4S,228.27,,5,6,4,0
38809,26747438,5940,C(CSC(=N)N)N.Br.Br,Inactive,0,,,Inactive,,,,,,,,,,4,,-0.4668,,,,,-13.1895,,,-0.3816,,,9.1936,,,20.3433,,,-1.8118,,,4.3728,,,-0.4668,QC'd by Microsource,property_value_missing,,C3H11Br2N3S,281.02,,5,3,3,0
38820,17389065,2723951,C(#N)/C(=C(\C#N)/N)/N,Inactive,0,,,Inactive,,,,,,,,,,4,,18.0055,,14.6838,12.2489,,-12.3175,6.3163,,7.4435,-16.415,,8.3403,0.0271,,1.8854,3.904,,-3.7462,1.6673,,9.9872,2.9021,,18.0055,QC'd by NIEHS/NTP,candidate_step3_property,,C4H4N4,108.10,-1.0,2,4,0,0
38831,26747439,564,C(CCC(=O)O)CCN,Inactive,0,,,Inactive,,,,,,,,,,4,,21.0892,,,,,13.972,,,14.0123,,,11.8515,,,27.4473,,,13.4971,,,18.7413,,,21.0892,QC'd by Microsource,candidate_step3_property,,C6H13NO2,131.17,-3.000,2,3,5,0
38886,17389070,7044,C1CCC2CCCCC2C1,Inactive,0,,,Inactive,,,,,,,,,,4,,7.7234,,5.5004,11.4727,,12.8856,-8.3377,,-10.8871,-24.0342,,-6.1592,25.8137,,-8.1514,18.1977,,7.6428,-12.899,,4.3551,-5.0654,,7.7234,QC'd by NIEHS/NTP,candidate_step3_property,,C10H18,138.25,4.6,0,0,0,0
38919,17389073,62770,C[C@H]1[C@H]([C@H](C[C@@H](O1)O[C@H]2C[C@@](CC3=C2C(=C4C(=C3O)C(=O)C5=C(C4=O)C(=CC=C5)OC)O)(C(=O)C)O)N)O.Cl,Inactive,0,,,Inactive,,,,,,,,,,4,,-25.4872,,-3.9039,-6.3455,,-18.9968,-9.1487,,-11.7303,-21.4726,,13.7362,-20.299,,6.607,3.981,,-7.2958,3.5188,,-16.0308,-26.3212,,-25.4872,QC'd by NIEHS/NTP,property_value_missing,,C27H30ClNO10,564.0,,6,11,4,0
39010,17389077,6537500,C1C[C@]([C@H]([C@@H]([C@@H]1OC(=O)/C=C/C2=CC(=C(C=C2)O)O)O)O)(C(=O)O)OC(=O)/C=C/C3=CC(=C(C=C3)O)O,Inactive,0,,,Inactive,,,,,,,,,,4,,-28.9843,,1.4443,18.7631,,6.0438,13.6363,,-16.5018,26.2755,,20.5738,2.9131,,-4.1008,4.2045,,19.0752,2.6031,,-11.133,-10.5985,,-28.9843,QC'd by NIEHS/NTP,candidate_step3_property,,C25H24O12,516.4,2.1,7,12,9,0
39044,26747445,441325,CCCCC1=C(C2=CC=CC=C2O1)C(=O)C3=CC(=C(C(=C3)I)OCCN(CC)CC)I.Cl,Inactive,0,,,Inactive,,,,,,,,,,4,,1.3524,,,,,6.9295,,,-17.2741,,,4.2564,,,4.6691,,,2.0607,,,2.5968,,,1.3524,QC'd by Microsource,property_value_missing,,C25H30ClI2NO3,681.8,,1,4,11,0
39047,17389079,7298,C1CCC(C1)O,Inactive,0,,,Inactive,,,,,,,,,,4,,14.1899,,-4.267,-8.4534,,-12.795,-5.5662,,-6.5891,-11.2404,,-5.1951,-11.9837,,-4.3666,-5.5265,,-9.4718,-8.7028,,6.4201,1.7819,,14.1899,QC'd by NIEHS/NTP,candidate_step3_property,,C5H10O,86.13,0.800,1,1,0,0
39069,17389080,9253,C1CCCC1,Inactive,0,,,Inactive,,,,,,,,,,4,,16.9082,,19.0179,15.8402,,9.3414,8.8336,,5.5913,22.8086,,19.8277,13.7262,,6.674,11.4093,,19.297,19.0677,,6.1229,4.8725,,16.9082,QC'd by NIEHS/NTP,candidate_step3_property,,C5H10,70.13,3.000,0,0,0,0
39072,4263393,1313920,C1=CC=C(C=C1)N2C(=NN=C2SCC3=CC=CC=C3F)CN4C=NC5=CC=CC=C54,Inactive,0,,,Inactive,,,,,,,,,,4,,-14.7007,,,,,-12.4649,,,-8.1403,,,-14.7789,,,2.9782,,,-14.0906,,,-12.9409,,,-14.7007,QC'd by DPISMR,residual_possible_step4_or_definition_mismatch,,C23H18FN5S,415.5,4.7,0,5,6,0
39077,4260192,135509364,CCCCC1=CC=C(C=C1)NC2=NC(=CC(=O)N2)CCC,Inactive,0,,,Inactive,,,,,,,,,,4,,-0.3136,,,,,-0.4395,,,-8.2948,,,12.3419,,,-9.5649,,,3.5205,,,-1.3834,,,-0.3136,QC'd by DPISMR,residual_possible_step4_or_definition_mismatch,,C17H23N3O,285.4,3.7,2,2,7,0
39096,17389081,18502,C1CCC(CC1)N=C=O,Inactive,0,,,Inactive,,,,,,,,,,4,,7.5976,,7.0952,0.7948,,-3.5149,16.04,,-4.2833,-54.3708,,-6.8867,3.4678,,-4.1308,16.393,,10.658,14.0612,,1.9499,-2.8103,,7.5976,QC'd by NIEHS/NTP,candidate_step3_property,,C7H11NO,125.17,2.8,0,2,1,0
39149,26747457,50088,CC(C)COCC(CN(CC1=CC=CC=C1)C2=CC=CC=C2)N3CCCC3.Cl,Inactive,0,,,Inactive,,,,,,,,,,4,,4.2214,,,,,4.213,,,-20.5234,,,-6.0432,,,3.1215,,,-8.7109,,,-0.5858,,,4.2214,QC'd by Microsource,property_value_missing,,C24H35ClN2O,403.0,,1,3,10,0
39165,17389084,9246,C1CCC2C(C1)O2,Inactive,0,,,Inactive,,,,,,,,,,4,,-1.6949,,-12.4368,-5.1897,,2.2528,-0.4858,,2.1614,-26.7586,,0.9218,7.182,,5.1076,8.1445,,6.1487,-1.001,,-3.6044,-6.229,,-1.6949,QC'd by NIEHS/NTP,candidate_step3_property,,C6H10O,98.14,1.2,0,1,0,0
39179,17389085,13610,C1CCC(CC1)(C#N)O,Inactive,0,,,Inactive,,,,,,,,,,4,,1.342,,-26.6973,-4.0598,,-12.0743,-4.4518,,-1.9387,-7.5426,,-1.8399,-6.8233,,2.6302,3.3411,,2.8726,-4.22,,-23.7348,3.5043,,1.342,QC'd by NIEHS/NTP,candidate_step3_property,,C7H11NO,125.17,0.9,1,2,0,0
39190,852118,654722,C1CC2=CC=CC=C2N(C3=CC=CC=C31)C(=O)CSC4=NN=C(O4)COC5=CC=C(C=C5)F,Inactive,0,,,Inactive,,,,,,,,,,4,,19.4075,,,,,7.6732,,,10.1274,,,13.1655,,,8.7223,,,21.0015,,,18.9964,,,19.4075,QC'd by DPISMR,candidate_step3_property,,C25H20FN3O3S,461.5,5.1,0,7,6,0
39191,3714659,2555135,CC1=C(SC2=C1C(=O)NC(=N2)CSC3=NN=C(N3C4CCCCC4)CC5=CC=CS5)C,Inactive,0,,,Inactive,,,,,,,,,,4,,7.4599,,,,,-7.7921,,,-6.7036,,,16.1782,,,-0.0813,,,-11.7157,,,-5.7669,,,7.4599,QC'd by DPISMR,residual_possible_step4_or_definition_mismatch,,C22H25N5OS3,471.7,4.9,1,7,6,0
39237,17389089,,,Inactive,0,,,Inactive,,,,,,,,,,4,,-4.5655,,0.7529,-19.799,,-15.1513,-1.6126,,-15.8891,-40.0035,,0.1588,-34.8636,,-5.1005,-20.2997,,-5.0229,-10.0572,,-8.392,7.3667,,-4.5655,QC'd by null,property_lookup_missing,,,,,,,,
39270,26747463,5280754,CCC1C(=O)N(CC(=O)N(C(C(=O)NC(C(=O)N(C(C(=O)NC(C(=O)NC(C(=O)N(C(C(=O)N(C(C(=O)N(C(C(=O)N(C(C(=O)N1)C(C(C)C/C=C/C)O)C)C(C)C)C)CC(C)C)C)CC(C)C)C)C)C)CC(C)C)C)C(C)C)CC(C)C)C)C,Inactive,0,,,Inactive,,,,,,,,,,4,,-1.3482,,,,,-0.7513,,,-7.4311,,,9.132,,,-9.0962,,,-3.7684,,,0.8364,,,-1.3482,QC'd by Microsource,candidate_step3_property,,C62H111N11O12,1202.6,7.5,5,12,15,0
39303,26747465,5831,C[N+](C)(C)CCOC(=O)N.[Cl-],Inactive,0,,,Inactive,,,,,,,,,,4,,-6.178,,,,,3.6507,,,6.123,,,10.0717,,,13.3158,,,-7.734,,,4.7897,,,-6.178,QC'd by Microsource,property_value_missing,,C6H15ClN2O2,182.65,,1,3,4,0
39304,17389093,2879,CC1=CC=C(C=C1)O,Inactive,0,,,Inactive,,,,,,,,,,4,,-22.4316,,4.4678,-5.7938,,-9.5381,-7.4135,,-16.7432,-9.6023,,-20.8532,-16.8774,,-7.3961,-12.6596,,-20.6823,-7.8631,,-7.0298,-1.8563,,-22.4316,QC'd by NIEHS/NTP,candidate_step3_property,,C7H8O,108.14,1.900,1,1,0,0
39323,17389092,,,Inactive,0,,,Inactive,,,,,,,,,,4,,18.9191,,44.286,35.6096,,48.3718,22.8472,,35.5124,-96.073,,28.8197,10.4319,,20.3871,34.9556,,8.2117,16.274,,-3.0507,16.6667,,18.9191,QC'd by null,property_lookup_missing,,,,,,,,
39329,3714660,2567826,CC1=C(SC2=C1C(=O)N(C(=N2)SCC3=NN=C(O3)C4=CC=CS4)C5CCCC5)C,Inactive,0,,,Inactive,,,,,,,,,,4,,15.9428,,,,,3.7927,,,-0.0116,,,8.1537,,,0.7274,,,-5.4568,,,14.3885,,,15.9428,QC'd by DPISMR,residual_possible_step4_or_definition_mismatch,,C20H20N4O2S3,444.6,4.6,0,8,5,0
39368,17389094,460,COC1=CC=CC=C1O,Inactive,0,,,Inactive,,,,,,,,,,4,,16.8235,,10.0948,23.5713,,16.0266,9.2686,,-17.6735,-8.7345,,21.543,6.4562,,11.6695,11.0706,,10.1036,-3.9182,,-6.8866,-26.472,,16.8235,QC'd by NIEHS/NTP,candidate_step3_property,,C7H8O2,124.14,1.300,1,2,1,0
39379,17389097,92884,[CH-]1C=CC=C1.[CH-]1C=CC=C1.[Co+2],Inactive,0,,,Inactive,,,,,,,,,,4,,-5.4995,,17.503,-10.1471,,0.6062,-16.8856,,-7.4462,-37.3344,,-8.4477,-1.543,,-9.5926,-4.4994,,2.2955,4.1625,,3.2564,-1.1519,,-5.4995,QC'd by NIEHS/NTP,candidate_step1_inorganic,Co,C10H10Co,189.12,,0,2,0,0
39421,17389099,5356785,C1=CC=C(C=C1)/C=C\C2=CC=CC=C2,Inactive,0,,,Inactive,,,,,,,,,,4,,-6.1411,,13.1179,3.5863,,-7.6829,-3.6956,,-13.9334,-5.6076,,-2.2595,-1.0628,,-24.8141,-2.0671,,-11.1053,-9.9849,,-3.4237,-2.8429,,-6.1411,QC'd by NIEHS/NTP,residual_possible_step4_or_definition_mismatch,,C14H12,180.24,4.800,0,0,2,0
39431,4247712,3241882,CC1=CC=C(C=C1)N2C(=C3CSCC3=N2)NC(=O)C4=C(ON=C4C5=CC=CC=C5Cl)C,Inactive,0,,,Inactive,,,,,,,,,,4,,-15.2389,,,,,6.8299,,,-5.6839,,,-2.2125,,,3.5194,,,-6.2291,,,-13.3992,,,-15.2389,QC'd by DPISMR,residual_possible_step4_or_definition_mismatch,,C23H19ClN4O2S,450.9,4.6,1,5,4,0
39463,4263388,2959809,CC(C)OC1=CC=C(C=C1)CSC2=NN=C3N2C4=C(C5=C(S4)CCCC5)C(=O)N3C,Inactive,0,,,Inactive,,,,,,,,,,4,,-15.9736,,,,,-7.7494,,,-2.7113,,,-9.7847,,,-5.8247,,,-13.0259,,,-12.1463,,,-15.9736,QC'd by DPISMR,residual_possible_step4_or_definition_mismatch,,C22H24N4O2S2,440.6,4.9,0,6,5,0
39466,17389101,643833,C(=C\Cl)\Cl,Inactive,0,,,Inactive,,,,,,,,,,4,,14.2764,,-10.378,13.9002,,-6.6144,17.0005,,-13.0991,-18.8213,,13.0242,-4.8062,,-15.1133,3.9054,,-4.3887,-0.2742,,6.0492,-0.5336,,14.2764,QC'd by NIEHS/NTP,candidate_step3_property,,C2H2Cl2,96.94,1.900,0,0,0,0
39473,26747473,401,C1C(C(=O)NO1)N,Inactive,0,,,Inactive,,,,,,,,,,4,,8.3431,,,,,9.8814,,,-1.9451,,,7.8207,,,14.9182,,,-6.3917,,,9.7816,,,8.3431,QC'd by Microsource,candidate_step3_property,,C3H6N2O2,102.09,-1.5,2,3,0,0
39483,17389100,2767,[NH2-].[NH2-].Cl[Pt+2]Cl,Inactive,0,,,Inactive,,,,,,,,,,4,,-22.6384,,8.2317,2.5075,,5.4354,2.72,,1.6425,-7.8601,,1.1557,-5.4163,,1.7394,-3.3713,,0.0376,13.2718,,-16.6363,-0.4001,,-22.6384,QC'd by NIEHS/NTP,candidate_step1_inorganic,Pt,Cl2H4N2Pt,298.03,,2,2,0,0
39494,17389103,637511,C1=CC=C(C=C1)/C=C/C=O,Inactive,0,,,Activator,39.8107,56.6079,,Single point of activity,-4.4,4.9549,0.676,58.5678,1.9599,3,1 0 0 0 0 1 0 0 0 0 0 0 0 0 0,52.5554,,-38.9141,-1.8797,,18.0645,9.0531,,9.6735,49.3499,,17.3461,-0.4743,,-2.8756,-7.3234,,-9.7914,4.7835,,-12.5415,4.8665,,52.5554,QC'd by NIEHS/NTP,candidate_step3_property,,C9H8O,132.16,1.900,0,1,2,0
39514,17389102,10900,C(=CCl)Cl,Inactive,0,,,Inactive,,,,,,,,,,4,,19.9059,,18.1733,5.6995,,10.9,15.4481,,13.3597,-5.4295,,14.7644,5.3603,,9.7049,17.2561,,6.3974,14.9657,,13.1523,0.4853,,19.9059,QC'd by NIEHS/NTP,candidate_step3_property,,C2H2Cl2,96.94,1.900,0,0,0,0
39526,861185,662443,CCCCCCOC(=O)C(C#N)C1=NC2=CC=CC=C2N=C1N3CCCCC3,Inactive,0,,,Inactive,,,,,,,,,,4,,-5.6885,,,,,-5.1575,,,-4.0646,,,-1.2062,,,1.3927,,,-2.7211,,,-6.9564,,,-5.6885,QC'd by DPISMR,residual_possible_step4_or_definition_mismatch,,C22H28N4O2,380.5,4.7,0,6,9,0
39554,3711154,2532303,CC1=CC(=C(N1CC2=CC=CO2)C)C(=O)CSC3=NN(C(=S)S3)C4=CC=CC=C4,Inactive,0,,,Inactive,,,,,,,,,,4,,14.4722,,,,,-0.6849,,,7.3824,,,11.5526,,,-3.9348,,,-6.5484,,,25.9556,,,14.4722,QC'd by DPISMR,candidate_step3_property,,C21H19N3O2S3,441.6,5.2,0,6,7,0
39558,17389104,637511,C1=CC=C(C=C1)/C=C/C=O,Inactive,0,,,Inactive,,,,,,,,,,4,,40.3899,,23.3514,12.0105,,41.0809,22.8889,,28.7647,65.1658,,47.0698,32.439,,26.9951,32.2333,,19.0848,33.1981,,21.0572,34.716,,40.3899,QC'd by NIEHS/NTP,candidate_step3_property,,C9H8O,132.16,1.900,0,1,2,0
39585,17388871,17049,CCCCOCC1CO1,Inactive,0,,,Inactive,,,,,,,,,,4,,44.8492,,57.3522,54.5058,,69.4532,48.8344,,54.9359,81.8264,,61.1776,47.7246,,70.5244,61.9004,,50.2183,63.2619,,25.9541,51.5113,,44.8492,QC'd by NIEHS/NTP,candidate_step3_property,,C7H14O2,130.18,1.000,0,2,5,0
39603,17388872,263,CCCCO,Inactive,0,,,Inactive,,,,,,,,,,4,,13.1829,,28.47,18.9579,,33.5787,3.5127,,11.449,-0.2694,,1.5138,12.5538,,13.6621,28.3464,,17.8754,15.1797,,18.0243,18.7014,,13.1829,QC'd by NIEHS/NTP,candidate_step3_property,,C4H10O,74.12,0.900,1,1,2,0
39624,17388873,8846,CCCCOC(=O)C=C,Inactive,0,,,Inactive,,,,,,,,,,4,,10.2043,,6.0401,8.6893,,-3.3606,-1.4428,,-13.7418,-7.6362,,10.0307,-0.3644,,11.2708,-4.8354,,-0.7931,0.3237,,-0.5843,-12.9845,,10.2043,QC'd by NIEHS/NTP,candidate_step3_property,,C7H12O2,128.17,2.400,0,2,5,0
39640,17388874,7684,CC1=CC=C(C=C1)NC(=O)C,Inactive,0,,,Inactive,,,,,,,,,,4,,5.7022,,-9.9393,5.5635,,5.884,9.1506,,3.2648,13.349,,7.8358,4.1976,,8.5949,9.9092,,2.2858,11.0936,,9.223,14.6514,,5.7022,QC'd by NIEHS/NTP,candidate_step3_property,,C9H11NO,149.19,1.700,1,1,1,0
39656,17388867,30231,C[C@H]1[C@@H]([C@H]([C@H]([C@@H](O1)O[C@@H]2[C@H]([C@@H]([C@H](O[C@H]2OC3=CC(=C(C(=C3)O)C(=O)CCC4=CC(=C(C=C4)OC)O)O)CO)O)O)O)O)O,Inactive,0,,,Inactive,,,,,,,,,,4,,-27.1072,,-19.8321,-11.2887,,-6.1524,-8.2144,,-17.4561,-12.4645,,3.496,2.1332,,3.8075,-3.3809,,15.3445,19.7545,,-3.3317,-5.6177,,-27.1072,QC'd by NIEHS/NTP,candidate_step3_property,,C28H36O15,612.6,-0.3,9,15,10,0
39675,17388868,64142,CC1=C(C=CC=C1O)C(=O)N[C@@H](CSC2=CC=CC=C2)[C@@H](CN3C[C@H]4CCCC[C@H]4C[C@H]3C(=O)NC(C)(C)C)O.CS(=O)(=O)O,Inactive,0,,,Activator,0.0013,30.1947,,Complete curve; partial efficacy; poor fit,-8.9,4.045,0.3849,24.8603,-5.3344,1.4,0 0 0 0 0 1 0 0 0 0 0 0 0 0 0,11.7506,,-1.802,14.7936,,33.0842,22.8077,,28.0407,74.6802,,6.892,30.1973,,39.9187,21.7932,,29.7604,32.3185,,30.3672,12.0053,,11.7506,QC'd by NIEHS/NTP,property_value_missing,,C33H49N3O7S2,663.9,,5,9,10,0
39677,4240113,3235219,C1CN(CCC12CN(C2)C(C3=CC=CC=C3)C4=CC=CC=C4)C(=O)OC5=CC=CC=C5,Inactive,0,,,Inactive,,,,,,,,,,4,,-11.4965,,,,,-4.0414,,,12.2933,,,-10.0554,,,-1.2702,,,18.7847,,,3.3169,,,-11.4965,QC'd by Pharmacopeia,candidate_step3_property,,C27H28N2O2,412.5,5.3,0,3,5,0
39693,17388869,18510,CCCCCCCCCCOC(=O)C(=C)C,Inactive,0,,,Inactive,,,,,,,,,,4,,8.3674,,3.3172,2.8389,,6.8868,2.4419,,9.5496,0.7353,,0.4912,-2.4349,,12.998,15.4245,,8.4119,-3.0495,,-5.6794,7.9021,,8.3674,QC'd by NIEHS/NTP,candidate_step3_property,,C14H26O2,226.35,6.100,0,2,11,0
39750,17388865,7670,CCNC1=CC=CC=C1,Inactive,0,,,Inactive,,,,,,,,,,4,,5.681,,-19.2398,15.4987,,6.3738,3.235,,-3.5403,6.4713,,-10.2058,-1.4027,,5.128,5.5636,,4.1345,6.3421,,-5.1524,-1.8853,,5.681,QC'd by NIEHS/NTP,candidate_step3_property,,C8H11N,121.18,2.200,1,1,2,0
39780,4244088,15163,CC1=CNC(=C1C(=O)C)C,Inactive,0,,,Inactive,,,,,,,,,,4,,-9.1323,,,,,-3.3735,,,-6.1345,,,-19.5406,,,-19.5276,,,-0.9885,,,-11.7605,,,-9.1323,QC'd by DPISMR,candidate_step3_property,,C8H11NO,137.18,1.2,1,1,1,0
39785,852344,654958,C1CC2=CC=CC=C2N(C1)C(C3=CC4=CC5=C(C=C4NC3=O)OCO5)C6=NN=NN6CC7=CC=CC=C7,Inactive,0,,,Inactive,,,,,,,,,,4,,0.2902,,,,,-7.7409,,,-3.4381,,,-0.721,,,-4.7368,,,1.7526,,,-7.4437,,,0.2902,QC'd by DPISMR,residual_possible_step4_or_definition_mismatch,,C28H24N6O3,492.5,4.1,1,7,5,0
39814,17388859,62390,[CH-]1C=CC=C1.[CH-]1C=CC=C1.[Ni+2],Inactive,0,,,Inactive,,,,,,,,,,4,,-9.8997,,10.4904,-11.6426,,0.3557,2.8988,,-6.013,-3.5375,,11.7578,4.5684,,-24.7208,14.7171,,0.4216,-30.7232,,-11.5561,-1.7511,,-9.8997,QC'd by NIEHS/NTP,candidate_step1_inorganic,Ni,C10H10Ni,188.88,,0,2,0,0
39827,17388860,10313,C1=CC=C(C=C1)C(=O)NO,Inactive,0,,,Inactive,,,,,,,,,,4,,8.7288,,16.0564,10.3422,,18.2957,-15.5869,,-1.8735,21.3123,,2.9584,2.5582,,5.844,19.3927,,11.3056,1.5684,,19.7123,4.792,,8.7288,QC'd by NIEHS/NTP,candidate_step3_property,,C7H7NO2,137.14,0.300,2,2,1,0
39855,17388855,13032,CC(C)NC1=CC=CC=C1,Inactive,0,,,Inactive,,,,,,,,,,4,,-0.7972,,-2.0783,-9.9255,,-6.9344,0.001,,-31.6026,-5.7713,,-1.0108,-7.7226,,-6.0278,-0.6602,,10.2978,-1.5815,,9.0336,-7.1822,,-0.7972,QC'd by NIEHS/NTP,candidate_step3_property,,C9H13N,135.21,2.500,1,1,2,0
39904,17388856,16637,CC(C)NC(=O)C=C,Inactive,0,,,Inactive,,,,,,,,,,4,,-5.3692,,8.1959,-2.716,,1.9252,-2.2508,,-29.4018,-1.2961,,-26.2584,2.0259,,-6.0811,-9.4188,,-11.6619,-16.4024,,-13.7218,-10.4371,,-5.3692,QC'd by NIEHS/NTP,candidate_step3_property,,C6H11NO,113.16,0.900,1,1,2,0
39949,17388850,11954,CNC(=O)C1=CC=CC=C1,Inactive,0,,,Inactive,,,,,,,,,,4,,16.6883,,1.4426,12.0383,,10.9676,6.4022,,6.5739,3.6732,,9.823,-0.7327,,-4.1825,6.5247,,2.1803,13.8949,,17.9246,7.4667,,16.6883,QC'd by NIEHS/NTP,candidate_step3_property,,C8H9NO,135.16,0.900,1,1,1,0
39961,7965437,5307621,CC1=CC(=CC(=C1)NC(=O)CSC2=NN=C(N2C3=CC=C(C=C3)OC)CC4=CC=CN4C)C,Inactive,0,,,Inactive,,,,,,,,,,4,,-12.7163,,,,,-13.7357,,,1.4881,,,-7.1555,,,-3.8117,,,-14.1024,,,-21.686,,,-12.7163,QC'd by DPISMR,residual_possible_step4_or_definition_mismatch,,C25H27N5O2S,461.6,4.3,1,5,8,0
40006,17388847,8141,CCCCCCCCC,Inactive,0,,,Inactive,,,,,,,,,,4,,-3.4257,,9.5111,-1.0346,,0.5696,-1.1478,,-9.7765,-1.2346,,-7.6827,-8.5743,,-20.0377,1.0543,,-18.385,-1.9006,,-4.7317,-7.073,,-3.4257,QC'd by NIEHS/NTP,candidate_step3_property,,C9H20,128.25,4.500,0,0,6,0
40022,17388846,5281249,C/C(=C\C=C\C=C(\C=C\C=C(\C=C\C(=O)O)/C)/C)/C=C/C=C(/C=C/C(=O)O)\C,Inactive,0,,,Inactive,,,,,,,,,,4,,-1.2286,,16.675,9.5841,,12.7834,8.7023,,-17.4791,16.1732,,8.2515,4.736,,7.0264,8.9996,,7.2423,5.8608,,15.8939,3.2134,,-1.2286,QC'd by NIEHS/NTP,candidate_step3_property,,C24H28O4,380.5,7.2,2,4,10,0
40057,17388848,5930,CNC1=CC=C(C=C1)O.CNC1=CC=C(C=C1)O.OS(=O)(=O)O,Inactive,0,,,Inactive,,,,,,,,,,4,,-10.6474,,-3.7296,11.0807,,12.9836,-3.0263,,-18.8552,11.3631,,16.7774,0.8559,,1.7519,-10.3552,,-1.7548,-5.8586,,-5.5987,-12.5108,,-10.6474,QC'd by NIEHS/NTP,property_value_missing,,C14H20N2O6S,344.39,,6,8,2,0
40091,17388842,5801,C1=CC=C(C(=C1)N)O,Inactive,0,,,Inactive,,,,,,,,,,4,,-4.0772,,3.5685,-20.8477,,-4.978,-6.2369,,-1.6836,-1.3426,,-30.3813,-7.6469,,12.2581,-6.4091,,2.6763,-1.6262,,5.9244,8.8243,,-4.0772,QC'd by NIEHS/NTP,candidate_step3_property,,C6H7NO,109.13,0.600,2,2,0,0
40107,17388845,8003,CCCCC,Inactive,0,,,Inactive,,,,,,,,,,4,,11.5047,,3.002,-1.3495,,-5.9263,-20.0269,,4.1903,46.7943,,1.1714,8.2406,,6.6505,-3.2373,,7.2772,-18.6922,,1.2162,-5.7105,,11.5047,QC'd by NIEHS/NTP,candidate_step3_property,,C5H12,72.15,3.400,0,0,2,0
40110,7977257,2248288,C=CCSC1=NN=C(N1C2=CC=CC=C2)CSC3=NC4=C(C5=C(S4)CCCC5)C(=O)N3,Inactive,0,,,Inactive,,,,,,,,,,4,,-12.5128,,,,,-14.5045,,,11.7503,,,-3.5584,,,8.0932,,,5.3538,,,-2.9984,,,-12.5128,QC'd by DPISMR,candidate_step3_property,,C22H21N5OS3,467.6,5.1,1,7,7,0
40205,17388905,16907,COC(=O)CS,Inactive,0,,,Inactive,,,,,,,,,,4,,26.0021,,11.6061,14.4032,,9.8056,-1.4593,,15.9435,-39.6696,,4.2845,8.4893,,9.2048,4.4058,,12.0893,12.5351,,21.6019,5.3414,,26.0021,QC'd by NIEHS/NTP,candidate_step3_property,,C3H6O2S,106.15,0.400,1,3,2,0
40222,17388902,7423,C1=CC(=CC(=C1)[N+](=O)[O-])N,Inactive,0,,,Inactive,,,,,,,,,,4,,0.6415,,5.3712,-10.0176,,10.258,-0.9806,,-10.5022,-11.9071,,-10.4938,6.3808,,-5.2645,-3.2871,,-18.288,-14.1063,,0.8026,-0.5503,,0.6415,QC'd by NIEHS/NTP,candidate_step3_property,,C6H6N2O2,138.12,1.400,1,3,0,0
40336,17388897,11137,C1=CC(=CC(=C1)O)[N+](=O)[O-],Inactive,0,,,Inactive,,,,,,,,,,4,,13.3355,,-30.3463,-6.2906,,-6.5324,-1.7315,,-4.4239,15.1732,,-17.0773,25.4779,,6.0395,9.322,,12.9616,13.9454,,10.2665,15.8872,,13.3355,QC'd by NIEHS/NTP,candidate_step3_property,,C6H5NO3,139.11,2.000,1,3,0,0
40358,17388893,12120,CCOC1=CC=CC(=C1)N,Inactive,0,,,Inactive,,,,,,,,,,4,,17.1285,,-0.8789,0.9724,,-22.5276,-25.7912,,-31.2762,-17.6449,,12.3056,-3.5054,,4.5354,10.5726,,-0.4061,-24.5499,,-3.05,-5.1845,,17.1285,QC'd by NIEHS/NTP,candidate_step3_property,,C8H11NO,137.18,1.300,1,2,2,0
40377,17388894,14236,CCCC[Sn](Cl)(Cl)Cl,Inactive,0,,,Inactive,,,,,,,,,,4,,23.3479,,15.6546,5.0171,,11.0811,22.011,,26.1917,-4.5423,,34.5658,10.7793,,14.023,17.5348,,21.9957,18.9428,,33.393,20.7298,,23.3479,QC'd by NIEHS/NTP,candidate_step1_inorganic,Sn,C4H9Cl3Sn,282.2,,0,0,2,0
40412,17388892,12104,CC1=CC(=CC=C1)C#N,Inactive,0,,,Inactive,,,,,,,,,,4,,1.2541,,-4.4157,1.2759,,4.3671,8.0421,,1.5322,18.8387,,-5.4307,0.2072,,9.6439,3.0345,,4.8809,9.5289,,4.9627,4.9346,,1.2541,QC'd by NIEHS/NTP,candidate_step3_property,,C8H7N,117.15,2.400,0,1,0,0
40415,17388890,7929,CC1=CC(=CC=C1)C,Inactive,0,,,Inactive,,,,,,,,,,4,,-2.9776,,-5.2138,-14.9042,,11.2468,3.7623,,7.4545,2.5968,,-5.2919,4.5971,,3.6575,15.0995,,-3.6059,-5.0891,,2.3855,2.6696,,-2.9776,QC'd by NIEHS/NTP,candidate_step3_property,,C8H10,106.16,3.200,0,0,0,0
40492,4240128,3235234,C1CC2(CCN(CC2)C(=O)C3=CC(=CC(=C3)C(F)(F)F)C(F)(F)F)CN(C1)CC4=CC=C(C=C4)C#N,Inactive,0,,,Inactive,,,,,,,,,,4,,15.3217,,,,,0.5095,,,2.9214,,,2.2032,,,-0.2702,,,3.2456,,,19.0011,,,15.3217,QC'd by Pharmacopeia,candidate_step3_property,,C26H25F6N3O,509.5,5.5,0,9,3,0
40574,17388882,6228,CN(C)C=O,Inactive,0,,,Inactive,,,,,,,,,,4,,9.4143,,-13.0877,2.4645,,19.9246,-7.9232,,2.6549,-2.9616,,-6.6297,12.9151,,7.4646,-4.0033,,11.3818,3.4442,,4.1501,11.9747,,9.4143,QC'd by NIEHS/NTP,candidate_step3_property,,C3H7NO,73.09,-1.000,0,1,0,0
40592,4240125,3235231,C1C[C@@]2(CCN(C2)CC3=CC(=CC(=C3)C(F)(F)F)C(F)(F)F)CN(C1)S(=O)(=O)C4=CC=CC=C4,Inactive,0,,,Inactive,,,,,,,,,,4,,17.0762,,,,,0.0359,,,5.2363,,,3.4184,,,7.9299,,,21.56,,,3.9835,,,17.0762,QC'd by Pharmacopeia,candidate_step3_property,,C23H24F6N2O2S,506.5,5.1,0,10,4,0
40615,17388879,80365,CCCCC(=O)N(C)C,Inactive,0,,,Inactive,,,,,,,,,,4,,-3.638,,7.6368,-3.3074,,10.2188,-1.8315,,-2.171,42.9361,,8.9148,-30.4978,,7.77,11.28,,1.9861,4.1512,,-3.9001,4.7763,,-3.638,QC'd by NIEHS/NTP,candidate_step3_property,,C7H15NO,129.20,1.1,0,1,3,0
40616,7965408,5307604,CC1=CC(=C(C=C1)NC(=O)CSC2=NN=C(N2C3=CC=C(C=C3)F)CC4=CC=CN4C)C,Inactive,0,,,Inactive,,,,,,,,,,4,,10.265,,,,,6.4596,,,11.443,,,6.3526,,,-8.9103,,,-4.796,,,0.6899,,,10.265,QC'd by DPISMR,residual_possible_step4_or_definition_mismatch,,C24H24FN5OS,449.5,4.4,1,5,7,0
40672,17388876,10843,CC1=CC(=CC=C1)NC(=O)C,Inactive,0,,,Inactive,,,,,,,,,,4,,-17.4033,,-4.9995,-14.2416,,-6.6835,-0.8878,,-7.6258,18.3161,,-27.7511,-5.6167,,-12.3013,-5.105,,-4.9734,-0.1727,,-7.5365,-1.2217,,-17.4033,QC'd by NIEHS/NTP,candidate_step3_property,,C9H11NO,149.19,1.700,1,1,1,0
40689,17388875,8443,CC1=CC=CC=C1NC(=O)C,Inactive,0,,,Inactive,,,,,,,,,,4,,3.9734,,-9.7059,-6.7373,,-11.349,-14.7501,,-5.288,-20.9903,,-2.2826,-5.4901,,3.1036,-1.9595,,-10.2376,-7.216,,2.5516,-4.9543,,3.9734,QC'd by NIEHS/NTP,candidate_step3_property,,C9H11NO,149.19,0.900,1,1,1,0
40709,17388933,7933,C1=CC(=CC(=C1)Cl)O,Inactive,0,,,Inactive,,,,,,,,,,4,,-16.2415,,2.7718,-2.7144,,-17.4917,-6.8475,,0.2099,-40.8913,,-10.0533,-18.7351,,-0.8743,-18.4006,,0.7721,-9.8669,,-16.7158,-30.8371,,-16.2415,QC'd by NIEHS/NTP,candidate_step3_property,,C6H5ClO,128.55,2.500,1,1,0,0
40771,17388936,7932,C1=CC(=CC(=C1)Cl)N,Inactive,0,,,Inactive,,,,,,,,,,4,,3.2732,,-29.5394,2.8408,,1.7934,-6.8204,,-10.6535,11.472,,2.9385,6.7319,,3.3574,15.3056,,3.7661,7.4059,,0.1233,6.9171,,3.2732,QC'd by NIEHS/NTP,candidate_step3_property,,C6H6ClN,127.57,1.900,1,1,0,0
40792,4240053,3235160,CC1=CC(=CC=C1)CNC2=NC=NC(=C2)C3=CC=CC=C3Cl,Inactive,0,,,Inactive,,,,,,,,,,4,,-19.8661,,,,,11.959,,,-9.3256,,,2.9455,,,-3.4864,,,3.1609,,,-12.3592,,,-19.8661,QC'd by Pharmacopeia,residual_possible_step4_or_definition_mismatch,,C18H16ClN3,309.8,4.7,1,3,4,0
40799,17388938,10824,COC1=CC=CC(=C1)N,Inactive,0,,,Inactive,,,,,,,,,,4,,-13.2027,,6.1037,16.0043,,0.7229,6.1381,,-9.48,20.4495,,-11.1104,2.9072,,2.1325,12.66,,7.3269,-0.0375,,-2.0804,2.5644,,-13.2027,QC'd by NIEHS/NTP,candidate_step3_property,,C7H9NO,123.15,0.900,1,2,1,0
40816,17388939,11568,C1=CC(=CC(=C1)O)N,Inactive,0,,,Inactive,,,,,,,,,,4,,9.4993,,27.8076,-4.664,,13.1542,14.9586,,-5.0017,39.8103,,-5.8046,22.7712,,17.3898,9.2144,,19.5829,17.1641,,6.7837,17.7687,,9.4993,QC'd by NIEHS/NTP,candidate_step3_property,,C6H7NO,109.13,0.200,2,2,0,0
40864,17388925,12251,COCC(=O)O,Inactive,0,,,Inactive,,,,,,,,,,4,,3.2547,,15.5612,5.9184,,3.3538,22.6431,,17.8415,28.2283,,17.0416,18.392,,11.573,6.3852,,-5.4869,13.37,,11.0822,10.1277,,3.2547,QC'd by NIEHS/NTP,candidate_step3_property,,C3H6O3,90.08,-0.3,1,3,2,0
40867,7977172,2849332,CC1=CCC(CC1)C2NC3=CC=CC=C3C4=C(O2)N=C(N=N4)SC,Inactive,0,,,Inactive,,,,,,,,,,4,,4.4874,,,,,-0.0032,,,-4.9003,,,-2.2012,,,8.7579,,,-1.0436,,,-3.2082,,,4.4874,QC'd by DPISMR,residual_possible_step4_or_definition_mismatch,,C18H20N4OS,340.4,3.6,1,6,2,0
40882,17388926,5366546,CC(C)OC(=O)/C=C(\C)/C=C/CC(C)CCCC(C)(C)OC,Inactive,0,,,Inactive,,,,,,,,,,4,,23.4792,,,,,33.151,,,11.5394,,,6.2973,,,20.4614,,,-15.3792,,,1.5547,,,23.4792,QC'd by Microsource,candidate_step3_property,,C19H34O3,310.5,5.500,0,3,11,0
40901,17388927,31368,CC(=C)C#N,Inactive,0,,,Inactive,,,,,,,,,,4,,-5.3369,,-32.0025,-6.5806,,5.4545,-13.9926,,-17.0379,-17.1391,,-2.1149,6.3382,,6.2445,4.2743,,9.5769,8.5026,,7.5389,0.6549,,-5.3369,QC'd by NIEHS/NTP,candidate_step3_property,,C4H5N,67.09,0.700,0,1,0,0
40918,17388928,6595,CC(=C)C(=O)N,Inactive,0,,,Inactive,,,,,,,,,,4,,16.3014,,-6.4632,-1.2777,,7.3428,7.9176,,3.7054,9.5066,,13.1633,4.0952,,2.5797,12.3973,,4.8056,18.8927,,11.7582,9.6931,,16.3014,QC'd by NIEHS/NTP,candidate_step3_property,,C4H7NO,85.10,0.1,1,1,1,0
40957,4248135,3242249,C1CCC(=CC1)CCNC(=O)C2CCN(CC2)CC3=C(N(N=C3)C4=CC=CC=C4)N5C=CC=C5,Inactive,0,,,Inactive,,,,,,,,,,4,,2.9184,,,,,7.3488,,,8.5704,,,23.0501,,,9.5372,,,4.4044,,,21.712,,,2.9184,QC'd by DPISMR,residual_possible_step4_or_definition_mismatch,,C28H35N5O,457.6,4.3,1,3,8,0
41000,17388917,20686,CC(CCC#N)C#N,Inactive,0,,,Inactive,,,,,,,,,,4,,0.7608,,-3.9693,1.6933,,-13.6655,2.8218,,-4.0274,-31.3518,,-3.9833,-11.3434,,11.2833,7.1981,,-5.5637,-4.8949,,-1.1505,-5.4293,,0.7608,QC'd by NIEHS/NTP,candidate_step3_property,,C6H8N2,108.14,0.5,0,2,2,0
41015,7968294,5309329,CC1CCN(CC1)C(=O)CSC2=NN=C(N2C3=CC=CC=C3C)CN4C5=CC=CC=C5SC4=O,Inactive,0,,,Inactive,,,,,,,,,,4,,-11.2492,,,,,-10.8005,,,-14.3844,,,2.3822,,,6.6729,,,-11.6531,,,-10.9751,,,-11.2492,QC'd by DPISMR,residual_possible_step4_or_definition_mismatch,,C25H27N5O2S2,493.6,4.6,0,6,6,0
41017,17388916,12228,CN=C=O,Inactive,0,,,Inactive,,,,,,,,,,4,,1.0437,,0.656,-8.2963,,4.7666,17.4615,,-3.5444,8.4961,,-25.3327,5.3606,,12.8502,10.5417,,-0.054,-1.9417,,2.0658,1.8016,,1.0437,QC'd by NIEHS/NTP,candidate_step3_property,,C2H3NO,57.05,1.1,0,2,0,0
41055,17388918,10797,CC1=CC=CO1,Inactive,0,,,Inactive,,,,,,,,,,4,,-22.3582,,-12.8623,-10.7208,,-8.2193,-21.0581,,-5.8506,-9.0338,,-9.5735,2.974,,-14.15,-3.1857,,-0.4094,-1.5421,,-6.3719,-6.9989,,-22.3582,QC'd by NIEHS/NTP,candidate_step3_property,,C5H6O,82.10,1.800,0,1,0,0
41077,17388921,7150,COC(=O)C1=CC=CC=C1,Inactive,0,,,Inactive,,,,,,,,,,4,,4.6026,,4.9003,-7.2958,,-11.7612,-6.1031,,5.9025,-19.5398,,-2.9628,-0.3395,,-5.0862,-11.2268,,-3.0303,-3.7617,,-8.5588,7.1951,,4.6026,QC'd by NIEHS/NTP,candidate_step3_property,,C8H8O2,136.15,2.100,0,2,2,0
41094,17388920,7747,COC(=O)CC#N,Inactive,0,,,Inactive,,,,,,,,,,4,,24.2502,,-33.8579,-24.1393,,-5.7823,12.6365,,10.6629,-59.6039,,-38.6445,11.1969,,3.2838,-13.5308,,0.4811,-10.6461,,16.8033,-34.5688,,24.2502,QC'd by NIEHS/NTP,candidate_step3_property,,C4H5NO2,99.09,-0.500,0,3,2,0
41114,17388923,7294,COC(=O)C=C,Inactive,0,,,Inactive,,,,,,,,,,4,,1.132,,-2.4802,7.1007,,12.1209,2.8634,,-5.7944,2.7702,,12.3283,5.5667,,3.9397,3.605,,10.4464,-1.2403,,7.0493,3.8338,,1.132,QC'd by NIEHS/NTP,candidate_step3_property,,C4H6O2,86.09,0.800,0,2,2,0
41180,17388911,6570,CC(=O)C=C,Inactive,0,,,Inactive,,,,,,,,,,4,,-3.0625,,-28.7542,-13.9143,,10.9662,2.2966,,-6.4379,34.0615,,-20.4433,-9.606,,4.0868,3.9813,,-19.6904,-3.5615,,-12.3277,8.0881,,-3.0625,QC'd by NIEHS/NTP,candidate_step3_property,,C4H6O,70.09,0.5,0,1,1,0
41206,17388913,637759,CC(=O)/C=C/C1=CC=CC=C1,Inactive,0,,,Inactive,,,,,,,,,,4,,13.8572,,16.0706,18.003,,2.2475,-18.7526,,16.208,30.9185,,-1.1449,17.1167,,7.0213,-3.8362,,-4.9531,15.5536,,11.824,15.8443,,13.8572,QC'd by NIEHS/NTP,candidate_step3_property,,C10H10O,146.19,2.100,0,1,2,0
41246,17388915,11167,CN=C=S,Inactive,0,,,Inactive,,,,,,,,,,4,,-10.3173,,-3.0703,-13.2038,,9.3048,2.0101,,-0.2975,-17.4719,,2.0287,-8.3776,,-0.3408,3.4782,,-6.4864,-3.8191,,-6.1132,19.2421,,-10.3173,QC'd by NIEHS/NTP,candidate_step3_property,,C2H3NS,73.12,0.900,0,2,0,0
41251,861311,662563,C1=CC=C(C=C1)C2=CC=C(C=C2)C(=O)CSC3=NN=C(N3CC4=CC=CO4)C5=CC=CC=N5,Inactive,0,,,Inactive,,,,,,,,,,4,,3.9622,,,,,-1.8871,,,-17.6328,,,10.3228,,,13.0978,,,11.6389,,,-7.7633,,,3.9622,QC'd by DPISMR,residual_possible_step4_or_definition_mismatch,,C26H20N4O2S,452.5,4.6,0,6,8,0
41282,17388968,7352,CC(C)COC(=O)C(=C)C,Inactive,0,,,Inactive,,,,,,,,,,4,,-15.03,,7.6194,-13.6352,,0.3394,-2.2988,,-1.9583,-4.9788,,-1.5259,12.017,,-24.6587,2.6916,,1.8266,-4.0799,,-13.382,-29.2079,,-15.03,QC'd by NIEHS/NTP,candidate_step3_property,,C8H14O2,142.20,2.700,0,2,4,0
41294,4243994,3238654,COC1=CC=C(C=C1)CNC2=NC3=C(CCCCC3)C(=N2)C(F)(F)F,Inactive,0,,,Inactive,,,,,,,,,,4,,12.0916,,,,,-10.2669,,,-12.5537,,,-17.7468,,,-10.2052,,,-0.713,,,-9.9588,,,12.0916,QC'd by DPISMR,residual_possible_step4_or_definition_mismatch,,C18H20F3N3O,351.4,4.7,1,7,4,0
41302,17388969,8053,CC(C)CCON=O,Inactive,0,,,Inactive,,,,,,,,,,4,,11.7155,,9.7935,-13.3901,,-12.8398,0.0927,,-13.153,-21.2469,,-1.9429,-1.4075,,-8.0728,-1.6116,,-4.4726,-8.5546,,-6.2609,-0.4654,,11.7155,QC'd by NIEHS/NTP,candidate_step3_property,,C5H11NO2,117.15,1.7,0,3,3,0
41330,17388967,18502,C1CCC(CC1)N=C=O,Inactive,0,,,Inactive,,,,,,,,,,4,,-2.5703,,2.4742,6.7425,,17.3778,17.2412,,-0.4596,1.0713,,7.8456,14.6428,,2.6934,12.1349,,3.7466,6.2565,,19.927,-2.7554,,-2.5703,QC'd by NIEHS/NTP,candidate_step3_property,,C7H11NO,125.17,2.8,0,2,1,0
41347,17388972,3712,C1=CC=C2C(=C1)C(=CN2)CO,Inactive,0,,,Inactive,,,,,,,,,,4,,0.8189,,,,,-9.165,,,-1.9215,,,-0.851,,,11.2074,,,14.6519,,,18.2314,,,0.8189,QC'd by Microsource,candidate_step3_property,,C9H9NO,147.17,1.100,2,1,1,0
41369,17388973,24812,Cl[In](Cl)Cl,Inactive,0,,,Activator,0.0398,33.2439,,Complete curve; partial efficacy; poor fit,-7.4,4.9549,0.6457,17.0721,-16.1719,1.4,0 0 0 0 0 0 0 0 0 0 0 0 0 1 0,31.626,,-8.1465,-9.7617,,0.6895,-32.1877,,-29.9662,1.9762,,18.1726,26.5125,,22.0866,13.8564,,6.6495,23.083,,-5.0181,-17.4105,,31.626,QC'd by NIEHS/NTP,candidate_step1_inorganic,In,Cl3In,221.17,,0,0,0,0
41404,17388971,31276,CC(C)CCOC(=O)C,Inactive,0,,,Inactive,,,,,,,,,,4,,17.0253,,17.6078,5.7911,,19.7085,9.4462,,9.088,-6.1154,,3.1641,14.946,,4.7809,13.7628,,10.6687,0.4926,,14.0363,2.2878,,17.0253,QC'd by NIEHS/NTP,candidate_step3_property,,C7H14O2,130.18,2.000,0,2,4,0
41424,17388959,13551,CC(C)OS(=O)(=O)C,Inactive,0,,,Inactive,,,,,,,,,,4,,-9.8654,,4.0191,-4.8087,,-10.9716,-13.9373,,-14.4212,-21.5668,,3.7478,-3.2831,,-17.0455,-16.298,,-2.6816,-3.3326,,-14.8952,11.7887,,-9.8654,QC'd by NIEHS/NTP,candidate_step3_property,,C4H10O3S,138.19,0.4,0,3,2,0
41442,17388960,6364,CC(C)S,Inactive,0,,,Inactive,,,,,,,,,,4,,3.2167,,0.5058,-1.0653,,2.5557,8.386,,9.8271,29.2844,,3.2401,10.7541,,3.702,-10.7796,,3.853,5.2453,,13.3887,19.1895,,3.2167,QC'd by NIEHS/NTP,candidate_step3_property,,C3H8S,76.16,1.3,1,1,0,0
41445,17388961,19920,CC(C)OCC1CO1,Inactive,0,,,Inactive,,,,,,,,,,4,,-6.0233,,2.3275,-1.9437,,5.3666,-2.5318,,-8.2178,2.8702,,-6.5965,6.2381,,-14.5566,-8.202,,-7.4815,-2.9408,,15.1339,5.8933,,-6.0233,QC'd by NIEHS/NTP,candidate_step3_property,,C6H12O2,116.16,0.6,0,2,3,0
41495,4256129,2234300,C1=CC=C(C=C1)CC2=NC(=NN2)SCC(=O)NC3=C(C(=C(O3)C4=CC=CC=C4)C5=CC=CC=C5)C#N,Inactive,0,,,Inactive,,,,,,,,,,4,,-12.4541,,,,,-3.6399,,,-0.1257,,,-8.7558,,,20.3676,,,-1.9844,,,-11.6953,,,-12.4541,QC'd by DPISMR,candidate_step3_property,,C28H21N5O2S,491.6,6.6,2,6,8,0
41506,17388964,10453,CC(C)CCCC(C)CCCC(C)CCCC(C)(C=C)O,Inactive,0,,,Inactive,,,,,,,,,,4,,8.7628,,-7.6406,-11.7599,,17.0334,-11.9825,,-32.2539,-40.7879,,10.4131,-7.207,,-3.023,-7.0284,,5.9339,10.8527,,2.6439,-4.2548,,8.7628,QC'd by Timtec,candidate_step3_property,,C20H40O,296.5,7.8,1,1,13,0
41542,17388962,7915,CC(C)OC(=O)C,Inactive,0,,,Inactive,,,,,,,,,,4,,-5.8418,,9.6037,-5.8342,,-1.0149,-1.9666,,0.8181,9.5228,,-4.1051,-6.3556,,-3.4262,-2.8754,,-2.8767,6.2498,,-11.3883,-12.794,,-5.8418,QC'd by NIEHS/NTP,candidate_step3_property,,C5H10O2,102.13,0.9,0,2,2,0
41562,17388963,7916,CC(=C)OC(=O)C,Inactive,0,,,Inactive,,,,,,,,,,4,,-0.7889,,20.5158,5.891,,-3.121,-0.5668,,6.2507,-12.5635,,-4.9996,7.6633,,1.6605,4.3802,,4.6674,8.0783,,9.8883,16.4177,,-0.7889,QC'd by NIEHS/NTP,candidate_step3_property,,C5H8O2,100.12,1.0,0,2,2,0
41573,17388952,8192,CCCCCCCCCCCCCl,Inactive,0,,,Inactive,,,,,,,,,,4,,16.5156,,5.7322,6.2205,,-1.354,12.337,,4.1865,-25.4236,,13.4586,5.3344,,13.2993,13.9241,,-11.0265,14.262,,-0.1013,-1.864,,16.5156,QC'd by NIEHS/NTP,candidate_step3_property,,C12H25Cl,204.78,6.900,0,0,10,0
41590,4244011,3238670,CC1=CC=CC=C1CSC2=NN3C(C4=C(CCCC4=O)NC3=N2)C5=CC=CS5,Inactive,0,,,Inactive,,,,,,,,,,4,,-22.3841,,,,,-7.6996,,,14.173,,,2.1931,,,19.1087,,,6.8155,,,-20.947,,,-22.3841,QC'd by DPISMR,residual_possible_step4_or_definition_mismatch,,C21H20N4OS2,408.5,4.4,1,6,4,0
41613,17388950,22456,CC(=O)[O-].CC(=O)[O-].O.O.O.[Pb+2],Inactive,0,,,Inactive,,,,,,,,,,4,,14.4432,,7.8707,4.7117,,0.6324,11.9622,,3.0932,27.0213,,6.7491,19.3265,,16.9084,21.2616,,11.0918,5.151,,-0.8012,14.4087,,14.4432,QC'd by NIEHS/NTP,candidate_step1_inorganic,Pb,C4H12O7Pb,379,,3,7,0,0
41631,17388949,22456,CC(=O)[O-].CC(=O)[O-].O.O.O.[Pb+2],Inactive,0,,,Inactive,,,,,,,,,,4,,-6.0156,,-0.3136,-1.0816,,-9.4566,-5.3714,,2.017,10.0157,,-4.8302,-4.5803,,1.5667,5.3084,,-20.5554,-12.5935,,-9.349,-2.2987,,-6.0156,QC'd by NIEHS/NTP,candidate_step1_inorganic,Pb,C4H12O7Pb,379,,3,7,0,0
41654,847777,650193,C1CCC(CC1)N2CCN(CC2)C(=O)C3=CC4=C(N3CC(=O)C5=CC=CC=C5)C=CS4,Inactive,0,,,Inactive,,,,,,,,,,4,,11.3164,,,,,0.9502,,,13.3133,,,10.2993,,,10.0355,,,8.3994,,,19.0159,,,11.3164,QC'd by DPISMR,residual_possible_step4_or_definition_mismatch,,C25H29N3O2S,435.6,4.7,0,4,5,0
41761,17388942,8369,CC1=C(C(=O)C=CO1)O,Inactive,0,,,Inactive,,,,,,,,,,4,,2.9443,,,,,-3.2392,,,-16.1477,,,14.7325,,,2.3907,,,6.4214,,,13.4934,,,2.9443,QC'd by Microsource,candidate_step3_property,,C6H6O3,126.11,0.4,1,3,0,0
41789,17388948,,,Inactive,0,,,Inactive,,,,,,,,,,4,,14.703,,4.1786,-28.3269,,9.4656,8.2935,,6.7248,5.6328,,5.0978,-1.8709,,-16.1601,20.2545,,8.3129,13.0166,,7.7245,20.7167,,14.703,QC'd by null,property_lookup_missing,,,,,,,,
41798,7977220,260088,COC1=CC=C(C=C1)OC2=NC(=NC(=N2)OC3=CC=C(C=C3)OC)OC4=CC=C(C=C4)OC,Inactive,0,,,Inactive,,,,,,,,,,4,,-21.1463,,,,,-1.5926,,,-10.2628,,,-13.0567,,,-2.0407,,,-16.7204,,,-25.9537,,,-21.1463,QC'd by DPISMR,candidate_step3_property,,C24H21N3O6,447.4,5.5,0,9,9,0
41821,843045,645320,CC1=C2C=C(C(=O)NC2=C(C=C1)C)CN(CCN3CCCC3)C(=O)NC4=CC(=CC=C4)Cl,Inactive,0,,,Inactive,,,,,,,,,,4,,-12.3549,,,,,-5.9924,,,1.9826,,,-0.8057,,,1.1083,,,-2.772,,,3.2275,,,-12.3549,QC'd by DPISMR,residual_possible_step4_or_definition_mismatch,,C25H29ClN4O2,453.0,3.9,2,3,6,0
41824,17388946,5280450,CCCCC/C=C\C/C=C\CCCCCCCC(=O)O,Inactive,0,,,Inactive,,,,,,,,,,4,,-5.8998,,12.6447,0.7186,,22.1361,9.1878,,-1.8537,10.5721,,7.8815,10.593,,12.2415,-9.3123,,8.8875,8.7287,,1.2509,11.6096,,-5.8998,QC'd by NIEHS/NTP,candidate_step3_property,,C18H32O2,280.4,6.800,1,2,14,0
41825,847783,650199,CC(C)C(C1=NN=NN1CC2=CC=CO2)N(CC3=CC4=C(C=CC(=C4)OC)NC3=O)C5CCCCC5,Inactive,0,,,Inactive,,,,,,,,,,4,,-17.7228,,,,,19.9973,,,18.557,,,7.2098,,,13.3827,,,7.4932,,,-1.8885,,,-17.7228,QC'd by DPISMR,residual_possible_step4_or_definition_mismatch,,C27H34N6O3,490.6,4.2,1,7,9,0
41836,865950,16054,C1=CC2=C(C=CN2)C=C1O,Inactive,0,,,Inactive,,,,,,,,,,4,,-29.4124,,,,,-5.5371,,,-10.7276,,,-15.7271,,,-9.9712,,,-6.0141,,,-27.173,,,-29.4124,QC'd by DPISMR,candidate_step3_property,,C8H7NO,133.15,2.000,2,1,0,0
41840,17388945,5280934,CC/C=C\C/C=C\C/C=C\CCCCCCCC(=O)O,Inactive,0,,,Inactive,,,,,,,,,,4,,15.678,,9.8951,-1.8066,,12.7744,1.6492,,-0.579,14.0645,,7.7532,7.9894,,17.0389,17.0544,,-6.1807,3.1797,,0.7843,5.547,,15.678,QC'd by NIEHS/NTP,candidate_step3_property,,C18H30O2,278.4,5.900,1,2,13,0
41842,856799,658154,C1CCC(=C(C#N)C#SN)CC1,Inactive,0,,,Inactive,,,,,,,,,,4,,-10.5582,,,,,4.0689,,,4.5045,,,0.1636,,,-1.6459,,,1.2137,,,6.4134,,,-10.5582,QC'd by DPISMR,residual_possible_step4_or_definition_mismatch,,C9H12N2S,180.27,2.7,1,3,1,0
41886,17388730,516919,OS(=O)(=O)[O-].[Na+],Inactive,0,,,Inactive,,,,,,,,,,4,,13.2361,,-3.3054,6.0104,,-13.0085,3.1509,,-0.1647,-23.846,,4.727,-0.0055,,-1.0656,-5.1809,,2.0777,-5.9497,,-2.6419,4.3661,,13.2361,QC'd by NIEHS/NTP,candidate_step1_inorganic,Na,HNaO4S,120.06,,1,4,0,0
41903,17388733,108005,O.O.[O-][Cr](=O)(=O)O[Cr](=O)(=O)[O-].[Na+].[Na+],Inactive,0,,,Inactive,,,,,,,,,,4,,-2.152,,-6.6229,6.9376,,-2.9617,19.7046,,-3.6189,38.8844,,5.2263,0.5686,,-30.4811,23.1533,,10.9385,5.2886,,0.1443,5.1978,,-2.152,QC'd by NIEHS/NTP,candidate_step1_inorganic,Cr;Na,Cr2H4Na2O9,298.00,,2,9,0,0
41916,17388732,108005,O.O.[O-][Cr](=O)(=O)O[Cr](=O)(=O)[O-].[Na+].[Na+],Inactive,0,,,Inactive,,,,,,,,,,4,,4.8505,,11.2321,10.6106,,13.8626,11.876,,6.4461,11.0386,,15.9174,15.7036,,16.2708,17.9026,,8.1664,20.9368,,17.2426,8.8302,,4.8505,QC'd by NIEHS/NTP,candidate_step1_inorganic,Cr;Na,Cr2H4Na2O9,298.00,,2,9,0,0
41994,17388728,23668193,N(=O)[O-].[Na+],Inactive,0,,,Inactive,,,,,,,,,,4,,15.9652,,-5.4372,4.2287,,-8.3077,-12.6304,,-15.3803,17.9606,,-9.0822,2.5485,,0.7153,0.845,,-0.8665,6.0225,,14.3289,-0.7574,,15.9652,QC'd by NIEHS/NTP,candidate_step1_inorganic,Na,NNaO2,68.995,,0,3,0,0
42024,17388739,,,Inactive,0,,,Inactive,,,,,,,,,,4,,-0.4562,,12.1348,-10.0832,,-8.2167,-8.2243,,-29.0511,-22.5411,,-2.5349,-4.8619,,-2.6557,3.4803,,-19.9722,-9.2946,,-6.1456,-19.2145,,-0.4562,QC'd by null,property_lookup_missing,,,,,,,,
42041,17388742,26323,CCCSC(=O)Cl,Inactive,0,,,Inactive,,,,,,,,,,4,,20.977,,3.1239,-4.7265,,15.1467,9.1208,,-4.6409,-3.274,,4.0258,5.4156,,5.1546,-2.7344,,15.0637,14.3909,,23.5585,7.3529,,20.977,QC'd by NIEHS/NTP,candidate_step3_property,,C4H7ClOS,138.62,2.6,0,2,3,0
42067,17388735,516902,[O-]Cl(=O)=O.[Na+],Inactive,0,,,Inactive,,,,,,,,,,4,,1.6095,,-6.2342,-5.4391,,14.4481,-2.2674,,-4.5972,6.8312,,-4.7329,-17.4847,,-3.5236,-12.1776,,-1.4353,0.1494,,-15.6565,-15.0621,,1.6095,QC'd by NIEHS/NTP,candidate_step1_inorganic,Na,ClNaO3,106.44,,0,3,0,0
42104,4240244,3235350,CN1C=CC=C1C(=O)N2CCC3(CCCN(C3)C4=CC=CC(=C4)C5=CC=CC=C5)CC2,Inactive,0,,,Inactive,,,,,,,,,,4,,-6.7044,,,,,13.2041,,,12.2571,,,13.6385,,,18.366,,,-6.8164,,,6.4251,,,-6.7044,QC'd by Pharmacopeia,candidate_step3_property,,C27H31N3O,413.6,5.0,0,2,3,0
42134,17388737,23668195,[O-]Br(=O)=O.[Na+],Inactive,0,,,Inactive,,,,,,,,,,4,,7.9458,,-7.2355,-40.2395,,0.9498,-6.4522,,-2.0156,18.8091,,-3.5535,3.4866,,3.9055,0.9073,,1.4472,3.6766,,-12.2912,-12.3415,,7.9458,QC'd by NIEHS/NTP,candidate_step1_inorganic,Na,BrNaO3,150.89,,0,3,0,0
42144,17388714,24314,CC(C)(C)OCC1CO1,Inactive,0,,,Inactive,,,,,,,,,,4,,5.7381,,8.0468,-5.3161,,4.0544,3.7244,,-15.7094,12.9025,,6.261,17.9468,,16.8785,6.1164,,-9.9646,11.155,,9.4846,5.3821,,5.7381,QC'd by NIEHS/NTP,candidate_step3_property,,C7H14O2,130.18,0.8,0,2,3,0
42155,843209,645493,CCOC(=O)C1CCN(CC1)C(C2=CC3=C(C=CC(=C3NC2=O)C)C)C4=NN=NN4C5CCCCC5,Inactive,0,,,Inactive,,,,,,,,,,4,,7.004,,,,,10.5676,,,15.2535,,,3.257,,,3.297,,,12.0821,,,-4.4795,,,7.004,QC'd by DPISMR,residual_possible_step4_or_definition_mismatch,,C27H36N6O3,492.6,3.7,1,7,7,0
42160,17388715,61207,CC(C)(C)OC=O,Inactive,0,,,Inactive,,,,,,,,,,4,,15.767,,9.0675,2.6055,,0.2173,11.7582,,6.5335,-18.0131,,-3.177,3.4692,,8.5675,16.6352,,3.103,6.4773,,13.5462,-1.0965,,15.767,QC'd by NIEHS/NTP,candidate_step3_property,,C5H10O2,102.13,1.1,0,2,2,0
42180,17388716,61247,CCC(C)(C)OC,Inactive,0,,,Inactive,,,,,,,,,,4,,12.058,,-2.1316,21.0927,,8.0103,9.1928,,-7.0157,22.9169,,12.7897,11.3349,,9.1232,1.9763,,13.0287,19.3141,,25.573,26.9335,,12.058,QC'd by NIEHS/NTP,candidate_step3_property,,C6H14O,102.17,1.6,0,1,2,0
42281,17388722,8062,C(CC#N)C#N,Inactive,0,,,Inactive,,,,,,,,,,4,,-15.0342,,9.6663,10.6424,,19.658,-31.1807,,21.6283,19.983,,16.9636,-14.9921,,17.0445,2.4922,,5.1159,2.385,,10.923,-16.7399,,-15.0342,QC'd by NIEHS/NTP,candidate_step3_property,,C4H4N2,80.09,-1.000,0,2,1,0
42303,17388723,,,Inactive,0,,,Inactive,,,,,,,,,,4,,28.1806,,-10.0007,-14.5185,,-7.096,-13.8021,,-11.6531,-34.513,,-43.1573,-2.0088,,11.4567,12.6292,,-3.0785,13.6173,,13.6162,18.5796,,28.1806,QC'd by null,property_lookup_missing,,,,,,,,
42323,17388724,,,Inactive,0,,,Inactive,,,,,,,,,,4,,-24.3287,,-10.4653,9.1144,,2.3671,1.2122,,-17.5587,-11.4876,,-1.8512,4.5329,,-11.684,3.1285,,-7.7837,-15.439,,-9.1117,-9.8276,,-24.3287,QC'd by null,property_lookup_missing,,,,,,,,
42385,17388719,5987,NS(=O)(=O)O,Inactive,0,,,Inactive,,,,,,,,,,4,,30.0643,,38.0822,8.9843,,14.1993,42.3919,,16.2908,104.535,,20.9983,31.7108,,36.0189,42.1318,,32.0281,24.9873,,0.8013,13.3403,,30.0643,QC'd by NIEHS/NTP,candidate_step3_property,,H3NO3S,97.10,-1.6,2,4,0,0
42441,17388766,7473,CC1=CC=C(C=C1)[N+](=O)[O-],Inactive,0,,,Inactive,,,,,,,,,,4,,15.5307,,-13.2825,-3.6989,,-4.4052,-3.5789,,-5.0911,1.1117,,-16.7409,-9.0486,,-12.622,-14.0012,,-13.8413,-9.158,,-2.8503,-5.5817,,15.5307,QC'd by NIEHS/NTP,candidate_step3_property,,C7H7NO2,137.14,2.400,0,2,0,0
42475,17388764,13539,CC(COC(=O)C(=C)C)O,Inactive,0,,,Inactive,,,,,,,,,,4,,3.6936,,-24.3365,-16.8627,,-3.6359,1.8339,,-20.6415,4.996,,-6.45,6.1955,,-0.4158,-1.971,,-0.0456,-10.7384,,-3.7099,14.6317,,3.6936,QC'd by NIEHS/NTP,candidate_step3_property,,C7H12O3,144.17,1.000,1,3,4,0
42491,17388763,24502,[O-][Cr](=O)(=O)O[Cr](=O)(=O)[O-].[K+].[K+],Inactive,0,,,Inactive,,,,,,,,,,4,,18.0075,,13.6911,8.8614,,17.1678,12.4097,,-6.5577,-3.8951,,1.0861,0.7836,,-1.6567,7.1423,,7.4666,13.7376,,3.8553,16.5816,,18.0075,QC'd by NIEHS/NTP,candidate_step1_inorganic,Cr;K,Cr2K2O7,294.18,,0,7,0,0
42513,17388762,9076,CCOC1=CC=C(C=C1)N,Inactive,0,,,Inactive,,,,,,,,,,4,,10.0055,,-2.6784,1.8585,,2.6359,-3.2583,,-6.9423,-20.9741,,5.4196,1.5428,,-8.8951,6.8124,,-19.7087,3.0243,,0.2788,-8.3905,,10.0055,QC'd by NIEHS/NTP,candidate_step3_property,,C8H11NO,137.18,1.200,1,2,2,0
42538,4240271,3235377,CC(C)CN1CC[C@]2(C1)CCCN(C2)C(=O)C3=CC(=CC(=C3)C(F)(F)F)C(F)(F)F,Inactive,0,,,Inactive,,,,,,,,,,4,,12.0942,,,,,-8.2573,,,1.636,,,10.8216,,,5.3302,,,6.001,,,-6.2716,,,12.0942,QC'd by Pharmacopeia,candidate_step3_property,,C21H26F6N2O,436.4,5.3,0,8,3,0
42561,17388759,15286,CCCOCC(C)O,Inactive,0,,,Inactive,,,,,,,,,,4,,8.4427,,2.6275,4.2915,,4.0654,5.8766,,-6.7504,-32.4338,,-2.5949,-7.534,,-0.1449,-2.2133,,7.1034,-1.6203,,2.8601,1.9333,,8.4427,QC'd by NIEHS/NTP,candidate_step3_property,,C6H14O2,118.17,0.7,1,2,4,0
42593,7972322,1334231,CC1=CC2=C(C=C1C)OC(=N2)C3=C(C(=CC=C3)NC(=O)C4=CC=C(O4)Br)C,Inactive,0,,,Inactive,,,,,,,,,,4,,2.5471,,,,,-9.9585,,,-0.4025,,,1.1701,,,-0.8992,,,-9.0351,,,-10.1333,,,2.5471,QC'd by DPISMR,candidate_step3_property,,C21H17BrN2O3,425.3,5.8,1,4,3,0
42599,17388774,10129,CC1CCC2CC1C2(C)C,Inactive,0,,,Inactive,,,,,,,,,,4,,0.936,,2.9142,-2.4866,,-7.912,3.7021,,11.1356,12.5536,,-1.4361,-2.3187,,-0.8713,6.2781,,4.5372,11.7018,,2.3191,5.078,,0.936,QC'd by NIEHS/NTP,candidate_step3_property,,C10H18,138.25,3.9,0,0,0,0
42646,17388771,11505,CC1=CC=C(C=C1)CO,Inactive,0,,,Inactive,,,,,,,,,,4,,14.6162,,29.5216,10.3627,,11.822,19.5537,,-1.7602,-9.149,,18.6194,8.9317,,14.7299,2.1538,,21.5734,18.1668,,-9.7318,7.0592,,14.6162,QC'd by NIEHS/NTP,candidate_step3_property,,C8H10O,122.16,1.600,1,1,1,0
42662,4263057,1542103,CC1=CC=CC=C1N2CCN(CC2)C3=NC=NC4=C3C=NN4CC5=CC=C(C=C5)Cl,Inactive,0,,,Inactive,,,,,,,,,,4,,5.7319,,,,,-14.4414,,,-10.5588,,,-9.9196,,,-2.43,,,6.53,,,7.3594,,,5.7319,QC'd by DPISMR,residual_possible_step4_or_definition_mismatch,,C23H23ClN6,418.9,4.8,0,5,4,0
42725,852458,655079,CC1=C(C(=CC=C1)C)NC(=O)CSC2=NN=C(N2CCC3=CC=CC=C3)C4=C(OC=C4)C,Inactive,0,,,Inactive,,,,,,,,,,4,,-7.2987,,,,,13.1998,,,-7.3205,,,11.4434,,,-0.7734,,,4.3409,,,0.315,,,-7.2987,QC'd by DPISMR,residual_possible_step4_or_definition_mismatch,,C25H26N4O2S,446.6,4.9,1,5,8,0
42744,17388747,1057,C1=CC(=C(C(=C1)O)O)O,Inactive,0,,,Inactive,,,,,,,,,,4,,3.1148,,14.8396,-3.5554,,11.5066,11.9337,,9.6653,7.7451,,-5.5137,9.5934,,10.8625,-1.8548,,1.9432,18.1099,,14.8366,-20.8477,,3.1148,QC'd by NIEHS/NTP,candidate_step3_property,,C6H6O3,126.11,0.500,3,3,0,0
42761,17388748,31423,C1=CC2=C3C(=C1)C=CC4=CC=CC(=C43)C=C2,Inactive,0,,,Inactive,,,,,,,,,,4,,-13.759,,-6.6941,5.6971,,1.1997,-0.6576,,-7.8527,1.4839,,21.6107,14.7404,,12.4631,0.7454,,8.918,-3.6687,,-11.5601,-20.8608,,-13.759,QC'd by NIEHS/NTP,residual_possible_step4_or_definition_mismatch,,C16H10,202.25,4.900,0,0,0,0
42806,852463,655084,CC1CCC2=C(N1C(=O)C3=NN4C(=CC(=NC4=C3)C5=CC=CO5)C(F)(F)F)C=CC(=C2)F,Inactive,0,,,Inactive,,,,,,,,,,4,,7.0012,,,,,3.6884,,,-2.1027,,,9.833,,,0.6592,,,19.816,,,0.516,,,7.0012,QC'd by DPISMR,residual_possible_step4_or_definition_mismatch,,C22H16F4N4O2,444.4,4.3,0,8,2,0
42814,17388743,18056,CCSC(=O)Cl,Inactive,0,,,Inactive,,,,,,,,,,4,,1.7356,,-15.5308,0.7978,,2.6221,-0.3936,,-5.2543,-11.2923,,-4.4803,6.2412,,0.6696,12.5951,,-25.8983,-2.2815,,10.5588,9.8177,,1.7356,QC'd by NIEHS/NTP,candidate_step3_property,,C3H5ClOS,124.59,2.1,0,2,2,0
42826,847984,650402,C1CN(CCN1)CC(=O)O,Inactive,0,,,Inactive,,,,,,,,,,4,,0.1409,,,,,17.3185,,,9.7613,,,10.306,,,10.2134,,,-9.7086,,,11.6999,,,0.1409,QC'd by DPISMR,candidate_step3_property,,C6H12N2O2,144.17,-3.1,2,4,2,0
42833,17388744,135398743,C[C@H]1/C=C/C=C(\C(=O)N=C2C(=C3C(=C4C2=NC5(N4)CCN(CC5)CC(C)C)C6=C(C(=C3O)C)O[C@@](C6=O)(O/C=C/[C@@H]([C@H]([C@H]([C@@H]([C@@H]([C@@H]([C@H]1O)C)O)C)OC(=O)C)C)OC)C)O)/C,Inactive,0,,,Inactive,,,,,,,,,,4,,-33.855,,-2.5909,-14.5952,,-44.101,1.048,,-20.5254,-22.5707,,-2.6833,-14.5014,,-8.0228,-17.9561,,2.0104,-5.7873,,-14.1372,-20.0789,,-33.855,QC'd by NIEHS/NTP,candidate_step3_property,,C46H62N4O11,847.0,4.7,5,14,5,0
42871,17388758,1030,CC(CO)O,Inactive,0,,,Inactive,,,,,,,,,,4,,5.5518,,7.111,-2.6098,,-3.597,8.0227,,-2.0834,-8.4948,,-8.6268,-5.5764,,-5.904,7.0703,,-16.2809,-9.6668,,-15.1566,0.1172,,5.5518,QC'd by NIEHS/NTP,candidate_step3_property,,C3H8O2,76.09,-0.900,2,2,1,0
42910,4263073,2950623,CC(C)CNC1=NC(=NC(=N1)OC2=NN=C(C=C2)OCC3=CC=CC=C3)OC,Inactive,0,,,Inactive,,,,,,,,,,4,,-20.9116,,,,,-9.9349,,,-1.7496,,,-11.2206,,,-1.8116,,,-10.3624,,,-16.8137,,,-20.9116,QC'd by DPISMR,residual_possible_step4_or_definition_mismatch,,C19H22N6O3,382.4,3.8,1,9,9,0
42926,17388753,7390,CC1=CC=C(C=C1)C(C)(C)C,Inactive,0,,,Inactive,,,,,,,,,,4,,10.2432,,-0.5709,14.0339,,3.97,10.5961,,2.7343,12.286,,13.9262,8.7235,,0.0824,2.7056,,8.0436,13.8105,,5.6429,-0.2699,,10.2432,QC'd by NIEHS/NTP,candidate_step3_property,,C11H16,148.24,4.500,0,0,1,0
42967,4248025,3242157,C1CC1C2=CC(=NN2C3=NC(=CC(=N3)C(F)(F)F)C4=CC=CO4)C(F)(F)F,Inactive,0,,,Inactive,,,,,,,,,,4,,-8.8271,,,,,-5.2834,,,-0.123,,,2.2662,,,-12.2186,,,-17.0095,,,-46.4176,,,-8.8271,QC'd by DPISMR,candidate_step3_property,,C16H10F6N4O,388.27,3.7,0,10,3,0
42973,17388751,7724,CC1=CC=C(C=C1)C#N,Inactive,0,,,Inactive,,,,,,,,,,4,,6.0506,,-6.7658,-9.647,,12.0455,-20.12,,-4.5426,-0.99,,10.522,3.7648,,3.9972,6.3386,,-5.7599,8.7906,,-7.5153,0.7136,,6.0506,QC'd by NIEHS/NTP,candidate_step3_property,,C8H7N,117.15,2.400,0,1,0,0
42992,17388793,36159,C1=CC(=C(C=C1Br)Br)OC2=CC(=C(C=C2Br)Br)Br,Inactive,0,,,Activator,7.9433,68.5504,,Partial curve; partial efficacy,-5.1,0.7,0.8612,73.8991,5.3487,2.2,0 0 0 0 0 1 0 0 0 0 0 0 1 0 0,64.0935,,11.0029,5.0562,,14.3054,-6.3761,,15.27,29.8774,,-5.0138,5.996,,12.3291,22.9894,,34.272,27.2807,,6.0623,50.1853,,64.0935,QC'd by NIEHS/NTP,candidate_step3_property,,C12H5Br5O,564.7,6.9,0,1,2,0
43014,17388792,36159,C1=CC(=C(C=C1Br)Br)OC2=CC(=C(C=C2Br)Br)Br,Inactive,0,,,Activator,31.6228,79.3047,,Partial curve; partial efficacy,-4.5,2.7202,0.9429,80.2227,0.918,2.2,0 0 0 0 0 0 0 0 0 0 0 0 0 0 0,67.3152,,7.8797,5.2596,,0.9286,3.9241,,1.6167,-0.912,,5.4205,0.7478,,-0.9785,-9.235,,-1.9419,-5.9456,,8.1831,28.7784,,67.3152,QC'd by NIEHS/NTP,candidate_step3_property,,C12H5Br5O,564.7,6.9,0,1,2,0
43027,17388795,7810,CC1=CC=C(C=C1)Cl,Inactive,0,,,Inactive,,,,,,,,,,4,,6.6024,,-15.2055,14.8516,,-3.2084,-4.4331,,6.2145,-4.1465,,16.6826,7.3963,,8.3611,7.9494,,1.2519,-2.9867,,-1.008,-1.3688,,6.6024,QC'd by NIEHS/NTP,candidate_step3_property,,C7H7Cl,126.58,3.300,0,0,0,0
43047,17388794,66041,C=CC1=CC=C(C=C1)C=C,Inactive,0,,,Inactive,,,,,,,,,,4,,0.1159,,-1.7435,-0.719,,9.9629,12.1063,,11.9243,22.9293,,11.1806,7.8485,,2.1564,16.3392,,12.4162,5.2157,,6.1526,2.7864,,0.1159,QC'd by NIEHS/NTP,candidate_step3_property,,C10H10,130.19,3.5,0,0,2,0
43132,847899,650317,C1CCC(CC1)C2=C(N=C(NC2=O)SCC(=O)NC3=CC=C(C=C3)Cl)O,Inactive,0,,,Inactive,,,,,,,,,,4,,-29.3651,,,,,-5.0165,,,-10.0216,,,-3.7959,,,-7.2716,,,-18.3843,,,14.4386,,,-29.3651,QC'd by DPISMR,residual_possible_step4_or_definition_mismatch,,C18H20ClN3O3S,393.9,4.1,3,5,5,0
43141,17388802,403,C1=CC(=CC=C1N)O,Inactive,0,,,Inactive,,,,,,,,,,4,,-1.5402,,6.8334,-22.5867,,-5.2682,-12.2197,,2.2411,-5.5914,,4.2964,-0.277,,14.0716,10.0684,,4.3208,8.1735,,-3.5568,-8.7472,,-1.5402,QC'd by NIEHS/NTP,candidate_step3_property,,C6H7NO,109.13,0.000,2,2,0,0
43161,17388801,31244,COC1=CC=C(C=C1)C=O,Inactive,0,,,Inactive,,,,,,,,,,4,,12.25,,-9.1909,0.5221,,-24.4622,5.1949,,-13.1569,-9.1314,,10.0577,9.0096,,19.5936,-0.281,,-16.2791,4.3019,,-1.7459,3.9435,,12.25,QC'd by NIEHS/NTP,candidate_step3_property,,C8H8O2,136.15,1.800,0,2,2,0
43164,17388800,7732,COC1=CC=C(C=C1)N,Inactive,0,,,Activator,0.0063,19.5,,Complete curve; partial efficacy; poor fit,-8.2,1.1,0.5952,21.5,2,1.4,0 0 0 0 0 1 0 0 0 0 0 1 0 0 0,14.9105,,2.7666,4.9868,,12.536,12.1785,,12.8485,39.9789,,23.13,22.1186,,31.6951,26.9164,,21.4476,4.1758,,9.9189,21.2033,,14.9105,QC'd by NIEHS/NTP,candidate_step3_property,,C7H9NO,123.15,0.900,1,2,1,0
43176,17388804,978,C1=CC(=CC=C1C(=O)O)N,Inactive,0,,,Inactive,,,,,,,,,,4,,13.1081,,3.8312,5.1373,,12.8242,8.8661,,18.9915,15.2414,,4.4877,8.7088,,13.9479,11.761,,3.6909,6.0486,,23.3011,17.8795,,13.1081,QC'd by NIEHS/NTP,candidate_step3_property,,C7H7NO2,137.14,0.800,2,3,1,0
43249,17388808,3035,C1=CC(=CC=C1C(=C(Cl)Cl)C2=CC=C(C=C2)Cl)Cl,Inactive,0,,,Inactive,,,,,,,,,,4,,21.8783,,3.7975,0.9703,,-15.8462,4.238,,6.3382,-4.4862,,6.7377,2.3646,,-3.3058,-5.9249,,-4.2121,-4.0002,,-5.6176,5.8216,,21.8783,QC'd by NIEHS/NTP,candidate_step3_property,,C14H8Cl4,318.0,7.000,0,0,2,0
43272,4240183,3235289,COC1=CC2=C(C=C1)NC=C2CCNC3=NC=NC4=C3C=C(C=C4)C5=CC=CC=C5C#N,Inactive,0,,,Inactive,,,,,,,,,,4,,-12.5838,,,,,-13.9635,,,-12.0589,,,-4.067,,,-14.7766,,,-8.7417,,,-11.7422,,,-12.5838,QC'd by Pharmacopeia,candidate_step3_property,,C26H21N5O,419.5,5.3,2,5,6,0
43290,17388776,24819,P(Cl)(Cl)(Cl)(Cl)Cl,Inactive,0,,,Inactive,,,,,,,,,,4,,35.8864,,1.4822,10.7916,,14.6704,7.4834,,-6.7351,-2.1096,,7.9219,18.618,,1.8757,1.7203,,21.1334,1.3665,,3.5599,17.7359,,35.8864,QC'd by NIEHS/NTP,residual_possible_step4_or_definition_mismatch,,Cl5P,208.2,3.9,0,0,0,0
43306,7972349,135427860,CCCC1=CC(=O)NC(=N1)SCCOC2=CC=C(C=C2)Cl,Inactive,0,,,Inactive,,,,,,,,,,4,,-10.6438,,,,,-5.2073,,,1.7841,,,-10.9782,,,2.6917,,,-4.2157,,,-5.5703,,,-10.6438,QC'd by DPISMR,residual_possible_step4_or_definition_mismatch,,C15H17ClN2O2S,324.8,3.7,1,4,7,0
43316,17388778,1004,OP(=O)(O)O,Inactive,0,,,Inactive,,,,,,,,,,4,,2.8302,,1.7554,-1.5846,,12.8848,10.1795,,4.1586,-1.7135,,0.794,-5.0692,,-0.1807,8.7153,,1.9973,2.7998,,5.1494,9.5805,,2.8302,QC'd by NIEHS/NTP,candidate_step3_property,,H3O4P,97.995,-2.1,3,4,0,0
43348,4251935,3245555,C(C1=NC(=NN1)CO)O,Inactive,0,,,Inactive,,,,,,,,,,4,,42.9096,,,,,30.7708,,,31.0795,,,25.1203,,,26.3782,,,37.8237,,,29.3433,,,42.9096,QC'd by DPISMR,candidate_step3_property,,C4H7N3O2,129.12,-1.7,3,4,2,0
43377,17388781,14090,C1=CC=C(C=C1)C(=O)C=O,Inactive,0,,,Activator,31.6228,54.9058,,Partial curve; partial efficacy; poor fit,-4.5,2.3031,0.6859,51.2385,-3.6673,2.4,1 0 0 0 0 0 0 0 0 0 0 0 0 0 0,41.3755,,11.6086,-5.5053,,4.8018,-16.1716,,-14.4284,6.0723,,-16.9424,7.6362,,2.2213,-1.5914,,3.984,-9.989,,6.0194,14.3658,,41.3755,QC'd by NIEHS/NTP,candidate_step3_property,,C8H6O2,134.13,1.700,0,2,2,0
43387,4240158,3235264,C1CN(CCC12CCN(CC2)S(=O)(=O)C3=CC=CC=C3)C4=CC=CC(=C4)C5=CC=CC=C5,Inactive,0,,,Inactive,,,,,,,,,,4,,19.6883,,,,,29.8062,,,8.7227,,,6.709,,,-29.7332,,,14.5233,,,9.6967,,,19.6883,QC'd by Pharmacopeia,candidate_step3_property,,C27H30N2O2S,446.6,5.6,0,4,4,0
43484,17388787,995,C1=CC=C2C(=C1)C=CC3=CC=CC=C32,Inactive,0,,,Inactive,,,,,,,,,,4,,16.4633,,22.0617,7.4831,,25.2658,11.9432,,12.3497,19.6755,,28.0017,16.8535,,17.2206,19.9455,,0.4279,15.1918,,25.5698,18.0299,,16.4633,QC'd by NIEHS/NTP,residual_possible_step4_or_definition_mismatch,,C14H10,178.23,4.500,0,0,0,0
43552,17388791,11855,C1=C(C(=C(C(=C1Cl)Cl)Cl)Cl)Cl,Inactive,0,,,Inactive,,,,,,,,,,4,,7.8435,,11.4966,12.5631,,3.2065,6.0592,,7.9707,28.7688,,21.4163,6.7812,,12.742,20.9596,,7.0447,20.2109,,22.078,12.5766,,7.8435,QC'd by NIEHS/NTP,candidate_step3_property,,C6HCl5,250.3,5.200,0,0,0,0
43565,17388828,460,COC1=CC=CC=C1O,Inactive,0,,,Inactive,,,,,,,,,,4,,2.682,,13.0811,-17.412,,7.1235,-10.1205,,7.0206,5.4516,,-6.7225,0.5835,,10.6797,-0.856,,16.7255,8.9205,,8.949,10.2075,,2.682,QC'd by NIEHS/NTP,candidate_step3_property,,C7H8O2,124.14,1.300,1,2,1,0
43602,17388826,6946,C1=CC=C(C(=C1)N)[N+](=O)[O-],Inactive,0,,,Inactive,,,,,,,,,,4,,-11.8735,,-0.8329,-2.4916,,-11.9247,-27.4935,,-8.837,3.8444,,-9.5853,-3.3455,,-20.0692,2.6365,,-0.1129,0.5643,,-3.8706,-7.4089,,-11.8735,QC'd by NIEHS/NTP,candidate_step3_property,,C6H6N2O2,138.12,1.900,1,3,0,0
43644,852376,654999,C=CCN1C(=NN=C1SCC(CN2C3=CC=CC=C3C4=CC=CC=C42)O)C5=CC=CO5,Inactive,0,,,Inactive,,,,,,,,,,4,,-1.9074,,,,,-8.4233,,,3.9173,,,10.7314,,,0.841,,,2.0767,,,2.2261,,,-1.9074,QC'd by DPISMR,residual_possible_step4_or_definition_mismatch,,C24H22N4O2S,430.5,4.2,1,5,8,0
43646,17388833,379,CCCCCCCC(=O)O,Inactive,0,,,Inactive,,,,,,,,,,4,,-5.4258,,-7.6035,-18.7801,,-18.9205,-3.2444,,-49.4203,3.3637,,-1.1223,-30.251,,-3.8435,-13.664,,-6.7959,-18.2792,,-14.0509,-21.1508,,-5.4258,QC'd by NIEHS/NTP,candidate_step3_property,,C8H16O2,144.21,3.000,1,2,6,0
43655,17388831,445639,CCCCCCCC/C=C\CCCCCCCC(=O)O,Inactive,0,,,Inactive,,,,,,,,,,4,,21.1192,,6.2077,22.2297,,34.1585,26.1072,,6.2823,50.9447,,5.9242,22.7592,,9.2041,28.4281,,18.3819,-7.4623,,7.0501,7.7143,,21.1192,QC'd by NIEHS/NTP,candidate_step3_property,,C18H34O2,282.5,6.500,1,2,15,0
43673,17388830,5371728,CCCCCCCC/C=C\CCCCCCCC(=O)N(CCO)CCO,Inactive,0,,,Inactive,,,,,,,,,,4,,-6.7167,,8.1683,-5.7346,,-8.2363,-11.8568,,-25.9188,42.4523,,-14.0177,-6.7639,,-7.0763,0.6046,,-8.0722,-27.8325,,-7.8159,5.6955,,-6.7167,QC'd by NIEHS/NTP,candidate_step3_property,,C22H43NO3,369.6,5.8,2,3,19,0
43679,7977333,1212426,CC1=CC2=C(C=C1C)N(C=N2)C(=O)C3=C(ON=C3C4=C(C=CC=C4Cl)Cl)C,Inactive,0,,,Activator,0.5012,64.2735,,Partial curve; partial efficacy,-6.3,0.4,0.8301,48.5094,-15.7641,2.2,0 0 0 0 0 0 0,41.2224,,,,,-1.1322,,,-17.3624,,,15.5695,,,18.9114,,,20.1605,,,34.8692,,,41.2224,QC'd by DPISMR,candidate_step3_property,,C20H15Cl2N3O2,400.3,5.5,0,4,2,0
43712,17388837,7977,C1=CC=NC(=C1)Cl,Inactive,0,,,Inactive,,,,,,,,,,4,,2.1478,,13.6556,-5.9164,,-3.7368,4.8171,,-25.8893,10.5876,,-18.118,-4.5716,,-15.901,-1.6087,,-10.8814,-5.4969,,-6.3372,8.8707,,2.1478,QC'd by NIEHS/NTP,candidate_step3_property,,C5H4ClN,113.54,1.200,0,1,0,0
43727,17388836,14906,C=CC1=CC=CC=C1Cl,Inactive,0,,,Inactive,,,,,,,,,,4,,20.3396,,12.9627,8.078,,22.3724,4.3532,,0.1179,-5.2589,,-3.2669,2.8317,,15.391,1.22,,17.7307,7.1953,,14.356,7.7482,,20.3396,QC'd by NIEHS/NTP,candidate_step3_property,,C8H7Cl,138.59,3.400,0,0,1,0
43732,843153,645431,CCC1=CC2=C(C=C1)NC(=O)C(=C2)C(C3=NN=NN3CC4CCCO4)N5CCCC6=CC=CC=C65,Inactive,0,,,Inactive,,,,,,,,,,4,,-2.0327,,,,,-4.865,,,-0.3844,,,-10.9121,,,13.2912,,,-8.5185,,,-0.7235,,,-2.0327,QC'd by DPISMR,residual_possible_step4_or_definition_mismatch,,C27H30N6O2,470.6,3.9,1,6,6,0
43771,17388834,6537506,C1=C(C(=C(C(=C1Br)Br)Br)Br)OC2=CC(=C(C(=C2Br)Br)Br)Br,Inactive,0,,,Inactive,,,,,,,,,,4,,11.7988,,9.2596,1.8502,,9.6952,31.847,,7.676,12.7935,,8.6711,10.6249,,20.6783,26.1103,,-9.584,20.9072,,25.5197,3.5526,,11.7988,QC'd by NIEHS/NTP,candidate_step3_property,,C12H2Br8O,801.4,9.0,0,1,2,0
43784,17388841,7000,COC1=CC=CC=C1N,Inactive,0,,,Inactive,,,,,,,,,,4,,-5.488,,19.3609,1.3927,,-8.4092,14.634,,-12.29,5.1063,,3.9951,9.3232,,22.9928,15.4397,,18.278,-3.4015,,6.7473,6.6195,,-5.488,QC'd by NIEHS/NTP,candidate_step3_property,,C7H9NO,123.15,1.200,1,2,1,0
43847,4240218,3235324,C1CN(CCC12CCN(CC2)C(=O)C3=CC(=CC=C3)F)C(C4=CC=CC=C4)C5=CC=CC=C5,Inactive,0,,,Inactive,,,,,,,,,,4,,1.1631,,,,,10.1175,,,5.458,,,3.6555,,,9.6727,,,17.7119,,,20.2188,,,1.1631,QC'd by Pharmacopeia,candidate_step3_property,,C29H31FN2O,442.6,5.8,0,3,4,0
43867,17388811,7242,CC1=CC=CC=C1N,Inactive,0,,,Inactive,,,,,,,,,,4,,-4.2277,,0.9132,2.6744,,3.5174,1.0712,,-3.1607,13.9746,,-10.6518,-7.5002,,-11.1848,-27.6036,,-5.8207,-2.5082,,3.0625,-5.7506,,-4.2277,QC'd by NIEHS/NTP,candidate_step3_property,,C7H9N,107.15,1.300,1,1,0,0
43882,17388812,8373,CC1=CC=CC=C1C(=O)O,Inactive,0,,,Inactive,,,,,,,,,,4,,6.0389,,3.8607,-0.9054,,-5.6018,-0.5054,,5.1896,37.4771,,-0.4269,2.1813,,1.4769,-6.7528,,-3.3639,-0.9519,,4.006,-12.1618,,6.0389,QC'd by NIEHS/NTP,candidate_step3_property,,C8H8O2,136.15,2.500,1,2,1,0
43899,17388809,1752,CCCCCCCCCC1=CC=C(C=C1)O,Inactive,0,,,Inactive,,,,,,,,,,4,,18.5767,,15.7519,30.9397,,54.1165,55.904,,31.824,99.0167,,45.3438,46.4015,,54.2324,39.1693,,30.5185,44.5724,,15.538,57.4938,,18.5767,QC'd by NIEHS/NTP,candidate_step3_property,,C15H24O,220.35,5.900,1,1,8,0
43933,17388815,157882,CO[Si](CCCNCCC[Si](OC)(OC)OC)(OC)OC,Inactive,0,,,Inactive,,,,,,,,,,4,,-9.3794,,-28.3637,-7.8252,,-12.7514,-2.4547,,-14.5526,-16.5918,,-20.0937,-10.8566,,-5.846,-0.9239,,-23.9975,-0.0685,,-5.2046,-17.4587,,-9.3794,QC'd by NIEHS/NTP,candidate_step1_inorganic,Si,C12H31NO6Si2,341.55,,1,7,14,0
43951,17388816,7243,C1=CC=C(C(=C1)N)N,Inactive,0,,,Inactive,,,,,,,,,,4,,-8.2143,,6.2319,-1.2251,,10.4219,-10.1567,,-9.6691,2.484,,-14.3674,-9.6122,,4.4132,8.2281,,-17.2713,-19.2717,,-3.812,-4.4646,,-8.2143,QC'd by NIEHS/NTP,candidate_step3_property,,C6H8N2,108.14,0.100,2,2,0,0
44007,17388819,6944,CC1=CC=CC=C1[N+](=O)[O-],Inactive,0,,,Inactive,,,,,,,,,,4,,12.9022,,9.6239,4.1793,,-7.2288,-0.7437,,17.5559,-3.1404,,-1.7021,0.4326,,-19.3605,-3.8201,,-6.939,1.4029,,11.4338,-2.496,,12.9022,QC'd by NIEHS/NTP,candidate_step3_property,,C7H7NO2,137.14,2.300,0,2,0,0
44045,17388817,7203,CCOC1=CC=CC=C1N,Inactive,0,,,Inactive,,,,,,,,,,4,,-10.6202,,-6.3476,-30.9597,,-3.5175,-22.7811,,-46.7564,2.9336,,-2.3987,-2.2674,,-15.2292,-8.2336,,0.3946,-17.9942,,-15.336,-11.5873,,-10.6202,QC'd by NIEHS/NTP,candidate_step3_property,,C8H11NO,137.18,1.500,1,2,2,0
44107,7965334,5307563,CC1=C(N=C(O1)C2=CC(=C(C=C2)OC)OC)CN3C4=C(C=CN=C4)N=C3SCC5=CC(=CC=C5)F,Inactive,0,,,Inactive,,,,,,,,,,4,,-9.9919,,,,,10.7622,,,0.6867,,,-4.3152,,,25.8637,,,-2.1884,,,0.8211,,,-9.9919,QC'd by DPISMR,residual_possible_step4_or_definition_mismatch,,C26H23FN4O3S,490.6,4.9,0,8,8,0
44151,7965139,5307444,CC1=CC(=C(C=C1)NC(=O)CSC2=NN=C(N2C3=CC=C(C=C3)OC)CC4=CC=CN4C)C,Inactive,0,,,Inactive,,,,,,,,,,4,,-4.4463,,,,,-13.2703,,,3.9354,,,-1.6976,,,-10.9659,,,6.0515,,,-2.7948,,,-4.4463,QC'd by DPISMR,residual_possible_step4_or_definition_mismatch,,C25H27N5O2S,461.6,4.3,1,5,8,0
44189,26748184,11507008,C1=CC2=C(C(=C1)O)N=CC=C2.OS(=O)(=O)O,Inactive,0,,,Inactive,,,,,,,,,,4,,3.8914,,,,,4.0916,,,5.7121,,,5.5261,,,23.4756,,,7.4473,,,11.2357,,,3.8914,QC'd by Microsource,property_value_missing,,C9H9NO5S,243.24,,3,6,0,0
44214,4240399,3235504,C1CC2(CCN(CC2)C(=O)C3=CC(=CC=C3)F)CN(C1)C(C4=CC=CC=C4)C5=CC=CC=C5,Inactive,0,,,Inactive,,,,,,,,,,4,,-10.3396,,,,,20.0129,,,7.4727,,,8.8048,,,4.4371,,,15.393,,,5.9814,,,-10.3396,QC'd by Pharmacopeia,candidate_step3_property,,C29H31FN2O,442.6,5.8,0,3,4,0
44229,4256320,1267712,CC1=NN=C(N1C2=CC=CC=C2)SCC3=CC=C(O3)C(=O)C4=CC=C(C=C4)Cl,Inactive,0,,,Inactive,,,,,,,,,,4,,-6.4263,,,,,-14.7653,,,-20.8757,,,-12.1114,,,-3.0106,,,-2.7824,,,-14.8446,,,-6.4263,QC'd by DPISMR,candidate_step3_property,,C21H16ClN3O2S,409.9,5.2,0,5,6,0
44238,7965137,5307443,CC1=CC(=C(C=C1)C)NC(=O)CSC2=NN=C(N2C3=CC=C(C=C3)F)CC4=CC=CN4C,Inactive,0,,,Inactive,,,,,,,,,,4,,-3.1986,,,,,-7.6544,,,-3.7716,,,0.9987,,,-2.0978,,,-12.5992,,,-0.2087,,,-3.1986,QC'd by DPISMR,residual_possible_step4_or_definition_mismatch,,C24H24FN5OS,449.5,4.4,1,5,7,0
44273,856474,6603243,C1CC2=C(C1)N=CN=C2N.Cl,Inactive,0,,,Inactive,,,,,,,,,,4,,2.2475,,,,,4.1481,,,-5.5169,,,-6.2312,,,2.9638,,,-1.2009,,,-4.6302,,,2.2475,QC'd by DPISMR,property_value_missing,,C7H10ClN3,171.63,,2,3,0,0
44281,26748174,16757714,CC1/C=C/C=C/CC/C=C/C=C/C=C/C=C/C(CC2C(C(C[C@](O2)(CC(C(CCC(CC(CC(CC(=O)OC(C(C1O)C)C)O)O)O)O)O)O)O)C(=O)O)OC3C(C(C(C(O3)C)O)N)O,Inactive,0,,,Inactive,,,,,,,,,,4,,21.876,,,,,19.3757,,,14.2817,,,25.1974,,,38.0442,,,11.6779,,,25.4243,,,21.876,QC'd by Microsource,candidate_step3_property,,C47H75NO17,926.1,-0.2,12,18,3,0
44292,4260784,135448694,CC1=C(C(=O)NC(=N1)NC2=CC=C(C=C2)F)CCC(C)C,Inactive,0,,,Inactive,,,,,,,,,,4,,-11.8485,,,,,0.86,,,-11.8799,,,-1.0638,,,6.3527,,,-3.6025,,,-8.1092,,,-11.8485,QC'd by DPISMR,residual_possible_step4_or_definition_mismatch,,C16H20FN3O,289.35,3.3,2,3,5,0
44313,4260783,1258870,C1CN(CCN(C1)S(=O)(=O)N2CCOCC2)S(=O)(=O)N3CCOCC3,Inactive,0,,,Inactive,,,,,,,,,,4,,-9.6471,,,,,-7.4694,,,-9.3338,,,-14.0886,,,-14.361,,,-14.6857,,,2.8185,,,-9.6471,QC'd by DPISMR,candidate_step3_property,,C13H26N4O6S2,398.5,-2.0,0,10,4,0
44332,4240391,3235496,COC1=CC=C(C=C1)NC2=NC=C3C(=N2)N(C(=O)C(=N3)C4=CC=CS4)CC5=CC(=CC=C5)OC,Inactive,0,,,Inactive,,,,,,,,,,4,,-16.4973,,,,,-12.3553,,,-17.8545,,,-0.2898,,,-18.7268,,,-26.4788,,,-14.9448,,,-16.4973,QC'd by Pharmacopeia,residual_possible_step4_or_definition_mismatch,,C25H21N5O3S,471.5,4.5,1,8,7,0
44372,26748171,16757711,CC(=O)OCC(/C=C/CCCCCCCCCCCC=C)O,Inactive,0,,,Inactive,,,,,,,,,,4,,-19.9727,,,,,13.635,,,-5.4057,,,22.387,,,14.195,,,20.1788,,,29.9618,,,-19.9727,QC'd by Microsource,candidate_step3_property,,C19H34O3,310.5,6.2,1,3,16,0
44389,26748172,23713220,CC1=C(C=CC2=C1OC(=O)C(=C2[O-])NC(=O)C3=CC(=C(C=C3)O)CC=C(C)C)O[C@H]4C([C@H](C(C(O4)(C)C)OC)OC(=O)N)O.[Na+],Inactive,0,,,Inactive,,,,,,,,,,4,,14.4489,,,,,18.3642,,,7.8303,,,19.9328,,,18.2724,,,24.3505,,,13.5829,,,14.4489,QC'd by Microsource,candidate_step1_inorganic,Na,C31H35N2NaO11,634.6,,4,11,9,0
44401,4240412,3235517,C1CN(CCC12CCN(CC2)C(=O)C3=CC(=CC(=C3)C(F)(F)F)C(F)(F)F)C4=CC=CC=C4,Inactive,0,,,Inactive,,,,,,,,,,4,,11.2588,,,,,4.8513,,,6.8563,,,-12.6288,,,3.8122,,,12.4359,,,13.7409,,,11.2588,QC'd by Pharmacopeia,candidate_step3_property,,C24H24F6N2O,470.4,6.1,0,8,2,0
44588,7968446,5309409,CCC1=CC=C(C=C1)NC(=O)CSC2=NN=C(N2C3=CC=C(C=C3)F)CC4=CC=CN4C,Inactive,0,,,Inactive,,,,,,,,,,4,,-17.5031,,,,,12.1909,,,14.9393,,,-1.8954,,,-1.8125,,,-10.3681,,,6.138,,,-17.5031,QC'd by DPISMR,residual_possible_step4_or_definition_mismatch,,C24H24FN5OS,449.5,4.5,1,5,8,0
44622,842827,135450610,CC1=CC(=C(C=C1)C)CN2C3=C(C(=O)NC(=N3)C4CCCN(C4)C(=O)C5CCCCC5)N=N2,Inactive,0,,,Inactive,,,,,,,,,,4,,19.3925,,,,,15.5633,,,9.8142,,,-13.7379,,,2.0472,,,3.6289,,,6.9647,,,19.3925,QC'd by DPISMR,residual_possible_step4_or_definition_mismatch,,C25H32N6O2,448.6,3.5,1,5,4,0
44627,26748188,92863,CC(C)([C@@H](C(=O)O)N)S,Inactive,0,,,Inactive,,,,,,,,,,4,,7.9276,,,,,12.2806,,,4.5532,,,3.865,,,19.3356,,,-6.5395,,,9.0636,,,7.9276,QC'd by Microsource,candidate_step3_property,,C5H11NO2S,149.21,-1.800,3,4,2,0
44714,26748146,16757704,CN1C(=NN=N1)SCC2=C(N3C([C@](C3=O)(NC(=O)C(C4=CC=C(C=C4)O)C(=O)[O-])OC)OC2)C(=O)[O-].[Na+].[Na+],Inactive,0,,,Inactive,,,,,,,,,,4,,14.6857,,,,,33.4392,,,-4.477,,,-3.213,,,34.8359,,,-6.5837,,,11.11,,,14.6857,QC'd by Microsource,candidate_step1_inorganic,Na,C20H18N6Na2O9S,564.4,,2,13,7,0
44748,26748144,68553,C1=CC(=C(C=C1Cl)Cl)COC(CN2C=CN=C2)C3=C(C=C(C=C3)Cl)Cl.[N+](=O)(O)[O-],Inactive,0,,,Inactive,,,,,,,,,,4,,-3.6954,,,,,33.2523,,,-9.628,,,9.13,,,25.8484,,,19.9444,,,26.7207,,,-3.6954,QC'd by Microsource,property_value_missing,,C18H15Cl4N3O4,479.1,,1,5,6,0
44758,4263964,2983542,CC1=CC=C(C=C1)NC2=NC(=NC(=N2)OC3=NN=C(C=C3)OCC4=CC=CC=C4)N5CCOCC5,Inactive,0,,,Inactive,,,,,,,,,,4,,-12.9827,,,,,25.3718,,,10.5191,,,9.4205,,,6.6037,,,5.6177,,,-16.5905,,,-12.9827,QC'd by DPISMR,candidate_step3_property,,C25H25N7O3,471.5,4.2,1,10,8,0
44825,852625,655262,CCOC1=CC2=C(C=C1)NC(=O)C(=C2)CN(CCO)C3(CCCCC3)C4=NN=NN4C5CCCCC5,Inactive,0,,,Inactive,,,,,,,,,,4,,-17.0839,,,,,-3.8864,,,3.9123,,,-0.0394,,,5.9333,,,13.8493,,,-16.8116,,,-17.0839,QC'd by DPISMR,residual_possible_step4_or_definition_mismatch,,C27H38N6O3,494.6,3.3,2,7,9,0
44833,4247389,3241605,CC1=C(C(=NN1CC2=CC(=C(C=C2)Cl)Cl)C)NC(=O)C3=NOC4=C3CCCCC4,Inactive,0,,,Inactive,,,,,,,,,,4,,34.0686,,,,,30.6621,,,28.7699,,,35.4795,,,28.3408,,,32.5376,,,49.3202,,,34.0686,QC'd by DPISMR,candidate_step3_property,,C21H22Cl2N4O2,433.3,5.3,1,4,4,0
44864,3714945,2999022,CCN1C2=CC=CC=C2N=C1SCC3=NC4=C(C(=C(S4)C(=O)OCC)C)C(=O)N3,Inactive,0,,,Inactive,,,,,,,,,,4,,-16.0354,,,,,7.9775,,,1.1434,,,4.3159,,,4.271,,,4.4886,,,1.4456,,,-16.0354,QC'd by DPISMR,residual_possible_step4_or_definition_mismatch,,C20H20N4O3S2,428.5,4.0,1,7,7,0
44887,7965177,5307467,CCOC1=CC=CC=C1N2CN3C(=O)CC(C(=C3SC2)C#N)C4=C(C=CC5=CC=CC=C54)OC,Inactive,0,,,Inactive,,,,,,,,,,4,,-15.2407,,,,,-5.3737,,,2.0361,,,-3.8068,,,-4.4685,,,0.0025,,,-13.4437,,,-15.2407,QC'd by DPISMR,candidate_step3_property,,C27H25N3O3S,471.6,5.1,0,6,5,0
45062,26748158,5152597,C1C(C(OC2=CC(=CC(=C21)O)O)C3=CC(=C(C(=C3C4=C(C(=C(C=C4C5C(CC6=C(C=C(C=C6O5)O)O)OC(=O)C7=CC(=C(C(=C7)O)O)O)O)O)O)O)O)O)OC(=O)C8=CC(=C(C(=C8)O)O)O,Inactive,0,,,Inactive,,,,,,,,,,4,,-29.8681,,,,,-26.0041,,,-5.34,,,3.9682,,,-17.4983,,,0.8416,,,-1.9606,,,-29.8681,QC'd by Microsource,candidate_step3_property,,C44H34O22,914.7,4.2,16,22,9,0
45086,842801,135450606,C1=CC=C2C(=C1)C(=O)NC(=N2)CSC3=NC=C(N3CC4=CC=CO4)C5=CC=C(C=C5)F,Inactive,0,,,Inactive,,,,,,,,,,4,,-8.2798,,,,,-6.0754,,,0.4229,,,7.8145,,,7.4068,,,9.2575,,,-11.8756,,,-8.2798,QC'd by DPISMR,residual_possible_step4_or_definition_mismatch,,C23H17FN4O2S,432.5,3.8,1,6,6,0
45094,26748156,938,C1=CC(=CN=C1)C(=O)O,Inactive,0,,,Inactive,,,,,,,,,,4,,-22.679,,,,,21.9371,,,-14.0968,,,-39.2524,,,-14.2728,,,12.8414,,,20.5399,,,-22.679,QC'd by Microsource,candidate_step3_property,,C6H5NO2,123.11,0.400,1,3,1,0
45169,17388690,1140,CC1=CC=CC=C1,Inactive,0,,,Inactive,,,,,,,,,,4,,-10.0129,,10.6208,1.0695,,-11.6274,11.4789,,3.1213,-11.1786,,4.4923,2.2233,,-1.8366,5.8467,,7.6208,-17.985,,-8.0619,-11.8494,,-10.0129,QC'd by NIEHS/NTP,candidate_step3_property,,C7H8,92.14,2.700,0,0,0,0
45185,17388689,638186,C(=C/Cl)\Cl,Inactive,0,,,Activator,0.0631,17.5,,Complete curve; partial efficacy; poor fit,-7.2,1.6266,0.7935,28,10.5,1.4,0 0 0 0 0 0 0 0 0 1 0 1 0 0 0,25.6493,,9.736,8.8074,,17.2199,11.7675,,6.8775,16.9404,,18.9799,34.4332,,27.8034,37.116,,28.9731,17.0528,,29.8601,22.7183,,25.6493,QC'd by NIEHS/NTP,candidate_step3_property,,C2H2Cl2,96.94,1.900,0,0,0,0
45219,17388691,8030,C1=CSC=C1,Inactive,0,,,Inactive,,,,,,,,,,4,,0.6715,,-0.0427,-2.8199,,-7.058,-9.8986,,-8.0551,-2.9545,,-55.4337,3.5564,,-2.9624,0.1794,,-2.33,-5.8068,,12.1022,1.4123,,0.6715,QC'd by NIEHS/NTP,candidate_step3_property,,C4H4S,84.14,1.800,0,1,0,0
45279,3715048,2547019,C1=CC=C(C(=C1)C(=O)CSC2=NN=C(N2CC3=CC=CO3)COC4=CC=C(C=C4)Cl)F,Inactive,0,,,Inactive,,,,,,,,,,4,,8.813,,,,,-5.6525,,,-1.6783,,,-8.3338,,,-0.1483,,,-21.4893,,,0.0586,,,8.813,QC'd by DPISMR,residual_possible_step4_or_definition_mismatch,,C22H17ClFN3O3S,457.9,4.6,0,7,9,0
45282,17388687,638015,CC1=C(C(CCC1)(C)C)/C=C/C(=C/C=C/C(=C/C=O)/C)/C,Inactive,0,,,Inactive,,,,,,,,,,4,,7.359,,-6.0928,-10.8899,,-1.8406,1.6842,,-18.1758,11.0686,,0.4711,-0.0839,,-1.8501,7.0112,,0.1596,2.0673,,-3.2259,-12.9329,,7.359,QC'd by NIEHS/NTP,candidate_step3_property,,C20H28O,284.4,6.200,0,1,5,0
45371,4264059,135399523,CC1=C2C=C(C=CC2=NC(=N1)NC3=NC(=C(C(=O)N3)CCC(C)C)C)OC,Inactive,0,,,Inactive,,,,,,,,,,4,,-13.2725,,,,,-15.8352,,,-14.6025,,,-13.4017,,,-2.4484,,,-13.2785,,,-17.6328,,,-13.2725,QC'd by DPISMR,residual_possible_step4_or_definition_mismatch,,C20H25N5O2,367.4,3.5,2,5,6,0
45399,17388680,11776,C1=CC=C(C=C1)P(C2=CC=CC=C2)C3=CC=CC=C3,Inactive,0,,,Inactive,,,,,,,,,,4,,18.0819,,12.5438,10.1247,,10.2185,15.7764,,12.1674,9.5782,,-3.0531,9.7952,,10.8598,12.5156,,17.465,10.2798,,15.6569,26.0787,,18.0819,QC'd by NIEHS/NTP,residual_possible_step4_or_definition_mismatch,,C18H15P,262.3,4.6,0,0,3,0
45410,4240319,3235425,C1=CC=C(C(=C1)C2=NC3=CC=CC=C3C(=N2)NCC4=CC=CS4)C(F)(F)F,Inactive,0,,,Inactive,,,,,,,,,,4,,14.6191,,,,,6.9356,,,5.9969,,,5.4353,,,10.3647,,,3.4971,,,2.0221,,,14.6191,QC'd by Pharmacopeia,candidate_step3_property,,C20H14F3N3S,385.4,5.6,1,7,4,0
45416,26748110,64713,CC1=CC(=CC=C1)CN2CCN(CC2)C(C3=CC=CC=C3)C4=CC=C(C=C4)Cl.Cl.Cl,Inactive,0,,,Inactive,,,,,,,,,,4,,-21.6338,,,,,5.7605,,,7.2594,,,-2.8666,,,16.5417,,,-13.1535,,,-1.7594,,,-21.6338,QC'd by Microsource,property_value_missing,,C25H29Cl3N2,463.9,,2,2,5,0
45445,17388707,6410,CC(C)(C)OO,Inactive,0,,,Inactive,,,,,,,,,,4,,4.5935,,-27.0423,-7.0645,,-3.2153,-18.1189,,-18.1751,25.016,,9.6723,-30.2111,,-18.4474,-26.12,,-36.368,-25.4765,,-30.9063,-17.6575,,4.5935,QC'd by NIEHS/NTP,candidate_step3_property,,C4H10O2,90.12,0.6,1,2,1,0
45451,26748127,4101,C1N2CN3CN1CN(C2)C3,Inactive,0,,,Inactive,,,,,,,,,,4,,19.7205,,,,,10.6401,,,16.1507,,,13.4902,,,21.1336,,,-8.4097,,,20.899,,,19.7205,QC'd by Microsource,candidate_step3_property,,C6H12N4,140.19,0.3,0,4,0,0
45459,26748131,1349907,CN1C=CNC1=S,Inactive,0,,,Inactive,,,,,,,,,,4,,7.4284,,,,,18.684,,,-0.0919,,,-13.8565,,,14.9068,,,3.9145,,,8.1361,,,7.4284,QC'd by Microsource,candidate_step3_property,,C4H6N2S,114.17,-0.300,1,1,0,0
45462,17388708,6410,CC(C)(C)OO,Inactive,0,,,Inactive,,,,,,,,,,4,,8.6818,,12.5761,-3.3554,,4.5534,8.4353,,10.1748,-10.1057,,9.9748,-5.592,,-14.936,22.8133,,-13.966,13.7578,,9.5415,1.8849,,8.6818,QC'd by NIEHS/NTP,candidate_step3_property,,C4H10O2,90.12,0.6,1,2,1,0
45541,17388705,6618,CC(C)(C1=CC(=C(C(=C1)Br)O)Br)C2=CC(=C(C(=C2)Br)O)Br,Inactive,0,,,Inactive,,,,,,,,,,4,,-32.1416,,-19.3291,-9.032,,-1.6197,-5.5677,,-11.4847,8.7081,,-13.996,-4.9116,,-15.5503,-37.5989,,0.6448,-17.6899,,-20.3103,-5.3256,,-32.1416,QC'd by NIEHS/NTP,candidate_step3_property,,C15H12Br4O2,543.9,6.8,2,2,2,0
45551,17388704,62753,CC(C)(C1=CC(=C(C(=C1)Br)OCC(CBr)Br)Br)C2=CC(=C(C(=C2)Br)OCC(CBr)Br)Br,Inactive,0,,,Inactive,,,,,,,,,,4,,16.2165,,26.1694,10.2025,,1.9617,12.5786,,10.5233,-0.3223,,12.2445,19.5183,,10.1285,21.5427,,9.4568,25.8626,,-12.0517,9.2839,,16.2165,QC'd by NIEHS/NTP,candidate_step3_property,,C21H20Br8O2,943.6,10.6,0,2,10,0
45589,17388699,28803,C=CC(=O)OCCOCCOCCOCCOC(=O)C=C,Inactive,0,,,Inactive,,,,,,,,,,4,,2.2112,,19.548,4.4795,,-1.4397,-2.5213,,0.2819,3.0104,,-3.3574,-10.2801,,2.3131,8.6527,,1.9269,2.5815,,-9.7538,-65.2711,,2.2112,QC'd by NIEHS/NTP,candidate_step3_property,,C14H22O7,302.32,0.7,0,7,16,0
45609,17388700,28803,C=CC(=O)OCCOCCOCCOCCOC(=O)C=C,Inactive,0,,,Inactive,,,,,,,,,,4,,18.6824,,0.4602,0.1381,,1.1632,20.5976,,0.8707,-8.4222,,-6.1895,18.071,,6.5044,9.199,,-1.1863,14.5554,,6.0402,9.4233,,18.6824,QC'd by NIEHS/NTP,candidate_step3_property,,C14H22O7,302.32,0.7,0,7,16,0
45654,17388695,2734117,CCCCCCCC[N+](CCCCCCCC)(CCCCCCCC)CCCCCCCC.[Br-],Inactive,0,,,Inactive,,,,,,,,,,4,,-21.3567,,1.8707,1.8927,,-22.7534,2.1572,,-1.956,4.9427,,3.3615,-10.5943,,-1.1507,-17.9149,,-19.8766,-17.8656,,-5.7933,-12.7806,,-21.3567,QC'd by NIEHS/NTP,property_value_missing,,C32H68BrN,546.8,,0,1,28,0
45671,17388696,8404,C1CCC2=CC=CC=C2C1,Inactive,0,,,Inactive,,,,,,,,,,4,,11.3128,,21.654,-7.3675,,10.9368,14.292,,-0.4173,12.5034,,3.7379,17.4674,,6.4434,16.2958,,7.7706,-29.3687,,-3.332,-9.1414,,11.3128,QC'd by NIEHS/NTP,candidate_step3_property,,C10H12,132.20,3.500,0,0,0,0
45691,26748080,16757691,CCCCCC(=O)O[C@]1(CCC2[C@]1(CCC3C2CCC4=CC(=O)CC[C@@]34C)C)C(=O)C,Inactive,0,,,Inactive,,,,,,,,,,4,,5.6519,,,,,10.4535,,,-2.5032,,,10.7681,,,27.6883,,,1.7424,,,10.3533,,,5.6519,QC'd by Microsource,candidate_step3_property,,C27H40O4,428.6,5.700,0,4,7,0
45896,4256340,1300622,CC1=CC=C(C=C1)N2C(=C(SC2=S)C3=NC4=CC=CC=C4N3C)N,Inactive,0,,,Inactive,,,,,,,,,,4,,-20.6832,,,,,-7.8944,,,-10.5624,,,-12.924,,,-1.3345,,,-10.4836,,,-8.3271,,,-20.6832,QC'd by DPISMR,residual_possible_step4_or_definition_mismatch,,C18H16N4S2,352.5,3.7,1,4,2,0
45969,4256369,2067268,CCOC(=O)C1=CN=C(N=C1N)SCC2=NC(=NC(=N2)NC3=CC=CC=C3)N,Inactive,0,,,Inactive,,,,,,,,,,4,,-19.0086,,,,,-10.9548,,,5.8574,,,12.0147,,,4.4216,,,9.4766,,,-9.9244,,,-19.0086,QC'd by DPISMR,candidate_step3_property,,C17H18N8O2S,398.4,2.6,3,11,8,0
45975,26748096,16757693,C1[C@@H]([C@H](C(C(C1N)O[C@H]2C(C(C(C(O2)CN)O)O)O)O)O[C@@H]3C(C(C(C(O3)CO)O)N)O)N.OS(=O)(=O)O,Inactive,0,,,Inactive,,,,,,,,,,4,,9.2208,,,,,-1.1544,,,-17.8329,,,-5.1888,,,8.6613,,,0.5824,,,4.0384,,,9.2208,QC'd by Microsource,property_value_missing,,C18H38N4O15S,582.6,,13,19,6,0
45983,17388673,66449,C1=CC(=CC=C1CCN)O.Cl,Inactive,0,,,Inactive,,,,,,,,,,4,,13.5256,,17.998,8.7305,,10.7062,13.8162,,1.4639,-10.0453,,-7.9745,7.3312,,-5.4953,18.3182,,11.4515,4.7879,,4.3905,4.8658,,13.5256,QC'd by NIEHS/NTP,property_value_missing,,C8H12ClNO,173.64,,3,2,2,0
46000,17388674,33133,CC1=CC(=CC(=C1)OP(=O)(OC2=CC(=CC(=C2)C)C)OC3=CC(=CC(=C3)C)C)C,Inactive,0,,,Activator,15.8489,50.2694,,Partial curve; partial efficacy; poor fit,-4.8,1.6924,0.7891,50.663,0.3936,2.4,1 0 0 0 0 1 0 0 0 0 0 0 1 0 0,45.7515,,25.2761,-4.5163,,6.3914,6.7768,,3.8307,52.7941,,-5.604,0.5958,,9.3471,-19.5202,,9.9562,6.2076,,-20.8429,34.9089,,45.7515,QC'd by NIEHS/NTP,candidate_step3_property,,C24H27O4P,410.4,7.2,0,4,6,0
46018,26748102,135430812,C1C(N(C2=C(N1)N=C(NC2=O)N)C=O)CNC3=CC=C(C=C3)C(=O)NC(CCC(=O)[O-])C(=O)[O-].[Ca+2],Inactive,0,,,Inactive,,,,,,,,,,4,,9.4474,,,,,0.6401,,,-11.1731,,,-0.096,,,1.5394,,,-4.1454,,,-26.1068,,,9.4474,QC'd by Microsource,candidate_step1_inorganic,Ca,C20H21CaN7O7,511.5,,5,10,7,0
46021,17388670,61186,CCCCC(=O)Cl,Inactive,0,,,Inactive,,,,,,,,,,4,,5.0109,,-36.024,-4.016,,15.3194,3.2983,,-5.9065,-17.3752,,-8.1439,1.3123,,4.0134,-2.5589,,6.2844,-9.7897,,-16.6268,-7.8454,,5.0109,QC'd by NIEHS/NTP,candidate_step3_property,,C5H9ClO,120.58,2.400,0,1,3,0
46039,17388671,8061,CCCCC#N,Inactive,0,,,Inactive,,,,,,,,,,4,,19.1291,,-3.7698,-2.2074,,14.6559,11.1843,,-9.374,16.513,,0.4089,12.5828,,3.9819,7.6979,,12.3877,13.536,,20.5586,10.855,,19.1291,QC'd by NIEHS/NTP,candidate_step3_property,,C5H9N,83.13,1.100,0,1,2,0
46054,852534,655158,CCC(=O)N(CC1=CC2=C(C=C(C(=C2)C)C)NC1=O)C3CCCCC3,Inactive,0,,,Inactive,,,,,,,,,,4,,-17.1145,,,,,-9.936,,,-13.1298,,,-9.198,,,-6.3425,,,-6.9581,,,-8.4898,,,-17.1145,QC'd by DPISMR,residual_possible_step4_or_definition_mismatch,,C21H28N2O2,340.5,3.6,1,2,4,0
46055,26748100,16757696,C(C1C(C(C([C@H](O1)OC2C(O[C@](C2O)(CO)O)CO)O)O)O)O,Inactive,0,,,Inactive,,,,,,,,,,4,,4.4339,,,,,1.1643,,,1.0841,,,14.0628,,,13.1026,,,7.9994,,,-1.2627,,,4.4339,QC'd by Microsource,candidate_step3_property,,C12H22O11,342.30,-4.300,8,11,5,0
46060,17388668,62969,CC(C)C(CCCN(C)CCC1=CC(=C(C=C1)OC)OC)(C#N)C2=CC(=C(C=C2)OC)OC.Cl,Inactive,0,,,Inactive,,,,,,,,,,4,,11.2315,,21.6432,5.3155,,33.9379,17.7212,,25.3853,1.915,,16.5608,17.2712,,10.4245,29.0676,,5.4697,23.6506,,17.688,26.0059,,11.2315,QC'd by NIEHS/NTP,property_value_missing,,C27H39ClN2O4,491.1,,1,6,13,0
46068,4244822,135468397,CCOC(=O)CC(=O)CSC1=NC2=C(C(=O)N1)SC(=S)N2C3=CC=CC=C3,Inactive,0,,,Inactive,,,,,,,,,,4,,-9.8456,,,,,1.9831,,,2.8266,,,5.8267,,,-8.0424,,,5.7367,,,-2.1356,,,-9.8456,QC'd by DPISMR,residual_possible_step4_or_definition_mismatch,,C17H15N3O4S3,421.5,2.9,1,8,8,0
46095,17388666,7529,CC1=CC(=CC=C1)C=C,Inactive,0,,,Inactive,,,,,,,,,,4,,14.663,,7.0261,-3.1125,,-5.3998,6.478,,-3.5578,5.39,,1.2028,-1.7246,,5.0855,11.5305,,1.5642,-9.6729,,-16.5329,-11.8373,,14.663,QC'd by NIEHS/NTP,candidate_step3_property,,C9H10,118.18,3.600,0,0,1,0
46140,17388665,5280795,C[C@H](CCCC(C)C)[C@H]1CC[C@@H]\2[C@@]1(CCC/C2=C\C=C/3\C[C@H](CCC3=C)O)C,Inactive,0,,,Inactive,,,,,,,,,,4,,12.9925,,9.943,-1.9677,,5.6241,10.8237,,15.1884,-24.4726,,15.0214,2.648,,7.6943,-7.7978,,13.2113,-1.8707,,8.1809,12.5715,,12.9925,QC'd by NIEHS/NTP,candidate_step3_property,,C27H44O,384.6,7.9,1,1,6,0
46267,26748043,122824,CCN(CC)C(C)CN1C2=CC=CC=C2SC3=CC=CC=C31.Cl,Inactive,0,,,Activator,0.0398,22,,Complete curve; partial efficacy; poor fit,-7.4,3.5117,0.4774,26.5,4.5,1.4,1 0 0 0 0 0 0,9.9897,,,,,39.401,,,5.8335,,,25.2075,,,33.5294,,,28.0282,,,33.5209,,,9.9897,QC'd by Microsource,property_value_missing,,C19H25ClN2S,348.9,,1,3,5,0
46338,848776,651231,CCC1=CC2=C(C=C1)NC(=O)C(=C2)CN(CCN(CC)CC)C(=O)NC3CCCCC3,Inactive,0,,,Inactive,,,,,,,,,,4,,-10.8352,,,,,4.7428,,,1.0978,,,4.6212,,,9.5107,,,-3.1463,,,2.2324,,,-10.8352,QC'd by DPISMR,residual_possible_step4_or_definition_mismatch,,C25H38N4O2,426.6,3.800,2,3,9,0
46376,4260658,2212701,CC1=CC=C(C=C1)C2=CSC3=NN=C(N23)SCC(=O)NC4=NSC(=N4)C5=CC=CC=C5,Inactive,0,,,Inactive,,,,,,,,,,4,,-8.1494,,,,,-2.4716,,,9.166,,,2.6694,,,-10.7848,,,-7.1464,,,-11.3003,,,-8.1494,QC'd by DPISMR,candidate_step3_property,,C21H16N6OS3,464.6,5.9,1,8,6,0
46402,842972,645250,C1CC2=CC=CC=C2N(C3=CC=CC=C31)C(=O)CSC4=NN=C(O4)C5=CNC6=CC=CC=C65,Inactive,0,,,Inactive,,,,,,,,,,4,,-17.9737,,,,,4.9622,,,6.6513,,,8.2806,,,2.1082,,,-2.4143,,,-3.9588,,,-17.9737,QC'd by DPISMR,candidate_step3_property,,C26H20N4O2S,452.5,5.3,1,5,4,0
46489,26748058,16757685,CC(C1CC[C@@H]([C@H](O1)OC2C(C[C@@H]([C@H](C2O)OC3[C@@H](C([C@@](CO3)(C)O)NC)O)N)N)N)NC.OS(=O)(=O)O,Inactive,0,,,Inactive,,,,,,,,,,4,,11.5931,,,,,30.8449,,,-1.3072,,,-11.1533,,,12.8929,,,-15.57,,,3.2925,,,11.5931,QC'd by Microsource,property_value_missing,,C21H45N5O11S,575.7,,10,16,7,0
46522,4240534,3235630,CCOC(=O)CSC1=NC2=C(C(=O)N1CC3=CC=CO3)SC(=S)N2CCC4=CC=CC=C4,Inactive,0,,,Inactive,,,,,,,,,,4,,-3.9768,,,,,-4.9897,,,-14.7256,,,-9.1103,,,-9.8454,,,-4.6028,,,-10.5183,,,-3.9768,QC'd by DPISMR,residual_possible_step4_or_definition_mismatch,,C22H21N3O4S3,487.6,4.2,0,8,10,0
46579,26748056,16757684,CC1[C@@H]2CC[C@@]3(C([C@@]2(CCC1O)C)C(C[C@@H]\4[C@]3(CC(/C4=C(\CCC=C(C)C)/C(=O)O)OC(=O)C)C)O)C,Inactive,0,,,Inactive,,,,,,,,,,4,,6.7538,,,,,36.9375,,,-7.0394,,,19.8988,,,33.112,,,7.445,,,10.5954,,,6.7538,QC'd by Microsource,candidate_step3_property,,C31H48O6,516.7,5.5,3,6,6,0
46599,4240544,3235640,CCCSC1=NC(=C(C=C1C#N)C2=CSC(=N2)C(=C3CCCC3)C#N)C,Inactive,0,,,Inactive,,,,,,,,,,4,,9.4583,,,,,-6.9794,,,0.5838,,,4.8767,,,2.3001,,,-11.8189,,,-4.996,,,9.4583,QC'd by DPISMR,residual_possible_step4_or_definition_mismatch,,C20H20N4S2,380.5,4.6,0,6,5,0
46625,848788,651241,C1CCC(C1)N2C(=NN=N2)C(C3=CC=CS3)N4CCC(CC4)CC5=CC=CC=C5,Inactive,0,,,Inactive,,,,,,,,,,4,,-1.436,,,,,-4.8362,,,-16.8713,,,3.4156,,,-1.0441,,,-7.9123,,,-0.0287,,,-1.436,QC'd by DPISMR,residual_possible_step4_or_definition_mismatch,,C23H29N5S,407.6,4.7,0,5,6,0
46713,4251731,3245383,CC1CCN(CC1)C2=NC(=CC(=N2)C(F)(F)F)C3=CC(=CC=C3)OC,Inactive,0,,,Activator,1.5849,24.5,,Complete curve; partial efficacy; poor fit,-5.8,0.9,0.8888,30.5,6,1.4,1 0 0 0 0 0 0,27.4899,,,,,24.896,,,3.3951,,,12.5233,,,11.6029,,,17.6431,,,31.0794,,,27.4899,QC'd by DPISMR,residual_possible_step4_or_definition_mismatch,,C18H20F3N3O,351.4,4.5,0,7,3,0
46868,842940,645211,CC1=CC=C(C=C1)N2CCN(C2C3=CC=NC=C3)C4=CC=C(C=C4)C,Inactive,0,,,Inactive,,,,,,,,,,4,,15.8098,,,,,-9.4024,,,25.0839,,,6.4951,,,13.4737,,,2.0697,,,19.216,,,15.8098,QC'd by DPISMR,residual_possible_step4_or_definition_mismatch,,C22H23N3,329.4,4.9,0,3,3,0
46931,26748013,5702046,C(CN(CC(=O)O)CC(=O)O)N(CC(=O)O)CC(=O)O.[Na+].[Na+].[Na+],Inactive,0,,,Inactive,,,,,,,,,,4,,-6.1831,,,,,-9.4481,,,-14.9039,,,4.9753,,,-3.8945,,,2.4717,,,2.5472,,,-6.1831,QC'd by Microsource,candidate_step1_inorganic,Na,C10H16N2Na3O8+3,361.21,,4,10,11,3
46976,26748027,16757675,CCC1[C@@](C([C@@H](C(=O)C(C[C@]([C@@H](C([C@@H](C(C(=O)O1)C)O[C@H]2C[C@@](C(C(O2)C)O)(C)OC)C)O[C@H]3C(C(CC(O3)C)N(C)C)O)(C)O)C)C)O)(C)O,Inactive,0,,,Inactive,,,,,,,,,,4,,12.6129,,,,,26.1232,,,-2.6718,,,9.236,,,24.9205,,,21.3503,,,4.4592,,,12.6129,QC'd by Microsource,candidate_step3_property,,C37H67NO13,733.9,2.700,5,14,7,0
47040,26748023,16757674,CC(C)C(C)/C=C/C(C)C1CC[C@@H]\2[C@]1(CCC/C2=C\C=C/3\CC(CCC3=C)O)C,Inactive,0,,,Inactive,,,,,,,,,,4,,0.8206,,,,,-0.3761,,,-22.3241,,,-18.798,,,14.6229,,,-2.4215,,,0.9751,,,0.8206,QC'd by Microsource,candidate_step3_property,,C28H44O,396.6,7.4,1,1,5,0
47122,26748033,16395904,CCCCC(=O)OC1CCC2[C@@]1(CCC3C2CCC4=C3C=CC(=C4)O)C,Inactive,0,,,Inactive,,,,,,,,,,4,,18.1102,,,,,36.7398,,,4.0278,,,7.106,,,20.493,,,11.3869,,,7.3898,,,18.1102,QC'd by Microsource,candidate_step3_property,,C23H32O3,356.5,6.000,1,3,5,0
47164,26748031,16757677,C[C@]12CCC3C(C1CCC2OC(=O)CCC4CCCC4)CCC5=C3C=CC(=C5)O,Inactive,0,,,Activator,0.0631,39.4842,,Complete curve; partial efficacy; poor fit,-7.2,2.8473,0.8614,24.3358,-15.1484,1.4,1 0 0 0 1 0 0,14.1199,,,,,40.3621,,,-13.8037,,,13.5313,,,32.0358,,,1.4773,,,27.7607,,,14.1199,QC'd by Microsource,candidate_step3_property,,C26H36O3,396.6,7.100,1,3,5,0
47295,4263927,2953653,CC1=NN=C2N1N=C(S2)C3=CC=C(C=C3)NC(=O)C4=CC=C(O4)C5=C(C=C(C=C5)Cl)Cl,Inactive,0,,,Inactive,,,,,,,,,,4,,-20.3999,,,,,-9.9646,,,4.8946,,,-2.1658,,,-14.3722,,,-10.6553,,,1.0639,,,-20.3999,QC'd by DPISMR,candidate_step3_property,,C21H13Cl2N5O2S,470.3,5.5,1,6,4,0
47319,860687,661964,C1CN(CCN1CC2=CC=CC=C2)C3=NC(=NC4=CC=CC=C43)C5=CC=CC=C5O,Inactive,0,,,Inactive,,,,,,,,,,4,,-9.8675,,,,,0.3869,,,-16.1964,,,-24.8302,,,-42.1316,,,-11.0177,,,-25.2151,,,-9.8675,QC'd by DPISMR,residual_possible_step4_or_definition_mismatch,,C25H24N4O,396.5,4.6,1,5,4,0
47365,4240465,3235570,C1CC2(CCN(CC2)C(=O)C3=CC(=CC=C3)F)CN(C1)C4=CC=CC(=C4)C5=CC=CC=C5,Inactive,0,,,Inactive,,,,,,,,,,4,,-19.6692,,,,,-13.6576,,,-23.0056,,,-21.1162,,,-26.4187,,,-9.8442,,,-29.8944,,,-19.6692,QC'd by Pharmacopeia,candidate_step3_property,,C28H29FN2O,428.5,6.0,0,3,3,0
47419,4260727,1264134,CCN1C(=NN=C1SCC2=CC(=C(C=C2)Cl)Cl)CN3N=C(N=N3)C4=CC=CC=C4,Inactive,0,,,Inactive,,,,,,,,,,4,,12.7413,,,,,4.5814,,,1.6221,,,7.851,,,-16.6174,,,1.5751,,,-5.512,,,12.7413,QC'd by DPISMR,residual_possible_step4_or_definition_mismatch,,C19H17Cl2N7S,446.4,4.8,0,6,7,0
47426,4244937,3239471,C1CCC2=C(CC1)ON=C2C(=O)N3CCN(CC3)C(C4=CC=CC=C4)C5=CC=CC=C5,Inactive,0,,,Inactive,,,,,,,,,,4,,19.9048,,,,,10.5278,,,17.9011,,,19.5777,,,28.223,,,12.536,,,46.1316,,,19.9048,QC'd by DPISMR,residual_possible_step4_or_definition_mismatch,,C26H29N3O2,415.5,4.9,0,4,4,0
47532,26747991,16757665,CC1[C@@H](C(C[C@@H](O1)O[C@H]2C(O[C@H](CC2O)O[C@H]3C(O[C@@H](CC3O)OC4CC[C@@]5([C@@H](C4)CCC6C5CC[C@]7([C@]6(CCC7C8=CC(=O)OC8)O)C)C)C)C)O)O,Inactive,0,,,Inactive,,,,,,,,,,4,,21.0986,,,,,10.7124,,,-26.5558,,,-3.7961,,,11.8799,,,15.466,,,10.2377,,,21.0986,QC'd by Microsource,candidate_step3_property,,C41H64O13,764.9,2.300,5,13,7,0
47561,26747993,16757666,CC1[C@@H](C(C[C@@H](O1)O[C@H]2C(O[C@H](CC2O)O[C@H]3C(O[C@@H](CC3O)OC4CC[C@@]5([C@@H](C4)CCC6C5CC([C@@]7([C@]6(CCC7C8=CC(=O)OC8)O)C)O)C)C)C)O)O,Inactive,0,,,Inactive,,,,,,,,,,4,,5.5676,,,,,4.1859,,,2.7711,,,16.2818,,,20.7236,,,-0.4313,,,21.0406,,,5.5676,QC'd by Microsource,candidate_step3_property,,C41H64O14,780.9,1.300,6,14,7,0
47598,4260715,543256,C1CC2=[N+](ON=C2C3(C1N(CC3)O)O)[O-],Inactive,0,,,Inactive,,,,,,,,,,4,,-0.9392,,,,,-4.7396,,,5.0342,,,3.133,,,2.7795,,,-0.0086,,,21.0071,,,-0.9392,QC'd by DPISMR,residual_possible_step4_or_definition_mismatch,,C8H11N3O4,213.19,-0.8,2,6,0,0
47637,26747997,16757669,CC1[C@](C(C(O1)O[C@H]2C(C([C@@H](C(C2O)O)N=C(N)N)O)N=C(N)N)OC3C(C(C(C(O3)CO)O)O)NC)(CO)O.OS(=O)(=O)O,Inactive,0,,,Inactive,,,,,,,,,,4,,10.4335,,,,,3.5201,,,5.0267,,,7.545,,,15.8603,,,13.5409,,,15.4604,,,10.4335,QC'd by Microsource,property_value_missing,,C21H43N7O16S,681.7,,15,19,9,0
47662,26747999,3081,CC1(C(=O)NC(=O)O1)C,Inactive,0,,,Inactive,,,,,,,,,,4,,4.5164,,,,,24.0884,,,-5.0588,,,-0.2699,,,20.0775,,,2.7682,,,-10.9975,,,4.5164,QC'd by Microsource,candidate_step3_property,,C5H7NO3,129.11,0.1,1,3,0,0
47703,842890,645163,CC1=CC2=C(C=C1C)NC(=O)C(=C2)CN(CC3=CC=CO3)C(=O)C4CCCCC4,Inactive,0,,,Inactive,,,,,,,,,,4,,-0.4104,,,,,4.0552,,,-8.3395,,,-3.5258,,,-2.6622,,,0.0364,,,-0.6319,,,-0.4104,QC'd by DPISMR,residual_possible_step4_or_definition_mismatch,,C24H28N2O3,392.5,4.0,1,3,5,0
47817,26747944,5702027,CCC(C)C1C(=O)NC(C(=O)NC(C(=O)NC(C(=O)NC(C(=O)NCCC(C(=O)NC(C(=O)N1)CCNCS(=O)(=O)[O-])NC(=O)C(CCNCS(=O)(=O)[O-])NC(=O)C(C(C)O)NC(=O)C(CCNCS(=O)(=O)[O-])NC(=O)CCCCC(C)C)C(C)O)CCNCS(=O)(=O)[O-])CCNCS(=O)(=O)[O-])C(C)CC.[Na+].[Na+].[Na+].[Na+].[Na+],Inactive,0,,,Inactive,,,,,,,,,,4,,19.5735,,,,,3.7558,,,-8.9531,,,16.4867,,,20.5046,,,2.3144,,,19.8729,,,19.5735,QC'd by Microsource,candidate_step1_inorganic,Na,C57H103N16Na5O28S5,1735.8,,18,33,38,0
47979,26747950,27503,C1=CC2=C(C(=C1)OCC(COC3=CC=CC4=C3C(=O)C=C(O4)C(=O)[O-])O)C(=O)C=C(O2)C(=O)[O-].[Na+].[Na+],Inactive,0,,,Inactive,,,,,,,,,,4,,17.1795,,,,,16.0225,,,12.1357,,,-5.9241,,,17.2649,,,2.4279,,,17.7342,,,17.1795,QC'd by Microsource,candidate_step1_inorganic,Na,C23H14Na2O11,512.3,,1,11,6,0
47984,4251676,3245331,CC1=CC=C(C=C1)N2C(=NN=C2SCC(=O)NC3CCCCC3)CC4=CC=CN4C,Inactive,0,,,Inactive,,,,,,,,,,4,,14.7079,,,,,20.1987,,,9.5298,,,10.3223,,,8.042,,,19.0993,,,12.7125,,,14.7079,QC'd by DPISMR,residual_possible_step4_or_definition_mismatch,,C23H29N5OS,423.6,4.2,1,4,7,0
48074,7968684,4256680,CC1=CC=C(C=C1)C2=NC(=NS2)NC(=O)CSC3=NN=C4N3C(=CS4)C5=CC=CC=C5,Inactive,0,,,Inactive,,,,,,,,,,4,,-3.9199,,,,,-4.2538,,,7.772,,,5.3429,,,3.4713,,,-1.5507,,,2.4982,,,-3.9199,QC'd by DPISMR,candidate_step3_property,,C21H16N6OS3,464.6,5.9,1,8,6,0
48234,26747967,62881,CC(=O)N(CCCCCNC(=O)CCC(=O)N(CCCCCNC(=O)CCC(=O)N(CCCCCN)O)O)O.CS(=O)(=O)O,Inactive,0,,,Inactive,,,,,,,,,,4,,-14.3142,,,,,-7.5838,,,-11.4153,,,-20.07,,,2.3905,,,0.7743,,,4.2872,,,-14.3142,QC'd by Microsource,property_value_missing,,C26H52N6O11S,656.8,,7,12,23,0
48244,4247643,3241824,COC1=CC=CC=C1N2C3=C(C(=O)N(C(=N3)SC)CC4=CC=CO4)SC2=S,Inactive,0,,,Inactive,,,,,,,,,,4,,-15.3661,,,,,-5.7465,,,-0.6538,,,8.2303,,,5.0319,,,1.4008,,,0.0514,,,-15.3661,QC'd by DPISMR,residual_possible_step4_or_definition_mismatch,,C18H15N3O3S3,417.5,3.5,0,7,5,0
48245,26752379,16758866,CC1=C(C(N2C(=C(C([C@](C2=O)(C(=O)OC)O)C3=CC=CC=C3)C(=O)C4=CC=CC=C4)N1CC5=CC=CC=C5)C6=CC=CC=C6)C(=O)OC,Inactive,0,,,Inactive,,,,,,,,,,4,,20.8942,,-1.2832,,,15.6758,,,2.608,,,11.4212,,,5.8268,,,7.6272,,,20.8942,,,,QC'd by BUCMLD,candidate_step3_property,,C39H34N2O7,642.7,5.5,1,8,10,0
48271,842559,644828,C1CN(CCN1C2=CC=CC=C2)C3=NC(=NC(=N3)OCC(F)(F)F)OCC(F)(F)F,Inactive,0,,,Inactive,,,,,,,,,,4,,19.8046,,,,,8.2031,,,7.4129,,,15.0885,,,17.5551,,,5.6731,,,14.3515,,,19.8046,QC'd by DPISMR,candidate_step3_property,,C17H17F6N5O2,437.34,4.9,0,13,6,0
48410,3715255,2394755,C1CCC(CC1)N2C(=NN=C2SCC(=O)N3CCCC4=CC=CC=C43)CC5=CC=CS5,Inactive,0,,,Inactive,,,,,,,,,,4,,-24.9634,,,,,-4.3606,,,-7.001,,,3.3708,,,9.1764,,,-1.1975,,,-10.9669,,,-24.9634,QC'd by DPISMR,candidate_step3_property,,C24H28N4OS2,452.6,5.1,0,5,6,0
48484,26752365,16758858,COC1=CC=C(C=C1)OCC2CC3=C(CO2)C4=C(CCN(C4)CCOC5=CC=CC=C5)N=C3C6=CC=CC=C6,Inactive,0,,,Inactive,,,,,,,,,,4,,2.3159,,2.5348,,,-12.7548,,,-1.3466,,,-5.1995,,,-10.4757,,,-2.2069,,,2.3159,,,,QC'd by BUCMLD,candidate_step3_property,,C33H34N2O4,522.6,5.5,0,6,9,0
48513,26747921,31239,CCCCCCCCCCCCCCCC[N+]1=CC=CC=C1.[Cl-],Inactive,0,,,Inactive,,,,,,,,,,4,,-26.2056,,,,,14.0656,,,8.4556,,,21.7269,,,21.9099,,,8.2724,,,2.8519,,,-26.2056,QC'd by Microsource,property_value_missing,,C21H38ClN,340.0,,0,1,15,0
48566,26752393,16758872,CC1=C(C(N2C(=O)[C@@]3(C(C([C@@]2(N1CC4=CC=CC=C4)O3)C(=O)OC)C(=O)OC)C(=O)OC)C5=CC=CC=C5)C(=O)OC,Inactive,0,,,Inactive,,,,,,,,,,4,,22.4401,,-0.8186,,,11.6252,,,-19.9199,,,3.9594,,,1.3668,,,5.1972,,,22.4401,,,,QC'd by BUCMLD,candidate_step3_property,,C30H30N2O10,578.6,2.3,0,11,11,0
48586,26752394,16758872,CC1=C(C(N2C(=O)[C@@]3(C(C([C@@]2(N1CC4=CC=CC=C4)O3)C(=O)OC)C(=O)OC)C(=O)OC)C5=CC=CC=C5)C(=O)OC,Inactive,0,,,Inactive,,,,,,,,,,4,,2.1911,,-4.8879,,,10.2329,,,8.2214,,,-1.0213,,,2.8037,,,-9.2235,,,2.1911,,,,QC'd by BUCMLD,candidate_step3_property,,C30H30N2O10,578.6,2.3,0,11,11,0
48693,26752385,9548498,CC1=C(C(N2C(=O)[C@@]3(C(=C([C@@]2(N1CC4=CC=CC=C4)O3)C(=O)OC)C(=O)OC)C(=O)OC)C5=CC=CC=C5)C(=O)OC,Inactive,0,,,Inactive,,,,,,,,,,4,,11.3017,,13.338,,,1.5418,,,4.3626,,,4.3274,,,13.6016,,,-3.7112,,,11.3017,,,,QC'd by BUCMLD,candidate_step3_property,,C30H28N2O10,576.5,2.3,0,11,11,0
48722,26747907,23713216,CC(=O)OCC1=C(N2C([C@H](C2=O)NC(=O)/C(=N/OC)/C3=CSC(=N3)N)SC1)C(=O)[O-].[Na+],Inactive,0,,,Inactive,,,,,,,,,,4,,0.5228,,,,,-13.5509,,,-21.5763,,,3.706,,,2.4036,,,5.0255,,,9.4787,,,0.5228,QC'd by Microsource,candidate_step1_inorganic,Na,C16H16N5NaO7S2,477.5,,2,12,8,0
48742,4256574,1314815,C1CN(CCN1C2=CC=CC=N2)C(=O)C3=CC=CC(=C3)COC4=C(C=C(C=C4)Cl)Cl,Inactive,0,,,Inactive,,,,,,,,,,4,,-17.1918,,,,,4.81,,,7.2968,,,13.0953,,,-10.3284,,,-2.9944,,,3.887,,,-17.1918,QC'd by DPISMR,candidate_step3_property,,C23H21Cl2N3O2,442.3,5.0,0,4,5,0
48759,26747905,23713215,CC1=NN=C(S1)SCC2=C(N3[C@H](C(C3=O)NC(=O)CN4C=NN=N4)SC2)C(=O)[O-].[Na+],Inactive,0,,,Inactive,,,,,,,,,,4,,-2.5981,,,,,4.5012,,,-13.5218,,,-3.2793,,,3.7553,,,3.19,,,7.456,,,-2.5981,QC'd by Microsource,candidate_step1_inorganic,Na,C14H13N8NaO4S3,476.5,,1,12,7,0
48769,26752380,16758866,CC1=C(C(N2C(=C(C([C@](C2=O)(C(=O)OC)O)C3=CC=CC=C3)C(=O)C4=CC=CC=C4)N1CC5=CC=CC=C5)C6=CC=CC=C6)C(=O)OC,Inactive,0,,,Inactive,,,,,,,,,,4,,-3.3435,,-26.1517,,,-1.5634,,,-0.5491,,,-1.0867,,,-6.6443,,,-2.8471,,,-3.3435,,,,QC'd by BUCMLD,candidate_step3_property,,C39H34N2O7,642.7,5.5,1,8,10,0
48845,26747902,444899,CCCCC/C=C\C/C=C\C/C=C\C/C=C\CCCC(=O)O,Inactive,0,,,Inactive,,,,,,,,,,4,,9.7672,,,,,3.7802,,,-2.3352,,,8.7772,,,-0.0614,,,11.9738,,,-33.6423,,,9.7672,QC'd by Microsource,candidate_step3_property,,C20H32O2,304.5,6.3,1,2,14,0
48870,848351,6603655,CC1=C(C(=NN1)C)CCN.Cl,Inactive,0,,,Inactive,,,,,,,,,,4,,-0.4763,,,,,9.8861,,,18.964,,,6.6315,,,13.4596,,,4.3917,,,-4.6712,,,-0.4763,QC'd by DPISMR,property_value_missing,,C7H14ClN3,175.66,,3,2,2,0
48910,26747898,16667680,C1CN=C(NC1C2C(=O)NCC(C(=O)NC(C(=O)NC(C(=O)N/C(=C/NC(=O)N)/C(=O)N2)CNC(=O)CC(CCCN)N)CO)N)N.OS(=O)(=O)O,Inactive,0,,,Inactive,,,,,,,,,,4,,30.5373,,,,,24.9646,,,3.3881,,,27.7237,,,25.554,,,7.4199,,,28.3214,,,30.5373,QC'd by Microsource,property_value_missing,,C25H46N14O12S,766.8,,16,16,10,0
48962,7972697,2930947,CCCCC(CC)C(=O)NCCCN1CCN(CC1)CCCNC(=O)C(CC)CCCC,Inactive,0,,,Inactive,,,,,,,,,,4,,20.3456,,,,,13.8464,,,4.275,,,9.492,,,12.5098,,,15.1898,,,14.2056,,,20.3456,QC'd by DPISMR,candidate_step3_property,,C26H52N4O2,452.7,5.100,2,4,18,0
48996,7976705,767342,C1=CC=C(C=C1)C(=O)C2=C(C=CC(=C2)SC(F)(F)F)N,Inactive,0,,,Activator,31.6228,48.3209,,Single point of activity,-4.5,2.3531,0.8496,46.3778,-1.9431,3,0 0 0 0 0 0 0,36.7171,,,,,-0.8038,,,0.0089,,,-13.7866,,,0.0317,,,6.4592,,,1.8653,,,36.7171,QC'd by DPISMR,residual_possible_step4_or_definition_mismatch,,C14H10F3NOS,297.30,4.900,1,6,3,0
49001,26752398,16758873,CC1=C(C(N2C(=O)[C@@]3(C(C([C@@]2(N1CC4=CC=CC=C4)O3)C(=O)C5=CC=CC=C5)C6=CC=CC=C6)C(=O)OC)C7=CC=CC=C7)C(=O)OC,Inactive,0,,,Inactive,,,,,,,,,,4,,-1.981,,-8.0894,,,1.6894,,,-6.1383,,,-15.1582,,,-3.4817,,,-11.4274,,,-1.981,,,,QC'd by BUCMLD,candidate_step3_property,,C39H34N2O7,642.7,5.700,0,8,10,0
49020,26752397,16758873,CC1=C(C(N2C(=O)[C@@]3(C(C([C@@]2(N1CC4=CC=CC=C4)O3)C(=O)C5=CC=CC=C5)C6=CC=CC=C6)C(=O)OC)C7=CC=CC=C7)C(=O)OC,Inactive,0,,,Inactive,,,,,,,,,,4,,18.8741,,23.5113,,,6.1214,,,21.6804,,,8.251,,,16.5381,,,13.193,,,18.8741,,,,QC'd by BUCMLD,candidate_step3_property,,C39H34N2O7,642.7,5.700,0,8,10,0
49110,26752428,16758898,CC1CCC2C(=O)N3C(CC4=C(C3C5=CC(=C(C(=C5)OC)OC)OC)NC6=CC=CC=C46)C(=O)N2C1C7=CC=CC(=C7)CC=C,Inactive,0,,,Inactive,,,,,,,,,,4,,13.8627,,15.8274,,,13.1071,,,9.0596,,,17.7037,,,11.2072,,,8.4399,,,13.8627,,,,QC'd by BUCMLD,candidate_step3_property,,C37H39N3O5,605.7,6.3,1,5,7,0
49142,26752422,16758892,C1C2C(=O)N3C(CC4=C(C3C5=CC=CC=C5)NC6=CC=CC=C46)C(=O)N2C(C7=C1C8=CC=CC=C8N7)C9=CC=CC=C9,Inactive,0,,,Inactive,,,,,,,,,,4,,31.5148,,6.63,,,9.9971,,,8.4284,,,14.3043,,,14.7229,,,-18.0755,,,31.5148,,,,QC'd by BUCMLD,candidate_step3_property,,C36H28N4O2,548.6,5.9,2,2,2,0
49152,4247666,1266457,C1CCN(C1)C2=NC(=NC(=N2)N3C=CN=C3)N(C4=CC=CC=C4)C5=CC=CC=C5,Inactive,0,,,Inactive,,,,,,,,,,4,,-11.0076,,,,,-5.6739,,,-18.2129,,,-4.6693,,,-10.0955,,,-19.8358,,,-24.6382,,,-11.0076,QC'd by DPISMR,residual_possible_step4_or_definition_mismatch,,C22H21N7,383.4,4.6,0,6,5,0
49159,26752423,16758893,COC1=CC(=CC(=C1OC)OC)C2C3=C(CC4N2C(=O)C5CC6=C(C(N5C4=O)C7=CC(=C(C(=C7)OC)OC)OC)NC8=CC=CC=C68)C9=CC=CC=C9N3,Inactive,0,,,Inactive,,,,,,,,,,4,,8.9029,,-5.2582,,,-6.6637,,,-0.2955,,,-0.1532,,,6.4265,,,4.7218,,,8.9029,,,,QC'd by BUCMLD,candidate_step3_property,,C42H40N4O8,728.8,5.7,2,8,8,0
49175,26752424,16758894,CC1CCC2C(=O)N3C(CCC(C3C4=CC(=CC=C4)Br)C)C(=O)N2[C@H]1C5=CC(=CC=C5)N6CCOCC6,Inactive,0,,,Inactive,,,,,,,,,,4,,5.5629,,4.4911,,,-0.757,,,-4.8317,,,11.7583,,,-1.0413,,,0.4649,,,5.5629,,,,QC'd by BUCMLD,candidate_step3_property,,C30H36BrN3O3,566.5,5.2,0,4,3,0
49194,26752425,16758895,CC1CCC2C(=O)N3C(CCC(C3C4=CC=CC=C4Br)C)C(=O)N2C1C5=CC=C(C=C5)C#CCN(C)C,Inactive,0,,,Inactive,,,,,,,,,,4,,17.8906,,-4.7863,,,-11.3526,,,-9.9854,,,21.3316,,,-8.0721,,,-5.6556,,,17.8906,,,,QC'd by BUCMLD,candidate_step3_property,,C31H36BrN3O2,562.5,5.7,0,3,4,0
49204,26752418,16758888,CC1CCC2C(=O)N3C(CCC(C3C4=CC=CC(=C4)CC=C)C)C(=O)N2C1C5=CC=CC(=C5)CC=C,Inactive,0,,,Inactive,,,,,,,,,,4,,9.8245,,12.8715,,,-1.8424,,,-13.7698,,,7.0555,,,-2.4421,,,0.8044,,,9.8245,,,,QC'd by BUCMLD,candidate_step3_property,,C32H38N2O2,482.7,6.9,0,2,6,0
49218,26752419,16758889,CC1CCC2C(=O)N3C(CCC(C3C4=CC=C(C=C4)C5=CC=CO5)C)C(=O)N2C1C6=CC=C(C=C6)C7=CC=CO7,Inactive,0,,,Activator,3.9811,27.5,,Partial curve; partial efficacy,-5.4,3.99,0.8426,35.5,8,2.2,0 0 0 1 0 0 0,34.8908,,4.3202,,,15.3154,,,10.2224,,,-34.3988,,,11.9649,,,10.9146,,,34.8908,,,,QC'd by BUCMLD,candidate_step3_property,,C34H34N2O4,534.6,6.2,0,4,4,0
49267,26752413,16758884,CC1CCC2C(=O)N3C(CCC(C3C4=CC=CC=C4Br)C)C(=O)N2[C@@H]1C5=CC=CC=C5Br,Inactive,0,,,Inactive,,,,,,,,,,4,,15.6473,,-1.3401,,,-12.5847,,,0.9986,,,1.9687,,,5.2866,,,4.7616,,,15.6473,,,,QC'd by BUCMLD,candidate_step3_property,,C26H28Br2N2O2,560.3,6.1,0,2,2,0
49278,26747873,2283,CCC(C)C1C(=O)NC(C(=O)NC(C(=O)NC(C(=O)NC(C(=O)NC(C(=O)NC(C(=O)N1)CCCN)CCCCNC(=O)C(C(C)CC)NC(=O)C(CCC(=O)O)NC(=O)C(CC(C)C)NC(=O)C2CSC(=N2)C(C(C)CC)N)CC(=O)N)CC(=O)O)CC3=CN=CN3)CC4=CC=CC=C4,Inactive,0,,,Inactive,,,,,,,,,,4,,-1.3497,,,,,48.6505,,,2.4204,,,2.5546,,,28.6552,,,-2.2737,,,9.2189,,,-1.3497,QC'd by Microsource,candidate_step3_property,,C66H103N17O16S,1422.7,-4.1,17,21,35,0
49285,26752414,16758885,CC1CCC2C(=O)N3C(CCC(C3C4=CC=C(C=C4)Br)C)C(=O)N2[C@H]1C5=CC=C(C=C5)Br,Inactive,0,,,Inactive,,,,,,,,,,4,,23.0108,,9.3961,,,10.6669,,,5.2009,,,-1.5236,,,6.2556,,,-32.9458,,,23.0108,,,,QC'd by BUCMLD,candidate_step3_property,,C26H28Br2N2O2,560.3,6.1,0,2,2,0
49308,26752417,16758887,CC1CCC2C(=O)N3C(CCC(C3C4=CC=C(C=C4)C#CCOC)C)C(=O)N2C1C5=CC=C(C=C5)C#CCOC,Inactive,0,,,Inactive,,,,,,,,,,4,,5.177,,23.6227,,,28.1957,,,12.6165,,,-4.4974,,,1.5538,,,-13.9691,,,5.177,,,,QC'd by BUCMLD,residual_possible_step4_or_definition_mismatch,,C34H38N2O4,538.7,4.8,0,4,6,0
49353,856282,87163,CC1=C(N=NC(=N1)N)C,Inactive,0,,,Inactive,,,,,,,,,,4,,-12.3034,,,,,-8.764,,,-10.1673,,,-20.1415,,,-3.69,,,-10.5175,,,-8.099,,,-12.3034,QC'd by DPISMR,candidate_step3_property,,C5H8N4,124.14,-0.4,1,4,0,0
49449,26747858,16757639,C[C@H]1C(OC(=O)CC(CC(CCC(C(CC(C[C@]2(CC(C(C(O2)CC(/C=C/C=C/C=C/C=C/C=C/C=C/C=C/C(C1O)C)OC3C(C(C(C(O3)C)O)N)O)C(=O)O)O)O)O)O)O)O)O)C,Inactive,0,,,Inactive,,,,,,,,,,4,,10.8435,,,,,6.0404,,,0.7528,,,14.417,,,22.0512,,,-15.1972,,,11.1905,,,10.8435,QC'd by Microsource,candidate_step3_property,,C47H73NO17,924.1,0.0,12,18,3,0
49464,7976674,1048273,C1CCN(CC1)C2=NC(=NC(=N2)N3CCN(CC3)C(=O)C4=CC=C(C=C4)Cl)N5CCCCC5,Inactive,0,,,Inactive,,,,,,,,,,4,,-3.1572,,,,,-8.0816,,,1.463,,,-2.6822,,,2.5981,,,2.4039,,,-18.8161,,,-3.1572,QC'd by DPISMR,residual_possible_step4_or_definition_mismatch,,C24H32ClN7O,470.0,4.6,0,7,4,0
49603,26747850,23663628,C1=CC(=CC=C1C(=O)[O-])N.[K+],Inactive,0,,,Inactive,,,,,,,,,,4,,3.8786,,,,,-6.458,,,6.2308,,,-2.976,,,8.9687,,,-2.4394,,,0.0114,,,3.8786,QC'd by Microsource,candidate_step1_inorganic,K,C7H6KNO2,175.23,,1,3,1,0
49617,26747847,21718,CCN(CCCC1=CC=CC=C1)CCCC2=CC=CC=C2.C(C(=O)O)C(CC(=O)O)(C(=O)O)O,Inactive,0,,,Inactive,,,,,,,,,,4,,13.3906,,,,,0.8792,,,-4.7439,,,7.022,,,2.782,,,12.5698,,,7.9129,,,13.3906,QC'd by Microsource,property_value_missing,,C26H35NO7,473.6,,4,8,14,0
49622,4244544,1205156,CCOC1=NC(=NC(=N1)N2CCCCC2)N3C(=C(N=N3)C4=CC=CC=C4)C(=O)OCC,Inactive,0,,,Inactive,,,,,,,,,,4,,11.1976,,,,,5.8794,,,4.6713,,,-4.3723,,,-6.8868,,,15.1197,,,-1.3675,,,11.1976,QC'd by DPISMR,residual_possible_step4_or_definition_mismatch,,C21H25N7O3,423.5,3.9,0,9,8,0
49780,856271,135426866,C1=CC2=C(C=C(C=C2)O)N=C1,Inactive,0,,,Inactive,,,,,,,,,,4,,-8.4806,,,,,-8.5641,,,-1.0156,,,2.9493,,,-4.0072,,,-7.8947,,,-4.491,,,-8.4806,QC'd by DPISMR,candidate_step3_property,,C9H7NO,145.16,2.000,1,2,0,0
49796,26747845,135401907,C1=NNC2=C1C(=O)NC=N2,Inactive,0,,,Inactive,,,,,,,,,,4,,18.3193,,,,,38.034,,,-5.7123,,,25.6223,,,32.0518,,,25.7531,,,25.7617,,,18.3193,QC'd by Microsource,candidate_step3_property,,C5H4N4O,136.11,-0.7,2,3,0,0
49812,3715304,2393456,C1=CC=C2C(=C1)C(=O)N(C(=N2)SCC(=O)C3=CC=CO3)C4=CC=C(C=C4)Cl,Inactive,0,,,Inactive,,,,,,,,,,4,,-3.4137,,,,,1.1648,,,9.598,,,18.1506,,,11.077,,,-66.3811,,,0.3843,,,-3.4137,QC'd by DPISMR,residual_possible_step4_or_definition_mismatch,,C20H13ClN2O3S,396.8,4.8,0,5,5,0
49837,4240586,3235676,CC1CCN(CC1)C2=NC(=CC(=N2)C(F)(F)F)C3=CC=C(C=C3)F,Inactive,0,,,Activator,39.8107,43.8621,,Single point of activity,-4.4,3.9295,0.981,45.5,1.6379,3,1 0 0 0 0 0 0,37.2808,,,,,-17.8445,,,5.2286,,,-0.7184,,,1.1118,,,1.3147,,,0.6157,,,37.2808,QC'd by DPISMR,residual_possible_step4_or_definition_mismatch,,C17H17F4N3,339.33,4.6,0,7,2,0
49859,26747831,3352,C1=C(C=C(C(=C1Cl)N2C(=C(C(=N2)C#N)S(=O)C(F)(F)F)N)Cl)C(F)(F)F,Inactive,0,,,Inactive,,,,,,,,,,4,,-5.5383,,,,,-0.1643,,,-0.174,,,18.6995,,,-4.1524,,,-4.9118,,,-4.4525,,,-5.5383,QC'd by Microsource,candidate_step3_property,,C12H4Cl2F6N4OS,437.1,4.5,1,11,2,0
49863,852795,655435,CCC(C1=NN=NN1C2CCCCC2)N(CC3=CC=CO3)CC4=CC5=C(C=C(C=C5)OC)NC4=O,Inactive,0,,,Inactive,,,,,,,,,,4,,-3.6337,,,,,-6.6896,,,4.8178,,,10.6522,,,3.3704,,,1.8443,,,14.9027,,,-3.6337,QC'd by DPISMR,residual_possible_step4_or_definition_mismatch,,C26H32N6O3,476.6,3.6,1,7,9,0
49871,26752339,16758840,CCCCC#CC1C=CC(C(O1)COC(=O)OCC)OC2=CC(=C(C(=C2)OC)OC)OC,Inactive,0,,,Inactive,,,,,,,,,,4,,4.5121,,-9.7149,,,2.4137,,,5.586,,,-7.5915,,,-3.8673,,,-5.1974,,,4.5121,,,,QC'd by BUCMLD,candidate_step3_property,,C24H32O8,448.5,5.0,0,8,12,0
49922,26752344,16758844,CCCCC#CC1C=CC(C(O1)COC(=O)OCC)OC2=CC=C(C=C2)C(=O)OC,Inactive,0,,,Inactive,,,,,,,,,,4,,25.9105,,15.7697,,,18.4616,,,13.4306,,,-1.4856,,,2.3982,,,8.4876,,,25.9105,,,,QC'd by BUCMLD,residual_possible_step4_or_definition_mismatch,,C23H28O7,416.5,4.9,0,7,11,0
49923,26747835,1990,CC(=O)NO,Inactive,0,,,Inactive,,,,,,,,,,4,,19.5491,,,,,10.4998,,,8.8527,,,11.2149,,,26.098,,,19.7874,,,23.7826,,,19.5491,QC'd by Microsource,candidate_step3_property,,C2H5NO2,75.07,-1.600,2,2,0,0
49941,26747834,16725073,CC1=CC(=C(C=C1)O)C(CCN(C(C)C)C(C)C)C2=CC=CC=C2.Cl,Inactive,0,,,Inactive,,,,,,,,,,4,,38.0727,,,,,33.8651,,,34.2739,,,38.493,,,28.6408,,,14.1475,,,21.3833,,,38.0727,QC'd by Microsource,property_value_missing,,C22H32ClNO,361.9,,2,2,7,0
49961,26747837,6060,CC(=O)OCC[N+](C)(C)C.[Cl-],Inactive,0,,,Inactive,,,,,,,,,,4,,0.3043,,,,,9.4978,,,-16.3507,,,-7.0208,,,10.516,,,-2.3596,,,-0.8783,,,0.3043,QC'd by Microsource,property_value_missing,,C7H16ClNO2,181.66,,0,3,4,0
49977,856319,2826917,CC1=[N+](C=CN2C1=CC=C2)C.[I-],Inactive,0,,,Inactive,,,,,,,,,,4,,9.5988,,,,,3.0174,,,6.3566,,,10.8836,,,16.464,,,11.7879,,,11.3617,,,9.5988,QC'd by DPISMR,property_value_missing,,C9H11IN2,274.10,,0,1,0,0
50045,7965000,5307356,CC1=CC=CC=C1N2C(=NN=C2SC(C)C)CN3C4=CC=CC=C4SC3=O,Inactive,0,,,Inactive,,,,,,,,,,4,,-7.6603,,,,,-14.6354,,,-13.8449,,,-22.0003,,,-1.5457,,,-11.7097,,,-16.9954,,,-7.6603,QC'd by DPISMR,residual_possible_step4_or_definition_mismatch,,C20H20N4OS2,396.5,4.6,0,5,5,0
50104,4251517,272904,COC(=O)C1=C(NN=C1)N,Inactive,0,,,Inactive,,,,,,,,,,4,,8.2864,,,,,-9.5136,,,-7.2038,,,3.9018,,,10.849,,,-7.3036,,,-3.5273,,,8.2864,QC'd by DPISMR,candidate_step3_property,,C5H7N3O2,141.13,0.3,2,4,2,0
50161,842473,644737,CCOC(=O)C1CCN(CC1)C(C2=CC3=CC(=CC(=C3NC2=O)C)C)C4=NN=NN4C5CCCCC5,Inactive,0,,,Inactive,,,,,,,,,,4,,18.601,,,,,10.7306,,,23.8172,,,15.5985,,,26.4313,,,14.2872,,,10.2923,,,18.601,QC'd by DPISMR,residual_possible_step4_or_definition_mismatch,,C27H36N6O3,492.6,3.7,1,7,7,0
50166,26747817,47445,C1=CC=C(C(=C1)C(=O)NC(=O)NC2=CC=C(C=C2)OC(F)(F)F)Cl,Inactive,0,,,Inactive,,,,,,,,,,4,,0.4696,,,,,20.6157,,,-2.511,,,-1.1792,,,11.7985,,,-5.2019,,,4.6974,,,0.4696,QC'd by Microsource,candidate_step3_property,,C15H10ClF3N2O3,358.70,5.600,2,6,3,0
50168,7968820,5309622,CC1=CC2=C(O1)C=C(N2CC3=C(C=CC=C3Cl)F)C(=O)N4CCC(CC4)C(=O)NC5CCCC5,Inactive,0,,,Inactive,,,,,,,,,,4,,33.6908,,,,,41.3715,,,27.7982,,,50.3775,,,28.6406,,,23.8305,,,54.0993,,,33.6908,QC'd by DPISMR,residual_possible_step4_or_definition_mismatch,,C26H29ClFN3O3,486.0,4.7,1,4,5,0
50266,26752348,16758848,CCCCC1CN2C(CCC(C2C3=CC=C(C=C3)Br)C)C(=O)O1,Inactive,0,,,Inactive,,,,,,,,,,4,,-7.6787,,-2.9082,,,4.3843,,,-10.0911,,,-3.8074,,,4.8865,,,12.8231,,,-7.6787,,,,QC'd by BUCMLD,candidate_step3_property,,C19H26BrNO2,380.3,5.400,0,3,4,0
50281,26752349,16758849,CC1CCC2C(=O)OC(CN2C1C3=CC=C(C=C3)Br)COS(=O)(=O)C4=CC=C(C=C4)C,Inactive,0,,,Inactive,,,,,,,,,,4,,3.9623,,5.9412,,,2.5081,,,-19.156,,,1.9095,,,-2.5728,,,1.8579,,,3.9623,,,,QC'd by BUCMLD,residual_possible_step4_or_definition_mismatch,,C23H26BrNO5S,508.4,4.9,0,6,5,0
50299,26752350,16758849,CC1CCC2C(=O)OC(CN2C1C3=CC=C(C=C3)Br)COS(=O)(=O)C4=CC=C(C=C4)C,Inactive,0,,,Inactive,,,,,,,,,,4,,4.5311,,-13.522,,,14.3702,,,1.2352,,,10.8324,,,2.8258,,,3.0291,,,4.5311,,,,QC'd by BUCMLD,residual_possible_step4_or_definition_mismatch,,C23H26BrNO5S,508.4,4.9,0,6,5,0
50306,26752351,16758849,CC1CCC2C(=O)OC(CN2C1C3=CC=C(C=C3)Br)COS(=O)(=O)C4=CC=C(C=C4)C,Inactive,0,,,Inactive,,,,,,,,,,4,,15.04,,8.193,,,13.6295,,,-4.7816,,,-3.8697,,,4.65,,,9.3451,,,15.04,,,,QC'd by BUCMLD,residual_possible_step4_or_definition_mismatch,,C23H26BrNO5S,508.4,4.9,0,6,5,0
50361,26747813,356629,CN(CCC(CC(=O)NC1C=CC(OC1C(=O)O)N2C=CC(=NC2=O)N)N)C(=N)N.Cl,Inactive,0,,,Inactive,,,,,,,,,,4,,17.2893,,,,,17.746,,,-12.5326,,,4.9669,,,38.3166,,,14.1231,,,16.8698,,,17.2893,QC'd by Microsource,property_value_missing,,C17H27ClN8O5,458.9,,7,7,9,0
50408,856359,135449536,CC(C)CC1=NNC(=O)N1,Inactive,0,,,Inactive,,,,,,,,,,4,,-18.9074,,,,,-14.1945,,,-18.4773,,,-17.6674,,,-1.9421,,,-20.3969,,,-19.2596,,,-18.9074,QC'd by DPISMR,candidate_step3_property,,C6H11N3O,141.17,0.5,2,2,2,0
50424,4240801,3235862,CC1=C(SC2=NC=NC(=C12)N3CCN(CC3)C4=CC=CC=C4)C(=O)N5CCN(CC5)C6=CC=CC=C6,Inactive,0,,,Inactive,,,,,,,,,,4,,8.8159,,,,,18.1035,,,19.1476,,,14.5067,,,2.8283,,,-6.3132,,,18.0169,,,8.8159,QC'd by DPISMR,candidate_step3_property,,C28H30N6OS,498.6,5.4,0,7,4,0
50433,26747794,2513,C[As](=O)(C)O,Inactive,0,,,Inactive,,,,,,,,,,4,,-2.7478,,,,,12.5697,,,-8.0313,,,-1.4599,,,2.783,,,1.1401,,,-15.823,,,-2.7478,QC'd by Microsource,candidate_step1_inorganic,As,C2H7AsO2,138.00,,1,2,0,0
50554,26747802,4767,CC(=CC1C(C1(C)C)C(=O)OCC2=CC(=CC=C2)OC3=CC=CC=C3)C,Inactive,0,,,Inactive,,,,,,,,,,4,,31.0664,,,,,8.7566,,,-5.0011,,,16.1835,,,30.7373,,,-1.4717,,,7.2284,,,31.0664,QC'd by Microsource,candidate_step3_property,,C23H26O3,350.4,6.200,0,3,7,0
50602,26747797,16757636,C/C=C(\C)/C(=O)OC1CC([C@]2(COC3C2[C@@]14CO[C@@](C4[C@](C3O)(C)C56C7CC([C@@]5(O6)C)[C@@]8(C=COC8O7)O)(C(=O)OC)O)C(=O)OC)OC(=O)C,Inactive,0,,,Inactive,,,,,,,,,,4,,-22.5584,,,,,13.2168,,,-22.555,,,-0.3827,,,4.2421,,,-12.9508,,,-11.2358,,,-22.5584,QC'd by Microsource,candidate_step3_property,,C35H44O16,720.7,-0.6,3,16,10,0
50762,26747772,5302,CC1(C2(C(C(C(C1(C2Cl)Cl)(C(Cl)Cl)Cl)Cl)Cl)Cl)C,Inactive,0,,,Inactive,,,,,,,,,,4,,-1.5305,,,,,17.423,,,10.3374,,,16.7967,,,17.9017,,,21.0936,,,22.4773,,,-1.5305,QC'd by Microsource,candidate_step3_property,,C10H10Cl8,413.8,5.7,0,0,1,0
50777,26747788,16757635,CCC(C)C1C(C=C[C@@]2(O1)CC3CC(O2)C/C=C(/[C@@H]([C@H](/C=C/C=C/4\COC5[C@]4([C@H](C=C(C5O)C)C(=O)O3)O)C)OC6CC(C(C(O6)C)O[C@H]7CC([C@H](C(O7)C)O)OC)OC)\C)C,Inactive,0,,,Inactive,,,,,,,,,,4,,-2.2624,,,,,5.7186,,,9.9586,,,6.1558,,,-9.4782,,,17.0775,,,14.8815,,,-2.2624,QC'd by Microsource,candidate_step3_property,,C48H72O14,873.1,3.8,3,14,8,0
50795,848507,650956,CC1CCN(CC1)C(C2=CC3=CC(=CC(=C3NC2=O)C)C)C4=NN=NN4CC5=CC6=C(C=C5)OCO6,Inactive,0,,,Inactive,,,,,,,,,,4,,-4.7073,,,,,-8.9762,,,-11.4838,,,-6.9765,,,1.1727,,,9.1603,,,-0.5595,,,-4.7073,QC'd by DPISMR,residual_possible_step4_or_definition_mismatch,,C27H30N6O3,486.6,4.0,1,7,5,0
50921,26747761,4936,CC(C)(C)C1=CC=C(C=C1)OC2CCCCC2OS(=O)OCC#C,Inactive,0,,,Inactive,,,,,,,,,,4,,-19.8807,,,,,-25.3199,,,-3.3694,,,17.6313,,,2.9521,,,11.7974,,,1.664,,,-19.8807,QC'd by Microsource,candidate_step3_property,,C19H26O4S,350.5,5.0,0,5,7,0
51079,848490,650939,CC1=CC2=C(C=C1)NC(=O)C(=C2)C(C3=NN=NN3C4CCCC4)N5CCN(CC5)C6=CC=CC=C6OC,Inactive,0,,,Inactive,,,,,,,,,,4,,-0.1979,,,,,14.758,,,-9.9359,,,8.9485,,,-0.9513,,,12.0072,,,-9.0126,,,-0.1979,QC'd by DPISMR,residual_possible_step4_or_definition_mismatch,,C28H33N7O2,499.6,3.7,1,7,6,0
51135,26747766,5518,CC1(C(C2(C(C(C1(C2(Cl)Cl)Cl)Cl)Cl)Cl)C(Cl)Cl)C,Inactive,0,,,Activator,15.8489,40.0723,,Partial curve; partial efficacy,-4.8,2.4729,0.8076,41.944,1.8717,2.2,0 0 0 0 0 0 0,40.9265,,,,,-1.2573,,,6.246,,,12.9669,,,9.803,,,-3.6656,,,15.9221,,,40.9265,QC'd by Microsource,candidate_step3_property,,C10H10Cl8,413.8,6.0,0,0,1,0
51163,842684,644955,CCOC(=O)C1=C(C(=C(S1)NC(=O)CSC2=NC(=CC(=N2)C(F)(F)F)C3=CC=CO3)C#N)C,Inactive,0,,,Inactive,,,,,,,,,,4,,-24.1327,,,,,16.98,,,-4.463,,,1.3807,,,-7.4252,,,-10.6297,,,-18.9914,,,-24.1327,QC'd by DPISMR,candidate_step3_property,,C20H15F3N4O4S2,496.5,4.8,1,12,8,0
51164,26747745,1487,CCCCCCC(C)OC(=O)COC1=C(C=C(C=C1)Cl)Cl,Inactive,0,,,Inactive,,,,,,,,,,4,,0.5853,,,,,-9.8888,,,-11.0586,,,-5.4374,,,-7.3123,,,2.5516,,,8.3995,,,0.5853,QC'd by Microsource,candidate_step3_property,,C16H22Cl2O3,333.2,6.400,0,3,10,0
51196,26747743,3496,C(C(=O)O)NCP(=O)(O)O,Inactive,0,,,Inactive,,,,,,,,,,4,,7.7372,,,,,14.7633,,,7.0855,,,7.3716,,,4.3568,,,-0.7087,,,20.226,,,7.7372,QC'd by Microsource,candidate_step3_property,,C3H8NO5P,169.07,-4.6,4,6,4,0
51370,3715351,2999169,CCN1C2=C(C=C(C=C2)P(=S)(C3=NC=CN3C=C)C4=NC=CN4C=C)C5=CC=CC=C51,Inactive,0,,,Inactive,,,,,,,,,,4,,-12.0993,,,,,5.8255,,,11.1694,,,23.351,,,7.7695,,,29.8401,,,-3.0387,,,-12.0993,QC'd by DPISMR,candidate_step3_property,,C24H22N5PS,443.5,5.5,0,3,6,0
51409,26747751,4685,C1=CC(=CC=C1Cl)Cl,Inactive,0,,,Inactive,,,,,,,,,,4,,-0.0673,,,,,-4.4453,,,-13.0457,,,-0.2545,,,-8.1792,,,-16.1033,,,1.0215,,,-0.0673,QC'd by Microsource,candidate_step3_property,,C6H4Cl2,147.00,3.400,0,0,0,0
51527,848465,650906,CCCC(C1=NN=NN1C(C)(C)CC)N(CC2=CC=CO2)CC3=CC4=C(C=C(C=C4)OC)NC3=O,Inactive,0,,,Inactive,,,,,,,,,,4,,-0.0254,,,,,3.6564,,,-1.0105,,,2.796,,,1.0556,,,6.3127,,,1.406,,,-0.0254,QC'd by DPISMR,residual_possible_step4_or_definition_mismatch,,C26H34N6O3,478.6,3.6,1,7,11,0
51792,26747711,4096,COP(=O)(N)SC,Inactive,0,,,Inactive,,,,,,,,,,4,,-14.9397,,,,,6.7734,,,0.068,,,3.854,,,5.8007,,,6.148,,,17.1472,,,-14.9397,QC'd by Microsource,candidate_step3_property,,C2H8NO2PS,141.13,-0.9,1,4,2,0
51881,852911,655556,COC1=CC=C(C=C1)CN(C2=CC=C(C=C2)F)C(=O)CSC3=NN=C(O3)C4=CC=C(C=C4)F,Inactive,0,,,Inactive,,,,,,,,,,4,,1.1818,,,,,-5.0278,,,-7.6445,,,8.8869,,,-0.9894,,,6.1366,,,-0.8749,,,1.1818,QC'd by DPISMR,candidate_step3_property,,C24H19F2N3O3S,467.5,5.0,0,8,8,0
52066,26747696,5702253,C1CNCC2=C1C(=O)NO2.Cl,Inactive,0,,,Inactive,,,,,,,,,,4,,7.723,,,,,-6.1822,,,10.2797,,,6.7126,,,0.8285,,,-4.7568,,,10.282,,,7.723,QC'd by Microsource,property_value_missing,,C6H9ClN2O2,176.60,,3,3,0,0
52067,26747697,62969,CC(C)C(CCCN(C)CCC1=CC(=C(C=C1)OC)OC)(C#N)C2=CC(=C(C=C2)OC)OC.Cl,Inactive,0,,,Inactive,,,,,,,,,,4,,-7.5427,,,,,12.6279,,,-14.0361,,,-6.962,,,-6.2083,,,9.3695,,,-17.7031,,,-7.5427,QC'd by Microsource,property_value_missing,,C27H39ClN2O4,491.1,,1,6,13,0
52110,26747699,66062,CN1CCCCC1CCN2C3=CC=CC=C3SC4=C2C=C(C=C4)SC.Cl,Inactive,0,,,Inactive,,,,,,,,,,4,,22.0322,,,,,10.4731,,,9.0662,,,10.6352,,,18.6456,,,-9.7898,,,13.4796,,,22.0322,QC'd by Microsource,property_value_missing,,C21H27ClN2S2,407.0,,1,4,4,0
52112,3715433,2077586,CCN1C(=NN=C1SCCOC2=CC=C(C=C2)Cl)C3=CC=CS3,Inactive,0,,,Inactive,,,,,,,,,,4,,-23.72,,,,,-21.554,,,-13.049,,,-16.1818,,,-13.0374,,,-19.3264,,,-16.5499,,,-23.72,QC'd by DPISMR,residual_possible_step4_or_definition_mismatch,,C16H16ClN3OS2,365.9,4.2,0,5,7,0
52180,4263621,135402198,C=CCN1C(=NN=C1SCC2=NC3=CC=CC=C3C(=O)N2)C4=CC5=C(O4)C=CC(=C5)Cl,Inactive,0,,,Inactive,,,,,,,,,,4,,-19.8147,,,,,0.0982,,,5.2608,,,-9.2138,,,3.4308,,,17.8573,,,-4.3568,,,-19.8147,QC'd by DPISMR,residual_possible_step4_or_definition_mismatch,,C22H16ClN5O2S,449.9,4.2,1,6,6,0
52234,26747673,66069,CN(C)CCCN1C2=CC=CC=C2SC3=C1C=C(C=C3)C(F)(F)F.Cl,Inactive,0,,,Inactive,,,,,,,,,,4,,-22.7781,,,,,20.5311,,,-0.5815,,,15.8219,,,25.5528,,,9.7296,,,11.2728,,,-22.7781,QC'd by Microsource,property_value_missing,,C18H20ClF3N2S,388.9,,1,6,4,0
52265,848411,650853,CC1=CC2=C(C=C1)C=C(C(=O)N2)C(C3=NN=NN3C4CCCC4)N5CCN(CC5)C6=CC=CC=C6,Inactive,0,,,Inactive,,,,,,,,,,4,,10.6023,,,,,5.9811,,,5.0237,,,8.3308,,,8.4949,,,-1.505,,,0.0411,,,10.6023,QC'd by DPISMR,residual_possible_step4_or_definition_mismatch,,C27H31N7O,469.6,3.7,1,6,5,0
52327,26747681,3117,CCN(CC)C(=S)SSC(=S)N(CC)CC,Inactive,0,,,Inactive,,,,,,,,,,4,,-9.6395,,,,,8.0298,,,-4.1543,,,4.539,,,9.5393,,,-1.1872,,,-23.9746,,,-9.6395,QC'd by Microsource,residual_possible_step4_or_definition_mismatch,,C10H20N2S4,296.5,3.900,0,4,7,0
52382,4260497,1265745,C1CCN(CC1)C2=NC(=NC(=N2)SCC(=O)N3CCC4=CC=CC=C43)N5CCCCC5,Inactive,0,,,Inactive,,,,,,,,,,4,,1.4515,,,,,-0.7644,,,-6.1799,,,-0.9438,,,-7.7865,,,-1.4365,,,-16.4071,,,1.4515,QC'd by DPISMR,residual_possible_step4_or_definition_mismatch,,C23H30N6OS,438.6,4.5,0,7,5,0
52430,26747686,2733525,CC/C(=C(\C1=CC=CC=C1)/C2=CC=C(C=C2)OCCN(C)C)/C3=CC=CC=C3.C(C(=O)O)C(CC(=O)O)(C(=O)O)O,Inactive,0,,,Inactive,,,,,,,,,,4,,-18.7689,,,,,3.3707,,,5.5889,,,-0.0587,,,15.3306,,,9.4105,,,16.7623,,,-18.7689,QC'd by Microsource,property_value_missing,,C32H37NO8,563.6,,4,9,13,0
52459,852950,2760140,C1COCCN1CCC(=O)O.Cl,Inactive,0,,,Inactive,,,,,,,,,,4,,2.986,,,,,-7.0518,,,1.816,,,-0.739,,,-2.8092,,,-6.7918,,,3.1022,,,2.986,QC'd by DPISMR,property_value_missing,,C7H14ClNO3,195.64,,2,4,3,0
52489,4248908,1267758,CC1=C(N=NN1C2=NC(=NC(=N2)N(C3=CC=CC=C3)C4=CC=CC=C4)N5CCCC5)C(=O)C,Inactive,0,,,Inactive,,,,,,,,,,4,,-14.0281,,,,,-8.0727,,,0.9745,,,1.8116,,,3.6368,,,-0.3785,,,-1.3176,,,-14.0281,QC'd by DPISMR,residual_possible_step4_or_definition_mismatch,,C24H24N8O,440.5,4.700,0,8,6,0
52490,4253384,443657,C[C@@H]([C@@H](C(=O)O)N)OP(=O)(O)O,Inactive,0,,,Inactive,,,,,,,,,,4,,12.8742,,-10.9751,,,17.48,,,14.548,,,6.5197,,,7.9306,,,8.5075,,,12.8742,,,,QC'd by NCI,candidate_step3_property,,C4H10NO6P,199.10,-4.7,4,7,4,0
52525,11110818,123692,C1CCC(CC1)(C2=CC3=CC=CC=C3S2)N4CCCCC4,Inactive,0,,,Inactive,,,,,,,,,,4,,-15.4711,,8.8192,,,-15.0239,,,-2.548,,,-11.0129,,,13.2705,,,-3.8539,,,-1.4525,,,-15.4711,QC'd by SigmaAldrich,candidate_step3_property,,C19H25NS,299.5,5.3,0,2,2,0
52530,26752616,16759040,CCCCCCCC#CC1=CC=CC=C1/C=N/S(=O)C(C)(C)C,Inactive,0,,,Inactive,,,,,,,,,,4,,-2.0191,,-6.8974,,,5.1596,,,-13.1244,,,3.6068,,,-9.206,,,-8.2365,,,-2.0191,,,,QC'd by BUCMLD,candidate_step3_property,,C20H29NOS,331.5,5.9,0,3,9,0
52544,858158,659512,C1CCC(CC1)NC(=O)C(C#N)C2=NC3=CC=CC=C3N=C2N4CCN(CC4)C5=CC=C(C=C5)F,Inactive,0,,,Inactive,,,,,,,,,,4,,6.7459,,,,,8.6025,,,3.6187,,,5.1534,,,7.3271,,,-0.0503,,,-1.4137,,,6.7459,QC'd by DPISMR,candidate_step3_property,,C27H29FN6O,472.6,5.0,1,7,5,0
52631,4253389,259766,C1=CC=C2C(=C1)C=CC=C2C3=NN=C(O3)C4=CC(=C(C=C4)Cl)Cl,Inactive,0,,,Inactive,,,,,,,,,,4,,-1.9075,,-28.4215,,,-6.239,,,-16.2282,,,-5.7955,,,-16.6778,,,-0.5884,,,-1.9075,,,,QC'd by NCI,candidate_step3_property,,C18H10Cl2N2O,341.2,5.6,0,3,2,0
52633,4253392,3246327,C1=CN=C(N=C1)C[C@@H](C(=O)O)N,Inactive,0,,,Inactive,,,,,,,,,,4,,-24.5243,,10.2207,,,-11.0963,,,-6.2782,,,-22.0455,,,-16.2954,,,-1.0028,,,-24.5243,,,,QC'd by NCI,candidate_step3_property,,C7H9N3O2,167.17,-3.1,2,5,3,0
52637,26748613,38904,C1CC(C1)(C(=O)O)C(=O)O.N.N.[Pt],Inactive,0,,,Inactive,,,,,,,,,,4,,-6.205,,,,,7.7629,,,-3.8797,,,6.3727,,,0.6126,,,-3.013,,,3.4149,,,-6.205,QC'd by Microsource,candidate_step1_inorganic,Pt,C6H14N2O4Pt,373.27,,4,6,0,0
52642,26752626,3620079,CC1=C(C=CC=C1OCC2=CC=CC=C2)OCC3=CC=CC=C3,Inactive,0,,,Inactive,,,,,,,,,,4,,9.0789,,5.8255,,,-8.1355,,,1.7827,,,-0.148,,,-10.7612,,,1.3767,,,9.0789,,,,QC'd by BUCMLD,candidate_step3_property,,C21H20O2,304.4,5.2,0,2,6,0
52646,4238708,3233817,COC1=CC2=C(C=C1)NC=C2CCNC3=NC(=NC4=CC=CC=C43)C5=CC=CC(=C5)C#N,Inactive,0,,,Inactive,,,,,,,,,,4,,-21.7957,,,,,16.0914,,,14.3178,,,4.0552,,,15.8322,,,-5.7776,,,-11.9015,,,-21.7957,QC'd by Pharmacopeia,candidate_step3_property,,C26H21N5O,419.5,5.3,2,5,6,0
52676,26752624,16759047,CC1=CC=C(C=C1)/C=C/C2=CC3(CC2(C(CC3=O)C4=CC=C(C=C4)C)C)C,Inactive,0,,,Inactive,,,,,,,,,,4,,20.3643,,27.5017,,,19.0088,,,5.8788,,,26.9184,,,-5.5994,,,11.0223,,,20.3643,,,,QC'd by BUCMLD,candidate_step3_property,,C26H28O,356.5,5.9,0,1,3,0
52710,862096,663318,CC1CCN(CC1)C2=NC3=CC=CC=C3N=C2C(C#N)C(=O)OC4CCCCC4,Inactive,0,,,Inactive,,,,,,,,,,4,,2.9799,,,,,-7.3998,,,0.4614,,,-3.3638,,,1.5914,,,0.3238,,,-9.5295,,,2.9799,QC'd by DPISMR,residual_possible_step4_or_definition_mismatch,,C23H28N4O2,392.5,4.6,0,6,5,0
52714,11110824,6603731,C[C@@H](CC1=CC=C(C=C1)OCC(=O)[O-])NC[C@@H](C2=CC(=CC=C2)Cl)O.[Na+],Inactive,0,,,Inactive,,,,,,,,,,4,,8.9764,,3.582,,,8.0444,,,2.4968,,,15.6928,,,8.1155,,,17.166,,,22.4469,,,8.9764,QC'd by SigmaAldrich,candidate_step1_inorganic,Na,C19H21ClNNaO4,385.8,,2,5,9,0
52783,26748607,2896,C1CN(C(=N1)N)CC(=O)O,Inactive,0,,,Inactive,,,,,,,,,,4,,-0.1238,,,,,3.5636,,,-26.4626,,,-9.0195,,,10.4329,,,-6.9447,,,-10.5107,,,-0.1238,QC'd by Microsource,candidate_step3_property,,C5H9N3O2,143.14,-1.6,2,3,2,0
52787,11110804,6603722,C[C@@H]1CCN=C(S1)N,Inactive,0,,,Inactive,,,,,,,,,,4,,3.8399,,7.2157,,,14.4815,,,18.7106,,,17.3718,,,12.1139,,,14.7471,,,9.7217,,,3.8399,QC'd by SigmaAldrich,candidate_step3_property,,C5H10N2S,130.21,0.600,1,2,0,0
52834,4253368,3246317,C1=CN=NC=C1C[C@@H](C(=O)O)N,Inactive,0,,,Inactive,,,,,,,,,,4,,-17.1456,,7.9107,,,-2.6612,,,8.7663,,,-3.7989,,,5.2877,,,1.4535,,,-17.1456,,,,QC'd by NCI,candidate_step3_property,,C7H9N3O2,167.17,-3.500,2,5,3,0
52850,26752599,16759027,CC(=CCC/C(=C/C=C/C1=CC2(CC1(C(CC2=O)/C=C(\C)/CCC=C(C)C)C)C)/C)C,Inactive,0,,,Inactive,,,,,,,,,,4,,2.2858,,-7.5294,,,11.6974,,,-26.4729,,,-26.9187,,,-2.1082,,,-14.8857,,,2.2858,,,,QC'd by BUCMLD,candidate_step3_property,,C30H44O,420.7,8.9,0,1,9,0
52851,4253369,3246318,C1=CC(=NN=C1)C[C@@H](C(=O)O)N,Inactive,0,,,Inactive,,,,,,,,,,4,,-7.6707,,10.3527,,,-1.4768,,,-1.8671,,,3.0195,,,7.9086,,,3.0622,,,-7.6707,,,,QC'd by NCI,candidate_step3_property,,C7H9N3O2,167.17,-3.5,2,5,3,0
52852,11110801,6603720,C1CN(C(=O)[C@@H]1N)O,Inactive,0,,,Inactive,,,,,,,,,,4,,17.078,,3.9962,,,4.7975,,,13.9096,,,25.698,,,21.5666,,,-2.0363,,,27.2335,,,17.078,QC'd by SigmaAldrich,candidate_step3_property,,C4H8N2O2,116.12,-1.5,2,3,0,0
52874,4253370,3246319,C([C@H](C(=O)NCC(=O)O)N)O,Inactive,0,,,Inactive,,,,,,,,,,4,,23.1274,,-14.7451,,,-10.2939,,,8.5328,,,13.1611,,,12.9623,,,8.3048,,,23.1274,,,,QC'd by NCI,candidate_step3_property,,C5H10N2O4,162.14,-4.7,4,5,4,0
52920,26748616,5702198,N.N.Cl[Pt]Cl,Inactive,0,,,Inactive,,,,,,,,,,4,,-29.0675,,,,,9.4394,,,4.8249,,,6.011,,,20.9507,,,-3.1347,,,0.6003,,,-29.0675,QC'd by Microsource,candidate_step1_inorganic,Pt,Cl2H6N2Pt,300.05,,2,2,0,0
52938,26752595,16759024,CC12CC(C(CC1=O)C3=CC=C(C=C3)F)(C(=C2)/C=C/C4=CC=C(C=C4)F)C,Inactive,0,,,Inactive,,,,,,,,,,4,,23.3527,,28.1037,,,27.4643,,,11.3586,,,9.7715,,,24.4187,,,11.9676,,,23.3527,,,,QC'd by BUCMLD,candidate_step3_property,,C24H22F2O,364.4,5.4,0,3,3,0
52985,4253375,259173,CCN(CC1=C(C(=CC(=C1)Cl)C)O)CC2=C(C=CC3=CC=CC=C32)O,Inactive,0,,,Inactive,,,,,,,,,,4,,-1.3019,,-6.8105,,,5.1704,,,-3.7991,,,-14.5076,,,-4.5426,,,-4.4548,,,-1.3019,,,,QC'd by NCI,candidate_step3_property,,C21H22ClNO2,355.9,5.2,2,3,5,0
53005,4253376,259176,CN(CC1=C(C(=CC(=C1)Br)Br)O)CC2=C(C=CC3=CC=CC=C32)O,Inactive,0,,,Inactive,,,,,,,,,,4,,-1.6645,,-18.3183,,,-11.4202,,,-5.8709,,,-6.3293,,,0.2082,,,-21.1248,,,-1.6645,,,,QC'd by NCI,candidate_step3_property,,C19H17Br2NO2,451.2,5.2,2,3,4,0
53021,4253378,3246322,C[C@@]12CC[C@@H]3[C@@H]([C@@H]1CC[C@@H]2C(=O)COS(=O)(=O)C4=CC=C(C=C4)Br)CCC5=CC(=O)CC[C@@]35C,Inactive,0,,,Inactive,,,,,,,,,,4,,-19.9035,,-2.5734,,,1.2128,,,5.1329,,,12.9262,,,15.2201,,,5.5735,,,-19.9035,,,,QC'd by NCI,candidate_step3_property,,C27H33BrO5S,549.5,5.200,0,5,5,0
53050,3712046,2114311,CCOC1=CC=C(C=C1)C2=NN=C(N2C3=CC=CC=C3F)SCC4=NN=C(O4)C5=CC=CC=C5,Inactive,0,,,Inactive,,,,,,,,,,4,,-23.4114,,,,,-8.4579,,,-5.2145,,,1.282,,,-2.9248,,,-2.4665,,,-3.7177,,,-23.4114,QC'd by DPISMR,candidate_step3_property,,C25H20FN5O2S,473.5,5.0,0,8,8,0
53067,26748625,2901,C1CCC(C1)(C(=O)O)N,Inactive,0,,,Inactive,,,,,,,,,,4,,-22.3713,,,,,22.3612,,,13.1171,,,11.6988,,,22.9137,,,-13.4716,,,12.8522,,,-22.3713,QC'd by Microsource,candidate_step3_property,,C6H11NO2,129.16,-2.600,2,3,1,0
53095,4253382,417320,C1=CC=C(C(=C1)N)N=NC2=C(C3=C(C=C(C=C3C=C2S(=O)(=O)O)S(=O)(=O)O)O)O,Inactive,0,,,Inactive,,,,,,,,,,4,,-3.4428,,6.1495,,,8.0987,,,-4.7887,,,12.4333,,,0.9181,,,9.9136,,,-3.4428,,,,QC'd by NCI,candidate_step3_property,,C16H13N3O8S2,439.4,1.6,5,11,4,0
53108,26752603,2972,CC1=C(C(=O)C=CN1C)O,Inactive,0,,,Inactive,,,,,,,,,,4,,12.1513,,11.3373,,,12.6192,,,0.6217,,,-1.6875,,,10.0502,,,0.7944,,,12.1513,,,,QC'd by BUCMLD,candidate_step3_property,,C7H9NO2,139.15,0.5,1,3,0,0
53135,26752583,16759016,CC1(OC(C(O1)C(C2=CC(=C(C(=C2)F)F)F)(C3=CC(=C(C(=C3)F)F)F)O)C(C4=CC(=C(C(=C4)F)F)F)(C5=CC(=C(C(=C5)F)F)F)O)C,Inactive,0,,,Inactive,,,,,,,,,,4,,37.7686,,21.1375,,,32.7459,,,8.0703,,,17.463,,,16.2748,,,11.3514,,,37.7686,,,,QC'd by BUCMLD,candidate_step3_property,,C31H18F12O4,682.5,6.4,2,16,6,0
53153,11114402,6605061,CCCN1C(=NC2=C(N=C(N=C21)C)NC(C)CCCN(CC)CC)C3=CC=C(C=C3)F,Inactive,0,,,Inactive,,,,,,,,,,4,,5.7747,,,,,20.1665,,,26.2993,,,6.044,,,8.7416,,,7.2126,,,-19.1709,,,5.7747,QC'd by NCGCChem,candidate_step3_property,,C24H35FN6,426.6,5.3,1,6,11,0
53169,26752585,16759018,CCCCCCCC#CC1=CC=CC=C1/C=N/S(=O)C2=CC=C(C=C2)C,Inactive,0,,,Inactive,,,,,,,,,,4,,-7.1932,,1.5375,,,1.4363,,,-7.4361,,,-6.0297,,,-10.0204,,,-5.3933,,,-7.1932,,,,QC'd by BUCMLD,candidate_step3_property,,C23H27NOS,365.5,7.0,0,3,9,0
53174,4253417,261036,C1=CC(=CC(=C1)[As]=[As]C2=CC=CC(=C2)C(=O)O)C(=O)O,Inactive,0,,,Inactive,,,,,,,,,,4,,0.7517,,10.4666,,,-17.6379,,,0.5049,,,-11.6039,,,3.8331,,,1.7415,,,0.7517,,,,QC'd by NCI,candidate_step1_inorganic,As,C14H10As2O4,392.07,,2,4,4,0
53188,4253416,261033,C1=CC=C(C=C1)CNC2=CC=C(C=C2)[As](=O)(O)O,Inactive,0,,,Inactive,,,,,,,,,,4,,-13.9549,,-24.1347,,,-7.5958,,,-7.8597,,,-25.3782,,,-5.1723,,,3.4118,,,-13.9549,,,,QC'd by NCI,candidate_step1_inorganic,As,C13H14AsNO3,307.18,,3,4,4,0
53213,11110846,249,C[N+](C)(C)CC=O,Inactive,0,,,Inactive,,,,,,,,,,4,,-10.1771,,-14.3651,,,-11.6467,,,-16.124,,,-22.2444,,,-1.0827,,,-3.0494,,,-10.2825,,,-10.1771,QC'd by SigmaAldrich,candidate_step3_property,,C5H12NO+,102.15,-0.2,0,1,2,1
53219,26752579,16759013,CC(CC1=C(C(=CC(=C1)Br)OCC2=CC=CC=C2)OC)/C=C/C(C(=O)OC)OCC3=CC=CC=C3,Inactive,0,,,Inactive,,,,,,,,,,4,,8.5362,,-5.1633,,,-16.9412,,,5.8441,,,0.3018,,,5.4951,,,-5.357,,,8.5362,,,,QC'd by BUCMLD,candidate_step3_property,,C29H31BrO5,539.5,6.9,0,5,13,0
53221,4253423,261331,C1CN(CCN1C2=CC=CC=C2)C(C(Cl)(Cl)Cl)N3CCN(CC3)C4=CC=CC=C4,Inactive,0,,,Inactive,,,,,,,,,,4,,-18.188,,-0.1541,,,-10.7335,,,16.4839,,,-10.1957,,,-1.8704,,,6.5062,,,-18.188,,,,QC'd by NCI,candidate_step3_property,,C22H27Cl3N4,453.8,5.500,0,4,4,0
53245,26748633,16757792,CC1CC([C@H](C(O1)OC2C(C[C@]3(CO3)C(=O)C([C@H](C(C(OC(=O)C([C@H](C2C)O[C@@H]4CC([C@H](C(O4)C)OC(=O)C)OC)C)C)C)OC(=O)C)C)C)OC(=O)C)N(C)C,Inactive,0,,,Inactive,,,,,,,,,,4,,6.0648,,,,,-5.3003,,,-17.9847,,,-3.3283,,,4.023,,,-4.5168,,,3.6656,,,6.0648,QC'd by Microsource,candidate_step3_property,,C41H67NO15,814.0,4.3,0,16,12,0
53259,26752581,16759015,CCC12CC(C(CC1=O)C3=CC=CC=C3)(C(=C2)/C=C/C4=CC=CC=C4)CC,Inactive,0,,,Inactive,,,,,,,,,,4,,23.4938,,7.3489,,,12.3575,,,0.5774,,,-7.732,,,1.0862,,,4.4887,,,23.4938,,,,QC'd by BUCMLD,candidate_step3_property,,C26H28O,356.5,6.1,0,1,5,0
53282,11110850,445143,CC(C)COC[C@H](CN(CC1=CC=CC=C1)C2=CC=CC=C2)N3CCCC3,Inactive,0,,,Inactive,,,,,,,,,,4,,15.5596,,11.2711,,,9.5925,,,21.4858,,,14.4097,,,16.596,,,21.8099,,,15.7792,,,15.5596,QC'd by SigmaAldrich,candidate_step3_property,,C24H34N2O,366.5,5.3,0,3,10,0
53299,4253427,3246346,CN1CCC2=CC(=C(C3=C2[C@H]1CC4=CC=C(C=C4)OC5=C(C=CC(=C5)C[C@@H]6C7=CC(=C(C=C7CCN6C)OC)O3)O)O)OC,Inactive,0,,,Inactive,,,,,,,,,,4,,-4.0672,,-14.3329,,,0.4861,,,-9.7698,,,5.516,,,2.7465,,,-4.5501,,,-4.0672,,,,QC'd by NCI,candidate_step3_property,,C36H38N2O6,594.7,6.0,2,8,2,0
53301,4238743,3233852,CC1=CC(=CC=C1)CNC2=NC(=NC=C2)C3=CC=CC=C3C(F)(F)F,Inactive,0,,,Inactive,,,,,,,,,,4,,-27.2503,,,,,-17.616,,,-4.5594,,,-8.2521,,,-1.564,,,8.6673,,,0.9905,,,-27.2503,QC'd by Pharmacopeia,residual_possible_step4_or_definition_mismatch,,C19H16F3N3,343.3,4.9,1,6,4,0
53332,26748646,448041,C(CC(=O)N[C@@H](CS)C(=O)NCC(=O)O)C(C(=O)O)N,Inactive,0,,,Inactive,,,,,,,,,,4,,-8.1099,,,,,41.5872,,,-10.4477,,,-13.3943,,,23.6714,,,-8.3024,,,-12.0236,,,-8.1099,QC'd by Microsource,candidate_step3_property,,C10H17N3O6S,307.33,-4.5,6,8,9,0
53340,4253425,3246343,C[C@@]12CCC(=O)C=C1CC[C@H]3[C@H]2[C@H](C[C@@]4([C@@H]3CC[C@@H]4C5=CSC(=N5)C6=CC=CC=C6)C)O,Inactive,0,,,Inactive,,,,,,,,,,4,,-13.7151,,-18.645,,,5.2,,,8.9498,,,-8.09,,,0.6645,,,-13.0344,,,-13.7151,,,,QC'd by NCI,candidate_step3_property,,C28H33NO2S,447.6,5.4,1,4,2,0
53343,4248883,3242904,CC1=CC(=NN1CC2=CC=C(C=C2)Cl)NC(=O)C3=NOC4=C3CCC5=C4C=CC(=C5)OC,Inactive,0,,,Inactive,,,,,,,,,,4,,7.0782,,,,,6.2458,,,-0.8359,,,0.86,,,-3.5872,,,7.7072,,,17.8933,,,7.0782,QC'd by DPISMR,residual_possible_step4_or_definition_mismatch,,C24H21ClN4O3,448.9,4.7,1,5,5,0
53356,4253424,11972249,C[C@H]1CC[C@]2([C@@H]([C@H]3[C@H](O2)C[C@H]4[C@]3(CCC5=C4[C@@H](C=C6[C@]5(CC[C@H](C6)OC(=O)C)C)[C@@H]7C=C8C[C@H](CC[C@@]8(C9=C7[C@H]2C[C@H]3[C@@H]([C@]2(CC9)C)[C@@H]([C@@]2(O3)CC[C@@H](CO2)C)C)C)OC(=O)C)C)C)OC1,Inactive,0,,,Inactive,,,,,,,,,,4,,16.0882,,-4.5187,,,3.4867,,,9.2894,,,8.581,,,28.5117,,,20.5656,,,16.0882,,,,QC'd by NCI,candidate_step3_property,,C58H82O8,907.3,9.6,0,8,5,0
53376,11110855,2332,C1=CC=C(C=C1)C(=N)N,Inactive,0,,,Inactive,,,,,,,,,,4,,7.7898,,-5.3712,,,-11.1624,,,0.8537,,,3.7216,,,-4.4629,,,3.2422,,,4.4355,,,7.7898,QC'd by SigmaAldrich,candidate_step3_property,,C7H8N2,120.15,0.700,2,1,1,0
53392,4253431,261816,COC1=C(C=CC(=C1)C2SCCCCCCCCCCSC(SCCCCCCCCCCS2)C3=CC(=C(C=C3)O)OC)O,Inactive,0,,,Inactive,,,,,,,,,,4,,4.3091,,34.9156,,,21.2241,,,10.1342,,,14.2972,,,9.7325,,,0.97,,,4.3091,,,,QC'd by NCI,candidate_step3_property,,C36H56O4S4,681.1,12.3,2,8,4,0
53398,26752588,16759020,CC12CC(C(CC1=O)C3=CC=C(C=C3)C(F)(F)F)(C(=C2)/C=C/C4=CC=C(C=C4)C(F)(F)F)C,Inactive,0,,,Inactive,,,,,,,,,,4,,13.8344,,23.0559,,,4.6276,,,-7.6273,,,5.0637,,,11.5916,,,-3.3613,,,13.8344,,,,QC'd by BUCMLD,candidate_step3_property,,C26H22F6O,464.4,7.0,0,7,3,0
53400,26748641,16757793,C1=CC=C(C=C1)C(C#N)O[C@H]2C(C(C(C(O2)COC3[C@H](C(C(C(O3)CO)O)O)O)O)O)O,Inactive,0,,,Inactive,,,,,,,,,,4,,9.0994,,,,,1.3052,,,5.0511,,,-10.8028,,,15.4316,,,2.5603,,,-2.084,,,9.0994,QC'd by Microsource,candidate_step3_property,,C20H27NO11,457.4,-2.700,7,12,7,0
53444,26752590,9549924,CCCCCCC(=O)CC1=CC(=C(C=C1C=C(C(=O)OCC)C(=O)OCC)OC)OC,Inactive,0,,,Inactive,,,,,,,,,,4,,1.8659,,-5.0349,,,-41.5225,,,-9.621,,,13.851,,,0.6404,,,-3.1998,,,1.8659,,,,QC'd by BUCMLD,candidate_step3_property,,C24H34O7,434.5,5.0,0,7,16,0
53462,4253428,73917,COC(=O)CCCC(=O)O,Inactive,0,,,Inactive,,,,,,,,,,4,,-12.9054,,26.2448,,,-1.5263,,,0.7399,,,1.987,,,8.6835,,,1.4328,,,-12.9054,,,,QC'd by NCI,candidate_step3_property,,C6H10O4,146.14,0.300,1,4,5,0
53468,26752567,16759003,CC(=CCC12C[C@@](CC(C1=O)(C(=O)C(=C2OC(=O)C3=CC=C(C=C3)Br)C(=O)C4=CC=CC=C4)CC=C(C)C)(CC(=C)CC(=O)OC)CC(=O)OC)C,Inactive,0,,,Inactive,,,,,,,,,,4,,27.3124,,25.574,,,-17.1542,,,1.6286,,,13.2341,,,13.8562,,,17.8893,,,27.3124,,,,QC'd by BUCMLD,candidate_step3_property,,C42H45BrO9,773.7,8.8,0,9,17,0
53489,26752566,15303535,CC1(OC(C(O1)C(C2=CC(=CC(=C2)C(F)(F)F)C(F)(F)F)(C3=CC(=CC(=C3)C(F)(F)F)C(F)(F)F)O)C(C4=CC(=CC(=C4)C(F)(F)F)C(F)(F)F)(C5=CC(=CC(=C5)C(F)(F)F)C(F)(F)F)O)C,Inactive,0,,,Inactive,,,,,,,,,,4,,0.2582,,4.5181,,,3.0249,,,-3.2299,,,-6.8663,,,-1.8199,,,-18.5289,,,0.2582,,,,QC'd by BUCMLD,candidate_step3_property,,C39H22F24O4,1010.5,12.3,2,28,6,0
53524,7973589,2837738,CC1(CC2(C(=[N+]1[O-])CCC3=[N+](ON=C32)[O-])O)N4CCOCC4,Inactive,0,,,Inactive,,,,,,,,,,4,,14.6517,,,,,6.9559,,,3.8657,,,11.4264,,,6.5449,,,2.0749,,,4.062,,,14.6517,QC'd by DPISMR,residual_possible_step4_or_definition_mismatch,,C13H18N4O5,310.31,-1.5,1,7,1,0
53532,11110836,4353,CC(=O)NBr,Inactive,0,,,Inactive,,,,,,,,,,4,,0.1047,,-1.9361,,,4.8192,,,-6.4311,,,-0.6074,,,-4.4212,,,-9.6696,,,1.1095,,,0.1047,QC'd by SigmaAldrich,candidate_step3_property,,C2H4BrNO,137.96,0.1,1,1,0,0
53568,4253406,6399289,CC1=NNC(=S)NCCCN2CCN(CCCNC(=S)NN=C(C=NNC(=S)NCCCN3CCN(CCCNC(=S)NN=C1)CC3)C)CC2,Inactive,0,,,Inactive,,,,,,,,,,4,,8.818,,24.4913,,,14.9134,,,12.99,,,16.3469,,,10.1242,,,8.2781,,,8.818,,,,QC'd by NCI,candidate_step3_property,,C30H56N16S4,769.1,-0.1,8,12,0,0
53571,26752562,16758999,CCCCCCC1=CC2=CC(=C(C=C2C(O1)C3(CCCC3=O)C(=O)OCC)OC)OC,Inactive,0,,,Inactive,,,,,,,,,,4,,23.224,,-1.0049,,,-0.7719,,,10.4749,,,-11.9436,,,2.4638,,,-10.0438,,,23.224,,,,QC'd by BUCMLD,candidate_step3_property,,C25H34O6,430.5,5.2,0,6,11,0
53630,4253410,260823,C1=CC(=CC=C1NC(=O)C2=C(N3C(=NN=N3)N=C2)N)[As](=O)(O)O,Inactive,0,,,Inactive,,,,,,,,,,4,,3.9179,,-9.7447,,,9.3655,,,-5.2582,,,5.4776,,,5.9649,,,-4.2239,,,3.9179,,,,QC'd by NCI,candidate_step1_inorganic,As,C11H10AsN7O4,379.16,,4,9,3,0
53644,26748661,5702209,C[N+](C)(C)CC(=O)[O-].Cl,Inactive,0,,,Inactive,,,,,,,,,,4,,8.2133,,,,,37.1698,,,11.5187,,,36.0512,,,40.741,,,18.5311,,,24.9622,,,8.2133,QC'd by Microsource,property_value_missing,,C5H12ClNO2,153.61,,1,2,1,0
53646,865170,666420,CCCC1=CC(=O)N2C(=N1)N=C(N2)NCC3=C(C=C(C=C3)Cl)Cl,Inactive,0,,,Inactive,,,,,,,,,,4,,0.2455,,,,,-1.2966,,,-8.0567,,,6.1255,,,-22.4551,,,7.2459,,,-6.1205,,,0.2455,QC'd by DPISMR,residual_possible_step4_or_definition_mismatch,,C15H15Cl2N5O,352.2,2.9,2,2,5,0
53653,4253411,3246339,C1=CC(=CC=C1C(=O)O)[Hg]SC2=NC=NC3=C2NC=N3,Inactive,0,,,Inactive,,,,,,,,,,4,,3.9931,,-5.7534,,,4.6884,,,-12.038,,,1.25,,,-8.6532,,,-16.3047,,,3.9931,,,,QC'd by NCI,candidate_step1_inorganic,Hg,C12H8HgN4O2S,472.88,,2,6,4,0
53660,4248902,626332,C1=CC=C2C(=C1)N=C(O2)NC3=CC=C(C=C3)OC(F)(F)F,Inactive,0,,,Inactive,,,,,,,,,,4,,10.8919,,,,,5.9371,,,0.0685,,,1.317,,,1.2368,,,9.0847,,,10.9277,,,10.8919,QC'd by DPISMR,residual_possible_step4_or_definition_mismatch,,C14H9F3N2O2,294.23,4.600,1,7,3,0
53685,11110845,248,C[N+](C)(C)CC(=O)O,Inactive,0,,,Inactive,,,,,,,,,,4,,8.2405,,8.0094,,,4.3828,,,15.4636,,,-0.6113,,,12.4407,,,22.3405,,,15.4967,,,8.2405,QC'd by SigmaAldrich,candidate_step3_property,,C5H12NO2+,118.15,-0.1,1,2,2,1
53689,4253407,96890,C1=CC=NC(=C1)OCCN,Inactive,0,,,Inactive,,,,,,,,,,4,,2.8358,,39.028,,,-0.4792,,,1.8483,,,17.8622,,,17.8468,,,0.8265,,,2.8358,,,,QC'd by NCI,candidate_step3_property,,C7H10N2O,138.17,0.500,1,3,3,0
53708,26752576,9549823,CCCCCCCC1=CC2=CC(=O)C(C(=O)C2=CN1CCC3=CC=CC=C3)(C)OC(=O)C,Inactive,0,,,Inactive,,,,,,,,,,4,,36.5972,,37.3616,,,46.28,,,35.6014,,,48.3531,,,23.0829,,,39.4074,,,36.5972,,,,QC'd by BUCMLD,candidate_step3_property,,C27H33NO4,435.6,5.8,0,5,11,0
53730,11114422,6605081,CCCN1C2=C(C(=NC(=N2)C)N3CCCN(CC3)CC4=CC=CC=C4)N=C1C5=CC=C(C=C5)F,Inactive,0,,,Inactive,,,,,,,,,,4,,-24.609,,,,,3.4853,,,5.3308,,,-21.1343,,,-0.3264,,,-5.5354,,,-20.7588,,,-24.609,QC'd by NCGCChem,candidate_step3_property,,C27H31FN6,458.6,5.2,0,6,6,0
53778,26748659,2346,C1=CC=C(C=C1)CN=C=S,Inactive,0,,,Inactive,,,,,,,,,,4,,-0.3286,,,,,0.1553,,,8.958,,,15.9148,,,9.445,,,15.5687,,,8.8583,,,-0.3286,QC'd by Microsource,candidate_step3_property,,C8H7NS,149.21,3.200,0,2,2,0
53826,11114300,6604959,C[C@@H](CO[C@@H]1[C@H]([C@H]2[C@H](O[C@@H]1O[C@@H]3[C@H](O[C@@H]([C@@H]([C@H]3O)O)O[C@@H]4[C@H](O[C@@H]([C@@H]([C@H]4O)O)O[C@@H]5[C@H](O[C@@H]([C@@H]([C@H]5O)O)O[C@@H]6[C@H](O[C@@H]([C@@H]([C@H]6O)OC[C@H](C)O)O[C@@H]7[C@H](O[C@@H]([C@@H]([C@H]7O)OC[C@H](C)O)O[C@@H]8[C@H](O[C@H](O2)[C@@H]([C@H]8O)O)CO)CO)CO)CO)CO)CO)CO)O)O,Inactive,0,,,Inactive,,,,,,,,,,4,,1.2311,,-0.0542,4.0001,,18.0295,-5.7827,,-1.4403,0.9346,,2.2424,1.8976,,3.9508,-9.6807,,11.7346,5.5244,,-6.3359,1.4522,,1.2311,QC'd by Tocris,candidate_step3_property,,C51H88O38,1309.2,-14.200,21,38,16,0
53850,4238772,3233881,COC1=CC=C(C=C1)N2C3=NC(=NC=C3N=C(C2=O)C4=CC=CS4)OC5=CC=CC=C5,Inactive,0,,,Inactive,,,,,,,,,,4,,-7.1629,,,,,-3.7465,,,-1.8794,,,1.0997,,,23.1759,,,-13.5811,,,-14.4313,,,-7.1629,QC'd by Pharmacopeia,residual_possible_step4_or_definition_mismatch,,C23H16N4O3S,428.5,4.6,0,7,5,0
53870,11114298,6604957,CC(C)C1=C(NC2=CC=CC=C21)S(=O)(=O)C3=CC=C(C=C3)OCCCN(C)CCC4=CC(=C(C=C4)OC)OC,Inactive,0,,,Inactive,,,,,,,,,,4,,-1.2112,,-1.8834,11.8811,,11.3184,5.9884,,10.2362,2.632,,17.4212,6.9522,,3.299,10.5345,,4.1297,5.0709,,0.4049,-28.2297,,-1.2112,QC'd by Tocris,candidate_step3_property,,C31H38N2O5S,550.7,6.6,1,6,13,0
53882,4253450,3246354,C[C@@H]1C[C@@](CC(C1)(C)C)(C2=CC=CC=C2)OCCN3CCCCC3,Inactive,0,,,Inactive,,,,,,,,,,4,,9.2858,,-6.4976,,,0.1731,,,-12.1209,,,-8.5964,,,8.3913,,,-5.8294,,,9.2858,,,,QC'd by NCI,candidate_step3_property,,C22H35NO,329.5,5.3,0,2,5,0
53891,26752684,16759098,CC#CC(C)C(C(CC(C)CC1=C(C(=CC(=C1)Br)OCC2=CC=CC=C2)OC)OC)OCOC,Inactive,0,,,Inactive,,,,,,,,,,4,,33.3545,,9.1749,,,21.9746,,,14.8453,,,18.2245,,,17.7505,,,22.1411,,,33.3545,,,,QC'd by BUCMLD,candidate_step3_property,,C28H37BrO5,533.5,6.7,0,5,14,0
53913,26748671,2460,CCCC(=O)NC1=C2C(=NC=N1)N(C=N2)C3C(C4C(O3)COP(=O)(O4)O)OC(=O)CCC,Inactive,0,,,Inactive,,,,,,,,,,4,,-6.6738,,,,,36.1376,,,11.8282,,,1.5272,,,16.5342,,,14.7611,,,28.5703,,,-6.6738,QC'd by Microsource,candidate_step3_property,,C18H24N5O8P,469.4,-0.5,2,11,8,0
53943,11110753,2039,C(CSC(=N)N)N,Inactive,0,,,Inactive,,,,,,,,,,4,,21.5595,,23.0888,,,-1.2463,,,18.5251,,,12.2221,,,28.3126,,,10.7359,,,14.8625,,,21.5595,QC'd by SigmaAldrich,candidate_step3_property,,C3H9N3S,119.19,-0.8,3,3,3,0
53952,26748669,2149,C(C(CN)O)C(=O)O,Inactive,0,,,Inactive,,,,,,,,,,4,,31.6364,,,,,49.5709,,,20.8529,,,22.3127,,,36.565,,,31.8282,,,24.5867,,,31.6364,QC'd by Microsource,candidate_step3_property,,C4H9NO3,119.12,-4.1,3,4,3,0
53969,842275,644534,C1=CC=C(C=C1)C2=NC3=C(C=C(C=C3)F)C(=N2)SCC4=NN=C(O4)C5=CC=CC=C5,Inactive,0,,,Inactive,,,,,,,,,,4,,8.4848,,,,,-14.7582,,,10.6905,,,29.5009,,,16.6474,,,-5.68,,,20.0908,,,8.4848,QC'd by DPISMR,candidate_step3_property,,C23H15FN4OS,414.5,5.2,0,7,5,0
53986,4243321,3238058,CC1=C(C(=NO1)C2=CC=CC=C2Cl)C(=O)NC3=CC=C(C=C3)N4C(=CN=N4)C(C)(C)C,Inactive,0,,,Inactive,,,,,,,,,,4,,-7.7477,,,,,-16.6647,,,-4.5303,,,-8.1114,,,-7.3566,,,-14.7349,,,-12.6668,,,-7.7477,QC'd by DPISMR,candidate_step3_property,,C23H22ClN5O2,435.9,5.0,1,5,5,0
54005,4253464,145742,C1C[C@H](NC1)C(=O)O,Inactive,0,,,Inactive,,,,,,,,,,4,,24.5097,,-20.5636,,,-0.2415,,,-3.4469,,,11.6288,,,-14.7221,,,14.0598,,,24.5097,,,,QC'd by NCI,candidate_step3_property,,C5H9NO2,115.13,-2.500,2,3,1,0
54063,26752693,16759106,CCOC(=O)OCC1C(CCC(O1)CCC2=CC=CC=C2)OC3=CC=C(C=C3)OC,Inactive,0,,,Inactive,,,,,,,,,,4,,3.1103,,-7.085,,,-23.9371,,,-15.2235,,,-16.2899,,,-0.3306,,,-1.9759,,,3.1103,,,,QC'd by BUCMLD,candidate_step3_property,,C24H30O6,414.5,5.4,0,6,11,0
54110,4253459,16683706,C1CN(CC(=O)O[Hg]OC(=O)CN1CC(=O)O)CC(=O)O,Inactive,0,,,Inactive,,,,,,,,,,4,,-19.6913,,-2.9921,,,16.6708,,,6.2232,,,16.1654,,,2.0943,,,6.0633,,,-19.6913,,,,QC'd by NCI,candidate_step1_inorganic,Hg,C10H14HgN2O8,490.82,,2,10,4,0
54134,4253436,3246348,CN(C)C1=CC=C(C=C1)C2N(CCCN2[C@@H](C#N)C3=CC=C(C=C3)N(C)C)[C@H](C#N)C4=CC=C(C=C4)N(C)C,Inactive,0,,,Inactive,,,,,,,,,,4,,-9.3163,,-2.2227,,,3.8383,,,2.6085,,,4.9777,,,10.9439,,,14.5076,,,-9.3163,,,,QC'd by NCI,candidate_step3_property,,C32H39N7,521.7,5.4,0,7,8,0
54187,11110731,173685,C1[C@@H](C=CC=C1C(=O)O)N,Inactive,0,,,Activator,0.0063,18,,Complete curve; partial efficacy; poor fit,-8.2,1.9282,0.662,23.5,5.5,1.4,0 0 0 0 0 1 0 0,15.4678,,5.9954,,,9.9945,,,20.6062,,,28.0047,,,31.652,,,38.8803,,,19.269,,,15.4678,QC'd by SigmaAldrich,candidate_step3_property,,C7H9NO2,139.15,-2.2,2,3,1,0
54195,26752661,16759076,CC1=CC2=C(C=C1)OC(C3=NC4=CC(=C(C=C4N=C23)Cl)Cl)(CC=C)C5=CC=CC=C5,Inactive,0,,,Inactive,,,,,,,,,,4,,19.2841,,1.7216,,,-5.1145,,,-2.0111,,,7.4207,,,3.1531,,,4.1006,,,19.2841,,,,QC'd by BUCMLD,candidate_step3_property,,C25H18Cl2N2O,433.3,6.7,0,3,3,0
54199,4253439,19900,C1CC2CCC1CN(C2)CCC(C3=CC=CC=C3)C4=CC=CC=C4,Inactive,0,,,Inactive,,,,,,,,,,4,,13.775,,-2.703,,,10.3784,,,0.599,,,-3.5857,,,5.2278,,,8.1263,,,13.775,,,,QC'd by NCI,candidate_step3_property,,C23H29N,319.5,5.5,0,1,5,0
54211,11110738,286,C(C(=O)O)ON,Inactive,0,,,Inactive,,,,,,,,,,4,,3.3133,,3.632,,,4.8485,,,-4.1837,,,-12.041,,,21.294,,,0.647,,,12.1676,,,3.3133,QC'd by SigmaAldrich,candidate_step3_property,,C2H5NO3,91.07,-3.4,2,4,2,0
54231,4253433,261847,C1=CC=C2C(=C1)C(=O)N(C2=O)C3=CC=C(C=C3)CC4=CC=C(C=C4)N5C(=O)C6=CC=CC=C6C5=O,Inactive,0,,,Inactive,,,,,,,,,,4,,-5.7892,,17.8406,,,-15.7942,,,-19.2911,,,-14.2909,,,-18.9591,,,3.0595,,,-5.7892,,,,QC'd by NCI,residual_possible_step4_or_definition_mismatch,,C29H18N2O4,458.5,4.900,0,4,4,0
54249,11110736,1367,C1=CC=C2C(=C1)N=NN2N,Inactive,0,,,Inactive,,,,,,,,,,4,,19.2867,,14.0709,,,13.304,,,8.5235,,,7.1892,,,14.235,,,9.9879,,,21.0302,,,19.2867,QC'd by SigmaAldrich,candidate_step3_property,,C6H6N4,134.14,0.900,1,3,0,0
54393,26752676,16759090,CCC1CN2CCC1CC2C(C3=C4C=C(C=CC4=NC=C3)O)OC5=CC6=CC=CC=C6C7=CC=CC=C75,Inactive,0,,,Inactive,,,,,,,,,,4,,25.5824,,2.2031,,,10.3704,,,-0.3968,,,1.9544,,,-4.7094,,,-7.6833,,,25.5824,,,,QC'd by BUCMLD,candidate_step3_property,,C33H32N2O2,488.6,7.600,1,4,5,0
54445,3712156,92980,C1CC(CNC1)C(=O)N,Inactive,0,,,Inactive,,,,,,,,,,4,,-6.9771,,,,,-0.6127,,,7.7156,,,4.2303,,,-6.2053,,,3.053,,,-1.2713,,,-6.9771,QC'd by DPISMR,candidate_step3_property,,C6H12N2O,128.17,-1.300,2,2,1,0
54530,11110785,2157,CCCCC1=C(C2=CC=CC=C2O1)C(=O)C3=CC(=C(C(=C3)I)OCCN(CC)CC)I,Inactive,0,,,Inactive,,,,,,,,,,4,,-17.7345,,-6.0313,-5.4773,,3.8491,-15.0723,,-6.9039,-12.2721,,-6.8827,-1.9779,,-4.3008,-11.663,,-14.8152,-8.9472,,0.6329,-17.7345,,,QC'd by Prestwick,candidate_step3_property,,C25H29I2NO3,645.3,7.600,0,4,11,0
54551,26752650,16759065,CC12CC(C(CC1=O)C3=CC=C(C=C3)Br)(C(=C2)/C=C/C4=CC=C(C=C4)Br)C,Inactive,0,,,Inactive,,,,,,,,,,4,,18.0587,,2.331,,,-15.1893,,,-5.7792,,,-3.5765,,,-1.4265,,,-18.3051,,,18.0587,,,,QC'd by BUCMLD,candidate_step3_property,,C24H22Br2O,486.2,6.6,0,1,3,0
54596,26752652,16759067,CC12CC(C(CC1=O)C3=CC=CC=C3)(C(=C2)/C=C/C4=CC=CC=C4)C,Inactive,0,,,Inactive,,,,,,,,,,4,,22.64,,9.273,,,0.6659,,,-9.9186,,,17.2803,,,4.0007,,,-8.4216,,,22.64,,,,QC'd by BUCMLD,candidate_step3_property,,C24H24O,328.4,5.2,0,1,3,0
54602,4238800,3233909,CN(CC1=CC=CO1)C2=NC(=NC3=CC=CC=C32)C4=CC=CC=C4C(F)(F)F,Inactive,0,,,Inactive,,,,,,,,,,4,,1.8093,,,,,-2.1243,,,-18.3616,,,-6.6366,,,-17.756,,,-8.6532,,,-4.8511,,,1.8093,QC'd by Pharmacopeia,candidate_step3_property,,C21H16F3N3O,383.4,5.1,0,7,4,0
54627,853109,655761,C1=CC=C2C=C(C(=CC2=C1)C3=NN=C(N3CC4=CC=CO4)SCC(=O)C5=CC=C(C=C5)F)O,Inactive,0,,,Inactive,,,,,,,,,,4,,-61.3151,,,,,-21.3394,,,0.3528,,,26.7519,,,27.1497,,,4.1974,,,29.6393,,,-61.3151,QC'd by DPISMR,candidate_step3_property,,C25H18FN3O3S,459.5,5.0,1,7,7,0
54640,4253496,3246367,C[C@H]1[C@H](C[C@@H]([C@H](O1)OC2[C@@H]([C@H](C([C@H]([C@@H]2O)O)O)O)O)N)N=C(C(=O)O)N,Inactive,0,,,Inactive,,,,,,,,,,4,,18.3137,,10.8885,,,1.7196,,,0.4383,,,8.8777,,,-4.5215,,,-2.9587,,,18.3137,,,,QC'd by NCI,candidate_step3_property,,C14H25N3O9,379.36,-6.7,8,11,4,0
54653,4238811,3233919,CN(C)C1=CC=C(C=C1)C2=NC3=CC=CC=C3C(=N2)NCC4=C(C=C(C=C4)OC)OC,Inactive,0,,,Inactive,,,,,,,,,,4,,-13.5016,,,,,2.1547,,,7.7983,,,1.8992,,,2.9601,,,-4.4628,,,1.1026,,,-13.5016,QC'd by Pharmacopeia,candidate_step3_property,,C25H26N4O2,414.5,5.1,1,6,7,0
54672,4243288,3238031,CCCSC1=NN=C(N1C2=C(C=CC(=C2)C)C)CC3=CC(=O)NC(=O)N3,Inactive,0,,,Inactive,,,,,,,,,,4,,-14.5086,,,,,-5.4361,,,1.1869,,,-22.0785,,,-2.0853,,,-2.275,,,-4.2297,,,-14.5086,QC'd by DPISMR,residual_possible_step4_or_definition_mismatch,,C18H21N5O2S,371.5,2.6,2,5,6,0
54685,26752656,16759071,CCCCCCC#CC1=CC(=C(C=C1C(N2CC(C3=CC=CC=C32)C)N4CC(C5=CC=CC=C54)C)OC)OC,Inactive,0,,,Inactive,,,,,,,,,,4,,43.6978,,43.0143,,,48.3627,,,26.2522,,,19.2429,,,31.9589,,,27.864,,,43.6978,,,,QC'd by BUCMLD,candidate_step3_property,,C35H42N2O2,522.7,9.5,0,4,10,0
54689,26748709,16757801,CN1C(=NC(=O)C(=N1)[O-])SCC2=C(N3C(C(C3=O)NC(=O)/C(=N/OC)/C4=CSC(=N4)N)SC2)C(=O)[O-].O.O.O.[Na+].[Na+],Inactive,0,,,Inactive,,,,,,,,,,4,,-0.5954,,,,,-0.2516,,,8.7538,,,-5.7703,,,19.1763,,,-6.7689,,,9.2903,,,-0.5954,QC'd by Microsource,candidate_step1_inorganic,Na,C18H22N8Na2O10S3,652.6,,5,17,7,0
54707,26748710,16757801,CN1C(=NC(=O)C(=N1)[O-])SCC2=C(N3C(C(C3=O)NC(=O)/C(=N/OC)/C4=CSC(=N4)N)SC2)C(=O)[O-].O.O.O.[Na+].[Na+],Inactive,0,,,Inactive,,,,,,,,,,4,,-12.9289,,,,,39.9808,,,-6.1509,,,-1.0717,,,2.2738,,,12.524,,,1.7727,,,-12.9289,QC'd by Microsource,candidate_step1_inorganic,Na,C18H22N8Na2O10S3,652.6,,5,17,7,0
54716,4253492,264984,CN(C)CC1=C(C=CC(=C1)C(F)(F)F)C(C2=CC=CC=C2)(C3=CC=CC=C3)O,Inactive,0,,,Inactive,,,,,,,,,,4,,2.283,,11.2309,,,-2.968,,,5.6442,,,2.4717,,,3.3214,,,8.2809,,,2.283,,,,QC'd by NCI,residual_possible_step4_or_definition_mismatch,,C23H22F3NO,385.4,4.9,1,5,5,0
54720,26752658,16759073,CC(=C)CC1(C2=NC3=CC(=C(C=C3N=C2C4=CC=CC=C4O1)Cl)Cl)C5=CC=CC=C5,Inactive,0,,,Inactive,,,,,,,,,,4,,25.8808,,24.9265,,,21.1515,,,15.03,,,30.1017,,,9.2785,,,18.5704,,,25.8808,,,,QC'd by BUCMLD,candidate_step3_property,,C25H18Cl2N2O,433.3,7.0,0,3,3,0
54746,11110795,6603716,CC1=C(C(CC(=O)[C@@H]1O)(C)C)/C=C\C(=C\C=C/C(=C/C=C\C=C(\C=C/C=C(/C=C\C2=C([C@H](C(=O)CC2(C)C)O)C)\C)/C)/C)\C,Inactive,0,,,Inactive,,,,,,,,,,4,,-16.2344,,-11.3879,,,-20.4832,,,-14.2539,,,-14.9583,,,-14.7198,,,-24.3361,,,-11.9522,,,-16.2344,QC'd by SigmaAldrich,candidate_step3_property,,C40H52O4,596.8,9.1,2,4,10,0
54797,4253473,264067,C1=CC=C(C=C1)C(=O)CSC2=NC3=CC=CC=C3C4=CC=CC=C42,Inactive,0,,,Inactive,,,,,,,,,,4,,-1.3987,,-0.236,,,12.4675,,,3.0245,,,-6.1107,,,14.7639,,,0.4836,,,-1.3987,,,,QC'd by NCI,candidate_step3_property,,C21H15NOS,329.4,5.7,0,3,4,0
54808,26752628,16759050,CCC1C(C=CCCO1)C,Inactive,0,,,Inactive,,,,,,,,,,4,,-10.7544,,4.9748,,,-13.3386,,,0.8194,,,-21.0485,,,-2.4485,,,5.6426,,,-10.7544,,,,QC'd by BUCMLD,candidate_step3_property,,C9H16O,140.22,2.5,0,1,1,0
54821,11110767,2146,C(=NN)(N)N,Inactive,0,,,Inactive,,,,,,,,,,4,,-23.6062,,18.5653,,,-10.0428,,,1.907,,,1.597,,,17.2763,,,13.2487,,,3.6429,,,-23.6062,QC'd by SigmaAldrich,candidate_step3_property,,CH6N4,74.09,-1.5,3,2,0,0
54864,26752633,16759054,CCCCCCC/C=C/C1=CC2(CC1(C(CC2=O)CCCCCCC)C)C,Inactive,0,,,Inactive,,,,,,,,,,4,,8.1999,,7.0635,,,9.6538,,,-3.7075,,,-6.5269,,,-8.9628,,,-12.2058,,,8.1999,,,,QC'd by BUCMLD,candidate_step3_property,,C26H44O,372.6,9.4,0,1,13,0
54872,11110769,199,C(CCN=C(N)N)CN,Inactive,0,,,Inactive,,,,,,,,,,4,,2.507,,34.4429,,,28.8866,,,33.4678,,,36.3581,,,38.3392,,,44.7198,,,30.0916,,,2.507,QC'd by SigmaAldrich,candidate_step3_property,,C5H14N4,130.19,-1.5,3,2,4,0
54876,11110768,2146,C(=NN)(N)N,Inactive,0,,,Inactive,,,,,,,,,,4,,-3.406,,15.8712,,,4.437,,,5.3938,,,20.717,,,-2.1555,,,1.8254,,,13.1467,,,-3.406,QC'd by SigmaAldrich,candidate_step3_property,,CH6N4,74.09,-1.5,3,2,0,0
54907,11110771,97587,C(CN)CP(=O)(O)O,Inactive,0,,,Inactive,,,,,,,,,,4,,-12.1743,,19.8287,,,-9.4718,,,16.5614,,,-2.7868,,,24.5185,,,-12.6373,,,12.7976,,,-12.1743,QC'd by SigmaAldrich,candidate_step3_property,,C3H10NO3P,139.09,-4.5,3,4,3,0
54910,3715518,2549759,CC1=CC(=C(C=C1)N2C(=NN=C2SCN3C(=O)C4=CC=CC=C4N=N3)C5=CN=CC=C5)C,Inactive,0,,,Inactive,,,,,,,,,,4,,20.1537,,,,,-4.5094,,,0.6522,,,-0.0891,,,19.088,,,-8.3546,,,-2.2692,,,20.1537,QC'd by DPISMR,residual_possible_step4_or_definition_mismatch,,C23H19N7OS,441.5,4.7,0,7,5,0
54927,11110770,1725,C1=CC(=CC=C1C(=N)N)N,Inactive,0,,,Inactive,,,,,,,,,,4,,-3.0255,,18.3442,,,-0.0952,,,23.9536,,,6.7078,,,-9.5579,,,1.5673,,,32.4219,,,-3.0255,QC'd by SigmaAldrich,candidate_step3_property,,C7H9N3,135.17,-0.500,3,2,1,0
54933,11110773,165627,C(C[C@H](C(=O)O)N)CC(=O)O,Inactive,0,,,Inactive,,,,,,,,,,4,,3.8753,,12.3238,,,11.2729,,,-4.4361,,,-2.6673,,,19.7396,,,-0.5237,,,2.9474,,,3.8753,QC'd by SigmaAldrich,candidate_step3_property,,C6H11NO4,161.16,-3.100,3,5,5,0
54947,4253480,418280,CC1=CC(=CC(=C1)C(=N)C2=CC=CC=C2CC3=CC=CC4=CC=CC=C43)C,Inactive,0,,,Inactive,,,,,,,,,,4,,14.9566,,13.9074,,,5.504,,,12.0868,,,5.8377,,,15.4373,,,8.1505,,,14.9566,,,,QC'd by NCI,candidate_step3_property,,C26H23N,349.5,7.3,1,1,4,0
54956,26748722,5702223,CN(C)CC/C=C/1\C2=CC=CC=C2SC3=C1C=C(C=C3)Cl.Cl,Inactive,0,,,Inactive,,,,,,,,,,4,,16.327,,,,,5.4251,,,7.7696,,,11.4452,,,12.3204,,,0.666,,,6.8543,,,16.327,QC'd by Microsource,property_value_missing,,C18H19Cl2NS,352.3,,1,2,3,0
54957,26752636,16759056,C/C(=C/CCCC=C)/C(C(CC/C=C(\C)/C(=O)N)OC)OCC1=CC=C(C=C1)OC,Inactive,0,,,Inactive,,,,,,,,,,4,,13.7089,,-3.6209,,,1.9691,,,5.9647,,,13.6291,,,-2.2593,,,-11.9001,,,13.7089,,,,QC'd by BUCMLD,candidate_step3_property,,C25H37NO4,415.6,4.9,1,4,15,0
54961,4238830,3233938,COC1=CC2=C(C=C1)NC=C2CCNC3=NC(=NC=C3)C4=CC=CC=C4C(F)(F)F,Inactive,0,,,Inactive,,,,,,,,,,4,,-12.916,,,,,-11.7855,,,-19.2324,,,-4.591,,,-5.3476,,,-7.4467,,,-19.3369,,,-12.916,QC'd by Pharmacopeia,candidate_step3_property,,C22H19F3N4O,412.4,5.1,2,7,6,0
54962,4253481,418281,CC1=CC=C(C2=CC=CC=C12)C(=N)C3=CC=CC=C3CC4=CC=CC5=CC=CC=C54,Inactive,0,,,Inactive,,,,,,,,,,4,,6.6867,,-9.2446,,,-2.1163,,,-0.5314,,,7.2591,,,0.7784,,,2.2731,,,6.6867,,,,QC'd by NCI,candidate_step3_property,,C29H23N,385.5,8.1,1,1,4,0
54982,3715531,2566512,CC1=CC(=C(N1CC2=CC=CS2)C)C(=O)CSC3=NN=C(O3)C4=CC=C(C=C4)OC(F)F,Inactive,0,,,Inactive,,,,,,,,,,4,,-3.5028,,,,,1.1096,,,12.4037,,,6.6886,,,9.8541,,,-11.7435,,,15.856,,,-3.5028,QC'd by DPISMR,candidate_step3_property,,C22H19F2N3O3S2,475.5,5.4,0,9,9,0
54984,865102,666353,C1=CC=NC(=C1)C2=NN=C(N2C3=CC=C(C=C3)Cl)SCC4=CC=C(C=C4)C#N,Inactive,0,,,Inactive,,,,,,,,,,4,,8.3328,,,,,-8.7246,,,-7.6024,,,-3.1236,,,-0.2648,,,-5.21,,,-4.5509,,,8.3328,QC'd by DPISMR,residual_possible_step4_or_definition_mismatch,,C21H14ClN5S,403.9,4.4,0,5,5,0
54989,4253478,418273,C1=CC=C(C=C1)CC2=CC=CC=C2C(=N)C3=CC4=CC=CC=C4C=C3,Inactive,0,,,Inactive,,,,,,,,,,4,,-10.8269,,3.1142,,,-12.5342,,,-2.9902,,,-11.1033,,,-24.1957,,,3.199,,,-10.8269,,,,QC'd by NCI,candidate_step3_property,,C24H19N,321.4,6.5,1,1,4,0
54992,26748724,5353532,C1CN(CCN1/C=C/CC2=CC=CC=C2)C(C3=CC=CC=C3)C4=CC=CC=C4,Inactive,0,,,Inactive,,,,,,,,,,4,,-17.2123,,,,,8.0338,,,-11.1515,,,6.0099,,,8.8853,,,-4.4093,,,7.0035,,,-17.2123,QC'd by Microsource,candidate_step3_property,,C26H28N2,368.5,5.8,0,2,6,0
55007,4253479,418275,CC1=CC=CC=C1C(=N)C2=CC=CC=C2CC3=CC=CC4=CC=CC=C43,Inactive,0,,,Inactive,,,,,,,,,,4,,-7.1303,,-11.816,,,-17.0662,,,-18.4185,,,-15.5042,,,-15.4043,,,-20.6807,,,-7.1303,,,,QC'd by NCI,candidate_step3_property,,C25H21N,335.4,6.9,1,1,4,0
55014,11110777,167529,C=CC[C@@H](C(=O)O)N,Inactive,0,,,Inactive,,,,,,,,,,4,,1.4867,,-3.1667,,,-4.431,,,-2.5732,,,11.554,,,6.2894,,,5.1731,,,6.9569,,,1.4867,QC'd by SigmaAldrich,candidate_step3_property,,C5H9NO2,115.13,-2.3,2,3,3,0
55042,4253477,418268,CC1=CC(=C(C=C1)C)C(=N)C2=CC=CC=C2CC3=CC=CC=C3,Inactive,0,,,Inactive,,,,,,,,,,4,,-2.5013,,14.1504,,,1.9828,,,-0.3949,,,-6.9901,,,3.0726,,,7.3739,,,-2.5013,,,,QC'd by NCI,candidate_step3_property,,C22H21N,299.4,6.0,1,1,4,0
55054,11110779,564,C(CCC(=O)O)CCN,Inactive,0,,,Inactive,,,,,,,,,,4,,7.8571,,-9.8471,-3.2143,,9.9826,0.8339,,-1.3905,-26.7196,,10.8869,3.708,,12.7149,6.4405,,7.6622,6.6602,,-7.4355,7.8571,,,QC'd by Prestwick,candidate_step3_property,,C6H13NO2,131.17,-3.000,2,3,5,0
55074,26748728,2799,CC(C)(C)CC(C)(C)C1=CC(=C(C=C1)O)CC2=C(C=C(C=C2)Cl)Cl,Inactive,0,,,Inactive,,,,,,,,,,4,,18.7963,,,,,1.9239,,,-17.795,,,2.3353,,,12.5583,,,-5.1933,,,8.7103,,,18.7963,QC'd by Microsource,candidate_step3_property,,C21H26Cl2O,365.3,8.1,1,1,5,0
55075,858070,5610,C1=CC(=CC=C1CCN)O,Inactive,0,,,Inactive,,,,,,,,,,4,,8.1838,,,,,31.7644,,,-11.2512,,,6.9024,,,7.46,,,5.6479,,,13.7142,,,8.1838,QC'd by Microsource,candidate_step3_property,,C8H11NO,137.18,1.100,2,2,2,0
55076,11110778,564,C(CCC(=O)O)CCN,Inactive,0,,,Inactive,,,,,,,,,,4,,9.3383,,12.2741,,,21.9641,,,9.5443,,,13.7258,,,24.6497,,,18.9816,,,20.0022,,,9.3383,QC'd by SigmaAldrich,candidate_step3_property,,C6H13NO2,131.17,-3.000,2,3,5,0
55140,26752493,16758944,C[C@@]12CCC3C(C1CCC2=O)CCC4=C3C=CC(=C4)OC5C=CC(OC5CO)C6=CC=CC=C6,Inactive,0,,,Inactive,,,,,,,,,,4,,26.6751,,6.4691,,,10.5777,,,-0.6805,,,14.0193,,,12.1379,,,-3.0974,,,26.6751,,,,QC'd by BUCMLD,residual_possible_step4_or_definition_mismatch,,C30H34O4,458.6,4.700,1,4,4,0
55141,11110959,1730,C1=CC(=CC=C1C(=O)O)[Hg]Cl,Inactive,0,,,Inactive,,,,,,,,,,4,,19.0556,,-15.7059,,,-10.3894,,,-9.8981,,,-5.3166,,,-5.1666,,,2.1754,,,-1.0536,,,19.0556,QC'd by SigmaAldrich,candidate_step1_inorganic,Hg,C7H5ClHgO2,357.16,,1,2,1,0
55154,7964579,5307104,CC1=C(C(=CC=C1)NC(=O)CSC2=NN=C(N2C3=CC=C(C=C3)OC)CC4=CC=CN4C)C,Inactive,0,,,Inactive,,,,,,,,,,4,,-0.4991,,,,,-34.355,,,-7.0704,,,-3.8523,,,2.2557,,,-13.2377,,,-12.8365,,,-0.4991,QC'd by DPISMR,residual_possible_step4_or_definition_mismatch,,C25H27N5O2S,461.6,4.3,1,5,8,0
55170,4261289,1289866,CCN1C(=NN=C1SCC(=O)NC2=C(C(=C(O2)C3=CC=CC=C3)C4=CC=CC=C4)C#N)C5=CC=CO5,Inactive,0,,,Inactive,,,,,,,,,,4,,-28.7574,,,,,1.1538,,,-3.8774,,,-12.8444,,,-0.6854,,,-16.2219,,,-4.1933,,,-28.7574,QC'd by DPISMR,candidate_step3_property,,C27H21N5O3S,495.6,5.2,1,7,8,0
55178,11110957,1615336,C1CN(CCN1C/C=C\C2=CC=CC=C2)C(C3=CC=CC=C3)C4=CC=CC=C4,Inactive,0,,,Inactive,,,,,,,,,,4,,-12.7483,,21.6945,-6.7538,,10.5127,6.7977,,6.2441,7.4887,,18.0398,11.3468,,-0.5595,2.9608,,-1.8454,1.1237,,-3.0219,-12.7483,,,QC'd by Prestwick,candidate_step3_property,,C26H28N2,368.5,5.800,0,2,6,0
55181,26752491,16758942,CCOC(=O)OCC1C(C=CC(O1)C2=CC=CC=C2)OC3=C(C=C(C=C3)F)C,Inactive,0,,,Inactive,,,,,,,,,,4,,13.2971,,16.5307,,,23.3872,,,12.1904,,,17.2694,,,14.3392,,,1.3973,,,13.2971,,,,QC'd by BUCMLD,residual_possible_step4_or_definition_mismatch,,C22H23FO5,386.4,4.900,0,6,8,0
55235,4248789,3242819,CC1=CC=C(C=C1)C(CC(=O)O)NC2=NC(=NC(=N2)N3CCCCC3)N4CCCCC4,Inactive,0,,,Inactive,,,,,,,,,,4,,7.259,,,,,13.6889,,,30.1944,,,21.46,,,8.334,,,19.3556,,,18.9567,,,7.259,QC'd by DPISMR,residual_possible_step4_or_definition_mismatch,,C23H32N6O2,424.5,4.8,2,8,7,0
55242,26748475,5702162,CC(C1=CC=CC=C1)NCCC(C2=CC=CC=C2)C3=CC=CC=C3.Cl,Inactive,0,,,Inactive,,,,,,,,,,4,,0.3197,,,,,12.1864,,,-27.7206,,,12.7691,,,16.0361,,,9.1362,,,-10.1798,,,0.3197,QC'd by Microsource,property_value_missing,,C23H26ClN,351.9,,2,1,7,0
55252,4253266,5351878,C1=CC=C(C=C1)C(=O)NC2=C3C(=C(C=C2)NC4=CC5=C(C=C4)C(=O)C6=CC=CC=C6C5=O)C(=O)C7=CC=CC=C7C3=O,Inactive,0,,,Inactive,,,,,,,,,,4,,-8.9547,,36.9732,,,7.3168,,,7.5241,,,19.1353,,,8.8797,,,-2.5763,,,-8.9547,,,,QC'd by NCI,candidate_step3_property,,C35H20N2O5,548.5,7.3,2,6,4,0
55263,26748473,16757769,CN1CCC2=CC(=C(C3=C2C1CC4=CC(=CC=C4)OC5=CC(=C(CC6C7=CC(=C(C=C7CCN6C)OC)O3)C=C5)O)OC)OC.Cl.Cl,Inactive,0,,,Inactive,,,,,,,,,,4,,11.4955,,,,,5.8588,,,2.0548,,,10.5515,,,17.3134,,,-10.4507,,,9.1341,,,11.4955,QC'd by Microsource,property_value_missing,,C37H42Cl2N2O6,681.6,,3,8,3,0
55364,4253255,247144,CN(C)CCCN=C(N)N.OS(=O)(=O)O,Inactive,0,,,Inactive,,,,,,,,,,4,,-21.7556,,-4.6471,,,9.5344,,,-7.4839,,,-6.5003,,,-7.1721,,,-16.8684,,,-21.7556,,,,QC'd by NCI,property_value_missing,,C6H18N4O4S,242.30,,4,6,4,0
55396,26752480,16758933,CCCCCCC#CC1C=CC(C(O1)COC(=O)OCC)OC(=O)OCC,Inactive,0,,,Inactive,,,,,,,,,,4,,0.3466,,-5.5241,,,8.9883,,,-0.5859,,,11.2282,,,-2.235,,,-1.0943,,,0.3466,,,,QC'd by BUCMLD,candidate_step3_property,,C20H30O7,382.4,5.2,0,7,13,0
55457,11110943,2551,C[N+](C)(C)CCOC(=O)N,Inactive,0,,,Inactive,,,,,,,,,,4,,-7.1195,,-10.1107,,,2.0718,,,12.1677,,,10.9786,,,19.044,,,-0.2782,,,-0.0395,,,-7.1195,QC'd by SigmaAldrich,candidate_step3_property,,C6H15N2O2+,147.20,-0.4,1,2,4,1
55482,11110944,2551,C[N+](C)(C)CCOC(=O)N,Inactive,0,,,Inactive,,,,,,,,,,4,,-20.7504,,19.6044,8.5462,,22.5941,-4.1948,,12.2667,3.0426,,5.7017,9.0942,,-2.7919,-0.8988,,-20.922,-10.5142,,-12.4733,-20.7504,,,QC'd by Prestwick,candidate_step3_property,,C6H15N2O2+,147.20,-0.4,1,2,4,1
55485,4261272,1152634,C1CC2=C(C1)C=C(C=C2)NC(=O)CSC3=NC(=CC(=N3)C(F)(F)F)C4=CC=CO4,Inactive,0,,,Activator,10,49.4423,,Partial curve; partial efficacy,-5,2.9023,0.9985,43.4899,-5.9524,2.2,0 0 0 0 0 0 0,42.9422,,,,,-6.3209,,,-7.0443,,,-4.9776,,,-6.9367,,,-4.8503,,,23.7743,,,42.9422,QC'd by DPISMR,residual_possible_step4_or_definition_mismatch,,C20H16F3N3O2S,419.4,4.5,1,8,5,0
55499,4253245,3246275,CN1CCC[C@@H]1C2=CN=CC=C2.C1=CC=C(C(=C1)C(=O)[OH2+])O.C1=CC=C(C(=C1)C(=O)[OH2+])O.C1=CC=C(C(=C1)C(=O)[OH2+])O.C1=CC=C(C(=C1)C(=O)O)O.[Cu],Inactive,0,,,Inactive,,,,,,,,,,4,,-10.3339,,1.3906,,,-12.9841,,,-4.1274,,,-30.22,,,-9.1272,,,-8.9267,,,-10.3339,,,,QC'd by NCI,candidate_step1_inorganic,Cu,C38H41CuN2O12+3,781.3,,8,11,2,3
55552,26748494,17683,CCN(CCCCOC(=O)C1=CC(=C(C=C1)OC)OC)C(C)CC2=CC=C(C=C2)OC.Cl,Inactive,0,,,Inactive,,,,,,,,,,4,,-0.1864,,,,,5.9528,,,-15.7787,,,-2.7609,,,4.1645,,,-25.3331,,,1.956,,,-0.1864,QC'd by Microsource,property_value_missing,,C25H36ClNO5,466.0,,1,6,14,0
55558,4256764,1116954,CCNC1=NC(=NC(=N1)N(CCOC2=C(C=C(C=C2)Cl)Cl)C#N)NC(C)C,Inactive,0,,,Activator,19.9526,36,,Partial curve; partial efficacy,-4.7,1.8851,0.8962,48,12,2.2,0 0 0 0 0 0 0,45.7952,,,,,14.4229,,,17.8288,,,16.8609,,,6.9437,,,13.8628,,,21.1381,,,45.7952,QC'd by DPISMR,candidate_step3_property,,C17H21Cl2N7O,410.3,5.2,2,8,9,0
55565,4253246,3246276,CN1CCC[C@@H]1C2=CN=CC=C2.C1=CC=C(C(=C1)C(=O)[OH2+])O.C1=CC=C(C(=C1)C(=O)[OH2+])O.C1=CC=C(C(=C1)C(=O)[OH2+])O.C1=CC=C(C(=C1)C(=O)O)O.[Mn],Inactive,0,,,Inactive,,,,,,,,,,4,,11.3052,,29.0772,,,3.4934,,,6.702,,,13.5932,,,7.447,,,5.3686,,,11.3052,,,,QC'd by NCI,candidate_step1_inorganic,Mn,C38H41MnN2O12+3,772.7,,8,11,2,3
55570,4253250,3246278,C1C2=CC=CC=C2C3=C1C=C(C=C3)NC(=O)[C@@H]4[C@@H]([C@@]5(C(=C([C@]4(C5(Cl)Cl)Cl)Cl)Cl)Cl)C(=O)O,Inactive,0,,,Inactive,,,,,,,,,,4,,9.9861,,12.6781,,,4.7406,,,7.4984,,,2.0036,,,11.0425,,,0.4929,,,9.9861,,,,QC'd by NCI,candidate_step3_property,,C22H13Cl6NO3,552.1,5.0,2,3,3,0
55582,11110937,6603775,CC[C@H]1C(=O)N(CC(=O)N([C@H](C(=O)N[C@H](C(=O)N([C@H](C(=O)N[C@H](C(=O)N[C@H](C(=O)N([C@H](C(=O)N([C@H](C(=O)N([C@H](C(=O)N([C@H](C(=O)N1)[C@H]([C@@H](C)C/C=C\C)O)C)C(C)C)C)CC(C)C)C)CC(C)C)C)C)C)CC(C)C)C)C(C)C)CC(C)C)C)C,Inactive,0,,,Inactive,,,,,,,,,,4,,8.3473,,6.0797,,,6.1368,,,3.3546,,,11.6224,,,13.2485,,,12.766,,,13.5157,,,8.3473,QC'd by SigmaAldrich,candidate_step3_property,,C62H111N11O12,1202.6,7.5,5,12,15,0
55607,11114257,135484659,CC1=C(N(N=C1C2=CC=C(C=C2)O)C3=CC=C(C=C3)O)C4=CC=C(C=C4)OCCN5CCCCC5,Inactive,0,,,Inactive,,,,,,,,,,4,,16.3665,,5.6418,25.0538,,8.2751,15.5707,,20.876,19.5831,,19.868,11.0957,,21.4027,10.0832,,25.971,6.4048,,25.9874,21.341,,16.3665,QC'd by Tocris,candidate_step3_property,,C29H31N3O3,469.6,5.7,2,5,7,0
55663,4253237,415629,C1=CC(=CC(=C1)C(F)(F)F)CC2=C(C(=NC(=N2)N)N)C3=CC(=CC=C3)C(F)(F)F,Inactive,0,,,Inactive,,,,,,,,,,4,,5.3091,,-1.0101,,,4.615,,,-19.4013,,,-3.901,,,4.3475,,,0.9339,,,5.3091,,,,QC'd by NCI,candidate_step3_property,,C19H14F6N4,412.3,5.000,2,10,3,0
55678,26752468,16758923,CC(/C=C/CC(=O)OC)C(C(C)C(C1CCCCC1)OC)OCC2=CC(=CC=C2)Br,Inactive,0,,,Inactive,,,,,,,,,,4,,17.8102,,12.4621,,,-9.9672,,,-2.3876,,,-11.2591,,,3.2285,,,1.5692,,,17.8102,,,,QC'd by BUCMLD,candidate_step3_property,,C25H37BrO4,481.5,6.5,0,4,12,0
55767,26748484,4912,CC(C)(C)C1=CC(=CC(=C1O)C(C)(C)C)SC(C)(C)SC2=CC(=C(C(=C2)C(C)(C)C)O)C(C)(C)C,Inactive,0,,,Inactive,,,,,,,,,,4,,12.3463,,,,,46.1097,,,7.4094,,,6.1602,,,27.5246,,,-4.7889,,,5.3083,,,12.3463,QC'd by Microsource,candidate_step3_property,,C31H48O2S2,516.8,11.3,2,4,8,0
55780,26752460,16758904,CC1CCC2C(=O)OC(CN2C1C3=CC=C(C=C3)Br)COC4=CC=C(C=C4)C(C)(C)C,Inactive,0,,,Inactive,,,,,,,,,,4,,8.7801,,0.4946,,,0.5861,,,7.3518,,,10.1153,,,6.4874,,,9.7031,,,8.7801,,,,QC'd by BUCMLD,candidate_step3_property,,C26H32BrNO3,486.4,6.9,0,4,5,0
55781,4248752,3242789,CC1=CC(=NN1C2=NC(=CC(=N2)C(F)(F)F)C3=CC=CO3)C(F)(F)F,Inactive,0,,,Inactive,,,,,,,,,,4,,-18.6779,,,,,7.2192,,,-4.119,,,6.647,,,-5.9956,,,-3.3975,,,-23.3859,,,-18.6779,QC'd by DPISMR,candidate_step3_property,,C14H8F6N4O,362.23,3.5,0,10,2,0
55793,842379,644647,CCC1=CC2=C(C=C1)NC(=O)C(=C2)CN(CCN3CCCC3)C(=O)NC4CCCCC4,Inactive,0,,,Inactive,,,,,,,,,,4,,-12.8242,,,,,1.7378,,,-6.2306,,,-2.2577,,,-6.4112,,,6.1435,,,5.1191,,,-12.8242,QC'd by DPISMR,residual_possible_step4_or_definition_mismatch,,C25H36N4O2,424.6,3.6,2,3,7,0
55801,26752459,16758915,CC1CCC2C(C1C3=CC=C(C=C3)Br)CC(OC2=O)COC4=CC=C(C=C4)OC,Inactive,0,,,Inactive,,,,,,,,,,4,,9.288,,-35.6634,,,13.1922,,,-10.1793,,,-3.4048,,,-5.4638,,,-5.5656,,,9.288,,,,QC'd by BUCMLD,candidate_step3_property,,C24H27BrO4,459.4,6.1,0,4,5,0
55807,4253295,254598,C1C2=C(C3=C(C=C2)C4=C(CN(CO4)CC5=CC=CC=C5)C=C3)OCN1CC6=CC=CC=C6,Inactive,0,,,Inactive,,,,,,,,,,4,,-5.833,,15.1881,,,-5.4041,,,5.0906,,,1.7411,,,0.9469,,,-2.5371,,,-5.833,,,,QC'd by NCI,candidate_step3_property,,C28H26N2O2,422.5,5.5,0,4,4,0
55822,26752462,16758917,CC(/C=C/CC(=O)OCCCC1=CC=CC=C1)C(C2CCCCC2)OC,Inactive,0,,,Inactive,,,,,,,,,,4,,9.7279,,1.4,,,17.5785,,,3.3842,,,14.0098,,,2.3786,,,4.7029,,,9.7279,,,,QC'd by BUCMLD,candidate_step3_property,,C23H34O3,358.5,5.9,0,3,11,0
55826,849233,651711,CC1=CC=C(C=C1)C2=NN=C(O2)CSC3=NN=C(N3C4=CC=C(C=C4)C)COC5=CC=CC=C5,Inactive,0,,,Inactive,,,,,,,,,,4,,-10.5398,,,,,-1.7286,,,1.1177,,,-7.6269,,,2.5037,,,3.645,,,-2.2647,,,-10.5398,QC'd by DPISMR,candidate_step3_property,,C26H23N5O2S,469.6,5.2,0,7,8,0
55845,26752461,16758916,CC(/C=C/CC(=O)OC)C(C1CCCCC1)OCC2=CC(=CC=C2)C3=CC=CC=C3,Inactive,0,,,Inactive,,,,,,,,,,4,,4.6019,,7.0831,,,20.3476,,,-6.9563,,,-8.8567,,,3.2641,,,1.2482,,,4.6019,,,,QC'd by BUCMLD,candidate_step3_property,,C27H34O3,406.6,6.7,0,3,10,0
55880,4253298,254848,C1=CC(=CC=C1N=NC2=CC(=C(C=C2)O)C(=O)O)[As](=O)(O)O,Inactive,0,,,Inactive,,,,,,,,,,4,,6.1991,,4.7796,,,7.2764,,,-6.7657,,,-0.6629,,,10.9606,,,2.1326,,,6.1991,,,,QC'd by NCI,candidate_step1_inorganic,As,C13H11AsN2O6,366.16,,4,8,4,0
55896,4238879,3233987,COC1=CC=C(C=C1)C(=O)N2CCC3(CCCN(C3)C4=CC=CC(=C4)C5=CC=CC=C5)CC2,Inactive,0,,,Inactive,,,,,,,,,,4,,8.4699,,,,,4.399,,,4.4851,,,-9.7276,,,11.7059,,,8.253,,,-8.4615,,,8.4699,QC'd by Pharmacopeia,candidate_step3_property,,C29H32N2O2,440.6,5.9,0,3,4,0
55913,26752458,16758903,CC1CCC2C(=O)OC(CN2C1C3=CC=C(C=C3)Br)COC4=CC=C(C=C4)OC,Inactive,0,,,Activator,0.3162,33,,Partial curve; partial efficacy,-6.5,0.5,0.8464,37,4,2.2,0 0 0 0 0 1 0,32.855,,9.3092,,,0.0256,,,14.5652,,,17.043,,,19.5497,,,4.2532,,,32.855,,,,QC'd by BUCMLD,candidate_step3_property,,C23H26BrNO4,460.4,5.2,0,5,5,0
55959,4253286,3246289,C1CN(CCN1[C@H]2[C@@H]([C@H]([C@@H]([C@@H](O2)CO)O)O)O)[C@H]3[C@H]([C@@H]([C@H]([C@@H](O3)CO)O)O)O,Inactive,0,,,Inactive,,,,,,,,,,4,,3.6981,,3.5973,,,7.9156,,,1.2982,,,2.4402,,,3.5656,,,8.0136,,,3.6981,,,,QC'd by NCI,candidate_step3_property,,C16H30N2O10,410.42,-4.2,8,12,4,0
55960,26752452,16758848,CCCCC1CN2C(CCC(C2C3=CC=C(C=C3)Br)C)C(=O)O1,Inactive,0,,,Inactive,,,,,,,,,,4,,-8.9067,,-23.9572,,,4.4914,,,4.8581,,,3.6824,,,-8.2252,,,-7.8604,,,-8.9067,,,,QC'd by BUCMLD,candidate_step3_property,,C19H26BrNO2,380.3,5.400,0,3,4,0
55987,26752451,16758902,CC1CCC2C(=O)OC(CN2C1C3=CC=C(C=C3)Br)CC4=CC=CC=C4,Inactive,0,,,Inactive,,,,,,,,,,4,,0.9966,,3.0372,,,3.2451,,,4.5947,,,6.7234,,,-3.1604,,,-3.344,,,0.9966,,,,QC'd by BUCMLD,candidate_step3_property,,C22H24BrNO2,414.3,5.5,0,3,3,0
55991,4238866,3233974,C1CC2(CCN(CC2)S(=O)(=O)C3=CC=CC=C3)CN(C1)C(C4=CC=CC=C4)C5=CC=CC=C5,Inactive,0,,,Inactive,,,,,,,,,,4,,7.4353,,,,,-5.4895,,,-11.8556,,,0.1126,,,-3.8085,,,15.2466,,,24.6922,,,7.4353,QC'd by Pharmacopeia,candidate_step3_property,,C28H32N2O2S,460.6,5.4,0,4,5,0
56018,11114272,6604932,C1=CC=C(C(=C1)CN2C(=O)C=CN(C2=O)C[C@H](C(=O)O)N)C(=O)O,Inactive,0,,,Inactive,,,,,,,,,,4,,8.6888,,13.5129,1.2902,,38.0119,20.0153,,20.8303,14.6325,,5.1786,23.6399,,18.6905,0.3372,,15.6979,-5.5317,,10.8654,33.1547,,8.6888,QC'd by Tocris,candidate_step3_property,,C15H15N3O6,333.30,-3.2,3,7,6,0
56033,11114273,6420161,C1=CC=C(C(=C1)CN2C(=O)C=CN(C2=O)C[C@@H](C(=O)O)N)C(=O)O,Inactive,0,,,Inactive,,,,,,,,,,4,,3.2217,,-20.1232,-12.8644,,-7.3565,4.2949,,2.5968,-16.3259,,1.8096,8.4173,,-0.8331,-8.5422,,-23.1382,2.8363,,-5.1872,-9.7917,,3.2217,QC'd by Tocris,candidate_step3_property,,C15H15N3O6,333.30,-3.2,3,7,6,0
56066,26752446,16758848,CCCCC1CN2C(CCC(C2C3=CC=C(C=C3)Br)C)C(=O)O1,Inactive,0,,,Inactive,,,,,,,,,,4,,14.9652,,1.8199,,,15.6232,,,14.7292,,,10.7619,,,12.8693,,,6.247,,,14.9652,,,,QC'd by BUCMLD,candidate_step3_property,,C19H26BrNO2,380.3,5.400,0,3,4,0
56070,11110979,2801,CN(C)CCCN1C2=CC=CC=C2CCC3=C1C=C(C=C3)Cl,Inactive,0,,,Inactive,,,,,,,,,,4,,18.9148,,14.7245,-4.2548,,-2.1965,4.4186,,-9.2643,-8.6286,,4.2032,6.7342,,2.4246,2.7228,,-2.7752,3.0637,,10.6078,18.9148,,,QC'd by Prestwick,candidate_step3_property,,C19H23ClN2,314.9,5.200,0,2,4,0
56073,849236,651714,CC1=CC2=C(C=C1C)NC(=O)C(=C2)C(C3=NN=NN3CC4=CC=CO4)N5CCC6=CC=CC=C65,Inactive,0,,,Inactive,,,,,,,,,,4,,-0.1229,,,,,-6.3455,,,0.6531,,,-4.0533,,,-0.1104,,,-15.2965,,,-1.5446,,,-0.1229,QC'd by DPISMR,residual_possible_step4_or_definition_mismatch,,C26H24N6O2,452.5,3.8,1,6,5,0
56094,26752450,16758904,CC1CCC2C(=O)OC(CN2C1C3=CC=C(C=C3)Br)COC4=CC=C(C=C4)C(C)(C)C,Inactive,0,,,Inactive,,,,,,,,,,4,,10.69,,-3.5523,,,6.0305,,,7.2658,,,12.7158,,,0.8559,,,9.1155,,,10.69,,,,QC'd by BUCMLD,candidate_step3_property,,C26H32BrNO3,486.4,6.9,0,4,5,0
56104,26752448,16758904,CC1CCC2C(=O)OC(CN2C1C3=CC=C(C=C3)Br)COC4=CC=C(C=C4)C(C)(C)C,Inactive,0,,,Inactive,,,,,,,,,,4,,17.5188,,0.4065,,,-2.4064,,,2.8882,,,10.7936,,,-1.8798,,,5.9269,,,17.5188,,,,QC'd by BUCMLD,candidate_step3_property,,C26H32BrNO3,486.4,6.9,0,4,5,0
56108,26748501,1646,C(CN)CS(=O)(=O)O,Inactive,0,,,Inactive,,,,,,,,,,4,,12.3419,,,,,10.8584,,,-5.1018,,,10.1761,,,25.4306,,,-4.862,,,3.9172,,,12.3419,QC'd by Microsource,candidate_step3_property,,C3H9NO3S,139.18,-3.8,2,4,3,0
56114,26752449,16758904,CC1CCC2C(=O)OC(CN2C1C3=CC=C(C=C3)Br)COC4=CC=C(C=C4)C(C)(C)C,Inactive,0,,,Inactive,,,,,,,,,,4,,13.3248,,10.9465,,,14.165,,,18.4469,,,-12.6232,,,-0.9916,,,2.6423,,,13.3248,,,,QC'd by BUCMLD,candidate_step3_property,,C26H32BrNO3,486.4,6.9,0,4,5,0
56151,3712209,2997934,CCCC1=NN=C2N1N=C(CS2)C3=CC=C(O3)C4=C(C=CC(=C4)Cl)Cl,Inactive,0,,,Inactive,,,,,,,,,,4,,0.0126,,,,,14.0705,,,16.1407,,,2.1127,,,5.0778,,,-7.3487,,,-1.687,,,0.0126,QC'd by DPISMR,candidate_step3_property,,C17H14Cl2N4OS,393.3,5.400,0,5,4,0
56166,11114294,6604953,CC(C)C1=NC(=C(C=C1)C(=O)C2=CC=CS2)SCCCCCCCCNC.C(C(=O)O)C(=O)O,Inactive,0,,,Inactive,,,,,,,,,,4,,-58.711,,-0.7169,-15.033,,8.8218,-24.0674,,-25.0445,-1.0657,,-43.3223,-9.0965,,-12.7457,-5.4741,,-1.6714,-6.3421,,-2.332,-6.3596,,-58.711,QC'd by Tocris,property_value_missing,,C25H36N2O5S2,508.7,,3,9,15,0
56174,11110977,6603784,CCCCCCCCCCCCCCCCCCNC(=O)OC[C@@H](COP(=O)([O-])OCC[N+]1=CSC=C1)OC,Inactive,0,,,Inactive,,,,,,,,,,4,,14.9754,,41.6163,,,18.5986,,,25.1886,,,40.6002,,,31.1696,,,29.1475,,,6.9786,,,14.9754,QC'd by SigmaAldrich,candidate_step3_property,,C28H53N2O7PS,592.8,8.2,1,8,28,0
56192,865040,666286,CCCC1=NC2=C(C(=NN2C(=C1)N3CCN(CC3)C4=CC=CC=N4)C)C5=CC=CC=C5,Inactive,0,,,Inactive,,,,,,,,,,4,,8.9394,,,,,46.9068,,,20.6539,,,35.3091,,,55.2996,,,27.8728,,,49.0978,,,8.9394,QC'd by DPISMR,residual_possible_step4_or_definition_mismatch,,C25H28N6,412.5,4.9,0,5,5,0
56195,11110978,2801,CN(C)CCCN1C2=CC=CC=C2CCC3=C1C=C(C=C3)Cl,Inactive,0,,,Activator,25.1189,40,,Partial curve; partial efficacy; poor fit,-4.6,0.8,0.7537,52,12,2.4,1 0 0 0 0 0 0 0,42.6708,,22.0337,,,11.1094,,,7.8171,,,14.5502,,,16.4919,,,24.7354,,,16.3451,,,42.6708,QC'd by SigmaAldrich,candidate_step3_property,,C19H23ClN2,314.9,5.200,0,2,4,0
56227,11114291,6604950,C1C2=CC=C(CNC3=CC=[N+](CC4=CC=CC(=C4)C[N+]5=CC=C(N1)C6=CC=CC=C65)C7=CC=CC=C37)C=C2.C(=O)(C(F)(F)F)[O-].C(=O)(C(F)(F)F)[O-],Inactive,0,,,Inactive,,,,,,,,,,4,,-0.1395,,-10.0764,-2.2525,,7.2927,0.1954,,-16.5766,3.8133,,2.4586,4.5593,,0.0362,8.9676,,-0.8392,4.3138,,-6.9828,-3.3405,,-0.1395,QC'd by Tocris,property_value_missing,,C38H30F6N4O4,720.7,,2,12,0,0
56248,11114290,6604947,CC[C@@H](C)[C@@H]1[C@H](CC[C@@]2(O1)C[C@@H]3C[C@@H](O2)C/C=C(\[C@@H]([C@H](/C=C\C=C4CO[C@H]5[C@@]4([C@@H](C=C([C@H]5O)C)C(=O)O3)O)C)O[C@@H]6C[C@@H]([C@@H]([C@@H](O6)C)O[C@@H]7C[C@@H]([C@H]([C@@H](O7)C)O)OC)OC)/C)C.C[C@H]1CC[C@]2(C[C@@H]3C[C@@H](O2)C/C=C(\[C@@H]([C@H](/C=C\C=C4CO[C@H]5[C@@]4([C@@H](C=C([C@H]5O)C)C(=O)O3)O)C)O[C@@H]6C[C@@H]([C@@H]([C@@H](O6)C)O[C@@H]7C[C@@H]([C@H]([C@@H](O7)C)O)OC)OC)/C)O[C@@H]1C(C)C,Inactive,0,,,Inactive,,,,,,,,,,4,,1.959,,19.5827,-3.0211,,18.1933,7.4714,,13.0567,11.0989,,13.6392,-13.829,,16.7138,-2.4616,,1.2784,2.4473,,-11.7135,6.1752,,1.959,QC'd by Tocris,property_value_missing,,C95H146O28,1736.2,,6,28,15,0
56292,4253279,457825,CN1CCC2=CC(=C3C=C2[C@@H]1CC4=CC=C(C=C4)OC5=C(C=CC(=C5)C[C@@H]6C7=C(O3)C(=C(C=C7CCN6C)OC)OC)OC)OC,Inactive,0,,,Inactive,,,,,,,,,,4,,-1.7313,,-3.6738,,,-4.7624,,,2.2075,,,1.2724,,,-3.5495,,,-4.2879,,,-1.7313,,,,QC'd by NCI,candidate_step3_property,,C38H42N2O6,622.7,6.4,0,8,4,0
56297,11110973,6603782,CCCN(CCC)C(=O)CC1=C(N=C2N1C=C(C=C2Cl)Cl)C3=CC=C(C=C3)Cl,Inactive,0,,,Inactive,,,,,,,,,,4,,-4.2173,,-2.2218,,,10.7208,,,-3.8297,,,15.243,,,12.4505,,,-1.8677,,,11.5566,,,-4.2173,QC'd by SigmaAldrich,candidate_step3_property,,C21H22Cl3N3O,438.8,6.5,0,2,7,0
56307,26752434,16758904,CC1CCC2C(=O)OC(CN2C1C3=CC=C(C=C3)Br)COC4=CC=C(C=C4)C(C)(C)C,Inactive,0,,,Inactive,,,,,,,,,,4,,-6.3782,,-16.3506,,,-1.9651,,,-6.5164,,,-6.068,,,-19.0555,,,-6.8417,,,-6.3782,,,,QC'd by BUCMLD,candidate_step3_property,,C26H32BrNO3,486.4,6.9,0,4,5,0
56314,11114287,6604940,CNC1=C2C(=NC=N1)N(C=N2)[C@H]3C[C@@H]([C@@H](O3)COP(=O)(O)O)OP(=O)(O)O.N.N.N.N,Inactive,0,,,Inactive,,,,,,,,,,4,,-0.0174,,-10.2657,-17.1708,,4.785,-11.501,,-7.1246,6.1804,,-11.6701,-3.1069,,11.9509,5.2941,,-0.6861,7.9354,,7.632,1.5808,,-0.0174,QC'd by Tocris,property_value_missing,,C11H29N9O9P2,493.35,,9,17,7,0
56331,11114286,6604939,CSC(=[NH2+])N.CSC(=[NH2+])N.[O-]S(=O)(=O)[O-],Inactive,0,,,Inactive,,,,,,,,,,4,,0.2975,,2.881,7.344,,11.2536,-15.038,,-21.659,-14.9943,,-27.9553,-11.6803,,-6.2535,1.848,,2.2398,-0.8553,,-5.8681,-3.3006,,0.2975,QC'd by Tocris,property_value_missing,,C4H14N4O4S3,278.4,,4,6,2,0
56354,858277,1539604,CC(C)OC1=CC=C(C=C1)C2=NN(C=C2/C=C\3/C(=O)N4C(=NC=N4)S3)C5=CC=CC=C5,Inactive,0,,,Inactive,,,,,,,,,,4,,-3.3267,,,,,-4.6668,,,-19.8793,,,-20.8989,,,-19.2173,,,-14.3224,,,-0.8678,,,-3.3267,QC'd by DPISMR,candidate_step3_property,,C23H19N5O2S,429.5,5.1,0,6,5,0
56372,11114288,6604942,CCCC[P+](CCCC)(CCCC)CC1=CC=C(C=C1)NC(=O)[C@@H](CC2=CC3=CC=CC=C3C=C2)NC(=NC4CCCCC4)NC5CCCCC5.Cl.[Cl-],Inactive,0,,,Inactive,,,,,,,,,,4,,-9.9888,,17.0269,10.5517,,21.9221,-6.629,,3.9933,1.6107,,-1.0299,-0.9997,,22.2096,-7.717,,18.3546,-10.3678,,8.8106,13.2694,,-9.9888,QC'd by Tocris,property_value_missing,,C45H69Cl2N4OP,783.9,,4,3,20,0
56410,11110963,2812,C1=CC=C(C=C1)C(C2=CC=CC=C2)(C3=CC=CC=C3Cl)N4C=CN=C4,Inactive,0,,,Inactive,,,,,,,,,,4,,-4.26,,-2.533,7.9978,,5.0818,0.4034,,-4.3916,-21.0085,,11.4679,-1.2636,,-3.541,-5.9438,,-6.3764,8.2037,,-16.0477,-4.26,,,QC'd by Prestwick,candidate_step3_property,,C22H17ClN2,344.8,5.000,0,1,4,0
56447,26752432,16758902,CC1CCC2C(=O)OC(CN2C1C3=CC=C(C=C3)Br)CC4=CC=CC=C4,Inactive,0,,,Inactive,,,,,,,,,,4,,3.4512,,0.405,,,1.9418,,,-8.5227,,,4.2308,,,0.3614,,,-7.5506,,,3.4512,,,,QC'd by BUCMLD,candidate_step3_property,,C22H24BrNO2,414.3,5.5,0,3,3,0
56451,26752433,16758903,CC1CCC2C(=O)OC(CN2C1C3=CC=C(C=C3)Br)COC4=CC=C(C=C4)OC,Inactive,0,,,Inactive,,,,,,,,,,4,,-1.9484,,8.9825,,,2.5387,,,-5.5886,,,15.5018,,,8.3209,,,4.1834,,,-1.9484,,,,QC'd by BUCMLD,candidate_step3_property,,C23H26BrNO4,460.4,5.2,0,5,5,0
56497,4253330,3246304,C1=CC(=CC=C1N=[N+]=[N-])[As](=O)(O)O,Inactive,0,,,Inactive,,,,,,,,,,4,,6.7413,,-16.0173,,,-9.6439,,,-16.876,,,-5.4816,,,0.1661,,,10.3418,,,6.7413,,,,QC'd by NCI,candidate_step1_inorganic,As,C6H6AsN3O3,243.05,,2,5,2,0
56510,11114178,5368,CC1=NC=CC(=C1)CN2C(=C(C3=C(C2=O)C(=NC=C3)OCC4=NC=CC=N4)C5=CC(=C(C(=C5)OC)OC)OC)C(=O)OC,Inactive,0,,,Inactive,,,,,,,,,,4,,4.9099,,3.7002,6.9853,,18.3742,0.3587,,-4.3871,0.121,,-18.8545,10.2289,,7.9475,-11.9295,,9.4851,9.3536,,8.8116,-29.1738,,4.9099,QC'd by Tocris,candidate_step3_property,,C31H29N5O7,583.6,2.500,0,11,11,0
56513,11114174,6604898,CCC[C@@H]1CC2=CC(=O)CC[C@@]2([C@H]3[C@@H]1[C@H]4CC[C@@]([C@]4(CC3)C)(CCC(=O)[O-])O)C.[K+],Inactive,0,,,Inactive,,,,,,,,,,4,,11.8969,,10.2686,4.2745,,9.7072,-7.8674,,4.0659,7.1807,,-6.0107,14.9185,,7.3316,0.2384,,2.4649,4.6002,,-9.9217,14.4814,,11.8969,QC'd by Tocris,candidate_step1_inorganic,K,C25H37KO4,440.7,,1,4,5,0
56515,17390043,1549040,C/C=C\C1=CC=C(C=C1)OC,Inactive,0,,,Inactive,,,,,,,,,,4,,11.8882,,,,,23.736,,,8.351,,,19.7836,,,32.7103,,,6.563,,,4.1275,,,11.8882,QC'd by Microsource,candidate_step3_property,,C10H12O,148.20,3.300,0,1,2,0
56566,17390041,6115,C1=CC=C(C=C1)N,Inactive,0,,,Inactive,,,,,,,,,,4,,3.573,,0.8961,-9.4747,,-2.9479,-1.4295,,-7.6579,-23.1126,,2.1058,-5.8251,,-8.4766,-1.8664,,-0.5366,-6.7221,,-9.9076,6.4883,,3.573,QC'd by NIEHS/NTP,candidate_step3_property,,C6H7N,93.13,0.900,1,1,0,0
56573,4253325,135403639,C1=CC(=CC=C1N=NC2=C(N=C(NC2=O)N)N)[As](=O)(O)O,Inactive,0,,,Inactive,,,,,,,,,,4,,3.8889,,-1.9814,,,7.3419,,,12.1443,,,-3.4173,,,-18.7527,,,-9.9119,,,3.8889,,,,QC'd by NCI,candidate_step1_inorganic,As,C10H11AsN6O4,354.15,,5,8,3,0
56577,11110895,2821,C1=C(C(=CC2=C1N=C(C(=N2)[O-])[O-])[N+](=O)[O-])C#N.[Na+].[Na+],Inactive,0,,,Inactive,,,,,,,,,,4,,2.6287,,-2.6943,,,-3.4272,,,14.3424,,,-2.4834,,,4.659,,,-7.5172,,,5.8625,,,2.6287,QC'd by SigmaAldrich,candidate_step1_inorganic,Na,C9H2N4Na2O4,276.12,,0,7,0,0
56604,17390039,227,C1=CC=C(C(=C1)C(=O)O)N,Inactive,0,,,Inactive,,,,,,,,,,4,,11.7552,,14.8155,-1.7801,,10.226,1.6831,,3.9854,-21.0546,,4.0579,7.2246,,-2.5284,-11.5498,,3.0028,-23.8602,,-12.7201,-3.482,,11.7552,QC'd by NIEHS/NTP,candidate_step3_property,,C7H7NO2,137.14,1.200,2,3,1,0
56616,11114179,3392731,CC(C)(C(=O)O)SC1=CC=C(C=C1)CCN(CCCCC2CCCCC2)C(=O)NC3CCCCC3,Inactive,0,,,Inactive,,,,,,,,,,4,,8.3813,,13.5406,,,11.8874,,,21.2511,,,34.2822,,,26.0948,,,7.0027,,,14.2816,,,8.3813,QC'd by SigmaAldrich,candidate_step3_property,,C29H46N2O3S,502.8,8.0,2,4,12,0
56619,4253327,144457,CCSCCCC(=O)O,Inactive,0,,,Inactive,,,,,,,,,,4,,2.28,,24.8806,,,6.2718,,,12.2911,,,9.5024,,,20.0043,,,14.2855,,,2.28,,,,QC'd by NCI,candidate_step3_property,,C6H12O2S,148.23,1.1,1,3,5,0
56627,17390040,2734956,COC1=CC=C(C=C1)N.Cl,Inactive,0,,,Inactive,,,,,,,,,,4,,21.5946,,-2.6927,17.1483,,19.0207,11.6989,,15.298,43.8303,,10.7938,33.6779,,22.2625,42.5833,,36.5217,46.3031,,9.348,10.9458,,21.5946,QC'd by NIEHS/NTP,property_value_missing,,C7H10ClNO,159.61,,2,2,1,0
56637,4253328,5771588,C(/C=C\CC(=O)O)C(=O)O,Inactive,0,,,Inactive,,,,,,,,,,4,,-4.7957,,-14.3898,,,-6.0737,,,-7.9654,,,-1.8637,,,7.7494,,,-14.1878,,,-4.7957,,,,QC'd by NCI,candidate_step3_property,,C6H8O4,144.12,-0.100,2,4,4,0
56694,4253323,948836,CC1=CC=C(C=C1)N[C@H](C2=CC=CC=C2)C3=C(C4=C(C=CC=N4)C=C3)O,Inactive,0,,,Inactive,,,,,,,,,,4,,-7.8937,,-21.9163,,,-5.4986,,,-2.5951,,,-8.0569,,,-7.3502,,,-20.8967,,,-7.8937,,,,QC'd by NCI,candidate_step3_property,,C23H20N2O,340.4,5.4,2,3,4,0
56701,864926,666176,C1=CC=C(C=C1)CSC2=NC3=NC(=CC(=O)N3N2)C4=CC=CC=C4,Inactive,0,,,Inactive,,,,,,,,,,4,,-2.6983,,,,,2.7647,,,-1.3648,,,-1.7302,,,-14.0413,,,-2.1964,,,1.4146,,,-2.6983,QC'd by DPISMR,residual_possible_step4_or_definition_mismatch,,C18H14N4OS,334.4,3.2,1,3,4,0
56715,26752546,16758986,CC1(OC(C(O1)C(C2=CC=CC3=C2OC4=CC=CC=C34)(C5=CC=CC6=C5OC7=CC=CC=C67)O)C(C8=CC=CC9=C8OC1=CC=CC=C91)(C1=CC=CC2=C1OC1=CC=CC=C21)O)C,Inactive,0,,,Inactive,,,,,,,,,,4,,1.7145,,2.1178,,,-0.8123,,,1.1924,,,-2.1948,,,-0.4648,,,-4.6922,,,1.7145,,,,QC'd by BUCMLD,candidate_step3_property,,C55H38O8,826.9,12.2,2,8,6,0
56739,4253317,3246302,C(CNC(=S)S)N,Inactive,0,,,Inactive,,,,,,,,,,4,,-17.3952,,-17.5696,,,-0.7826,,,1.4511,,,10.7169,,,-10.2741,,,1.2785,,,-17.3952,,,,QC'd by NCI,candidate_step3_property,,C3H8N2S2,136.24,-0.2,3,3,2,0
56749,11114172,6518171,CN(CCOC1=CC=C(C=C1)C[C@@H](C(=O)O)NC2=CC=CC=C2C(=O)C3=CC=CC=C3)C4=CC=CC=N4,Inactive,0,,,Inactive,,,,,,,,,,4,,11.2263,,43.0944,,,33.5269,,,39.6587,,,43.6921,,,24.9048,,,41.2845,,,14.6621,,,11.2263,QC'd by SigmaAldrich,candidate_step3_property,,C30H29N3O4,495.6,6.4,2,7,12,0
56796,11110884,6603758,CCNC(=O)[C@H]1[C@H]([C@H]([C@@H](O1)N2C=NC3=C(N=C(N=C32)NCCC4=CC=C(C=C4)CCC(=O)O)N)O)O,Inactive,0,,,Inactive,,,,,,,,,,4,,-27.8307,,2.7259,,,-5.7303,,,7.939,,,-2.4861,,,2.0091,,,-2.407,,,-13.3709,,,-27.8307,QC'd by SigmaAldrich,candidate_step3_property,,C23H29N7O6,499.5,0.5,6,11,10,0
56801,26752550,16758990,CC1=C(CC(C(C1)C2=CC=CC=C2)C(=O)C3=CC=CC=C3O)C,Inactive,0,,,Inactive,,,,,,,,,,4,,15.6584,,14.8918,,,3.6895,,,10.334,,,5.2624,,,-11.4674,,,1.7923,,,15.6584,,,,QC'd by BUCMLD,residual_possible_step4_or_definition_mismatch,,C21H22O2,306.4,4.5,1,2,3,0
56827,4253314,3246300,CC1=C(C2=CC3=C(C(=C2C=C1)O)C(=O)C4=C(C=C5C(=C4C3=O)O[C@]6([C@H]([C@@H]([C@H]([C@@]5(O6)C)O)N(C)C)O)C)O)C(=O)OC,Inactive,0,,,Inactive,,,,,,,,,,4,,13.7986,,-0.7409,,,-3.188,,,8.5004,,,20.5412,,,8.0201,,,12.2639,,,13.7986,,,,QC'd by NCI,candidate_step3_property,,C30H29NO10,563.6,2.8,4,11,3,0
56830,17390063,6579,C=CC(=O)N,Inactive,0,,,Inactive,,,,,,,,,,4,,11.36,,11.2903,-6.9368,,6.2297,-4.9568,,11.2173,-5.28,,7.7274,-1.8729,,-5.9487,6.095,,6.8987,1.3867,,-10.2146,7.5664,,11.36,QC'd by NIEHS/NTP,candidate_step3_property,,C3H5NO,71.08,-0.700,1,1,1,0
56847,4253312,3246298,C[C@@]12CC[C@@H](C[C@@H]1CC[C@@H]3[C@H]2CC[C@@]4([C@@H]3CC[C@@H]4C5=CC(=NN5)C(F)(F)F)C)O,Inactive,0,,,Activator,0.7943,46.5576,,Partial curve; partial efficacy,-6.1,0.4,0.9041,48,1.4424,2.2,0 0 0 0 0 0 0,38.3413,,7.7207,,,-0.8813,,,13.1414,,,18.1548,,,18.9828,,,29.3822,,,38.3413,,,,QC'd by NCI,candidate_step3_property,,C23H33F3N2O,410.5,6.2,2,5,1,0
56848,4253313,3246299,CC(=O)N1C(=CC(=N1)[C@H]2CC[C@@H]3[C@]2(CC[C@H]4[C@@H]3CC=C5[C@@]4(CC[C@@H](C5)OC(=O)C)C)C)C(F)(F)F,Inactive,0,,,Inactive,,,,,,,,,,4,,10.9232,,11.8911,,,2.4288,,,6.0023,,,9.7095,,,23.5394,,,9.389,,,10.9232,,,,QC'd by NCI,candidate_step3_property,,C27H35F3N2O3,492.6,5.8,0,7,3,0
56852,17390062,7855,C=CC#N,Inactive,0,,,Inactive,,,,,,,,,,4,,-6.9073,,-3.9639,3.2675,,10.6979,0.135,,2.918,32.374,,11.3253,2.496,,3.283,13.4224,,2.1253,5.0204,,2.0262,3.8215,,-6.9073,QC'd by NIEHS/NTP,candidate_step3_property,,C3H3N,53.06,0.200,0,1,0,0
56860,26748560,3937,C1CC(N(C1)C(=O)C(CCCCN)NC(CCC2=CC=CC=C2)C(=O)O)C(=O)O,Inactive,0,,,Inactive,,,,,,,,,,4,,1.7449,,,,,1.4027,,,-21.2825,,,3.4319,,,9.8813,,,0.8961,,,2.577,,,1.7449,QC'd by Microsource,residual_possible_step4_or_definition_mismatch,,C21H31N3O5,405.5,-2.900,4,7,12,0
56872,17390061,457193,C[C@@H]1[C@@H](C(=O)N[C@@H](C(=O)N2CCC[C@H]2C(=O)N(CC(=O)N([C@H](C(=O)O1)C(C)C)C)C)C(C)C)NC(=O)C3=C4C(=C(C=C3)C)OC5=C(C(=O)C(=C(C5=N4)C(=O)N[C@H]6[C@H](OC(=O)[C@@H](N(C(=O)CN(C(=O)[C@@H]7CCCN7C(=O)[C@H](NC6=O)C(C)C)C)C)C(C)C)C)N)C,Inactive,0,,,Inactive,,,,,,,,,,4,,-9.5854,,7.6516,3.1677,,-2.6235,13.2272,,4.4803,18.3674,,7.4072,11.9266,,2.1719,8.0953,,4.3608,-1.589,,12.3479,-4.1555,,-9.5854,QC'd by NIEHS/NTP,candidate_step3_property,,C62H86N12O16,1255.4,3.8,5,18,8,0
56896,17390060,12364,C(CCC(=O)N)CC(=O)N,Inactive,0,,,Inactive,,,,,,,,,,4,,0.9629,,24.5556,19.5487,,24.8928,5.4933,,1.721,-6.5298,,9.5211,23.616,,17.7561,28.7112,,4.3301,13.3154,,14.8938,1.3726,,0.9629,QC'd by NIEHS/NTP,candidate_step3_property,,C6H12N2O2,144.17,-1.200,2,2,5,0
56928,4253308,255800,C(=O)(C(=O)O)NN=C(N)N,Inactive,0,,,Inactive,,,,,,,,,,4,,-4.549,,20.2952,,,4.7222,,,0.4451,,,-1.0572,,,13.5675,,,7.009,,,-4.549,,,,QC'd by NCI,candidate_step3_property,,C3H6N4O3,146.11,-1.7,4,4,2,0
56970,17390057,7858,C=CCO,Inactive,0,,,Inactive,,,,,,,,,,4,,20.0196,,24.5975,6.1987,,-4.2636,13.9472,,1.4292,-9.904,,6.439,-16.9584,,3.5774,9.1706,,5.5553,0.2371,,8.9846,1.789,,20.0196,QC'd by NIEHS/NTP,candidate_step3_property,,C3H6O,58.08,0.200,1,1,1,0
56977,26752542,16758982,CCCCCCCC#CC1=CC=CC=C1C(C(C(=O)OC)C(=O)OC)NC(=O)OC,Inactive,0,,,Inactive,,,,,,,,,,4,,13.2124,,-4.6789,,,-0.719,,,5.5145,,,-7.781,,,6.295,,,6.2034,,,13.2124,,,,QC'd by BUCMLD,candidate_step3_property,,C23H31NO6,417.5,5.3,1,6,14,0
56982,17390056,7850,C=CCCl,Inactive,0,,,Inactive,,,,,,,,,,4,,6.2779,,9.9209,0.499,,14.9018,-9.5685,,7.06,-6.1216,,8.9853,-4.6468,,8.8399,8.8726,,-2.2834,8.5939,,4.5982,15.5813,,6.2779,QC'd by NIEHS/NTP,candidate_step3_property,,C3H5Cl,76.52,1.5,0,0,1,0
57003,17390055,7838,C=CCOCC1CO1,Inactive,0,,,Inactive,,,,,,,,,,4,,13.1636,,-9.083,2.8511,,3.218,-1.2129,,4.6207,25.1447,,1.8072,-5.9379,,5.1595,0.7499,,7.9622,4.6673,,0.896,3.3193,,13.1636,QC'd by NIEHS/NTP,candidate_step3_property,,C6H10O2,114.14,0.4,0,2,4,0
57024,17390054,5971,C=CCN=C=S,Inactive,0,,,Inactive,,,,,,,,,,4,,-12.4657,,-42.2537,7.2771,,-7.0683,-17.6939,,-7.4019,-6.3927,,10.8467,-5.4674,,7.0953,14.0187,,-4.2558,-3.5066,,-13.4989,-5.9381,,-12.4657,QC'd by NIEHS/NTP,candidate_step3_property,,C4H5NS,99.16,2.4,0,2,2,0
57048,11114184,122070,CC1=C(N(C2=C1C=C(C=C2)F)CC3=CC=C(C=C3)Cl)CC(C)(C)C(=O)O,Inactive,0,,,Inactive,,,,,,,,,,4,,-25.8618,,15.5777,13.507,,34.9457,5.7385,,16.9265,18.6052,,6.1773,2.0734,,5.2339,12.9766,,5.0118,4.61,,-3.6376,-0.3522,,-25.8618,QC'd by Tocris,candidate_step3_property,,C21H21ClFNO2,373.8,5.4,1,3,5,0
57102,26748556,16757786,C[C@@H]1[C@H](C(C[C@@H](O1)O[C@H]2C(O[C@H](CC2O)O[C@H]3C(O[C@@H](CC3O)OC4CC[C@@]5(C(C4)CCC6C5CC([C@@]7([C@]6(CCC7C8=CC(=O)OC8)O)C)O)C)C)C)OC(=O)C)O[C@@H]9C(C(C(C(O9)CO)O)O)O,Inactive,0,,,Inactive,,,,,,,,,,4,,18.5161,,,,,18.6928,,,22.667,,,-3.7798,,,24.1814,,,6.3729,,,34.4091,,,18.5161,QC'd by Microsource,candidate_step3_property,,C49H76O20,985.1,0.200,8,20,12,0
57113,11110870,6603751,C1CN(CCN1C[C@H](C(C2=CC=CC=C2)C3=CC=CC=C3)O)C4=CC(=CC=C4)Cl,Inactive,0,,,Inactive,,,,,,,,,,4,,-10.5817,,-4.7444,,,2.3032,,,2.1859,,,-7.567,,,15.4372,,,5.3765,,,-3.9489,,,-10.5817,QC'd by SigmaAldrich,candidate_step3_property,,C25H27ClN2O,406.9,5.3,1,3,6,0
57114,4253300,254860,C1CN(C(N(C1)CC2=CC=C(C=C2)Cl)C3=CC4=CC=CC=C4C5=CC=CC=C53)CC6=CC=C(C=C6)Cl,Inactive,0,,,Inactive,,,,,,,,,,4,,2.4701,,-11.315,,,-22.2409,,,-20.6,,,-2.6437,,,-2.9559,,,2.2266,,,2.4701,,,,QC'd by NCI,candidate_step3_property,,C32H28Cl2N2,511.5,8.8,0,2,5,0
57140,17390048,8486,C1=C(SC(=N1)N)[N+](=O)[O-],Inactive,0,,,Inactive,,,,,,,,,,4,,16.0448,,6.7614,3.5413,,15.611,8.873,,4.3979,12.8933,,0.6636,-1.2637,,0.2279,1.9776,,-8.6734,12.0063,,4.0856,14.4723,,16.0448,QC'd by NIEHS/NTP,candidate_step3_property,,C3H3N3O2S,145.14,0.800,1,5,0,0
57179,11110922,305,C[N+](C)(C)CCO,Inactive,0,,,Inactive,,,,,,,,,,4,,20.7817,,22.9623,,,4.826,,,27.4535,,,22.8362,,,30.2611,,,14.5917,,,16.0568,,,20.7817,QC'd by SigmaAldrich,candidate_step3_property,,C5H14NO+,104.17,-0.4,1,1,2,1
57188,26748573,44561,C(=O)([O-])P(=O)([O-])[O-].[Na+].[Na+].[Na+],Inactive,0,,,Inactive,,,,,,,,,,4,,6.1703,,,,,5.5796,,,-1.188,,,1.7219,,,4.0195,,,17.1239,,,14.9256,,,6.1703,QC'd by Microsource,candidate_step1_inorganic,Na,CNa3O5P,191.95,,0,5,0,0
57197,4253365,78938,CCCS(=O)(=O)O,Inactive,0,,,Inactive,,,,,,,,,,4,,0.4112,,-21.0076,,,-6.7836,,,-10.2441,,,-16.6646,,,-7.4375,,,2.4815,,,0.4112,,,,QC'd by NCI,candidate_step3_property,,C3H8O3S,124.16,0.0,1,3,2,0
57226,26752524,16758969,CC12CC(C(CC1=O)/C=C/C3=CC=CC=C3)(C(=C2)/C=C/C=C/C4=CC=CC=C4)C,Inactive,0,,,Inactive,,,,,,,,,,4,,-2.2311,,-10.0303,,,2.9952,,,-20.679,,,17.9794,,,-6.758,,,2.0435,,,-2.2311,,,,QC'd by BUCMLD,candidate_step3_property,,C28H28O,380.5,6.5,0,1,5,0
57233,26748575,135444779,C1=CC(=CC=C1C(=O)NC(CCC(=O)O)C(=O)O)NCC2=CN=C3C(=N2)C(=O)NC(=N3)N,Inactive,0,,,Inactive,,,,,,,,,,4,,11.7222,,,,,-1.2707,,,0.5875,,,-12.9945,,,6.9844,,,17.4349,,,-15.2047,,,11.7222,QC'd by Microsource,candidate_step3_property,,C19H19N7O6,441.4,-1.1,6,10,9,0
57270,4243417,3238142,CC(C)(C)C1=CC=C(C=C1)C(=O)CCCSC2=C(C(C3=C(N2)CCCC3=O)C4=CC=CO4)C#N,Inactive,0,,,Inactive,,,,,,,,,,4,,11.4766,,,,,27.1061,,,12.4782,,,-5.4019,,,4.1961,,,6.8367,,,22.9991,,,11.4766,QC'd by DPISMR,candidate_step3_property,,C28H30N2O3S,474.6,5.1,1,6,8,0
57302,26752528,16758972,CC12CC(C(CC1=O)C3=CC(=CC=C3)OC)(C(=C2)/C=C/C4=CC(=CC=C4)OC)C,Inactive,0,,,Inactive,,,,,,,,,,4,,-20.6605,,-0.9727,,,4.6423,,,-3.4625,,,1.1286,,,-18.0901,,,-8.2259,,,-20.6605,,,,QC'd by BUCMLD,candidate_step3_property,,C26H28O3,388.5,5.1,0,3,5,0
57324,11110927,6603770,C1CC(C1)(C(=O)O)C(=O)O.N.N.[Pt],Inactive,0,,,Inactive,,,,,,,,,,4,,-9.0957,,22.5097,,,-18.4592,,,-0.2914,,,-5.856,,,-0.5102,,,7.2191,,,15.1962,,,-9.0957,QC'd by SigmaAldrich,candidate_step1_inorganic,Pt,C6H14N2O4Pt,373.27,,4,6,0,0
57330,4253356,3246313,CC1([C@H](N2[C@H](S1)[C@@H](C2=O)NC(=O)C(C)(C)N)C(=O)O)C,Inactive,0,,,Inactive,,,,,,,,,,4,,-17.7293,,-13.6443,,,-5.6448,,,-2.8987,,,-11.8691,,,-4.9443,,,-18.2795,,,-17.7293,,,,QC'd by NCI,residual_possible_step4_or_definition_mismatch,,C12H19N3O4S,301.36,-2.100,3,6,3,0
57332,26752514,16758961,CC12CC(C(CC1=O)C3=CC=CC=C3OC)(C(=C2)/C=C/C4=CC=CC=C4OC)C,Inactive,0,,,Inactive,,,,,,,,,,4,,-6.8486,,-8.5326,,,11.4487,,,-3.0887,,,11.1538,,,1.7616,,,-10.2268,,,-6.8486,,,,QC'd by BUCMLD,candidate_step3_property,,C26H28O3,388.5,5.1,0,3,5,0
57333,11110914,6234,C1[C@H](C(=O)NO1)N,Inactive,0,,,Inactive,,,,,,,,,,4,,8.4567,,12.9512,,,1.36,,,9.2285,,,16.1457,,,12.8523,,,7.8688,,,17.79,,,8.4567,QC'd by SigmaAldrich,candidate_step3_property,,C3H6N2O2,102.09,-1.5,2,3,0,0
57354,11110913,6234,C1[C@H](C(=O)NO1)N,Inactive,0,,,Inactive,,,,,,,,,,4,,5.2986,,6.8219,,,-1.8374,,,7.6354,,,23.7623,,,25.115,,,16.5651,,,14.1105,,,5.2986,QC'd by SigmaAldrich,candidate_step3_property,,C3H6N2O2,102.09,-1.5,2,3,0,0
57365,17390069,177,CC=O,Inactive,0,,,Inactive,,,,,,,,,,4,,-1.9268,,-23.4634,-11.6688,,9.0757,-6.4275,,-31.1863,4.3843,,-0.6191,5.4707,,1.4877,4.2461,,11.8199,-4.5214,,-5.5603,-12.5863,,-1.9268,QC'd by NIEHS/NTP,candidate_step3_property,,C2H4O,44.05,-0.3,0,1,0,0
57374,26752512,16758959,CC12CC(C(CC1=O)C3=CC=C(C=C3)OC)(C(=C2)/C=C/C4=CC=C(C=C4)OC)C,Inactive,0,,,Inactive,,,,,,,,,,4,,-2.2229,,-19.5591,,,9.8741,,,-0.0703,,,3.8598,,,-2.1901,,,-4.9795,,,-2.2229,,,,QC'd by BUCMLD,candidate_step3_property,,C26H28O3,388.5,5.1,0,3,5,0
57393,3715638,2999296,C1=CC=C(C=C1)C2=NN(C(=C2)N3C4=CC=CC=C4N=C3C(F)(F)F)CCC#N,Inactive,0,,,Activator,39.8107,30.5,,Single point of activity,-4.4,4.9549,0.8191,42,11.5,3,0 0 0 0 0 0 0,37.5981,,,,,13.6143,,,8.1646,,,13.9259,,,19.7939,,,7.2881,,,7.1863,,,37.5981,QC'd by DPISMR,residual_possible_step4_or_definition_mismatch,,C20H14F3N5,381.4,3.9,0,6,4,0
57400,11110915,6234,C1[C@H](C(=O)NO1)N,Inactive,0,,,Inactive,,,,,,,,,,4,,1.9205,,-1.051,,,-4.2399,,,-5.5054,,,7.3999,,,1.8758,,,-9.5717,,,4.2495,,,1.9205,QC'd by SigmaAldrich,candidate_step3_property,,C3H6N2O2,102.09,-1.5,2,3,0,0
57419,17390064,7847,C=CC=O,Inactive,0,,,Inactive,,,,,,,,,,4,,-3.8462,,-7.5515,7.5682,,10.257,8.182,,4.1641,13.3706,,2.6418,8.3001,,0.6235,10.1208,,4.4211,7.3578,,0.7984,-7.1375,,-3.8462,QC'd by NIEHS/NTP,candidate_step3_property,,C3H4O,56.06,0.000,0,1,1,0
57421,4253352,135485442,CCOC1=CC2=C(C=C1)[N+](=C(C=C2)/C=C\C3=C(C4=C(C=CC=N4)C(=C3)C)O)C,Inactive,0,,,Inactive,,,,,,,,,,4,,-5.3636,,-7.635,,,11.7489,,,0.5645,,,5.5287,,,5.5888,,,2.0171,,,-5.3636,,,,QC'd by NCI,candidate_step3_property,,C24H23N2O2+,371.5,5.2,1,3,4,1
57422,4248810,135482435,CCCCSC1=NC2=C(C=NN2C3=CC=C(C=C3)Cl)C(=O)N1,Inactive,0,,,Inactive,,,,,,,,,,4,,11.7216,,,,,13.4164,,,4.7087,,,6.4167,,,-7.0542,,,-8.1272,,,-12.4579,,,11.7216,QC'd by DPISMR,residual_possible_step4_or_definition_mismatch,,C15H15ClN4OS,334.8,3.8,1,4,5,0
57441,4253353,135485443,C[N+]1=C([Se]C2=CC=CC=C21)/C=C\C3=C4C=CC=NC4=C(C=C3)O,Inactive,0,,,Inactive,,,,,,,,,,4,,-4.6712,,2.7539,,,-3.8196,,,14.0925,,,9.5003,,,4.7262,,,1.3705,,,-4.6712,,,,QC'd by NCI,candidate_step1_inorganic,Se,C19H15N2OSe+,366.3,,1,2,2,1
57458,26748569,23662354,C(CS(=O)(=O)[O-])S.[Na+],Inactive,0,,,Inactive,,,,,,,,,,4,,-5.2958,,,,,11.3671,,,-6.5011,,,12.5985,,,26.564,,,-35.2162,,,6.927,,,-5.2958,QC'd by Microsource,candidate_step1_inorganic,Na,C2H5NaO3S2,164.18,,1,4,2,0
57477,11114205,6604912,C1=CC(=CC=C1CN2C(=O)C=CN(C2=O)C[C@@H](C(=O)O)N)C(=O)O,Inactive,0,,,Inactive,,,,,,,,,,4,,19.638,,5.6581,19.4289,,13.6739,5.4228,,12.8675,24.8915,,6.9657,-19.3768,,12.4226,17.7607,,16.1997,13.9879,,24.8417,18.5851,,19.638,QC'd by Tocris,candidate_step3_property,,C15H15N3O6,333.30,-3.2,3,7,6,0
57479,17390066,6342,CC#N,Inactive,0,,,Inactive,,,,,,,,,,4,,-3.5836,,-3.2185,-4.2043,,4.6273,6.3797,,-5.3039,-0.2196,,-3.8839,-11.3851,,-12.2905,-4.0787,,-5.4417,-1.2486,,-16.237,-17.0065,,-3.5836,QC'd by NIEHS/NTP,candidate_step3_property,,C2H3N,41.05,0.0,0,1,0,0
57495,4238931,3234038,C1C[C@@]2(CCN(C2)C(C3=CC=CC=C3)C4=CC=CC=C4)CN(C1)C(=O)OC5=CC=CC=C5,Inactive,0,,,Inactive,,,,,,,,,,4,,22.4578,,,,,3.5622,,,11.0722,,,11.2398,,,-11.5279,,,4.5863,,,1.9485,,,22.4578,QC'd by Pharmacopeia,candidate_step3_property,,C28H30N2O2,426.5,5.600,0,3,5,0
57536,26748591,23682223,CN1C(=NN=N1)SCC2=C(N3C([C@@](C3=O)(NC(=O)CSCC#N)OC)SC2)C(=O)[O-].[Na+],Inactive,0,,,Inactive,,,,,,,,,,4,,16.3762,,,,,11.9771,,,1.369,,,-0.9713,,,13.003,,,4.3007,,,8.6013,,,16.3762,QC'd by Microsource,candidate_step1_inorganic,Na,C15H16N7NaO5S3,493.5,,1,12,9,0
57542,4253348,3246309,C[C@@]1(C[C@@H](C2=C(C3=C(C=C2[C@H]1C(=O)OC)C(=O)C4=C5C(=CC(=C4C3=O)O)[C@@]6([C@H]([C@@H]([C@H]([C@@H](O5)O6)O)N(C)C)O)C)O)O)O,Inactive,0,,,Inactive,,,,,,,,,,4,,2.8323,,-2.9432,,,2.4277,,,-10.432,,,7.5612,,,12.2897,,,11.3552,,,2.8323,,,,QC'd by NCI,candidate_step3_property,,C29H31NO12,585.6,0.4,6,13,3,0
57550,7973644,2063395,CCOC(=O)NC(C(F)(F)F)(C(F)(F)F)P(=O)(C1=CC=CC=C1)C2=CC=CC=C2,Inactive,0,,,Inactive,,,,,,,,,,4,,-9.3502,,,,,11.1969,,,-2.262,,,-6.5438,,,2.7512,,,-4.8025,,,1.667,,,-9.3502,QC'd by DPISMR,residual_possible_step4_or_definition_mismatch,,C18H16F6NO3P,439.3,4.8,1,9,6,0
57567,11114226,5063962,CCCCCCCCCCCCCCCC(=O)NC(C)C,Inactive,0,,,Activator,6.3096,48.3783,,Partial curve; partial efficacy; poor fit,-5.2,0.5,0.5683,51.91,3.5317,2.4,1 0 1 0 0 0 0 0 0 0 0 0 0 0 0,41.0786,,21.8292,14.1365,,24.2635,-2.2641,,-2.3315,20.6462,,11.8529,29.7111,,1.0101,11.4898,,10.3456,36.2112,,29.4868,37.2059,,41.0786,QC'd by Tocris,candidate_step3_property,,C19H39NO,297.5,7.7,1,1,15,0
57570,26748593,23669253,CN1C(=NN=N1)SCC2=C(N3C(C(C3=O)NC(=O)C(C4=CC=CC=C4)OC=O)SC2)C(=O)[O-].[Na+],Inactive,0,,,Inactive,,,,,,,,,,4,,-12.4678,,,,,-7.3854,,,1.9561,,,1.0075,,,4.1467,,,-0.8421,,,6.4884,,,-12.4678,QC'd by Microsource,candidate_step1_inorganic,Na,C19H17N6NaO6S2,512.5,,1,11,9,0
57571,4238961,3234068,C1CN(CCC12CCN(CC2)C(=O)OC3=CC=CC=C3)C4=CC=CC(=C4)C5=CC=CC=C5,Inactive,0,,,Inactive,,,,,,,,,,4,,-12.6178,,,,,-1.0521,,,-3.6209,,,-4.3279,,,-3.9791,,,-9.7382,,,-2.1894,,,-12.6178,QC'd by Pharmacopeia,candidate_step3_property,,C28H30N2O2,426.5,6.2,0,3,4,0
57584,26752508,16758957,CC(=CCC12CCC(OC1=C(C(=O)C(C2=O)(CC=C(C)C)CC=C(C)C)C(=O)C3=CC=CC=C3)(C)C)C,Inactive,0,,,Inactive,,,,,,,,,,4,,9.9924,,19.5882,,,14.6435,,,-3.3804,,,6.4711,,,-13.1756,,,-4.5863,,,9.9924,,,,QC'd by BUCMLD,candidate_step3_property,,C33H42O4,502.7,8.1,0,4,8,0
57586,4253344,257455,CN(CC1=C(C(=CC(=C1)Cl)Cl)O)CC2=C(C=CC3=CC=CC=C32)O,Inactive,0,,,Inactive,,,,,,,,,,4,,5.542,,3.5173,,,6.0887,,,1.8498,,,6.323,,,-4.8983,,,2.0067,,,5.542,,,,QC'd by NCI,candidate_step3_property,,C19H17Cl2NO2,362.2,5.0,2,3,4,0
57596,4253345,257459,C1=CC(=C(C=C1CC2=C(C(=CC(=C2)Cl)Cl)O)Cl)O,Inactive,0,,,Inactive,,,,,,,,,,4,,12.1146,,-8.8326,,,6.1832,,,10.7419,,,-7.3911,,,10.1314,,,-20.744,,,12.1146,,,,QC'd by NCI,candidate_step3_property,,C13H9Cl3O2,303.6,5.0,2,2,2,0
57604,26752509,16758958,C=CCC1(C2=NC3=CC(=C(C=C3N=C2C4=CC=CC=C4O1)Cl)Cl)C5=CC=CC=C5,Inactive,0,,,Inactive,,,,,,,,,,4,,-3.5774,,2.429,,,14.7498,,,11.0578,,,-1.0705,,,-5.2973,,,-5.0574,,,-3.5774,,,,QC'd by BUCMLD,candidate_step3_property,,C24H16Cl2N2O,419.3,6.3,0,3,3,0
57605,26748595,23665356,CCN1CCN(C(=O)C1=O)C(=O)NC(C2=CC=C(C=C2)O)C(=O)NC3C4N(C3=O)C(=C(CS4)CSC5=NN=NN5C)C(=O)[O-].[Na+],Inactive,0,,,Inactive,,,,,,,,,,4,,4.1442,,,,,9.5485,,,11.5052,,,6.8206,,,17.1688,,,14.9583,,,-4.3975,,,4.1442,QC'd by Microsource,candidate_step1_inorganic,Na,C25H26N9NaO8S2,667.7,,3,13,9,0
57625,26752510,16758958,C=CCC1(C2=NC3=CC(=C(C=C3N=C2C4=CC=CC=C4O1)Cl)Cl)C5=CC=CC=C5,Inactive,0,,,Inactive,,,,,,,,,,4,,-0.8542,,-4.6796,,,-3.5845,,,3.8478,,,-8.4176,,,6.5261,,,-1.0235,,,-0.8542,,,,QC'd by BUCMLD,candidate_step3_property,,C24H16Cl2N2O,419.3,6.3,0,3,3,0
57643,26748597,135476791,C[N+]1=CC=CC=C1/C=N/O.CS(=O)(=O)[O-],Inactive,0,,,Inactive,,,,,,,,,,4,,5.6834,,,,,13.4539,,,-0.0605,,,-3.2512,,,9.6621,,,-4.5832,,,6.1242,,,5.6834,QC'd by Microsource,property_value_missing,,C8H12N2O4S,232.26,,1,5,1,0
57647,11114230,5311192,CC1=CC(=CC(=C1)C(=O)N(C)[C@H](CC2=CC=C(C=C2)C3=CC=CC=C3)C(=O)N[C@@H](CC4=CNC5=CC=CC=C54)C(=O)O)C,Inactive,0,,,Inactive,,,,,,,,,,4,,14.2904,,0.9915,-9.2568,,13.4078,7.8254,,7.2657,-10.9345,,-0.8728,0.3674,,5.8072,-6.6847,,5.509,0.8507,,16.4545,11.0392,,14.2904,QC'd by Tocris,candidate_step3_property,,C36H35N3O4,573.7,5.900,3,4,10,0
57668,11114217,6604915,CCCCCCCC/C=C\CCCCCCCC(=O)N[C@H](CC1=CC=C(C=C1)O)CO,Inactive,0,,,Inactive,,,,,,,,,,4,,2.9373,,12.0823,1.3033,,9.6972,0.4646,,3.8443,3.3491,,2.2513,12.4848,,-16.9047,9.7228,,8.9108,13.3001,,11.7534,12.2513,,2.9373,QC'd by Tocris,candidate_step3_property,,C27H45NO3,431.7,8.0,3,3,19,0
57780,26752501,16758950,COC1=CC=C(C=C1)OC2C=CC(OC2COC(=O)C3=CC=C(C=C3)Br)CC=C,Inactive,0,,,Inactive,,,,,,,,,,4,,18.4652,,42.1416,,,29.3502,,,-1.3008,,,31.3402,,,19.0572,,,28.7236,,,18.4652,,,,QC'd by BUCMLD,candidate_step3_property,,C23H23BrO5,459.3,5.4,0,5,9,0
57809,26748589,5702189,CC1C(O1)P(=O)([O-])[O-].[Ca+2],Inactive,0,,,Inactive,,,,,,,,,,4,,-8.2635,,,,,-15.0023,,,0.8985,,,-14.3967,,,1.0968,,,-1.2539,,,-22.4692,,,-8.2635,QC'd by Microsource,candidate_step1_inorganic,Ca,C3H5CaO4P,176.12,,0,4,0,0
57850,4257151,2978782,CCOC1=NN=C(C=C1)OC2=NC(=NC(=N2)N(C)C)NC3=CC=C(C=C3)C,Inactive,0,,,Inactive,,,,,,,,,,4,,-25.4092,,,,,-14.3115,,,-2.0524,,,0.0856,,,-3.7939,,,-32.0444,,,-10.5148,,,-25.4092,QC'd by DPISMR,residual_possible_step4_or_definition_mismatch,,C18H21N7O2,367.4,3.5,1,9,7,0
57853,26748355,16757751,CC1CC(C(C(O1)OC2C(C[C@]3(CO3)C(=O)C(C(C(C(OC(=O)C([C@H](C2C)O[C@@H]4CC([C@H](C(O4)C)O)OC)C)C)C)O)C)C)O)N(C)C.OP(=O)(O)O,Inactive,0,,,Inactive,,,,,,,,,,4,,2.4521,,,,,26.6886,,,2.2264,,,10.9023,,,14.4119,,,-18.6199,,,4.2005,,,2.4521,QC'd by Microsource,property_value_missing,,C35H64NO16P,785.9,,6,17,6,0
57879,857913,2795203,C1C2=CC=CC=C2C(=N1)N.Cl,Inactive,0,,,Inactive,,,,,,,,,,4,,-8.6013,,,,,-20.0677,,,14.2663,,,-5.9212,,,-2.3291,,,-3.6391,,,-15.3103,,,-8.6013,QC'd by DPISMR,property_value_missing,,C8H9ClN2,168.62,,2,1,0,0
57900,26748351,224,C1=NC(=C2C(=N1)N(C=N2)C3C(C(C(O3)COP(=O)(O)O)O)O)N,Inactive,0,,,Inactive,,,,,,,,,,4,,2.4932,,,,,-1.5094,,,16.4899,,,25.2634,,,21.3514,,,3.7617,,,5.4755,,,2.4932,QC'd by Microsource,candidate_step3_property,,C10H14N5O7P,347.22,-3.500,5,11,4,0
57917,4262156,135399497,CC1=C(C(=O)NC(=N1)N2CCC3=CC=CC=C3C2)CCC(C)C,Inactive,0,,,Inactive,,,,,,,,,,4,,-18.4028,,,,,-8.8976,,,4.9227,,,-7.4564,,,-0.6607,,,-21.443,,,5.1897,,,-18.4028,QC'd by DPISMR,residual_possible_step4_or_definition_mismatch,,C19H25N3O,311.4,3.3,1,2,4,0
57924,853332,655991,CC1=CC=C(C=C1)C2=NN=C(O2)CSC3=NN=C(N3C4=CC=CC=C4)COC5=CC=CC=C5,Inactive,0,,,Inactive,,,,,,,,,,4,,1.9987,,,,,-17.7967,,,-6.823,,,-9.3467,,,-2.8848,,,5.1997,,,-1.9122,,,1.9987,QC'd by DPISMR,residual_possible_step4_or_definition_mismatch,,C25H21N5O2S,455.5,4.8,0,7,8,0
57942,17389988,289,C1=CC=C(C(=C1)O)O,Inactive,0,,,Inactive,,,,,,,,,,4,,-21.7824,,-5.2458,-5.5521,,-9.8988,-55.4958,,-5.2401,-2.9353,,-0.539,-1.7579,,8.3525,4.4623,,-3.7699,-8.9329,,-8.8649,-6.2894,,-21.7824,QC'd by SigmaAldrich,candidate_step3_property,,C6H6O2,110.11,0.900,2,2,0,0
58023,848821,651274,CCCN1C(=NN=C1SCC(=O)NC2=C(C=CC=C2CC)CC)C(C)C,Inactive,0,,,Inactive,,,,,,,,,,4,,22.5267,,,,,33.0294,,,39.0764,,,15.7479,,,21.4207,,,27.8138,,,41.6084,,,22.5267,QC'd by DPISMR,residual_possible_step4_or_definition_mismatch,,C20H30N4OS,374.5,4.8,1,4,9,0
58026,17389993,8480,C1=CC(=CC=C1NC(=O)N)[As](=O)(O)O,Inactive,0,,,Inactive,,,,,,,,,,4,,-1.3094,,1.559,-8.3774,,-1.9968,-8.1054,,10.9895,-0.6481,,-2.1614,5.3781,,1.8074,-8.5671,,8.1244,16.2747,,-11.9292,3.4729,,-1.3094,QC'd by NIEHS/NTP,candidate_step1_inorganic,As,C7H9AsN2O4,260.08,,4,4,2,0
58037,17389994,11236,C(=O)(N)NN.Cl,Inactive,0,,,Inactive,,,,,,,,,,4,,2.3928,,-6.287,-3.1256,,-0.2972,-32.2456,,-2.5369,-38.846,,-3.7823,-7.3369,,-0.736,4.7943,,-1.9666,-11.5993,,-20.3976,-7.8329,,2.3928,QC'd by NIEHS/NTP,property_value_missing,,CH6ClN3O,111.53,,4,2,0,0
58154,26748340,16757747,CCN1C[C@@]2(C(C[C@@H]([C@@]34C2C(C(C31)[C@]5(C6C4C[C@@](C6OC(=O)C7=CC=CC=C7)(C(C5O)OC)O)OC(=O)C)OC)OC)O)COC,Inactive,0,,,Inactive,,,,,,,,,,4,,-11.5189,,,,,10.7185,,,3.7015,,,0.8805,,,11.0284,,,-7.2085,,,-0.4717,,,-11.5189,QC'd by Microsource,candidate_step3_property,,C34H47NO11,645.7,0.3,3,12,11,0
58170,4257132,2207552,CCC1=CC=CC(=C1NC(=O)CSC2=NN=C(N2CC)C3=CC4=C(O3)C=CC(=C4)Br)C,Inactive,0,,,Inactive,,,,,,,,,,4,,-15.3819,,,,,0.3361,,,-8.9386,,,-0.1049,,,4.2385,,,0.9577,,,-13.6065,,,-15.3819,QC'd by DPISMR,candidate_step3_property,,C23H23BrN4O2S,499.4,5.4,1,5,7,0
58192,17389970,6212,C(Cl)(Cl)Cl,Inactive,0,,,Inactive,,,,,,,,,,4,,2.7528,,-9.0936,-0.4866,,2.9093,-1.7325,,11.3712,-0.7246,,-8.6324,1.6903,,-4.4304,-6.3088,,3.4764,5.6534,,19.3566,7.3615,,2.7528,QC'd by NIEHS/NTP,candidate_step3_property,,CHCl3,119.37,2.3,0,0,0,0
58208,17389969,23392,C1=CC=NC(=C1)CCl.Cl,Inactive,0,,,Inactive,,,,,,,,,,4,,-6.8441,,18.0936,-7.7108,,-21.9212,5.6232,,7.6314,-27.1608,,-15.667,3.2528,,16.0154,7.7971,,-8.2262,7.0651,,-12.596,2.3456,,-6.8441,QC'd by NIEHS/NTP,property_value_missing,,C6H7Cl2N,164.03,,1,1,1,0
58231,17389972,7964,C1=CC=C(C=C1)Cl,Inactive,0,,,Inactive,,,,,,,,,,4,,-19.1547,,-11.9111,-16.9881,,1.174,-35.1027,,-7.3011,-36.4979,,7.4889,-19.0916,,2.4861,-6.9413,,-7.3591,-6.1476,,-2.957,-2.9417,,-19.1547,QC'd by NIEHS/NTP,candidate_step3_property,,C6H5Cl,112.55,2.900,0,0,0,0
58235,4253124,244282,CC(C)(C)CNCCO,Inactive,0,,,Inactive,,,,,,,,,,4,,-2.3571,,-18.9888,,,-5.1609,,,-9.2917,,,-5.0148,,,-5.3149,,,-18.4588,,,-2.3571,,,,QC'd by NCI,candidate_step3_property,,C7H17NO,131.22,0.8,2,2,4,0
58257,4253130,667466,CN(C)CC/C=C/1\C2=CC=CC=C2SC3=C1C=C(C=C3)Cl,Inactive,0,,,Inactive,,,,,,,,,,4,,-14.2008,,30.1073,,,1.7951,,,22.1771,,,-4.8805,,,9.4557,,,9.8263,,,-14.2008,,,,QC'd by NCI,candidate_step3_property,,C18H18ClNS,315.9,5.200,0,2,3,0
58276,4253129,3246223,C(C(=O)N)N=[N+]=[N-],Inactive,0,,,Inactive,,,,,,,,,,4,,-11.3132,,7.6297,,,16.0667,,,6.0019,,,1.0692,,,-26.1109,,,-7.3114,,,-11.3132,,,,QC'd by NCI,candidate_step3_property,,C2H4N4O,100.08,0.2,1,3,2,0
58289,17389973,7812,C1=CC(=CC=C1N)Cl,Inactive,0,,,Inactive,,,,,,,,,,4,,4.8519,,1.4598,0.3181,,-1.5215,-16.5798,,-14.9763,5.0863,,-2.9469,-0.6823,,-17.6021,-12.1379,,-9.5154,-8.883,,-0.4072,-11.589,,4.8519,QC'd by NIEHS/NTP,candidate_step3_property,,C6H6ClN,127.57,1.900,1,1,0,0
58304,17389976,7260,CC1=C(C=C(C=C1)Cl)N,Inactive,0,,,Inactive,,,,,,,,,,4,,-2.9406,,19.7406,-3.5052,,-4.6798,-8.0246,,-7.7039,-20.5578,,-3.0681,3.9744,,-1.159,-1.5146,,-7.7877,-5.6499,,2.6528,-5.1305,,-2.9406,QC'd by NIEHS/NTP,candidate_step3_property,,C7H8ClN,141.60,1.400,1,1,0,0
58338,4253134,1023,OP(=O)(O)OP(=O)(O)O,Inactive,0,,,Inactive,,,,,,,,,,4,,-10.7065,,29.3283,,,-0.8293,,,-13.4804,,,4.0246,,,-9.4984,,,-2.4078,,,-10.7065,,,,QC'd by NCI,candidate_step3_property,,H4O7P2,177.98,-3.2,4,7,2,0
58342,17389978,22584,C1=CC(=C(C=C1N)Cl)N.OS(=O)(=O)O,Inactive,0,,,Inactive,,,,,,,,,,4,,-11.4338,,3.8654,-15.7504,,-6.8874,6.1218,,-0.1797,17.9172,,5.0042,-20.5917,,-1.8966,7.0895,,-13.4392,-4.7059,,-22.3067,-1.4349,,-11.4338,QC'd by NIEHS/NTP,property_value_missing,,C6H9ClN2O4S,240.67,,4,6,0,0
58359,17389977,7255,CC1=C(C=C(C=C1)N)Cl,Inactive,0,,,Inactive,,,,,,,,,,4,,8.3926,,-2.037,-9.3019,,-0.5969,-12.3859,,-11.5456,-11.6388,,11.4955,-6.0413,,7.0544,-11.6047,,5.5348,1.0574,,1.5415,-10.58,,8.3926,QC'd by NIEHS/NTP,candidate_step3_property,,C7H8ClN,141.60,2.900,1,1,0,0
58390,4242991,135443163,CCOC1=CC=C(C=C1)N2C3=C(C(=O)NC(=N3)SCC(=O)NCC4=CC=CO4)SC2=S,Inactive,0,,,Inactive,,,,,,,,,,4,,-15.769,,,,,1.6119,,,4.5618,,,-5.2022,,,-3.568,,,0.4925,,,-3.9907,,,-15.769,QC'd by DPISMR,residual_possible_step4_or_definition_mismatch,,C20H18N4O4S3,474.6,3.0,2,8,8,0
58396,17389979,7263,C1=CC(=C(C=C1Cl)N)N,Inactive,0,,,Inactive,,,,,,,,,,4,,4.2923,,1.7389,0.8694,,10.9026,5.776,,4.2073,21.0114,,13.425,6.2175,,3.2934,14.8735,,8.1729,2.3541,,18.1311,11.1804,,4.2923,QC'd by NIEHS/NTP,candidate_step3_property,,C6H7ClN2,142.58,1.300,2,2,0,0
58412,4239015,3234122,C1CN(CCC12CCN(CC2)C(=O)C3=CC(=CC=C3)F)C4=CC=CC(=C4)C5=CC=CC=C5,Inactive,0,,,Inactive,,,,,,,,,,4,,-7.3253,,,,,10.9237,,,2.3638,,,1.6787,,,-4.3653,,,-3.0997,,,1.6131,,,-7.3253,QC'd by Pharmacopeia,candidate_step3_property,,C28H29FN2O,428.5,6.0,0,3,3,0
58436,17390018,7220,C1=CC2=NNN=C2C=C1,Inactive,0,,,Inactive,,,,,,,,,,4,,-7.8927,,4.5208,1.007,,2.4582,-6.9629,,-9.8927,33.7057,,6.3719,8.106,,17.0355,12.3275,,3.0528,15.6815,,-15.8521,15.1174,,-7.8927,QC'd by NIEHS/NTP,candidate_step3_property,,C6H5N3,119.12,1.0,1,2,0,0
58439,4253136,245251,C1=CC(=CC=C1SC(C(=O)O)SC2=CC=C(C=C2)Cl)Cl,Inactive,0,,,Inactive,,,,,,,,,,4,,14.0961,,28.1512,,,3.1266,,,31.6887,,,5.5924,,,-16.8672,,,10.1208,,,14.0961,,,,QC'd by NCI,candidate_step3_property,,C14H10Cl2O2S2,345.3,5.6,1,4,5,0
58442,17390014,7503,C1=CC=C(C=C1)CCl,Inactive,0,,,Inactive,,,,,,,,,,4,,-4.2758,,-25.412,7.6198,,-7.5842,-1.4445,,-17.5425,18.8373,,-4.7581,6.8095,,12.9966,4.4875,,-15.903,-9.6605,,-8.8069,-21.9764,,-4.2758,QC'd by NIEHS/NTP,candidate_step3_property,,C7H7Cl,126.58,2.300,0,0,1,0
58459,17390015,244,C1=CC=C(C=C1)CO,Inactive,0,,,Inactive,,,,,,,,,,4,,13.3886,,5.1713,-0.6137,,5.2881,2.9079,,-5.058,18.5369,,-17.0446,-2.7109,,7.8147,3.8014,,5.3994,-4.5331,,4.3489,-3.3717,,13.3886,QC'd by NIEHS/NTP,candidate_step3_property,,C7H8O,108.14,1.100,1,1,1,0
58466,26748388,2521,C1=CC=C(C(=C1)C2=C3C=C(C(=O)C=C3OC4=C2C=C(C(=C4)O)CN(CC(=O)O)CC(=O)O)CN(CC(=O)O)CC(=O)O)C(=O)O,Inactive,0,,,Inactive,,,,,,,,,,4,,-14.1267,,,,,28.0147,,,20.4784,,,8.1415,,,26.8332,,,1.6198,,,25.233,,,-14.1267,QC'd by Microsource,candidate_step3_property,,C30H26N2O13,622.5,-4.1,6,15,14,0
58471,3711805,2997777,C1CN(CCN1C2=CC=CC=C2)C3=NC4=CC=CC=C4N3CC(=O)C5=CC=CC=C5,Inactive,0,,,Inactive,,,,,,,,,,4,,-18.9799,,,,,-10.9278,,,-2.0263,,,-7.7537,,,-8.0855,,,-5.5976,,,-15.8083,,,-18.9799,QC'd by DPISMR,candidate_step3_property,,C25H24N4O,396.5,5.0,0,4,5,0
58473,4257184,2213056,CC1=C(C=C(C=C1)C2=NN3C(=NN=C3S2)C)NC(=O)C4=CC=C(O4)C5=C(C=C(C=C5)Cl)Cl,Inactive,0,,,Inactive,,,,,,,,,,4,,1.9037,,,,,-7.5939,,,-7.4342,,,-0.2899,,,-10.264,,,-8.8074,,,-10.029,,,1.9037,QC'd by DPISMR,candidate_step3_property,,C22H15Cl2N5O2S,484.4,5.8,1,6,4,0
58504,17390022,243,C1=CC=C(C=C1)C(=O)O,Inactive,0,,,Inactive,,,,,,,,,,4,,-3.5056,,12.4756,10.1716,,23.2911,13.0116,,3.8191,5.8318,,8.6966,4.2316,,11.8492,10.8498,,5.0761,10.2365,,-7.1582,7.8075,,-3.5056,QC'd by NIEHS/NTP,candidate_step3_property,,C7H6O2,122.12,1.900,1,2,1,0
58513,4253141,245617,CC1=CC(=C(C(=C1)C(C)(C)C)O)CC2=CC(=C(C=C2C)C)CC3=C(C(=CC(=C3)C)C(C)(C)C)O,Inactive,0,,,Inactive,,,,,,,,,,4,,4.0017,,-2.319,,,7.0058,,,5.7196,,,5.4486,,,8.1781,,,10.4871,,,4.0017,,,,QC'd by NCI,candidate_step3_property,,C32H42O2,458.7,9.9,2,2,6,0
58523,17390019,8447,C1=CC=C2C(=C1)N=C(S2)SSC3=NC4=CC=CC=C4S3,Inactive,0,,,Inactive,,,,,,,,,,4,,8.3436,,-12.2464,10.357,,11.9493,5.7002,,12.2361,9.6369,,9.9046,-7.8816,,-13.9966,12.6887,,-1.1769,7.6772,,-12.2948,4.3532,,8.3436,QC'd by NIEHS/NTP,candidate_step3_property,,C14H8N2S4,332.5,5.6,0,6,3,0
58545,17390025,241,C1=CC=CC=C1,Inactive,0,,,Inactive,,,,,,,,,,4,,9.2785,,18.7695,3.5209,,-5.1354,-2.3857,,19.1696,-1.11,,-6.3591,-8.1511,,-6.7761,6.1125,,-0.1969,-2.9861,,-14.3242,6.5833,,9.2785,QC'd by NIEHS/NTP,candidate_step3_property,,C6H6,78.11,2.100,0,0,0,0
58557,4253143,5771566,C[C@H](C(=O)O)N=C(N)N,Inactive,0,,,Inactive,,,,,,,,,,4,,-13.5978,,2.4559,,,-1.3208,,,-1.3292,,,1.5331,,,1.3722,,,1.9202,,,-13.5978,,,,QC'd by NCI,candidate_step3_property,,C4H9N3O2,131.13,-1.200,3,3,2,0
58562,17390026,240,C1=CC=C(C=C1)C=O,Inactive,0,,,Inactive,,,,,,,,,,4,,1.89,,-3.4534,-16.9564,,-0.5722,-7.4453,,-4.8896,27.5918,,5.6463,-2.8085,,-11.5915,-18.775,,-2.8279,-4.7654,,10.5698,-7.2494,,1.89,QC'd by NIEHS/NTP,candidate_step3_property,,C7H6O,106.12,1.500,0,1,1,0
58585,17390023,9223,C1=CC=C2C(=C1)C=CO2,Inactive,0,,,Inactive,,,,,,,,,,4,,-1.1747,,16.2725,9.987,,8.3774,4.8179,,-0.99,-17.9667,,-4.436,-11.3713,,-20.9537,17.7271,,-4.3121,2.2858,,-7.0239,0.6345,,-1.1747,QC'd by NIEHS/NTP,candidate_step3_property,,C8H6O,118.13,2.700,0,1,0,0
58596,4253145,73629,[C@H]([C@@H](C(=O)NN)O)(C(=O)NN)O,Inactive,0,,,Inactive,,,,,,,,,,4,,9.4906,,-1.573,,,5.7688,,,-9.6218,,,10.0227,,,16.1844,,,11.0189,,,9.4906,,,,QC'd by NCI,candidate_step3_property,,C4H10N4O4,178.15,-3.9,6,6,3,0
58641,17390030,33557,[N-]=[N+]=[N-].[Na+],Inactive,0,,,Inactive,,,,,,,,,,4,,20.5224,,8.3833,4.0117,,15.076,19.1442,,-1.8783,31.2823,,19.8609,23.8383,,21.328,12.4443,,-2.5043,12.612,,17.7771,16.7957,,20.5224,QC'd by NIEHS/NTP,candidate_step1_inorganic,Na,N3Na,65.010,,0,2,0,0
58659,4253149,162021,CCCCNN.C(=O)(C(=O)O)O,Inactive,0,,,Inactive,,,,,,,,,,4,,-1.544,,-7.6432,,,2.4157,,,-2.7312,,,-10.6886,,,-7.1003,,,-8.9414,,,-1.544,,,,QC'd by NCI,property_value_missing,,C6H14N2O4,178.19,,4,6,4,0
58733,4253155,3246235,C[C@H]([C@@H]1CC[C@H]2[C@]1(CC[C@H]3[C@@H]2CC[C@@H]4[C@]3(CC[C@@H](C4)O)C)C)N5CC6=C(C=CC(=C6)OC)OC5,Inactive,0,,,Inactive,,,,,,,,,,4,,-2.0379,,-2.0121,,,10.3614,,,8.6032,,,-1.2317,,,5.667,,,22.4367,,,-2.0379,,,,QC'd by NCI,candidate_step3_property,,C30H45NO3,467.7,7.200,1,4,3,0
58734,17389999,18303,CC1CC(=O)O1,Inactive,0,,,Inactive,,,,,,,,,,4,,4.4934,,-21.7926,-1.0841,,13.4506,14.5954,,6.1143,19.1456,,22.5234,12.3462,,3.7687,19.796,,-11.1048,12.1264,,-9.3462,5.7166,,4.4934,QC'd by NIEHS/NTP,candidate_step3_property,,C4H6O2,86.09,0.300,0,2,0,0
58750,17389998,24633,[Cl-].[Cl-].[Cd+2],Inactive,0,,,Inactive,,,,,,,,,,4,,-8.7551,,4.7464,7.0679,,7.667,-2.5802,,-10.5163,7.1986,,6.039,-4.7966,,-2.0902,-13.6823,,-1.9524,-4.5761,,-24.4433,-0.0522,,-8.7551,QC'd by NIEHS/NTP,candidate_step1_inorganic,Cd,CdCl2,183.32,,0,2,0,0
58759,17390005,10898,C(CBr)O,Inactive,0,,,Inactive,,,,,,,,,,4,,6.2336,,8.0633,-5.326,,4.0231,-6.1032,,-6.0193,-21.844,,-11.6266,2.1264,,-5.9481,-4.6353,,-9.5388,-29.8327,,-9.6629,-13.3883,,6.2336,QC'd by NIEHS/NTP,candidate_step3_property,,C2H5BrO,124.96,0.200,1,1,1,0
58794,17390003,8005,CCCCCl,Inactive,0,,,Inactive,,,,,,,,,,4,,8.4479,,-17.4843,11.0491,,10.6166,1.0388,,-7.7845,9.7675,,11.5504,11.6327,,13.7096,7.8483,,14.0018,-11.951,,18.6559,10.246,,8.4479,QC'd by NIEHS/NTP,candidate_step3_property,,C4H9Cl,92.57,2.600,0,0,2,0
58861,17390008,7628,B(O)(O)O,Inactive,0,,,Inactive,,,,,,,,,,4,,8.8313,,-8.3675,12.4008,,20.1648,9.4501,,-9.3889,5.6935,,16.0846,12.9779,,11.1606,20.2608,,14.8244,12.1165,,17.2083,15.4499,,8.8313,QC'd by NIEHS/NTP,candidate_step1_inorganic,B,BH3O3,61.84,,3,3,0,0
58900,17390006,6332,CCBr,Inactive,0,,,Inactive,,,,,,,,,,4,,17.0401,,14.6121,20.847,,15.1261,15.1462,,34.4772,32.5362,,14.6419,25.0458,,27.5753,24.1443,,30.1801,18.6759,,20.9993,26.0085,,17.0401,QC'd by NIEHS/NTP,candidate_step3_property,,C2H5Br,108.97,1.4,0,0,0,0
58910,3715846,2999372,CCC1=NN=C2N1N=C(CS2)C3=CC=C(O3)C4=C(C=CC(=C4)Cl)Cl,Inactive,0,,,Inactive,,,,,,,,,,4,,-17.8553,,,,,-6.2195,,,3.8474,,,-6.5508,,,5.6586,,,-10.1701,,,-7.2761,,,-17.8553,QC'd by DPISMR,candidate_step3_property,,C16H12Cl2N4OS,379.3,5.1,0,5,3,0
58927,848833,651286,CC1=CC=C(C=C1)C(=O)CSC2=NC(=CC(=N2)SCC3=NN=C(O3)C4=CC=CC=C4)C,Inactive,0,,,Inactive,,,,,,,,,,4,,-5.1986,,,,,16.7187,,,1.6483,,,5.9954,,,-2.9839,,,10.0606,,,-9.623,,,-5.1986,QC'd by DPISMR,candidate_step3_property,,C23H20N4O2S2,448.6,5.1,0,8,8,0
58929,26748378,16757754,CC1C(C(C([C@@H](O1)OC2C(C(C(OC2OC3=CC(=C(C(=C3)O)C(=O)CCC4=CC(=C(C=C4)OC)O)O)CO)O)O)O)O)O,Inactive,0,,,Inactive,,,,,,,,,,4,,5.8242,,,,,14.2722,,,4.1461,,,-8.9193,,,18.2316,,,5.5253,,,-5.2982,,,5.8242,QC'd by Microsource,candidate_step3_property,,C28H36O15,612.6,-0.3,9,15,10,0
58933,17390012,7095,C1=CC=C(C=C1)C2=CC=CC=C2,Inactive,0,,,Inactive,,,,,,,,,,4,,9.799,,-14.4628,5.9611,,0.4888,14.5354,,0.1025,2.9564,,2.7148,2.2139,,-4.7976,9.393,,1.8024,-9.3136,,10.3624,-12.2391,,9.799,QC'd by NIEHS/NTP,residual_possible_step4_or_definition_mismatch,,C12H10,154.21,4.000,0,0,1,0
58953,17390011,8115,C(CCl)OCCCl,Inactive,0,,,Inactive,,,,,,,,,,4,,21.6478,,13.8165,11.2225,,10.5802,11.095,,14.5797,8.2488,,17.7484,8.2914,,13.0173,9.8938,,-4.6195,13.9301,,13.5959,5.5494,,21.6478,QC'd by NIEHS/NTP,candidate_step3_property,,C4H8Cl2O,143.01,1.300,0,1,4,0
58972,7973294,9601171,C1=CC=C(C=C1)CN2C3=CC=CC=C3N=C2/N=C/C4=CC=CS4,Inactive,0,,,Inactive,,,,,,,,,,4,,-0.0169,,,,,3.9458,,,7.9232,,,-10.5851,,,4.5576,,,11.9154,,,-6.7193,,,-0.0169,QC'd by DPISMR,residual_possible_step4_or_definition_mismatch,,C19H15N3S,317.4,4.7,0,3,4,0
59010,26748416,23663396,CC(=O)OCC1=C(N2C(C(C2=O)NC(=O)CCCC(C(=O)O)N)SC1)C(=O)[O-].[Na+],Inactive,0,,,Inactive,,,,,,,,,,4,,13.4858,,,,,-4.7327,,,-1.7889,,,6.3054,,,16.416,,,-7.8433,,,12.5229,,,13.4858,QC'd by Microsource,candidate_step1_inorganic,Na,C16H20N3NaO8S,437.4,,3,10,10,0
59100,17389917,660,C1CC(=O)OC2=CC=CC=C21,Inactive,0,,,Inactive,,,,,,,,,,4,,18.6519,,20.4268,12.6976,,28.1036,17.4289,,14.6069,-8.2131,,12.7021,21.2368,,12.1104,14.2131,,5.4939,25.3945,,10.8083,23.4557,,18.6519,QC'd by NIEHS/NTP,candidate_step3_property,,C9H8O2,148.16,1.6,0,2,0,0
59118,17389918,2735009,CCNC(=S)NCC,Inactive,0,,,Inactive,,,,,,,,,,4,,5.4351,,14.8898,3.8348,,3.0732,4.7912,,-0.2983,17.6337,,9.4507,9.2495,,6.4499,1.248,,1.3083,-10.0492,,14.3936,-2.1562,,5.4351,QC'd by NIEHS/NTP,candidate_step3_property,,C5H12N2S,132.23,0.600,2,1,2,0
59125,4253182,113994,C(CN)CSC(=N)N,Inactive,0,,,Inactive,,,,,,,,,,4,,2.3968,,6.3368,,,-17.1382,,,-9.3355,,,-25.4934,,,3.2592,,,-4.5736,,,2.3968,,,,QC'd by NCI,candidate_step3_property,,C4H11N3S,133.22,-0.4,3,3,4,0
59142,4253183,66662,CC1=CC(=C(C(=C1)CC2=C(C(=CC(=C2)C)C(C)(C)C)O)O)CC3=C(C(=CC(=C3)C)C(C)(C)C)O,Inactive,0,,,Inactive,,,,,,,,,,4,,8.2484,,4.8561,,,-2.147,,,5.6636,,,-6.1298,,,2.7054,,,-5.4537,,,8.2484,,,,QC'd by NCI,candidate_step3_property,,C31H40O3,460.6,9.1,3,3,6,0
59165,17389930,11,C(CCl)Cl,Inactive,0,,,Inactive,,,,,,,,,,4,,11.3427,,12.7007,8.6126,,6.7821,9.0996,,8.8017,10.3031,,16.2376,10.7021,,-4.4114,9.4723,,17.7737,7.2821,,-0.3714,7.9462,,11.3427,QC'd by NIEHS/NTP,candidate_step3_property,,C2H4Cl2,98.96,1.500,0,0,1,0
59181,4253181,5771570,C[C@H](/C=C\[C@H](C)C(C)C)[C@@H]1CC[C@@H]2[C@]1(CC[C@H]3C2=CC=C4[C@@]3(CC[C@@H](C4)O)C)C,Inactive,0,,,Inactive,,,,,,,,,,4,,9.3464,,-20.4594,,,5.5931,,,8.2036,,,5.6778,,,7.6009,,,8.0021,,,9.3464,,,,QC'd by NCI,candidate_step3_property,,C28H44O,396.6,7.4,1,1,4,0
59184,17389931,6365,CC(Cl)Cl,Inactive,0,,,Inactive,,,,,,,,,,4,,22.2349,,-21.0026,-9.7523,,-3.6143,-11.385,,-15.9273,-7.1984,,-4.4478,12.2326,,18.4442,0.7669,,4.272,16.1607,,17.2067,26.0504,,22.2349,QC'd by NIEHS/NTP,candidate_step3_property,,C2H4Cl2,98.96,1.9,0,0,0,0
59199,17389924,8268,C1=CC(=CC=C1C(C2=CC=C(C=C2)Cl)(C(Cl)(Cl)Cl)O)Cl,Inactive,0,,,Activator,31.6228,63.8893,,Partial curve; partial efficacy,-4.5,3.6272,0.9181,62.403,-1.4863,2.2,0 0 0 0 0 0 0 0 0 0 0 0 0 0 0,55.1814,,1.7938,-4.6754,,11.9373,-4.0499,,-0.3219,-0.1826,,-2.5914,-5.3567,,-4.9471,-5.0738,,-1.3907,-0.4806,,-5.8219,21.8882,,55.1814,QC'd by NIEHS/NTP,residual_possible_step4_or_definition_mismatch,,C14H9Cl5O,370.5,4.300,1,1,2,0
59230,26748432,3862,C1=CN(C=C(C1=O)O)CC(C(=O)O)N,Inactive,0,,,Inactive,,,,,,,,,,4,,-21.8075,,,,,-4.7471,,,0.0437,,,-9.6971,,,13.368,,,9.7898,,,-5.073,,,-21.8075,QC'd by Microsource,candidate_step3_property,,C8H10N2O4,198.18,-3.5,3,6,3,0
59235,17389926,6564,CC(CCl)Cl,Inactive,0,,,Inactive,,,,,,,,,,4,,5.3162,,-2.5905,-13.9128,,1.3842,4.801,,-11.3554,-11.4757,,12.7701,-5.3246,,5.0388,-0.943,,-6.4133,-0.3174,,-0.263,3.7572,,5.3162,QC'd by NIEHS/NTP,candidate_step3_property,,C3H6Cl2,112.98,1.8,0,0,1,0
59258,4249263,3243240,COC1=CC=CC=C1N2CCN(CC2)C3=NC(=CC(=N3)C(F)(F)F)C4=CC=CC=C4,Inactive,0,,,Inactive,,,,,,,,,,4,,5.1635,,,,,0.7931,,,3.1334,,,1.2113,,,8.4693,,,10.6254,,,6.6811,,,5.1635,QC'd by DPISMR,residual_possible_step4_or_definition_mismatch,,C22H21F3N4O,414.4,4.8,0,8,4,0
59298,4253190,2785216,C1=CC=C(C=C1)[P+](CC[P+](C2=CC=CC=C2)(C3=CC=CC=C3)C4=CC=CC=C4)(C5=CC=CC=C5)C6=CC=CC=C6,Inactive,0,,,Inactive,,,,,,,,,,4,,13.6136,,5.0285,,,5.875,,,1.2566,,,-0.2383,,,-8.7643,,,-1.9963,,,13.6136,,,,QC'd by NCI,candidate_step3_property,,C38H34P2+2,552.6,9.0,0,0,9,2
59308,26748402,190,C1=NC2=NC=NC(=C2N1)N,Inactive,0,,,Inactive,,,,,,,,,,4,,-23.7545,,,,,-7.3265,,,-0.8974,,,-2.0211,,,0.8759,,,-11.0554,,,6.5856,,,-23.7545,QC'd by Microsource,candidate_step3_property,,C5H5N5,135.13,-0.100,2,4,0,0
59315,4253189,247982,CC1=NC2=CC=CC=C2N=C1C3=CC=C(C=C3)N=[N+](C4=CC=C(C=C4)C5=NC6=CC=CC=C6N=C5C)[O-],Inactive,0,,,Inactive,,,,,,,,,,4,,2.7952,,-7.0828,,,-0.909,,,5.265,,,-9.0436,,,3.4528,,,-2.4216,,,2.7952,,,,QC'd by NCI,candidate_step3_property,,C30H22N6O,482.5,5.8,0,6,4,0
59338,17389900,7835,C1C(O1)CCl,Inactive,0,,,Inactive,,,,,,,,,,4,,20.5,,5.3285,23.9994,,16.8006,21.0125,,2.5433,8.2022,,23.6765,20.808,,26.7441,19.1431,,21.2262,20.3297,,17.9119,18.4391,,20.5,QC'd by NIEHS/NTP,candidate_step3_property,,C3H5ClO,92.52,0.500,0,1,1,0
59356,17389899,7834,CCC1CO1,Inactive,0,,,Inactive,,,,,,,,,,4,,12.462,,22.7289,16.8329,,10.1349,10.534,,5.365,-4.7648,,6.8903,7.9595,,4.6719,17.006,,2.0306,9.6197,,4.3486,-4.4196,,12.462,QC'd by NIEHS/NTP,candidate_step3_property,,C4H8O,72.11,0.8,0,1,1,0
59357,4253187,3246251,C[C@H](CCC(=O)OC)[C@@H]1CC[C@H]2[C@]1(CC[C@@H]3[C@H]2CC[C@@H]4[C@]3(CC[C@@H](C4)O)C)C,Inactive,0,,,Inactive,,,,,,,,,,4,,1.1567,,12.1405,,,0.9175,,,-2.6332,,,-2.2205,,,0.878,,,3.3516,,,1.1567,,,,QC'd by NCI,candidate_step3_property,,C25H42O3,390.6,6.6,1,3,5,0
59398,4253184,414710,C[N+](C)(CCC[N+](C)(C)N)N,Inactive,0,,,Inactive,,,,,,,,,,4,,-0.0824,,25.1748,,,15.0314,,,7.0923,,,7.3591,,,1.4377,,,5.8539,,,-0.0824,,,,QC'd by NCI,candidate_step3_property,,C7H22N4+2,162.28,-0.8,2,2,4,2
59406,7969282,5309876,CN1C=CC=C1CC2=NN=C(N2C3=CC=C(C=C3)F)SCC(=O)NC4=CC(=CC=C4)Cl,Inactive,0,,,Inactive,,,,,,,,,,4,,14.2987,,,,,-1.0287,,,7.2636,,,0.4759,,,9.6382,,,4.7042,,,-7.586,,,14.2987,QC'd by DPISMR,residual_possible_step4_or_definition_mismatch,,C22H19ClFN5OS,455.9,4.3,1,5,7,0
59408,26748408,16757756,C1[C@H]([C@@H](C([C@@H]([C@H]1N)O[C@@H]2C(C(C(C(O2)CO)O)N)O)O)O[C@H]3C(C(C(C(O3)CN)O)O)N)N.OS(=O)(=O)O,Inactive,0,,,Inactive,,,,,,,,,,4,,10.8751,,,,,16.3276,,,-1.983,,,10.3025,,,15.0171,,,18.5375,,,22.9072,,,10.8751,QC'd by Microsource,property_value_missing,,C18H39N5O14S,581.6,,13,19,6,0
59431,17389911,949,CN(C)C1=CC=CC=C1,Inactive,0,,,Inactive,,,,,,,,,,4,,0.0057,,5.5654,-1.0593,,-3.8691,2.0405,,4.5655,15.7828,,0.3078,-6.1963,,5.3338,2.2771,,-5.6675,4.1847,,8.4467,6.4192,,0.0057,QC'd by NIEHS/NTP,candidate_step3_property,,C8H11N,121.18,2.300,0,1,1,0
59482,17389908,6228,CN(C)C=O,Inactive,0,,,Inactive,,,,,,,,,,4,,14.5831,,-18.9281,4.6098,,20.9331,15.3474,,1.2983,12.631,,-2.395,4.5059,,-7.7406,0.1999,,2.3962,1.1295,,0.4394,8.2967,,14.5831,QC'd by NIEHS/NTP,candidate_step3_property,,C3H7NO,73.09,-1.000,0,1,0,0
59503,17389907,10555,CC(=CCl)C,Inactive,0,,,Inactive,,,,,,,,,,4,,13.0794,,21.251,2.3158,,7.5584,12.0625,,-5.0517,18.7903,,-17.3796,9.7437,,8.6003,10.7578,,25.0294,15.4904,,-0.3191,4.0699,,13.0794,QC'd by NIEHS/NTP,candidate_step3_property,,C4H7Cl,90.55,2.3,0,0,0,0
59518,17389910,6001,CC1=C2C=CC3=CC=CC=C3C2=C(C4=CC=CC=C14)C,Inactive,0,,,Activator,39.8107,70.5337,,Partial curve; partial efficacy; poor fit,-4.4,2.3332,0.7188,75.0067,4.473,2.4,0 0 0 0 0 0 0 0 0 0 0 0 0 0 0,58.1644,,8.1043,10.4681,,8.577,8.6146,,14.7807,-7.1058,,6.8795,14.3821,,14.9849,17.0424,,-0.0011,2.5534,,14.5052,17.7936,,58.1644,QC'd by NIEHS/NTP,candidate_step3_property,,C20H16,256.3,5.800,0,0,0,0
59536,17389909,6598,CN(C)C(=O)Cl,Inactive,0,,,Inactive,,,,,,,,,,4,,-10.4989,,15.2019,-7.9797,,18.1033,1.4216,,-6.5095,-18.2648,,-16.761,-19.7677,,5.8614,15.4248,,6.0307,-1.9111,,8.2271,3.5397,,-10.4989,QC'd by NIEHS/NTP,candidate_step3_property,,C3H6ClNO,107.54,0.8,0,1,0,0
59554,17389955,444041,C([C@@H]1[C@@H]2[C@@H]([C@H]([C@H](O1)O[C@@H]3[C@H](O[C@@H]([C@@H]([C@H]3O)O)O[C@@H]4[C@H](O[C@@H]([C@@H]([C@H]4O)O)O[C@@H]5[C@H](O[C@@H]([C@@H]([C@H]5O)O)O[C@@H]6[C@H](O[C@@H]([C@@H]([C@H]6O)O)O[C@@H]7[C@H](O[C@@H]([C@@H]([C@H]7O)O)O[C@@H]8[C@H](O[C@H](O2)[C@@H]([C@H]8O)O)CO)CO)CO)CO)CO)CO)O)O)O,Inactive,0,,,Inactive,,,,,,,,,,4,,-4.3994,,-9.684,-14.4013,,4.5943,-17.1714,,-7.0945,19.4432,,-3.9586,-1.1504,,-21.2235,-1.429,,16.2662,-3.1481,,-8.9272,-3.5577,,-4.3994,QC'd by NIEHS/NTP,candidate_step3_property,,C42H70O35,1135.0,-15.0,21,35,7,0
59559,26748453,16757767,C[C@@]12CC[C@](C[C@H]1C3=CC(=O)C4[C@@]5(CCC(C(C5CC[C@@]4(C3(CC2)C)C)(C)C)O)C)(C)C(=O)O,Inactive,0,,,Inactive,,,,,,,,,,4,,8.4196,,,,,6.204,,,9.629,,,6.9903,,,21.5548,,,5.0635,,,14.3872,,,8.4196,QC'd by Microsource,candidate_step3_property,,C30H46O4,470.7,6.4,2,4,1,0
59572,17389956,135465076,C1=CC=C(C=C1)/[N+](=N/[O-])/[O-].[NH4+],Inactive,0,,,Inactive,,,,,,,,,,4,,9.2583,,-9.5559,-6.7771,,-5.708,2.2347,,2.0541,9.7528,,5.4132,4.2168,,0.24,3.1894,,9.4934,4.5382,,1.8211,-0.7182,,9.2583,QC'd by NIEHS/NTP,property_value_missing,,C6H9N3O2,155.15,,1,3,1,0
59588,4253206,248618,C1C2=CC=CC=C2C3=C1C=C(C=C3)N=CC4=C(C=C(C=C4)Cl)Cl,Inactive,0,,,Inactive,,,,,,,,,,4,,9.6702,,-6.8182,,,-5.2651,,,-6.5302,,,12.8616,,,5.2331,,,3.8289,,,9.6702,,,,QC'd by NCI,candidate_step3_property,,C20H13Cl2N,338.2,6.1,0,1,2,0
59597,26748451,16757766,CC1C(=O)OC2[C@@]1([C@]34C(=O)OC5C3(C2O)[C@@]6([C@H](C(=O)OC6O4)O)C(C5O)C(C)(C)C)O,Inactive,0,,,Activator,7.9433,30.6297,,Complete curve; partial efficacy; poor fit,-5.1,4.095,0.8859,30,-0.6297,1.4,0 0 0 1 0 0 0,30.4861,,,,,3.7375,,,-8.4414,,,5.972,,,15.1165,,,-3.4728,,,23.6706,,,30.4861,QC'd by Microsource,candidate_step3_property,,C20H24O11,440.4,-1.4,4,11,1,0
59609,4239086,3234193,COC1=CC=C(C=C1)C(=O)N2CCC3(CCCN(C3)C4=CC=C(C=C4)C5=CC=CC=C5)CC2,Inactive,0,,,Inactive,,,,,,,,,,4,,-17.2351,,,,,-5.1373,,,4.1594,,,0.8084,,,-11.6416,,,-6.4873,,,-12.2285,,,-17.2351,QC'd by Pharmacopeia,candidate_step3_property,,C29H32N2O2,440.6,5.9,0,3,4,0
59610,17389954,7967,C1CCC(=O)CC1,Inactive,0,,,Inactive,,,,,,,,,,4,,-3.1314,,4.0417,-4.9165,,18.1592,-20.123,,-14.2443,-29.6008,,14.9367,-7.3051,,0.3485,15.6199,,-10.9799,-1.7953,,-8.8914,-6.1608,,-3.1314,QC'd by NIEHS/NTP,candidate_step3_property,,C6H10O,98.14,0.800,0,1,0,0
59673,4262126,1164778,C1CC2=CC=CC=C2N(C1)C(=O)CCSC3=NC(=CC(=N3)C(F)(F)F)C4=CC=CO4,Inactive,0,,,Inactive,,,,,,,,,,4,,-3.6816,,,,,-11.3104,,,-15.4159,,,-18.677,,,-13.7957,,,-1.5194,,,-4.227,,,-3.6816,QC'd by DPISMR,residual_possible_step4_or_definition_mismatch,,C21H18F3N3O2S,433.4,4.1,0,8,5,0
59674,17389948,6294,C1=CC(=CC=C1C(C2=CC=C(C=C2)Cl)C(Cl)Cl)Cl,Inactive,0,,,Activator,25.1189,89.2775,,Partial curve; high efficacy; poor fit,-4.6,3.5117,0.7464,84.5901,-4.6874,2.3,0 0 0 0 0 0 1 0 0 0 0 0 0 0 0,82.1352,,-18.3039,-42.262,,2.6838,5.7945,,-20.2221,10.3122,,-95.8054,2.9604,,1.2761,2.3846,,0.4912,11.8767,,-6.5044,38.6879,,82.1352,QC'd by NIEHS/NTP,candidate_step3_property,,C14H10Cl4,320.0,6.200,0,0,3,0
59688,17389949,4211,C1=CC=C(C(=C1)C(C2=CC=C(C=C2)Cl)C(Cl)Cl)Cl,Inactive,0,,,Activator,25.1189,85.3681,,Partial curve; partial efficacy,-4.6,2.1876,0.9854,85.6518,0.2836,2.2,0 0 0 1 0 0 0,73.6236,,,,,4.3629,,,-6.0281,,,2.6741,,,28.0105,,,-0.6979,,,13.4826,,,73.6236,QC'd by SigmaAldrich,candidate_step3_property,,C14H10Cl4,320.0,6.2,0,0,3,0
59717,4239092,3234199,CC1=CC=CC=C1C2=NC3=CC=CC=C3C(=N2)NCC4=CC=CS4,Inactive,0,,,Inactive,,,,,,,,,,4,,-15.9278,,,,,22.7284,,,5.4936,,,0.0765,,,14.8063,,,7.0576,,,-2.413,,,-15.9278,QC'd by Pharmacopeia,candidate_step3_property,,C20H17N3S,331.4,5.1,1,4,4,0
59726,17389964,14012,CC(=O)[O-].CC(=O)[O-].CC(=O)[O-].[Cr+3],Inactive,0,,,Inactive,,,,,,,,,,4,,2.4865,,-18.3027,-16.9211,,-9.0027,-1.2044,,-17.2585,25.1762,,-10.5223,11.3217,,5.8761,6.4969,,-15.8558,4.9418,,-11.7349,12.6154,,2.4865,QC'd by NIEHS/NTP,candidate_step1_inorganic,Cr,C6H9CrO6,229.13,,0,6,0,0
59748,4253216,415105,C1CCC(C1)(C(=O)O)NC(=O)CN,Inactive,0,,,Inactive,,,,,,,,,,4,,-17.8076,,26.2115,,,-6.6397,,,-7.1741,,,3.9739,,,-3.5103,,,-15.496,,,-17.8076,,,,QC'd by NCI,candidate_step3_property,,C8H14N2O3,186.21,-3.0,3,4,3,0
59757,862309,663538,CCSC1=NN(C(=N1)C2=CC=C(C=C2)OC)C3=NC4=CC=CC=C4S3,Inactive,0,,,Activator,31.6228,62.3277,,Single point of activity,-4.5,3.132,0.9954,63.554,1.2263,3,0 0 0 0 0 0 0,55.3832,,,,,1.3391,,,-1.3349,,,2.1925,,,3.1688,,,1.2263,,,3.5891,,,55.3832,QC'd by DPISMR,candidate_step3_property,,C18H16N4OS2,368.5,5.3,0,6,5,0
59762,4253217,135485439,C1=CC=C2C(=C1)C=CC(=C2/C=C\C3=NC4=C(C=C3)C(=CC(=C4O)Br)Br)O,Inactive,0,,,Inactive,,,,,,,,,,4,,9.7332,,26.029,,,28.2123,,,28.8743,,,25.91,,,20.321,,,27.8107,,,9.7332,,,,QC'd by NCI,candidate_step3_property,,C21H13Br2NO2,471.1,6.4,2,3,2,0
59782,17389959,323,C1=CC=C2C(=C1)C=CC(=O)O2,Inactive,0,,,Inactive,,,,,,,,,,4,,6.5782,,-22.4546,-4.4532,,-3.3699,5.3056,,-6.1731,-4.6924,,-5.8405,18.8209,,20.5626,14.5591,,9.9384,15.8813,,18.0866,20.0452,,6.5782,QC'd by NIEHS/NTP,candidate_step3_property,,C9H6O2,146.14,1.400,0,2,0,0
59795,848920,651382,CC1=CC=CC=C1CN2C(=C(C(=N2)C)NC(=O)C3=NN4C(=CC(=NC4=C3)C5=CC=CO5)C(F)(F)F)C,Inactive,0,,,Inactive,,,,,,,,,,4,,-14.5957,,,,,1.4021,,,6.6755,,,-2.2041,,,-4.5687,,,-4.6724,,,15.5522,,,-14.5957,QC'd by DPISMR,residual_possible_step4_or_definition_mismatch,,C25H21F3N6O2,494.5,4.2,1,8,5,0
59799,17389960,61444,O.O.O.O.O.O.O.[O-]S(=O)(=O)[O-].[Co+2],Inactive,0,,,Inactive,,,,,,,,,,4,,-1.1509,,2.7558,-5.7655,,-7.4157,-11.2922,,-10.3042,-16.2905,,2.1289,3.1907,,12.2394,-11.0978,,3.999,4.1396,,-17.9238,1.976,,-1.1509,QC'd by NIEHS/NTP,candidate_step1_inorganic,Co,CoH14O11S,281.11,,7,11,0,0
59814,17389957,8445,CC1=CC(=C(C=C1)OC)N,Inactive,0,,,Inactive,,,,,,,,,,4,,-1.6246,,2.7643,9.158,,7.1857,3.1342,,-3.513,18.2458,,13.2116,1.7763,,2.5324,6.5659,,5.0097,6.5418,,-10.7924,1.3766,,-1.6246,QC'd by NIEHS/NTP,candidate_step3_property,,C8H11NO,137.18,1.700,1,2,1,0
59833,17389958,7610,CC1=C(C=CC(=C1)OC)N,Inactive,0,,,Inactive,,,,,,,,,,4,,-14.4076,,21.2788,-20.8048,,3.1262,-22.2108,,4.4676,-3.4898,,-19.5543,-9.531,,3.5894,-2.0906,,-17.0432,-14.7484,,-4.9719,-13.0866,,-14.4076,QC'd by NIEHS/NTP,candidate_step3_property,,C8H11NO,137.18,1.200,1,2,1,0
59906,17389935,6597,C(C(=O)O)(Cl)Cl,Inactive,0,,,Inactive,,,,,,,,,,4,,6.2399,,3.9871,-13.0842,,-9.5969,1.5256,,2.8803,10.4735,,2.0323,-4.2057,,1.2055,2.2573,,-1.5234,1.7892,,1.4358,-1.946,,6.2399,QC'd by NIEHS/NTP,candidate_step3_property,,C2H2Cl2O2,128.94,0.900,1,2,1,0
59910,4253219,6815,CCCC(C1=CC(=C(C=C1C)O)C(C)(C)C)C2=CC(=C(C=C2C)O)C(C)(C)C,Inactive,0,,,Inactive,,,,,,,,,,4,,3.3168,,6.8282,,,9.812,,,-4.7414,,,-12.1265,,,-7.6524,,,-7.1772,,,3.3168,,,,QC'd by NCI,candidate_step3_property,,C26H38O2,382.6,8.6,2,2,6,0
59923,17389934,7239,C1=CC=C(C(=C1)Cl)Cl,Inactive,0,,,Inactive,,,,,,,,,,4,,0.4114,,10.202,-7.5368,,-4.4353,2.8656,,19.5544,20.0507,,7.7172,-4.6568,,6.5597,-14.0887,,-6.6623,-1.6526,,-4.1387,0.5782,,0.4114,QC'd by NIEHS/NTP,candidate_step3_property,,C6H4Cl2,147.00,3.400,0,0,0,0
59931,862339,663567,C1CN(CCN1C2=CC=CC=C2)C3=C(N=C(O3)COC4=C(C=C(C=C4)Cl)Cl)C#N,Inactive,0,,,Inactive,,,,,,,,,,4,,-23.5682,,,,,-31.5619,,,-21.8933,,,-23.3556,,,-25.2964,,,-21.5697,,,-4.0398,,,-23.5682,QC'd by DPISMR,candidate_step3_property,,C21H18Cl2N4O2,429.3,5.2,0,6,5,0
59947,4253221,249398,C1C2=CC=CC=C2C3=C1C=C(C=C3)NC(=O)C4=CC=CC=C4C5=CC=CC=C5C(=O)O,Inactive,0,,,Inactive,,,,,,,,,,4,,0.8343,,-1.0185,,,14.0641,,,9.9239,,,0.8721,,,-24.6782,,,-5.2116,,,0.8343,,,,QC'd by NCI,candidate_step3_property,,C27H19NO3,405.4,5.5,2,3,4,0
59960,17389932,642197,C(/C=C/CCl)Cl,Inactive,0,,,Inactive,,,,,,,,,,4,,-4.9785,,5.9866,-16.8481,,-3.7265,-3.3455,,-19.2981,-24.8145,,-14.5315,-15.6003,,0.4618,5.8933,,-10.1139,-2.2214,,-0.8856,-9.2928,,-4.9785,QC'd by NIEHS/NTP,candidate_step3_property,,C4H6Cl2,124.99,1.7,0,0,2,0
59981,4261060,1572935,CCOC(=O)C1=CN=C(N=C1N)SCC2=NC(=NC(=N2)NC3=CC=C(C=C3)F)N,Inactive,0,,,Inactive,,,,,,,,,,4,,-11.7203,,,,,7.8065,,,5.7599,,,0.9171,,,0.3446,,,2.2545,,,-8.8718,,,-11.7203,QC'd by DPISMR,candidate_step3_property,,C17H17FN8O2S,416.4,2.7,3,12,8,0
59983,17389947,3035,C1=CC(=CC=C1C(=C(Cl)Cl)C2=CC=C(C=C2)Cl)Cl,Inactive,0,,,Activator,15.8489,50.9475,,Partial curve; partial efficacy; poor fit,-4.8,2.0937,0.4891,37.5382,-13.4094,2.4,1 0 0 0 0 1 0 0 0 0 0 0 0 0 0,39.1531,,4.1,-19.8361,,-19.9139,-5.2035,,-1.5946,-52.258,,0.9056,-28.4946,,3.4597,-0.3107,,-56.0377,1.1409,,3.7916,17.8128,,39.1531,QC'd by NIEHS/NTP,candidate_step3_property,,C14H8Cl4,318.0,7.000,0,0,2,0
60000,17389946,3036,C1=CC(=CC=C1C(C2=CC=C(C=C2)Cl)C(Cl)(Cl)Cl)Cl,Inactive,0,,,Activator,25.1189,111.725,,Partial curve; high efficacy,-4.6,1.9282,0.9652,114.412,2.6873,2.1,0 0 0 0 0 0 0,95.8801,,,,,0.439,,,5.1662,,,-6.2734,,,1.6758,,,16.3109,,,20.1334,,,95.8801,QC'd by Microsource,candidate_step3_property,,C14H9Cl5,354.5,6.900,0,0,2,0
60036,26748442,16757762,CC1OCC2[C@H](O1)C(C(C(O2)OC3C4COC(=O)C4C(C5=CC6=C(C=C35)OCO6)C7=CC(=C(C(=C7)OC)O)OC)O)O,Inactive,0,,,Inactive,,,,,,,,,,4,,13.5489,,,,,-2.0088,,,0.8069,,,-10.036,,,3.1088,,,-4.7478,,,-0.5124,,,13.5489,QC'd by Microsource,candidate_step3_property,,C29H32O13,588.6,0.600,3,13,5,0
60042,4253232,108,C1=CC(=CN=C1)CC(=O)O,Inactive,0,,,Inactive,,,,,,,,,,4,,-10.4136,,21.2483,,,-12.9165,,,-9.5495,,,16.8493,,,2.0398,,,2.0631,,,-10.4136,,,,QC'd by NCI,candidate_step3_property,,C7H7NO2,137.14,-0.100,1,3,2,0
60052,17389943,7261,CC1=C(C=C(C=C1)N)N,Inactive,0,,,Inactive,,,,,,,,,,4,,5.2304,,-2.1294,-2.119,,9.3687,0.0047,,-0.4595,-18.0049,,-0.769,1.7496,,-0.1267,6.996,,0.2572,-4.1646,,2.0512,-5.7346,,5.2304,QC'd by NIEHS/NTP,candidate_step3_property,,C7H10N2,122.17,0.100,2,2,0,0
60053,4239071,3234178,COC1=CC=C(C=C1)C(=O)N2CCC3(CCCN(C3)CC4=CC(=CC(=C4)C(F)(F)F)C(F)(F)F)CC2,Inactive,0,,,Inactive,,,,,,,,,,4,,12.1845,,,,,7.5476,,,-4.7374,,,-14.0194,,,-11.6819,,,11.9922,,,21.8877,,,12.1845,QC'd by Pharmacopeia,candidate_step3_property,,C26H28F6N2O2,514.5,5.7,0,9,4,0
60057,26748447,16757764,CCC(C)C(=O)OC1C(C2C(CN3CC(CCC3[C@]2(C)O)C)C4[C@@]1(C5C(C(C6[C@@]7(C(CCC6([C@]5(C4)O7)C)OC(=O)C(C)(CC)O)O)OC(=O)C)OC(=O)C)O)O,Inactive,0,,,Inactive,,,,,,,,,,4,,9.3198,,,,,6.7736,,,-1.1962,,,3.5231,,,13.2388,,,16.7338,,,-9.0903,,,9.3198,QC'd by Microsource,candidate_step3_property,,C41H63NO14,793.9,2.1,5,15,12,0
60064,4253227,250319,C1CN(CCC12SSC3(CCN(CC3)CC4=CC=CC=C4)SS2)CC5=CC=CC=C5,Inactive,0,,,Inactive,,,,,,,,,,4,,2.8809,,-1.5408,,,4.9847,,,5.5148,,,18.5211,,,8.3815,,,7.7351,,,2.8809,,,,QC'd by NCI,candidate_step3_property,,C24H30N2S4,474.8,5.4,0,6,4,0
60077,26748449,16757765,CCC(C)C(=O)OC1C(C2C(CN3CC(CCC3[C@]2(C)O)C)C4[C@@]1(C5C(C(C6[C@@]7(C(CCC6([C@]5(C4)O7)C)OC(=O)C(C)(C(C)O)O)O)OC(=O)C)OC(=O)C)O)O,Inactive,0,,,Inactive,,,,,,,,,,4,,8.9831,,,,,17.2023,,,5.5149,,,7.9369,,,23.8573,,,-12.4148,,,10.3862,,,8.9831,QC'd by Microsource,candidate_step3_property,,C41H63NO15,809.9,1.0,6,16,12,0
60093,17389941,5889,C1=CC=C2C(=C1)C=CC3=CC4=C(C=CC5=CC=CC=C54)C=C32,Inactive,0,,,Inactive,,,,,,,,,,4,,15.7676,,-7.6963,6.1118,,9.738,3.8303,,3.0213,-18.5332,,9.4108,5.631,,6.7736,8.0817,,-8.6348,6.6294,,4.4165,-4.1117,,15.7676,QC'd by NIEHS/NTP,candidate_step3_property,,C22H14,278.3,6.500,0,0,0,0
60144,17389858,3598,C1=C(C(=C(C(=C1Cl)Cl)CC2=C(C(=CC(=C2Cl)Cl)Cl)O)O)Cl,Inactive,0,,,Inactive,,,,,,,,,,4,,-9.237,,4.4354,0.7624,,8.4431,0.5969,,13.6293,-44.2638,,20.681,10.3497,,2.3018,12.3069,,-23.0113,7.0228,,-11.9386,6.0633,,-9.237,QC'd by NIEHS/NTP,candidate_step3_property,,C13H6Cl6O2,406.9,7.500,2,2,2,0
60160,4252980,3246172,CC(C)C1=CC=CC=C1OC(=O)[C@@H]2[C@@H](C2(C)C)C=C(C)C,Inactive,0,,,Inactive,,,,,,,,,,4,,11.021,,-4.1156,,,-8.0933,,,3.4603,,,-1.1508,,,8.3327,,,14.2938,,,11.021,,,,QC'd by NCI,candidate_step3_property,,C19H26O2,286.4,5.5,0,2,5,0
60174,4252979,3246171,C[C@@H](C(=O)C1=CC2=C(C=C1)C=C(C3=CC=CC=C32)Br)Br,Inactive,0,,,Inactive,,,,,,,,,,4,,-5.0275,,-33.2931,,,-2.8912,,,-11.6119,,,5.2854,,,12.3289,,,-9.2793,,,-5.0275,,,,QC'd by NCI,candidate_step3_property,,C17H12Br2O,392.1,6.0,0,1,2,0
60224,17389862,8127,CCCCCCCN,Inactive,0,,,Inactive,,,,,,,,,,4,,-6.4472,,-20.8843,-8.8342,,-13.1908,0.0703,,7.0071,-73.5995,,-9.2999,-6.1719,,-5.9302,-5.1586,,-5.7202,-23.5149,,-5.9787,-11.9678,,-6.4472,QC'd by NIEHS/NTP,candidate_step3_property,,C7H17N,115.22,2.600,1,1,5,0
60251,4252983,13399,C1=CC=C2C(=C1)C(=NN2)N,Inactive,0,,,Inactive,,,,,,,,,,4,,11.9265,,-7.7771,,,12.9734,,,5.1163,,,-3.1711,,,-11.2813,,,-2.1927,,,11.9265,,,,QC'd by NCI,candidate_step3_property,,C7H7N3,133.15,1.2,2,2,0,0
60261,4261009,1020319,CC1=C(C(=CC=C1)C)N2C(=NN=N2)SCSC3=NN=NN3C4=C(C=CC=C4C)C,Inactive,0,,,Inactive,,,,,,,,,,4,,-1.2162,,,,,21.9847,,,13.9376,,,2.1698,,,1.3303,,,1.8162,,,2.7426,,,-1.2162,QC'd by DPISMR,candidate_step3_property,,C19H20N8S2,424.6,5.5,0,8,6,0
60288,4239115,3234222,CC1=CC(=CC=C1)CNC2=NC=NC3=C2C=C(C=C3)C4=CC=CC=C4CN(C)C,Inactive,0,,,Inactive,,,,,,,,,,4,,18.1796,,,,,-25.0068,,,-21.9785,,,5.3037,,,-14.7855,,,-15.3553,,,-29.0782,,,18.1796,QC'd by Pharmacopeia,candidate_step3_property,,C25H26N4,382.5,5.2,1,4,6,0
60300,17389849,10958,CC(C)CON=O,Inactive,0,,,Inactive,,,,,,,,,,4,,18.2748,,-14.3092,-7.346,,17.8645,10.0444,,2.7574,46.6609,,13.7175,9.754,,13.7525,20.6208,,18.577,7.7001,,12.4506,1.4361,,18.2748,QC'd by NIEHS/NTP,candidate_step3_property,,C4H9NO2,103.12,1.4,0,3,2,0
60321,17389852,1923,C1=CC2=C(C(=C1)O)N=CC=C2,Inactive,0,,,Inactive,,,,,,,,,,4,,3.2914,,6.4796,0.5095,,3.44,-0.2727,,-1.9151,-27.0394,,6.904,-4.924,,-7.3382,11.4569,,-7.7607,-0.885,,-12.8658,-2.6733,,3.2914,QC'd by NIEHS/NTP,candidate_step3_property,,C9H7NO,145.16,2.000,1,2,0,0
60360,4252977,5771554,CN1C2=C(C(=O)N(C1=O)C)NC=N2.CO[C@H]([CH2-])CC1=CC=CC2=C1OC(=O)C(=C2)C(=O)O.[OH-].[Hg],Inactive,0,,,Inactive,,,,,,,,,,4,,11.9906,,18.5426,,,-2.6172,,,8.8753,,,16.6626,,,23.617,,,16.3336,,,11.9906,,,,QC'd by NCI,candidate_step1_inorganic,Hg,C21H22HgN4O8-2,659.0,,3,10,4,-2
60361,26752727,16759134,CCOC(=O)OCC1C(C=CC(O1)C#CC2=CC=CC=C2)OC3=CC=CC(=C3)N(C)C,Inactive,0,,,Inactive,,,,,,,,,,4,,24.131,,7.001,,,21.0915,,,16.3307,,,26.8357,,,19.7423,,,22.2294,,,24.131,,,,QC'd by BUCMLD,residual_possible_step4_or_definition_mismatch,,C25H27NO5,421.5,4.9,0,6,9,0
60372,17389853,785,C1=CC(=CC=C1O)O,Inactive,0,,,Inactive,,,,,,,,,,4,,12.8828,,10.2867,,,11.5259,,,14.8433,,,16.8936,,,37.4434,,,18.359,,,18.644,,,12.8828,QC'd by SigmaAldrich,candidate_step3_property,,C6H6O2,110.11,0.600,2,2,0,0
60402,11110667,6560355,C1=CC(=CC=C1CSC2=NC(=NC3=C2N=CN3[C@H]4[C@@H]([C@@H]([C@@H](O4)CO)O)O)N)[N+](=O)[O-],Inactive,0,,,Inactive,,,,,,,,,,4,,8.6164,,17.283,,,-0.7207,,,6.3365,,,6.9474,,,11.0185,,,13.3713,,,7.9259,,,8.6164,QC'd by SigmaAldrich,candidate_step3_property,,C17H18N6O6S,434.4,1.100,4,11,5,0
60407,17389857,12332,CCCCCC(=O)N,Inactive,0,,,Inactive,,,,,,,,,,4,,15.5358,,9.5917,-0.5663,,2.3271,8.9179,,-3.5319,-2.8164,,14.6715,-23.6787,,7.4679,4.7646,,-3.24,-17.1143,,-10.2441,4.4026,,15.5358,QC'd by NIEHS/NTP,candidate_step3_property,,C6H13NO,115.17,1.300,1,1,4,0
60421,11110668,5494,CCN(CC)CCCCCCCCOC(=O)C1=CC(=C(C(=C1)OC)OC)OC,Inactive,0,,,Inactive,,,,,,,,,,4,,-4.2441,,7.9491,,,-3.8827,,,17.9831,,,5.2207,,,7.8651,,,-2.0258,,,-5.6165,,,-4.2441,QC'd by SigmaAldrich,candidate_step3_property,,C22H37NO5,395.5,5.0,0,6,16,0
60427,4252974,,,Inactive,0,,,Inactive,,,,,,,,,,4,,6.8127,,-4.8762,,,-0.4653,,,15.3664,,,5.6885,,,0.3571,,,9.5459,,,6.8127,,,,QC'd by NCI,property_lookup_missing,,,,,,,,
60431,11110695,6603699,C#C[C@@H](CCC(=O)O)N,Inactive,0,,,Inactive,,,,,,,,,,4,,15.7211,,17.5381,,,-0.2557,,,8.9491,,,5.2496,,,10.4587,,,12.9448,,,21.4657,,,15.7211,QC'd by SigmaAldrich,candidate_step3_property,,C6H9NO2,127.14,-3.0,2,3,3,0
60458,848935,651397,CC1=C(C(=CC=C1)C)NC(=O)CSC2=NN=C(N2C3=CC=CC=C3)CN4N=C(N=N4)C5=CC=CC=C5,Inactive,0,,,Inactive,,,,,,,,,,4,,-4.5118,,,,,-3.5335,,,8.9452,,,1.904,,,4.5829,,,8.3235,,,-1.1302,,,-4.5118,QC'd by DPISMR,candidate_step3_property,,C26H24N8OS,496.6,5.1,1,7,8,0
60473,4252995,109515,C1=CC=C2C(=C1)C=CC(=C2N=NC3=CC=CC4=C3C=CC(=C4)S(=O)(=O)O)O,Inactive,0,,,Inactive,,,,,,,,,,4,,-15.7419,,4.2657,,,1.294,,,-11.1143,,,-20.8866,,,-11.5331,,,-7.9107,,,-15.7419,,,,QC'd by NCI,residual_possible_step4_or_definition_mismatch,,C20H14N2O4S,378.4,4.6,2,6,3,0
60510,11110691,6603697,C(/C=C\C(=O)O)N,Inactive,0,,,Inactive,,,,,,,,,,4,,21.4498,,1.9914,,,15.5427,,,7.857,,,19.3964,,,15.3557,,,22.223,,,9.0649,,,21.4498,QC'd by SigmaAldrich,candidate_step3_property,,C4H7NO2,101.10,-3.2,2,3,2,0
60515,853471,656129,C1=CN(C=N1)CC(=O)O,Inactive,0,,,Inactive,,,,,,,,,,4,,-16.9664,,,,,7.9336,,,4.3381,,,2.9197,,,-0.5038,,,-1.5475,,,10.6597,,,-16.9664,QC'd by DPISMR,candidate_step3_property,,C5H6N2O2,126.11,-0.3,1,3,2,0
60524,4239111,3234218,C1CC2(CCN(CC2)C(=O)C3=CC(=CC(=C3)C(F)(F)F)C(F)(F)F)CN(C1)C4=CC=CC=C4,Inactive,0,,,Inactive,,,,,,,,,,4,,6.068,,,,,6.4444,,,11.3646,,,4.7384,,,-1.6199,,,-1.1951,,,6.423,,,6.068,QC'd by Pharmacopeia,candidate_step3_property,,C24H24F6N2O,470.4,6.1,0,8,2,0
60529,11110690,5230,CP(=O)(CCCN)O,Inactive,0,,,Inactive,,,,,,,,,,4,,7.2153,,4.7377,,,14.2791,,,8.1334,,,15.0459,,,19.187,,,22.8383,,,19.354,,,7.2153,QC'd by SigmaAldrich,candidate_step3_property,,C4H12NO2P,137.12,-4.0,2,3,3,0
60536,26748210,4837,C1CNCCN1,Inactive,0,,,Inactive,,,,,,,,,,4,,0.7577,,,,,13.6765,,,21.1414,,,24.18,,,16.1267,,,-2.1833,,,17.9625,,,0.7577,QC'd by Microsource,candidate_step3_property,,C4H10N2,86.14,-1.500,2,2,0,0
60539,17389846,3776,CC(C)O,Inactive,0,,,Inactive,,,,,,,,,,4,,11.0631,,13.0231,3.3575,,17.357,23.1417,,-0.9201,49.6569,,12.2463,13.2832,,15.1378,14.3199,,16.6634,22.3303,,2.6134,2.9793,,11.0631,QC'd by NIEHS/NTP,candidate_step3_property,,C3H8O,60.10,0.3,1,1,0,0
60555,17389847,6557,CC(=C)C=C,Inactive,0,,,Inactive,,,,,,,,,,4,,8.7391,,5.3602,1.4948,,14.7524,19.7124,,-10.3651,-18.2467,,7.7294,5.4328,,4.9993,13.5332,,8.8656,1.4978,,1.127,5.4136,,8.7391,QC'd by NIEHS/NTP,candidate_step3_property,,C5H8,68.12,2.5,0,0,1,0
60569,26748212,5702105,CCC(C)CCCCC(=O)NC(CCN)C(=O)NC(C(C)O)C(=O)NC(CCN)C(=O)NC1CCNC(=O)C(NC(=O)C(NC(=O)C(NC(=O)C(NC(=O)C(NC(=O)C(NC1=O)CCN)CC2=CC=CC=C2)CC(C)C)CCN)CCN)C(C)O.OS(=O)(=O)O,Inactive,0,,,Inactive,,,,,,,,,,4,,-8.2233,,,,,6.3604,,,-8.6779,,,-6.5831,,,12.2068,,,6.5218,,,-24.2022,,,-8.2233,QC'd by Microsource,property_value_missing,,C56H100N16O17S,1301.6,,20,22,29,0
60575,17389848,3767,C1=CN=CC=C1C(=O)NN,Inactive,0,,,Inactive,,,,,,,,,,4,,-9.1342,,9.3754,-24.356,,-1.5353,1.9621,,-2.8517,11.5469,,7.3303,-1.3712,,15.3328,-3.8516,,-3.8102,1.648,,-11.8164,6.3882,,-9.1342,QC'd by NIEHS/NTP,candidate_step3_property,,C6H7N3O,137.14,-0.700,2,3,1,0
60603,848943,651405,C1CN(C2=CC=CC=C21)C(=O)C3=CC4=C(N3CC5=CC=CC=C5)C=CS4,Inactive,0,,,Inactive,,,,,,,,,,4,,1.0322,,,,,2.3927,,,8.3384,,,8.2566,,,-9.9868,,,1.8426,,,-7.0199,,,1.0322,QC'd by DPISMR,residual_possible_step4_or_definition_mismatch,,C22H18N2OS,358.5,4.7,0,2,3,0
60605,11110685,1366,C1CCC(CC1)(C(=O)O)N,Inactive,0,,,Inactive,,,,,,,,,,4,,-11.5441,,-9.3982,,,-4.7369,,,-0.952,,,6.7063,,,-2.7323,,,4.921,,,-5.8087,,,-11.5441,QC'd by SigmaAldrich,candidate_step3_property,,C7H13NO2,143.18,-1.900,2,3,1,0
60612,17389834,409301,C[Hg]Cl,Inactive,0,,,Inactive,,,,,,,,,,4,,-3.2211,,-11.0917,-19.6082,,-17.5372,-2.5981,,-7.4312,9.9134,,2.3402,-0.3718,,7.5667,9.52,,12.3703,-5.0826,,10.3151,10.1626,,-3.2211,QC'd by NIEHS/NTP,candidate_step1_inorganic,Hg,CH3ClHg,251.08,,0,0,0,0
60628,11114503,6605156,CCN1CCCC1CN2C(=NC3=C(N=C(N=C32)C)NC4CCCCC4)C5=CC=CC=C5,Inactive,0,,,Inactive,,,,,,,,,,4,,-29.898,,,,,-6.1603,,,-5.7959,,,-3.7034,,,-10.9877,,,-13.2324,,,-13.6035,,,-29.898,QC'd by NCGCChem,candidate_step3_property,,C25H34N6,418.6,5.1,1,5,6,0
60681,17389838,21954,C1=CC(=O)NNC1=O,Inactive,0,,,Inactive,,,,,,,,,,4,,20.0375,,11.0728,0.6358,,3.4721,5.9712,,0.2135,-11.9133,,3.7664,10.545,,14.0267,16.5073,,7.546,-5.5383,,-2.9254,9.1332,,20.0375,QC'd by NIEHS/NTP,candidate_step3_property,,C4H4N2O2,112.09,-0.800,2,2,0,0
60697,7973403,1615233,CC(=O)CSC1=NC2=C(S1)C=C(C=C2)NC3=NC(=NC(=N3)N4CCOCC4)N5CCOCC5,Inactive,0,,,Inactive,,,,,,,,,,4,,-9.9922,,,,,1.0632,,,0.9719,,,2.8212,,,6.7388,,,6.2023,,,-7.0951,,,-9.9922,QC'd by DPISMR,candidate_step3_property,,C21H25N7O3S2,487.6,3.1,1,12,7,0
60734,26752709,16759121,CC1=CC(=CC(=C1)C#CC2C=CC(C(O2)CO)OC3=CC=C(C=C3)C4CCCC4)C,Inactive,0,,,Inactive,,,,,,,,,,4,,4.1443,,8.1192,,,4.4191,,,-8.7771,,,-4.8153,,,2.0078,,,7.8818,,,4.1443,,,,QC'd by BUCMLD,candidate_step3_property,,C27H30O3,402.5,6.2,1,3,5,0
60737,4253012,6106,CC(C)C[C@@H](C(=O)O)N,Inactive,0,,,Inactive,,,,,,,,,,4,,5.4972,,-15.6605,,,-5.2643,,,-15.0573,,,-14.0931,,,-0.9887,,,0.6348,,,5.4972,,,,QC'd by NCI,candidate_step3_property,,C6H13NO2,131.17,-1.500,2,3,3,0
60751,26752710,16759122,CCOC(=O)OCC1C(C=CC(O1)C2=CC=C(C=C2)C(=O)C)OC3=CC=C(C=C3)C4=CC=CC=C4,Inactive,0,,,Inactive,,,,,,,,,,4,,17.6014,,-10.7819,,,8.9796,,,-2.6429,,,18.963,,,-3.1457,,,-6.9964,,,17.6014,,,,QC'd by BUCMLD,candidate_step3_property,,C29H28O6,472.5,5.7,0,6,10,0
60770,17389892,702,CCO,Inactive,0,,,Inactive,,,,,,,,,,4,,26.2932,,4.6047,-6.6052,,17.6045,13.4273,,5.0619,8.9717,,0.1035,11.9763,,-1.3539,24.9617,,17.8348,1.0832,,13.5215,19.0571,,26.2932,QC'd by NIEHS/NTP,candidate_step3_property,,C2H6O,46.07,-0.100,1,1,0,0
60786,26752708,16759120,CC(C)(C)C1=CC=C(C=C1)C#CC2C=CC(C(O2)CO)OC3=CC=C(C=C3)OC,Inactive,0,,,Inactive,,,,,,,,,,4,,1.1578,,2.2077,,,-3.3791,,,-4.4606,,,2.4496,,,0.0619,,,-0.1376,,,1.1578,,,,QC'd by BUCMLD,candidate_step3_property,,C25H28O4,392.5,5.1,1,4,6,0
60799,11110711,637601,C1CN[C@H]1C(=O)O,Inactive,0,,,Inactive,,,,,,,,,,4,,-5.931,,-6.0945,,,-10.4461,,,-22.2991,,,-10.3281,,,1.6893,,,-6.5548,,,-6.3655,,,-5.931,QC'd by SigmaAldrich,candidate_step3_property,,C4H7NO2,101.10,-2.900,2,3,1,0
60803,26752705,16759118,CC(C)(C)C1=CC=C(C=C1)OC2C=CC(OC2CO)C#CC3=CC=CC=C3,Inactive,0,,,Inactive,,,,,,,,,,4,,18.3301,,12.3109,,,5.1621,,,8.4631,,,27.3444,,,9.7646,,,4.5534,,,18.3301,,,,QC'd by BUCMLD,candidate_step3_property,,C24H26O3,362.5,5.2,1,3,5,0
60813,11110708,535,C1CC1(C(=O)O)N,Inactive,0,,,Inactive,,,,,,,,,,4,,-10.7426,,-22.3904,,,-13.0117,,,-7.5033,,,-24.7891,,,-7.8199,,,-26.5111,,,-6.4945,,,-10.7426,QC'd by SigmaAldrich,candidate_step3_property,,C4H7NO2,101.10,-2.800,2,3,1,0
60828,17389897,8815,COC1=CC=C(C=C1)CC=C,Inactive,0,,,Inactive,,,,,,,,,,4,,12.3425,,,,,7.124,,,0.6965,,,8.9995,,,27.6484,,,-0.3934,,,19.208,,,12.3425,QC'd by Microsource,candidate_step3_property,,C10H12O,148.20,3.400,0,1,3,0
60836,11110709,178,CC(=O)N,Inactive,0,,,Inactive,,,,,,,,,,4,,17.6801,,28.4324,,,19.2738,,,33.4511,,,19.1165,,,29.0744,,,27.6103,,,25.4345,,,17.6801,QC'd by SigmaAldrich,candidate_step3_property,,C2H5NO,59.07,-0.9,1,1,0,0
60859,4253018,240684,C1=CC=C(C=C1)N(C2=CC=CC=C2)C(=NC3=CC=CC4=CC=CC=C43)Cl,Inactive,0,,,Inactive,,,,,,,,,,4,,4.4729,,-20.4601,,,-23.8964,,,-5.0736,,,1.7283,,,0.0893,,,-2.8523,,,4.4729,,,,QC'd by NCI,candidate_step3_property,,C23H17ClN2,356.8,7.000,0,1,4,0
60888,26752700,16759113,CCOC(=O)OCC1C(C=CC(O1)C#CC2=CC=C(C=C2)C(C)(C)C)OC(=O)OCC,Inactive,0,,,Inactive,,,,,,,,,,4,,-8.3924,,-0.8836,,,1.7142,,,-13.5459,,,3.0614,,,4.8967,,,-20.0309,,,-8.3924,,,,QC'd by BUCMLD,candidate_step3_property,,C24H30O7,430.5,5.5,0,7,11,0
60892,17389885,2723650,C1CNC(=S)N1,Inactive,0,,,Inactive,,,,,,,,,,4,,2.0811,,0.9684,5.774,,0.8367,16.2803,,1.7868,-4.1934,,6.919,-7.065,,2.8314,-17.1663,,-3.1549,-8.9257,,-21.983,1.1507,,2.0811,QC'd by NIEHS/NTP,candidate_step3_property,,C3H6N2S,102.16,-0.700,2,1,0,0
60906,17389884,7833,C1CC2C(O2)CC1C3CO3,Inactive,0,,,Inactive,,,,,,,,,,4,,-21.6722,,-9.9991,-10.0637,,-8.2392,-14.1855,,-18.8166,9.5523,,-5.6009,-9.7089,,1.7797,-3.4204,,-6.5012,2.0029,,-11.3941,-8.7555,,-21.6722,QC'd by NIEHS/NTP,candidate_step3_property,,C8H12O2,140.18,0.8,0,2,1,0
60909,26752701,16759114,CCOC(=O)OCC1C(C=CC(O1)C#CC2=C(C=C(C=C2)C)C)OC(=O)OCC,Inactive,0,,,Inactive,,,,,,,,,,4,,5.152,,2.3464,,,-8.3978,,,7.9208,,,-0.4008,,,3.3048,,,4.3495,,,5.152,,,,QC'd by BUCMLD,residual_possible_step4_or_definition_mismatch,,C22H26O7,402.4,4.5,0,7,10,0
60925,17389883,7720,CCCCC(CC)CO,Inactive,0,,,Inactive,,,,,,,,,,4,,8.911,,4.2274,-1.4134,,17.7182,3.5899,,0.3999,-6.0615,,9.4928,2.0624,,9.7392,10.7738,,1.7838,9.9345,,-31.9208,9.0563,,8.911,QC'd by NIEHS/NTP,candidate_step3_property,,C8H18O,130.23,3.100,1,1,5,0
60941,4253006,3246180,C[C@@H](CN(C[C@H](C)Br)C1=CC2=C(C=C1)C3=CC=CC=C3C2)Br,Inactive,0,,,Inactive,,,,,,,,,,4,,-11.3046,,-0.2687,,,-7.4971,,,-7.5706,,,0.1898,,,-3.2549,,,0.5754,,,-11.3046,,,,QC'd by NCI,candidate_step3_property,,C19H21Br2N,423.2,6.300,0,1,5,0
60945,17389882,7641,CCCCC(CC)COC(=O)CCCCC(=O)OCC(CC)CCCC,Inactive,0,,,Inactive,,,,,,,,,,4,,-17.4623,,0.6422,-17.0552,,-9.9246,-13.6449,,-11.0748,-7.1528,,-74.8245,-4.6116,,-44.9896,-8.1085,,-8.2504,-12.0753,,-12.38,2.7796,,-17.4623,QC'd by NIEHS/NTP,candidate_step3_property,,C22H42O4,370.6,6.8,0,4,19,0
60955,26748256,16757736,CC1[C@@](C(C(O1)O[C@H]2C(C([C@@H](C(C2O)O)N=C(N)N)O)N=C(N)N)O[C@H]3C(C(C(C(O3)CO)O)O)NC)(C=O)O.OS(=O)(=O)O,Inactive,0,,,Inactive,,,,,,,,,,4,,12.9042,,,,,2.3384,,,-13.1818,,,-0.6452,,,2.1261,,,5.5548,,,13.4068,,,12.9042,QC'd by Microsource,property_value_missing,,C21H41N7O16S,679.7,,14,19,9,0
60980,17389890,6295,CCC1=CC=C(C=C1)C(C2=CC=C(C=C2)CC)C(Cl)Cl,Inactive,0,,,Activator,31.6228,92.7849,,Partial curve; partial efficacy,-4.5,2.3531,0.8375,83.2127,-9.5721,2.2,0 0 0 0 0 0 0 0 0 0 0 0 0 0 0,65.3717,,-8.2879,-12.3786,,-5.0517,0.8872,,-1.6682,-10.6906,,-11.8397,-30.6465,,-18.5588,-12.2844,,-5.2418,10.3314,,-7.9882,25.804,,65.3717,QC'd by NIEHS/NTP,candidate_step3_property,,C18H20Cl2,307.3,6.600,0,0,5,0
60999,17389888,12967,CCN(C(=O)N)N=O,Inactive,0,,,Inactive,,,,,,,,,,4,,19.7554,,12.9923,7.504,,22.6069,-8.0009,,23.9253,-25.7293,,24.5169,5.8103,,8.6906,-1.2404,,19.8731,-20.2238,,16.6106,13.3782,,19.7554,QC'd by NIEHS/NTP,candidate_step3_property,,C3H7N3O2,117.11,0.200,1,3,1,0
61009,26752694,16759107,CCOC(=O)OCC1C(C=CC(O1)C#CC2=CC=C(C=C2)Br)OC(=O)OCC,Inactive,0,,,Inactive,,,,,,,,,,4,,0.9894,,-13.2766,,,3.4293,,,-17.7394,,,4.155,,,-13.7631,,,-7.2013,,,0.9894,,,,QC'd by BUCMLD,residual_possible_step4_or_definition_mismatch,,C20H21BrO7,453.3,4.5,0,7,10,0
61013,17389887,7500,CCC1=CC=CC=C1,Inactive,0,,,Inactive,,,,,,,,,,4,,-5.3084,,4.5624,8.736,,9.4472,20.6336,,13.0924,18.1842,,5.5353,9.7992,,11.2061,5.6968,,2.6123,2.6575,,8.8626,7.0762,,-5.3084,QC'd by NIEHS/NTP,candidate_step3_property,,C8H10,106.16,3.100,0,0,1,0
61028,11110698,124432,C1[C@@H](N[C@H]1C(=O)O)C(=O)O,Inactive,0,,,Inactive,,,,,,,,,,4,,-2.911,,-1.9707,,,-0.7746,,,-6.7658,,,2.5286,,,3.7858,,,0.2654,,,-4.549,,,-2.911,QC'd by SigmaAldrich,candidate_step3_property,,C5H7NO4,145.11,-3.1,3,5,2,0
61035,17389886,174,C(CO)O,Inactive,0,,,Inactive,,,,,,,,,,4,,6.7122,,-8.4189,14.5747,,17.1612,3.5748,,-0.0142,-38.7281,,14.5708,1.777,,7.3845,-0.2496,,4.8555,10.6392,,13.2521,9.0302,,6.7122,QC'd by NIEHS/NTP,candidate_step3_property,,C2H6O2,62.07,-1.400,2,2,1,0
61053,4253028,62616,C1=CC(=C(C=C1Cl)CC2=CC(=CC(=C2O)CC3=C(C=CC(=C3)Cl)O)Cl)O,Inactive,0,,,Inactive,,,,,,,,,,4,,1.6895,,10.3385,,,12.5774,,,7.0116,,,30.0507,,,16.0168,,,24.4457,,,1.6895,,,,QC'd by NCI,candidate_step3_property,,C20H15Cl3O3,409.7,6.500,3,3,4,0
61064,26748250,16757731,C[C@@]1(COC(C(C1NC)O)O[C@@H]2[C@H](C[C@H]([C@@H](C2O)OC3C(CC=C(O3)CN)N)N)N)O.OS(=O)(=O)O,Inactive,0,,,Inactive,,,,,,,,,,4,,9.7965,,,,,30.9769,,,-1.1937,,,-0.703,,,-10.9277,,,-5.9347,,,-0.9063,,,9.7965,QC'd by Microsource,property_value_missing,,C19H39N5O11S,545.6,,10,16,6,0
61065,864759,666000,CC1=CC=C(C=C1)N2C(=NN=C2SCC3=CC=C(C=C3)C#N)C4=CC=CC=N4,Inactive,0,,,Inactive,,,,,,,,,,4,,4.7301,,,,,-5.4247,,,-19.1418,,,3.8833,,,-15.5365,,,-3.2831,,,-5.4607,,,4.7301,QC'd by DPISMR,residual_possible_step4_or_definition_mismatch,,C22H17N5S,383.5,4.1,0,5,5,0
61105,17389874,8029,C1=COC=C1,Inactive,0,,,Activator,0.0398,36,,Complete curve; partial efficacy; poor fit,-7.4,0.3,0.5287,32,-4,1.4,0 1 0 0 0 0 1 0 0 0 0 0 0 0 0,40.1068,,3.9159,28.2182,,5.7929,5.8706,,17.3873,10.8907,,34.1701,20.5526,,20.9901,31.0892,,29.5726,15.0651,,7.8605,33.3337,,40.1068,QC'd by NIEHS/NTP,candidate_step3_property,,C4H4O,68.07,1.300,0,1,0,0
61114,4253031,413431,C1CCC(CC1)N(CC2=C(C=CC3=CC=CC=C32)O)CC4=C(C=CC5=CC=CC=C54)O,Inactive,0,,,Inactive,,,,,,,,,,4,,-0.8199,,-0.4673,,,1.8724,,,-4.2054,,,-12.4919,,,0.5033,,,-7.8627,,,-0.8199,,,,QC'd by NCI,candidate_step3_property,,C28H29NO2,411.5,6.9,2,3,5,0
61120,11110727,1647,C(CN)C#N,Inactive,0,,,Inactive,,,,,,,,,,4,,4.3715,,6.7973,,,1.2934,,,4.8433,,,1.667,,,10.3019,,,13.4345,,,4.8107,,,4.3715,QC'd by SigmaAldrich,candidate_step3_property,,C3H6N2,70.09,-1.0,1,2,1,0
61126,17389875,3385,C1=C(C(=O)NC(=O)N1)F,Inactive,0,,,Inactive,,,,,,,,,,4,,-12.8264,,,,,28.7197,,,1.0207,,,16.4885,,,9.1133,,,1.3146,,,11.1404,,,-12.8264,QC'd by SigmaAldrich,candidate_step3_property,,C4H3FN2O2,130.08,-0.900,2,3,0,0
61149,26748246,16760658,C1=CC=C(C(=C1)C(=O)[O-])O.[Na+],Inactive,0,,,Inactive,,,,,,,,,,4,,11.8394,,,,,52.5412,,,19.843,,,26.5651,,,43.3905,,,-12.5817,,,15.4806,,,11.8394,QC'd by Microsource,candidate_step1_inorganic,Na,C7H5NaO3,160.10,,1,3,1,0
61153,4253033,241052,CC(C)(C)C1=CC(=C(C=C1)O)CN(CC2=C(C=CC(=C2)C(C)(C)C)O)C3CCCCC3,Inactive,0,,,Inactive,,,,,,,,,,4,,16.9637,,4.3621,,,-4.3934,,,3.0347,,,10.5048,,,-4.5656,,,-3.4479,,,16.9637,,,,QC'd by NCI,candidate_step3_property,,C28H41NO2,423.6,7.700,2,3,7,0
61161,26752721,16759128,CC1=CC=C(C=C1)OC2C(COC2/C=C/C#CC3=CC=C(C=C3)C(C)(C)C)O,Inactive,0,,,Inactive,,,,,,,,,,4,,18.5304,,9.1897,,,14.7744,,,14.8695,,,7.1717,,,-1.7538,,,1.4974,,,18.5304,,,,QC'd by BUCMLD,candidate_step3_property,,C25H28O3,376.5,5.6,1,3,5,0
61167,17389881,8343,CCCCC(CC)COC(=O)C1=CC=CC=C1C(=O)OCC(CC)CCCC,Inactive,0,,,Inactive,,,,,,,,,,4,,4.5121,,-2.5247,-4.1449,,-18.2353,1.3264,,-9.6869,17.9362,,-0.893,1.1231,,-2.2554,8.5055,,-2.6248,-5.4991,,7.9205,7.0319,,4.5121,QC'd by NIEHS/NTP,candidate_step3_property,,C24H38O4,390.6,7.400,0,4,16,0
61177,26752720,16759128,CC1=CC=C(C=C1)OC2C(COC2/C=C/C#CC3=CC=C(C=C3)C(C)(C)C)O,Inactive,0,,,Inactive,,,,,,,,,,4,,6.8979,,9.6526,,,12.966,,,-17.5056,,,9.1958,,,2.8842,,,5.9067,,,6.8979,,,,QC'd by BUCMLD,candidate_step3_property,,C25H28O3,376.5,5.6,1,3,5,0
61188,26748244,5146,C1=CC=C(C(=C1)CO)O,Inactive,0,,,Inactive,,,,,,,,,,4,,-5.6072,,,,,16.1497,,,-17.4544,,,10.9743,,,3.6043,,,10.3344,,,5.2997,,,-5.6072,QC'd by Microsource,candidate_step3_property,,C7H8O2,124.14,0.700,2,2,1,0
61202,4243091,3237858,COC1=C(C=C(C=C1)C2=CC(=NO2)C(=O)N3CCN(CC3)C(C4=CC=CC=C4)C5=CC=CC=C5)OC,Inactive,0,,,Inactive,,,,,,,,,,4,,13.1944,,,,,-5.654,,,-1.384,,,-1.9791,,,-4.7893,,,-1.2863,,,-6.9347,,,13.1944,QC'd by DPISMR,residual_possible_step4_or_definition_mismatch,,C29H29N3O4,483.6,4.8,0,6,7,0
61210,26748242,5104,C1=CC(=C(C=C1[As](=O)(O)O)[N+](=O)[O-])O,Inactive,0,,,Inactive,,,,,,,,,,4,,-11.0737,,,,,0.0291,,,-2.6248,,,3.0687,,,7.1048,,,-25.8776,,,10.6027,,,-11.0737,QC'd by Microsource,candidate_step1_inorganic,As,C6H6AsNO6,263.04,,3,6,1,0
61242,26752717,16759126,CC(C)(C)C1=CC=C(C=C1)OC2C(COC2/C=C/C#CC3=CC=CC=C3)O,Inactive,0,,,Inactive,,,,,,,,,,4,,20.9281,,21.8767,,,11.9975,,,5.8726,,,3.6873,,,-3.461,,,11.1403,,,20.9281,,,,QC'd by BUCMLD,candidate_step3_property,,C24H26O3,362.5,5.2,1,3,5,0
61250,11110721,5283389,CCCCC/C=C\C/C=C\C/C=C\C/C=C\CCCC(=O)NCC(=O)O,Inactive,0,,,Inactive,,,,,,,,,,4,,15.36,,7.7084,,,-8.9102,,,0.7962,,,-7.2193,,,5.688,,,-11.1675,,,12.884,,,15.36,QC'd by SigmaAldrich,candidate_step3_property,,C22H35NO3,361.5,5.6,2,3,16,0
61260,17389866,11164,C1C(O1)CO,Inactive,0,,,Inactive,,,,,,,,,,4,,5.1108,,-3.9937,-3.2173,,-11.0894,-8.5594,,-0.5399,6.731,,-0.6543,-4.0438,,2.0033,1.6642,,-8.0489,4.5228,,6.9488,1.6542,,5.1108,QC'd by NIEHS/NTP,candidate_step3_property,,C3H6O2,74.08,-0.900,1,2,1,0
61264,26752716,16759126,CC(C)(C)C1=CC=C(C=C1)OC2C(COC2/C=C/C#CC3=CC=CC=C3)O,Inactive,0,,,Inactive,,,,,,,,,,4,,6.9902,,-8.1747,,,3.7248,,,-9.0971,,,-2.9804,,,0.6947,,,-18.4276,,,6.9902,,,,QC'd by BUCMLD,candidate_step3_property,,C24H26O3,362.5,5.2,1,3,5,0
61281,26752715,16759125,CC1=CC(=CC(=C1)/C=C/C2C(C(CO2)O)OC3=CC=C(C=C3)C4CCCC4)C,Inactive,0,,,Inactive,,,,,,,,,,4,,-4.4276,,-9.0894,,,-0.8886,,,5.7903,,,3.8624,,,2.6062,,,-15.659,,,-4.4276,,,,QC'd by BUCMLD,candidate_step3_property,,C25H30O3,378.5,5.9,1,3,5,0
61282,17389867,753,C(C(CO)O)O,Inactive,0,,,Inactive,,,,,,,,,,4,,-2.2455,,-23.32,-3.3582,,-11.0091,-6.7619,,-30.4656,-18.9061,,-10.3243,-9.5174,,-18.5234,1.3577,,-2.2885,-8.8639,,-1.2198,-3.7123,,-2.2455,QC'd by NIEHS/NTP,candidate_step3_property,,C3H8O3,92.09,-1.800,3,3,2,0
61296,11110717,3032277,C1=CC(=CC=C1C(=O)N[C@H](CCC(=O)O)C(=O)O)NCC2=CN=C3C(=N2)C(=NC(=N3)N)N,Inactive,0,,,Inactive,,,,,,,,,,4,,8.7456,,-0.2438,,,-3.9254,,,-6.5029,,,4.0966,,,10.5346,,,0.1004,,,11.6174,,,8.7456,QC'd by SigmaAldrich,candidate_step3_property,,C19H20N8O5,440.4,-2.000,6,12,9,0
61308,26752714,16759125,CC1=CC(=CC(=C1)/C=C/C2C(C(CO2)O)OC3=CC=C(C=C3)C4CCCC4)C,Inactive,0,,,Inactive,,,,,,,,,,4,,17.4821,,-13.3683,,,3.349,,,9.6481,,,8.0365,,,-6.0848,,,11.4478,,,17.4821,,,,QC'd by BUCMLD,candidate_step3_property,,C25H30O3,378.5,5.9,1,3,5,0
61315,17389873,7362,C1=COC(=C1)C=O,Inactive,0,,,Inactive,,,,,,,,,,4,,6.7303,,8.9216,-14.0329,,11.9939,10.8923,,-15.338,11.429,,-2.7971,14.6173,,3.7529,10.2459,,1.3937,17.4526,,1.7707,-7.5448,,6.7303,QC'd by NIEHS/NTP,candidate_step3_property,,C5H4O2,96.08,0.400,0,2,1,0
61317,11110716,6603705,C1=CC(=CC=C1C(=O)CSC[C@H](C(=O)NCC(=O)O)NC(=O)CC[C@H](C(=O)O)N)N=[N+]=[N-],Inactive,0,,,Inactive,,,,,,,,,,4,,12.2894,,14.3219,,,-7.2984,,,13.9695,,,3.1813,,,17.5518,,,13.8135,,,4.0006,,,12.2894,QC'd by SigmaAldrich,candidate_step3_property,,C18H22N6O7S,466.5,-1.8,5,11,14,0
61360,26752711,16759123,CCOC(=O)OCC1C=C[C@@H](C(O1)C2=CC=C(C=C2)C(=O)C)C3=C(C=CC(=C3)C4=CC=CC=C4)O,Inactive,0,,,Inactive,,,,,,,,,,4,,5.3977,,-17.5958,,,-12.7673,,,-11.508,,,8.257,,,-13.9987,,,-13.122,,,5.3977,,,,QC'd by BUCMLD,candidate_step3_property,,C29H28O6,472.5,5.4,1,6,9,0
61407,17389796,7475,C1=CC(=CC=C1N)[N+](=O)[O-],Inactive,0,,,Inactive,,,,,,,,,,4,,-5.6695,,21.5529,1.8661,,13.9458,9.5162,,11.8566,42.4462,,19.7282,19.7236,,27.4948,-0.2687,,-4.3594,9.6679,,-14.1151,7.5378,,-5.6695,QC'd by NIEHS/NTP,candidate_step3_property,,C6H6N2O2,138.12,1.400,1,3,0,0
61419,3711981,2591142,C=CCN1C(=O)C2=C(N=C1SCN3C(=O)C4=CC=CC=C4N=N3)SC=C2C5=CC=CS5,Inactive,0,,,Inactive,,,,,,,,,,4,,-4.6213,,,,,-4.4709,,,-5.5162,,,4.5474,,,11.5166,,,2.4851,,,-0.1049,,,-4.6213,QC'd by DPISMR,candidate_step3_property,,C21H15N5O2S3,465.6,5.3,0,8,6,0
61458,17389793,7416,C1=CC=C(C=C1)[N+](=O)[O-],Inactive,0,,,Inactive,,,,,,,,,,4,,17.4474,,11.9962,10.9106,,12.3378,-10.7496,,14.379,-2.9097,,17.7453,15.2142,,16.1958,8.5418,,6.0268,6.265,,17.6605,25.738,,17.4474,QC'd by NIEHS/NTP,candidate_step3_property,,C6H5NO2,123.11,1.900,0,2,0,0
61477,26748298,107130,CCCCCC(C)N.OS(=O)(=O)O,Inactive,0,,,Inactive,,,,,,,,,,4,,5.8768,,,,,12.1293,,,1.2423,,,17.9328,,,34.5606,,,10.2057,,,23.9,,,5.8768,QC'd by Microsource,property_value_missing,,C7H19NO4S,213.30,,3,5,4,0
61496,4253045,241231,CC(C)(C)C1=C2CN(COC2=C(C3=C1OCN(C3)CC4=CC=CC=C4)C(C)(C)C)CC5=CC=CC=C5,Inactive,0,,,Inactive,,,,,,,,,,4,,8.2692,,1.4011,,,5.3859,,,6.0193,,,7.4606,,,7.0203,,,-7.034,,,8.2692,,,,QC'd by NCI,candidate_step3_property,,C32H40N2O2,484.7,7.6,0,4,6,0
61561,4253042,413467,C1=CC=C(C=C1)CSC2=NC=CC(=N2)NC3=C(C=CC(=C3)Cl)Cl,Inactive,0,,,Inactive,,,,,,,,,,4,,2.6653,,6.3264,,,-1.3458,,,-1.2901,,,-3.9521,,,-4.6697,,,-1.5134,,,2.6653,,,,QC'd by NCI,candidate_step3_property,,C17H13Cl2N3S,362.3,5.7,1,4,5,0
61563,17389787,6375,C[N+](=O)[O-],Inactive,0,,,Inactive,,,,,,,,,,4,,-8.7206,,-7.3948,-14.6993,,-4.0887,-5.1579,,-24.26,-31.2481,,-34.5764,-2.8445,,-9.4233,-7.2204,,-20.1575,-5.9062,,-9.3873,-24.0422,,-8.7206,QC'd by NIEHS/NTP,candidate_step3_property,,CH3NO2,61.040,0.1,0,2,0,0
61564,7978422,1386806,CCC1=CC2=C(C(=C1O)CN3CCN(CC3)C)OC(=C(C2=O)C4=NC5=CC=CC=C5N4C)C(C)C,Inactive,0,,,Inactive,,,,,,,,,,4,,-11.7253,,,,,-2.629,,,-17.903,,,0.5116,,,0.5134,,,-11.0008,,,-6.0288,,,-11.7253,QC'd by DPISMR,residual_possible_step4_or_definition_mismatch,,C28H34N4O3,474.6,4.0,1,6,5,0
61579,17389790,12302,CCCC[N+](=O)[O-],Inactive,0,,,Inactive,,,,,,,,,,4,,6.969,,-7.6589,-1.1623,,-2.0426,-7.8092,,-4.4012,-27.4951,,-12.2503,4.6351,,-4.4557,-15.3525,,2.5779,-1.7111,,-4.7987,-9.8668,,6.969,QC'd by NIEHS/NTP,candidate_step3_property,,C4H9NO2,103.12,1.500,0,2,2,0
61595,4253040,241158,C1=CC(=CC=C1CC2=CC=C(C=C2)[As](=O)(O)O)[As](=O)(O)O,Inactive,0,,,Inactive,,,,,,,,,,4,,1.0969,,0.2831,,,2.5452,,,2.2523,,,7.1693,,,11.9264,,,6.137,,,1.0969,,,,QC'd by NCI,candidate_step1_inorganic,As,C13H14As2O6,416.09,,4,6,4,0
61600,17389789,6587,CC[N+](=O)[O-],Inactive,0,,,Inactive,,,,,,,,,,4,,18.8905,,15.4402,1.2812,,13.5976,15.541,,11.0517,-31.5552,,4.0242,11.6347,,-15.6125,7.891,,-9.4873,5.4721,,14.6378,14.1403,,18.8905,QC'd by NIEHS/NTP,candidate_step3_property,,C2H5NO2,75.07,0.200,0,2,0,0
61606,4253039,3246192,B1(OC[C@H](O1)[C@@H]2[C@H]3[C@H](COB(O3)C4=CC=CC=C4)OB(O2)C5=CC=CC=C5)C6=CC=CC=C6,Inactive,0,,,Inactive,,,,,,,,,,4,,5.3956,,-2.0153,,,-5.3321,,,3.4886,,,10.7673,,,-0.8356,,,7.3448,,,5.3956,,,,QC'd by NCI,candidate_step1_inorganic,B,C24H23B3O6,439.9,,0,6,4,0
61615,17389784,398,CC(C)[N+](=O)[O-],Inactive,0,,,Inactive,,,,,,,,,,4,,8.3388,,12.7684,-6.0816,,6.1834,-4.5367,,6.7482,11.6074,,9.7334,-4.9207,,11.1431,9.8236,,6.157,9.1983,,-4.2229,-13.86,,8.3388,QC'd by NIEHS/NTP,candidate_step3_property,,C3H7NO2,89.09,0.800,0,2,0,0
61632,842139,644395,C1CC1C2=CC=[N+](C=C2)[O-],Inactive,0,,,Inactive,,,,,,,,,,4,,6.3444,,,,,1.7211,,,5.6097,,,4.8947,,,11.2667,,,1.5794,,,-5.2768,,,6.3444,QC'd by DPISMR,candidate_step3_property,,C8H9NO,135.16,0.8,0,1,1,0
61638,17389783,14223,C(CO)N(CCO)N=O,Inactive,0,,,Inactive,,,,,,,,,,4,,3.3708,,0.0793,-6.3415,,0.7449,-3.1087,,0.8153,7.7563,,2.4728,-2.7228,,6.0632,-2.0957,,-9.1385,4.5563,,-2.507,4.9077,,3.3708,QC'd by NIEHS/NTP,candidate_step3_property,,C4H10N2O3,134.13,-1.500,2,5,4,0
61650,4253037,241069,CC(C)(C)C1=CC(=C(C(=C1)Br)O)CN(CC2=C(C(=CC(=C2)C(C)(C)C)Br)O)C3CCCCC3,Inactive,0,,,Inactive,,,,,,,,,,4,,13.4111,,-4.8528,,,-14.478,,,-15.0767,,,3.9443,,,5.6264,,,-6.2288,,,13.4111,,,,QC'd by NCI,candidate_step3_property,,C28H39Br2NO2,581.4,9.1,2,3,7,0
61667,4253036,241066,CC1=CC(=C(C(=C1)CC2=C(C(=CC=C2)CC3=CC(=CC(=C3O)C)C)O)O)C,Inactive,0,,,Inactive,,,,,,,,,,4,,-16.318,,-2.5882,,,7.6171,,,-0.1317,,,-0.2421,,,-18.0954,,,-7.2531,,,-16.318,,,,QC'd by NCI,candidate_step3_property,,C24H26O3,362.5,6.2,3,3,4,0
61684,17389785,7903,CCC[N+](=O)[O-],Inactive,0,,,Inactive,,,,,,,,,,4,,15.4357,,13.5006,-0.7253,,-11.3184,0.9227,,7.8361,10.809,,14.8787,-2.3769,,-0.4821,11.7148,,0.1525,6.4581,,-15.0233,4.4819,,15.4357,QC'd by NIEHS/NTP,candidate_step3_property,,C3H7NO2,89.09,0.900,0,2,1,0
61735,17389781,6124,CN(C)N=O,Inactive,0,,,Inactive,,,,,,,,,,4,,7.2076,,17.5904,0.567,,-0.247,2.0863,,-2.7624,22.2984,,9.4432,-20.0273,,8.4684,5.1088,,15.6139,-7.8662,,-10.4783,2.7904,,7.2076,QC'd by NIEHS/NTP,candidate_step3_property,,C2H6N2O,74.08,-0.600,0,3,0,0
61753,17389782,5921,CCN(CC)N=O,Inactive,0,,,Inactive,,,,,,,,,,4,,12.2652,,15.2658,9.6217,,2.1364,0.7925,,2.5632,-4.9524,,8.5666,1.7796,,6.6389,5.2129,,-1.282,-2.3648,,3.2069,-3.6039,,12.2652,QC'd by NIEHS/NTP,candidate_step3_property,,C4H10N2O,102.14,0.500,0,3,2,0
61776,26748281,348153,C(C(C(=O)O)N)NC(=O)N,Inactive,0,,,Activator,0.0631,11.5,,Complete curve; partial efficacy; poor fit,-7.2,4.9549,0.4608,20,8.5,1.4,0 0 0 0 1 0 0,14.1907,,,,,8.493,,,8.145,,,18.7657,,,31.4305,,,-7.466,,,14.0666,,,14.1907,QC'd by Microsource,candidate_step3_property,,C4H9N3O3,147.13,-4.600,4,4,3,0
61793,842149,644405,CN(C1CCCCC1)C(C2=CC3=CC(=C(C=C3NC2=O)OC)OC)C4=NN=NN4C5CCCCC5,Inactive,0,,,Inactive,,,,,,,,,,4,,-23.535,,,,,-1.2059,,,-0.8948,,,-9.903,,,6.6946,,,5.8977,,,-7.5123,,,-23.535,QC'd by DPISMR,residual_possible_step4_or_definition_mismatch,,C26H36N6O3,480.6,4.0,1,7,7,0
61808,17389776,,,Inactive,0,,,Inactive,,,,,,,,,,4,,-5.0183,,-4.3774,1.8772,,-9.865,-9.9298,,-13.4767,5.7219,,-6.3759,-1.6732,,-3.6553,-3.4463,,-9.7819,-16.6485,,-2.432,-15.7717,,-5.0183,QC'd by null,property_lookup_missing,,,,,,,,
61814,4243185,3237940,[B-](C1=CC=CC=C1)(C2=CC=CC=C2)(C3=CC=CC=C3)C4=CC=CC=C4.C[N+]1=CN(C=C1)S(=O)(=O)N(C)C,Inactive,0,,,Inactive,,,,,,,,,,4,,-2.6543,,,,,3.4255,,,5.6241,,,6.5513,,,12.9739,,,-3.758,,,3.6515,,,-2.6543,QC'd by DPISMR,candidate_step1_inorganic,B,C30H32BN3O2S,509.5,,0,4,6,0
61815,17389777,,,Inactive,0,,,Inactive,,,,,,,,,,4,,11.692,,-3.0507,-5.4494,,3.7105,6.7915,,-1.6584,2.6277,,38.9036,2.4693,,-1.2209,7.9174,,-17.9105,-0.578,,-25.3823,1.7912,,11.692,QC'd by null,property_lookup_missing,,,,,,,,
61831,26748282,5702123,C1[C@H](C1N)C2=CC=CC=C2.OS(=O)(=O)O,Inactive,0,,,Inactive,,,,,,,,,,4,,18.9013,,,,,32.426,,,16.5172,,,16.0845,,,41.2967,,,10.5507,,,26.6789,,,18.9013,QC'd by Microsource,property_value_missing,,C9H13NO4S,231.27,,3,5,1,0
61833,17389778,7526,C1CCN(CC1)N=O,Inactive,0,,,Inactive,,,,,,,,,,4,,3.8012,,-10.8026,-4.4155,,1.0669,-10.128,,-24.6287,-34.6122,,-4.5663,11.0957,,-8.8909,-19.5373,,4.4197,6.9463,,3.9185,-9.1958,,3.8012,QC'd by NIEHS/NTP,candidate_step3_property,,C5H10N2O,114.15,0.400,0,3,0,0
61847,4253062,3246197,CCSC[C@H](C(=O)O)N,Inactive,0,,,Inactive,,,,,,,,,,4,,-3.8288,,-16.9759,,,-2.0767,,,3.3841,,,-1.8439,,,-2.5198,,,2.0964,,,-3.8288,,,,QC'd by NCI,candidate_step3_property,,C5H11NO2S,149.21,-2.3,2,4,4,0
61871,17389772,6720,C1(=C(C(=C(C(=C1Cl)Cl)Cl)Cl)Cl)[N+](=O)[O-],Inactive,0,,,Inactive,,,,,,,,,,4,,9.5953,,12.7734,-6.8346,,-22.4172,6.1617,,-1.5872,15.0643,,0.3588,3.8539,,0.2505,5.9333,,-7.7723,0.5885,,2.6758,2.8448,,9.5953,QC'd by NIEHS/NTP,residual_possible_step4_or_definition_mismatch,,C6Cl5NO2,295.3,4.200,0,2,0,0
61897,4253057,241476,C1CCC(CC1)N(CC2=CC(=C(C(=C2)Cl)O)Cl)CC3=CC(=C(C(=C3)Cl)O)Cl,Inactive,0,,,Inactive,,,,,,,,,,4,,8.5442,,-6.3334,,,11.0101,,,-4.962,,,12.0375,,,1.1888,,,-0.1283,,,8.5442,,,,QC'd by NCI,candidate_step3_property,,C20H21Cl4NO2,449.2,6.9,2,3,5,0
61908,4253056,241475,C1CCC(CC1)N(CC2=CC(=C(C(=C2)Br)O)Br)CC3=CC(=C(C(=C3)Br)O)Br,Inactive,0,,,Inactive,,,,,,,,,,4,,-1.0989,,-7.3553,,,10.8289,,,17.4641,,,17.1751,,,-20.081,,,-19.2433,,,-1.0989,,,,QC'd by NCI,candidate_step3_property,,C20H21Br4NO2,627.0,7.1,2,3,5,0
61919,4253058,241482,CC(C)(C)C1=CC(=C(C(=C1)Br)O)CN(C)CC2=C(C(=CC(=C2)C(C)(C)C)Br)O,Inactive,0,,,Inactive,,,,,,,,,,4,,4.4089,,-21.9675,,,8.9895,,,14.7651,,,4.5393,,,1.9981,,,-11.6394,,,4.4089,,,,QC'd by NCI,candidate_step3_property,,C23H31Br2NO2,513.3,7.3,2,3,6,0
61937,17389767,996,C1=CC=C(C=C1)O,Inactive,0,,,Inactive,,,,,,,,,,4,,15.1392,,-7.1316,18.4943,,16.3508,-6.4178,,-3.8037,19.0268,,-33.1989,2.4859,,-8.7942,7.9684,,3.7077,15.9155,,15.8249,16.6822,,15.1392,QC'd by NIEHS/NTP,candidate_step3_property,,C6H6O,94.11,1.500,1,1,0,0
61945,4253054,241463,CC(C)(C)C1=CC(=C(C=C1)O)CN(CC2=C(C=CC3=CC=CC=C32)O)C4CCCCC4,Inactive,0,,,Inactive,,,,,,,,,,4,,9.5373,,13.6143,,,2.9633,,,18.042,,,10.7493,,,24.1357,,,14.8973,,,9.5373,,,,QC'd by NCI,candidate_step3_property,,C28H35NO2,417.6,7.3,2,3,6,0
61957,11114436,6605095,CCCCNC1=C2C(=NC(=N1)C)N(C(=N2)C3=CC=CC=C3)C(C)CCCN(CC)CC,Inactive,0,,,Inactive,,,,,,,,,,4,,-15.1154,,,,,2.1361,,,0.4905,,,-5.4999,,,11.9201,,,0.7154,,,-5.2937,,,-15.1154,QC'd by NCGCChem,candidate_step3_property,,C25H38N6,422.6,5.5,1,5,12,0
61966,4253055,241474,C1CCC(CC1)N(CC2=C(C(=CC(=C2)Br)Br)O)CC3=C(C(=CC(=C3)Br)Br)O,Inactive,0,,,Inactive,,,,,,,,,,4,,7.5248,,1.5724,,,-1.9548,,,-16.1474,,,-19.3304,,,-25.675,,,1.3343,,,7.5248,,,,QC'd by NCI,candidate_step3_property,,C20H21Br4NO2,627.0,7.1,2,3,5,0
61976,11114437,6605096,CCN(CC)CCCC(C)N1C(=NC2=C(N=C(N=C21)C)NCC3=CC=CC=C3)C4=CC=CC=C4,Inactive,0,,,Inactive,,,,,,,,,,4,,17.3107,,,,,4.3328,,,13.4479,,,-0.2782,,,-0.5062,,,7.3303,,,-10.0127,,,17.3107,QC'd by NCGCChem,candidate_step3_property,,C28H36N6,456.6,5.7,1,5,11,0
61986,4253052,241399,CC(C)(C)C1=CC(=C(C=C1)O)CN(CC2=C(C=CC(=C2)C(C)(C)C)O)C3=CC=CC=C3,Inactive,0,,,Inactive,,,,,,,,,,4,,-0.726,,-7.2661,,,6.3268,,,5.6347,,,-7.0069,,,11.2348,,,1.6477,,,-0.726,,,,QC'd by NCI,candidate_step3_property,,C28H35NO2,417.6,7.7,2,3,7,0
61996,11114438,6605097,CCN(CC)CCCC(C)N1C(=NC2=C(N=C(N=C21)C)NC3CCCCC3)C4=CC=CC=C4,Inactive,0,,,Inactive,,,,,,,,,,4,,12.6357,,,,,-6.1587,,,-10.9548,,,-1.4009,,,-0.8458,,,5.5465,,,3.4314,,,12.6357,QC'd by NCGCChem,candidate_step3_property,,C27H40N6,448.6,6.1,1,5,10,0
61997,4260948,2241612,CC1=CC(=NC2=CC=CC=C12)SCC(=O)N3CCC(CC3)C4=NOC5=C4C=C(C=C5)F,Inactive,0,,,Inactive,,,,,,,,,,4,,-3.4798,,,,,8.7016,,,4.4824,,,-50.56,,,8.166,,,31.1938,,,22.6896,,,-3.4798,QC'd by DPISMR,candidate_step3_property,,C24H22FN3O2S,435.5,5.1,0,6,4,0
62025,17389832,9015,COC1=CC=C(C=C1)O,Inactive,0,,,Inactive,,,,,,,,,,4,,-22.0757,,18.8061,8.8447,,-5.0195,-5.9385,,-7.5877,5.538,,5.1794,4.7331,,4.2503,-7.9189,,-11.3727,-18.2535,,-11.4983,5.4975,,-22.0757,QC'd by NIEHS/NTP,candidate_step3_property,,C7H8O2,124.14,1.300,1,2,1,0
62060,17389830,15413,CC(C)(C)OC,Inactive,0,,,Inactive,,,,,,,,,,4,,11.6528,,-3.1272,2.7358,,-8.6097,13.1442,,6.7834,40.8017,,19.8213,16.0634,,15.0493,16.5191,,0.0815,-1.693,,-1.3582,5.8125,,11.6528,QC'd by NIEHS/NTP,candidate_step3_property,,C5H12O,88.15,0.900,0,1,1,0
62084,17389829,6658,CC(=C)C(=O)OC,Inactive,0,,,Inactive,,,,,,,,,,4,,15.0695,,3.367,-3.5678,,-15.3203,-0.6741,,-5.8105,-26.6918,,9.823,2.0506,,-8.405,0.822,,-0.7365,-5.9387,,-3.0544,11.9062,,15.0695,QC'd by NIEHS/NTP,candidate_step3_property,,C5H8O2,100.12,1.400,0,2,2,0
62088,26748327,3607,CCCCC(CC)CN1CC(CN(C1)CC(CC)CCCC)(C)N,Inactive,0,,,Inactive,,,,,,,,,,4,,12.0351,,,,,10.6893,,,-7.5743,,,5.2878,,,28.6379,,,0.3867,,,14.0104,,,12.0351,QC'd by Microsource,candidate_step3_property,,C21H45N3,339.6,5.7,1,3,12,0
62109,17389828,4156,COS(=O)(=O)C,Inactive,0,,,Inactive,,,,,,,,,,4,,-5.9852,,,,,-3.5884,,,-16.3409,,,24.4914,,,10.2713,,,23.4334,,,17.2178,,,-5.9852,QC'd by Microsource,candidate_step3_property,,C2H6O3S,110.13,-0.400,0,3,1,0
62123,11110647,667466,CN(C)CC/C=C/1\C2=CC=CC=C2SC3=C1C=C(C=C3)Cl,Inactive,0,,,Inactive,,,,,,,,,,4,,1.5151,,14.2268,4.9566,,6.3342,5.4713,,9.1491,10.4607,,6.9463,21.9014,,13.521,6.9292,,6.9992,-10.6886,,2.8766,1.5151,,,QC'd by Prestwick,candidate_step3_property,,C18H18ClNS,315.9,5.200,0,2,3,0
62128,17389827,135436526,CN(C(=N)N[N+](=O)[O-])N=O,Inactive,0,,,Inactive,,,,,,,,,,4,,6.1886,,-10.5261,6.7148,,18.5265,7.4262,,-3.8127,27.7831,,14.508,5.0252,,16.5495,17.5098,,-2.7086,1.571,,12.875,18.6682,,6.1886,QC'd by NIEHS/NTP,candidate_step3_property,,C2H5N5O3,147.09,0.1,2,5,2,0
62136,4253080,,,Inactive,0,,,Inactive,,,,,,,,,,4,,8.6435,,9.7961,,,-8.5368,,,7.3233,,,24.1072,,,-5.3335,,,16.1511,,,8.6435,,,,QC'd by NCI,property_lookup_missing,,,,,,,,
62170,26748331,21951,COC(=O)C(CS)N.Cl,Inactive,0,,,Inactive,,,,,,,,,,4,,-4.6301,,,,,0.3842,,,-9.7227,,,6.3866,,,9.1054,,,-7.5333,,,-9.7827,,,-4.6301,QC'd by Microsource,property_value_missing,,C4H10ClNO2S,171.65,,3,4,3,0
62194,17389823,6344,C(Cl)Cl,Inactive,0,,,Inactive,,,,,,,,,,4,,15.7038,,19.2287,22.6239,,22.7491,9.9965,,0.4604,21.8903,,17.5578,24.7515,,13.0414,16.5916,,18.7623,9.2165,,8.4998,5.7776,,15.7038,QC'd by NIEHS/NTP,candidate_step3_property,,CH2Cl2,84.93,1.500,0,0,0,0
62223,11114481,6605137,CCN(CC)CCCCN1C(=NC2=C(N=C(N=C21)C)NC3CCCCC3)C4=CC=CC=C4,Inactive,0,,,Inactive,,,,,,,,,,4,,10.7123,,,,,-10.3983,,,12.848,,,4.2328,,,6.3327,,,10.6367,,,-27.1303,,,10.7123,QC'd by NCGCChem,candidate_step3_property,,C26H38N6,434.6,5.7,1,5,10,0
62230,17389821,7002,CC1=CC=CC2=CC=CC=C12,Inactive,0,,,Inactive,,,,,,,,,,4,,5.8781,,-24.2466,-1.2885,,5.0686,7.8155,,7.0928,4.1824,,-18.7245,-3.347,,3.1556,-12.5889,,-12.2507,-6.2769,,-6.3625,-1.0217,,5.8781,QC'd by NIEHS/NTP,candidate_step3_property,,C11H10,142.20,3.900,0,0,0,0
62242,11114480,6605136,CCN(CC)CCCCN1C(=NC2=C(N=C(N=C21)C)NC3=CC=CC=C3)C4=CC=CC=C4,Inactive,0,,,Inactive,,,,,,,,,,4,,-0.2822,,,,,-0.5643,,,10.0972,,,19.1733,,,9.2872,,,-5.5895,,,-3.0048,,,-0.2822,QC'd by NCGCChem,candidate_step3_property,,C26H32N6,428.6,5.4,1,5,10,0
62252,17389820,7055,CC1=CC2=CC=CC=C2C=C1,Inactive,0,,,Inactive,,,,,,,,,,4,,6.0741,,0.0096,-2.6772,,-7.6445,-4.3004,,-7.0349,-21.9468,,-1.8997,-11.9267,,-3.7542,-2.619,,-13.2091,-9.9653,,-12.204,-11.9066,,6.0741,QC'd by NIEHS/NTP,candidate_step3_property,,C11H10,142.20,3.900,0,0,0,0
62256,26748324,3606,CCC(C1=CC=C(C=C1)O)C(CC)C2=CC=C(C=C2)O,Inactive,0,,,Inactive,,,,,,,,,,4,,0.9912,,,,,3.0283,,,2.204,,,6.4498,,,7.0847,,,-3.6376,,,-12.3903,,,0.9912,QC'd by Microsource,candidate_step3_property,,C18H22O2,270.4,5.2,2,2,5,0
62262,4253070,241878,C1=CC=C(C(=C1)C(SC2=NC3=CC=CC=C3S2)SC4=NC5=CC=CC=C5S4)O,Inactive,0,,,Inactive,,,,,,,,,,4,,5.3787,,-20.004,,,-12.1037,,,-2.7974,,,-9.6825,,,-14.2939,,,-17.7069,,,5.3787,,,,QC'd by NCI,candidate_step3_property,,C21H14N2OS4,438.6,7.5,1,7,5,0
62281,17389818,7059,CC1=CC2=C(C=C1)N=CC=C2,Inactive,0,,,Inactive,,,,,,,,,,4,,2.9739,,-0.8429,-2.2939,,0.6515,-4.1208,,-20.4439,39.9211,,-12.4432,19.497,,-0.241,18.2127,,4.9289,-1.6961,,2.175,-1.0292,,2.9739,QC'd by NIEHS/NTP,candidate_step3_property,,C10H9N,143.18,2.600,0,1,0,0
62300,17389817,11910,CC1=C2C(=CC=C1)C=CC=N2,Inactive,0,,,Inactive,,,,,,,,,,4,,0.5842,,11.9347,-4.1796,,16.2708,1.4587,,5.5116,-81.0649,,12.9144,-12.4662,,5.036,-0.2407,,-2.6913,-1.1757,,6.6521,-11.1665,,0.5842,QC'd by NIEHS/NTP,candidate_step3_property,,C10H9N,143.18,2.600,0,1,0,0
62307,11114485,6605141,CCCCNC1=C2C(=NC(=N1)C)N(C(=N2)C3=CC=CC=C3)C4CCN(C4)CC5=CC=CC=C5,Inactive,0,,,Inactive,,,,,,,,,,4,,-15.0895,,,,,2.8766,,,-10.0544,,,0.4389,,,11.2456,,,-1.8427,,,-1.8519,,,-15.0895,QC'd by NCGCChem,candidate_step3_property,,C27H32N6,440.6,5.3,1,5,8,0
62323,17389816,667493,CC1=CC(=O)NC(=S)N1,Inactive,0,,,Inactive,,,,,,,,,,4,,11.0939,,,,,1.8975,,,-7.624,,,6.5221,,,12.5136,,,-3.2846,,,11.4654,,,11.0939,QC'd by Microsource,candidate_step3_property,,C5H6N2OS,142.18,-0.200,2,2,0,0
62326,17389814,300,C(C(=O)O)Cl,Inactive,0,,,Inactive,,,,,,,,,,4,,21.6181,,-15.5157,6.5906,,7.1086,9.8675,,-6.2838,28.7148,,2.503,14.5409,,7.6939,6.6748,,19.2756,0.4871,,10.7839,-0.8643,,21.6181,QC'd by NIEHS/NTP,candidate_step3_property,,C2H3ClO2,94.50,0.200,1,2,1,0
62332,26748312,1985,CC(=O)NC1=C(C=CC(=C1)[As](=O)(O)O)O,Inactive,0,,,Inactive,,,,,,,,,,4,,8.547,,,,,21.2726,,,4.4767,,,-9.5573,,,6.8674,,,4.9167,,,6.1972,,,8.547,QC'd by Microsource,candidate_step1_inorganic,As,C8H10AsNO5,275.09,,4,5,2,0
62339,4253098,3246212,C([C@H]([C@H]([C@@H](C(=O)NN)O)O)O)O,Inactive,0,,,Inactive,,,,,,,,,,4,,-4.0129,,-16.1867,,,8.625,,,7.0563,,,10.2853,,,6.6318,,,6.3419,,,-4.0129,,,,QC'd by NCI,candidate_step3_property,,C5H12N2O5,180.16,-3.7,6,6,4,0
62341,11114474,6605130,CC1CCCCN1CCCN2C(=NC3=C(N=C(N=C32)C)NC4CCCCC4)C5=CC=CC=C5,Inactive,0,,,Inactive,,,,,,,,,,4,,-7.8095,,,,,-4.8286,,,-3.9988,,,1.3875,,,2.2189,,,1.9882,,,-7.0533,,,-7.8095,QC'd by NCGCChem,candidate_step3_property,,C27H38N6,446.6,5.8,1,5,7,0
62377,11114472,6605128,CC1CCCCN1CCCN2C(=NC3=C(N=C(N=C32)C)NCC4=CC=CC=C4)C5=CC=CC=C5,Inactive,0,,,Inactive,,,,,,,,,,4,,-17.8891,,,,,-10.1121,,,53.6756,,,-4.2361,,,-1.809,,,-13.9943,,,-16.227,,,-17.8891,QC'd by NCGCChem,candidate_step3_property,,C28H34N6,454.6,5.5,1,5,8,0
62409,11114473,6605129,CC1CCCCN1CCCN2C(=NC3=C(N=C(N=C32)C)NC4=CC=CC=C4)C5=CC=CC=C5,Inactive,0,,,Inactive,,,,,,,,,,4,,-17.0119,,,,,8.6735,,,-13.6092,,,13.2926,,,19.8508,,,6.1159,,,-3.6683,,,-17.0119,QC'd by NCGCChem,candidate_step3_property,,C27H32N6,440.6,5.6,1,5,7,0
62410,862462,663693,C1=CC=C2C(=C1)C=CC=C2C3=NN=C(O3)SCC#CCOC(=O)C4=CC=CS4,Inactive,0,,,Activator,39.8107,88.0705,,Single point of activity,-4.4,4.9549,0.9826,81.9758,-6.0948,3,0 0 0 0 0 0 0,71.1407,,,,,-8.6591,,,-5.3898,,,-7.9421,,,0.588,,,-4.1373,,,-11.329,,,71.1407,QC'd by DPISMR,candidate_step3_property,,C21H14N2O3S2,406.5,5.1,0,7,6,0
62426,11114478,6605134,CCCCNC1=C2C(=NC(=N1)C)N(C(=N2)C3=CC=CC=C3)CCCCN(CC)CC,Inactive,0,,,Inactive,,,,,,,,,,4,,-1.1995,,,,,11.3191,,,19.3915,,,16.4231,,,8.8362,,,-1.4508,,,12.751,,,-1.1995,QC'd by NCGCChem,candidate_step3_property,,C24H36N6,408.6,5.1,1,5,12,0
62438,17389811,931,C1=CC=C2C=CC=CC2=C1,Inactive,0,,,Inactive,,,,,,,,,,4,,4.3289,,6.4256,4.584,,10.4393,-6.2983,,1.6113,-4.4282,,-7.7336,3.004,,-2.8368,-7.2701,,-1.0127,4.7785,,-2.5038,3.9934,,4.3289,QC'd by NIEHS/NTP,candidate_step3_property,,C10H8,128.17,3.300,0,0,0,0
62446,11114479,6605135,CCN(CC)CCCCN1C(=NC2=C(N=C(N=C21)C)NCC3=CC=CC=C3)C4=CC=CC=C4,Inactive,0,,,Inactive,,,,,,,,,,4,,7.6342,,,,,11.4525,,,7.6577,,,11.0188,,,10.2625,,,-2.8253,,,8.5231,,,7.6342,QC'd by NCGCChem,candidate_step3_property,,C27H34N6,442.6,5.3,1,5,11,0
62487,11110661,138,C(CCN)CC(=O)O,Inactive,0,,,Inactive,,,,,,,,,,4,,-1.1449,,-5.9277,,,-8.7854,,,1.9541,,,-16.1389,,,5.1439,,,-1.9814,,,-7.1598,,,-1.1449,QC'd by SigmaAldrich,candidate_step3_property,,C5H11NO2,117.15,-2.600,2,3,4,0
62492,17389806,7057,C1=CC=C2C=C(C=CC2=C1)N,Inactive,0,,,Inactive,,,,,,,,,,4,,-14.6894,,12.3486,6.0234,,3.7665,-6.3964,,3.9675,-8.2326,,-63.2849,17.9898,,7.6671,4.6968,,-1.1538,-1.1021,,-3.9263,2.1933,,-14.6894,QC'd by NIEHS/NTP,candidate_step3_property,,C10H9N,143.18,2.300,1,1,0,0
62495,4253090,,,Inactive,0,,,Inactive,,,,,,,,,,4,,6.0914,,-0.8577,,,-1.2529,,,2.8225,,,-19.2165,,,-8.9637,,,3.9423,,,6.0914,,,,QC'd by NCI,property_lookup_missing,,,,,,,,
62511,17389807,8640,C1=CC=C2C(=C1)C=CC=C2N,Inactive,0,,,Inactive,,,,,,,,,,4,,1.2918,,-0.4226,-0.7035,,-11.1998,-13.9863,,-7.6433,-8.3849,,4.402,0.4936,,-3.4667,4.3188,,-8.2394,4.3022,,-11.1996,-5.0947,,1.2918,QC'd by NIEHS/NTP,candidate_step3_property,,C10H9N,143.18,2.200,1,1,0,0
62529,7973368,623376,C1CN(CCN1C2=NN3C(=NN=C3C(F)(F)F)C=C2)C4=C(C(=C(C(=C4F)F)C(F)(F)F)F)F,Inactive,0,,,Inactive,,,,,,,,,,4,,15.6601,,,,,3.1917,,,5.3074,,,-5.8888,,,-14.509,,,11.9608,,,2.0084,,,15.6601,QC'd by DPISMR,candidate_step3_property,,C17H10F10N6,488.29,4.0,0,15,2,0
62533,17389804,8758,C(C(=O)O)N(CC(=O)O)CC(=O)O,Inactive,0,,,Inactive,,,,,,,,,,4,,-1.8566,,-5.0718,-12.0048,,3.5731,-8.8037,,0.4418,-28.8375,,13.2619,-0.9451,,-6.5177,0.7009,,6.5602,-5.0252,,-1.6499,-2.056,,-1.8566,QC'd by NIEHS/NTP,candidate_step3_property,,C6H9NO6,191.14,-3.2,3,7,6,0
62563,11110648,457825,CN1CCC2=CC(=C3C=C2[C@@H]1CC4=CC=C(C=C4)OC5=C(C=CC(=C5)C[C@@H]6C7=C(O3)C(=C(C=C7CCN6C)OC)OC)OC)OC,Inactive,0,,,Inactive,,,,,,,,,,4,,10.7694,,34.2546,27.2486,,20.1796,17.3971,,20.973,7.1536,,20.4018,22.8947,,26.7471,26.7449,,16.1042,20.1279,,0.5172,10.7694,,,QC'd by Prestwick,candidate_step3_property,,C38H42N2O6,622.7,6.4,0,8,4,0
62587,17389803,23668193,N(=O)[O-].[Na+],Inactive,0,,,Inactive,,,,,,,,,,4,,-2.9415,,-6.6532,9.6208,,-21.3741,-0.272,,-1.3929,-1.796,,-10.4717,5.8887,,12.4135,9.654,,20.0937,26.2964,,8.866,-1.9466,,-2.9415,QC'd by NIEHS/NTP,candidate_step1_inorganic,Na,NNaO2,68.995,,0,3,0,0
62596,11114471,6605127,CCCCNC1=C2C(=NC(=N1)C)N(C(=N2)C3=CC=CC=C3)CCCN4CCCCC4C,Inactive,0,,,Inactive,,,,,,,,,,4,,-0.0305,,,,,20.32,,,26.8977,,,11.6875,,,22.2248,,,22.2077,,,14.384,,,-0.0305,QC'd by NCGCChem,candidate_step3_property,,C25H36N6,420.6,5.3,1,5,9,0
62617,26748306,16757743,CC1C([C@@](C[C@H](O1)O[C@@H]2C(C(C(OC2OC3=C4C=C5C=C3OC6=C(C=C(C=C6)C(C(C(=O)NC(C(=O)NC5C(=O)NC7C(=O)C[C@H]([C@@H](C8=CC(=C(O4)C=C8)Cl)O)C(=O)NC(C9=C(C(=CC(=C9)O)O)C1=C(C=CC7=C1)O)C(=O)O)CC(=O)N)NC(=O)C(CC(C)C)NC)O)Cl)CO)O)O)(C)N)O.Cl,Inactive,0,,,Inactive,,,,,,,,,,4,,1.8823,,,,,-2.4729,,,-19.2661,,,7.2249,,,11.0065,,,-27.8402,,,15.9342,,,1.8823,QC'd by Microsource,property_value_missing,,C67H77Cl3N8O24,1484.7,,19,26,13,0
62637,11110652,546,C(C(=O)O)P(=O)(O)O,Inactive,0,,,Inactive,,,,,,,,,,4,,9.224,,0.1298,,,-3.0236,,,-5.7086,,,-3.0826,,,-4.9453,,,1.3808,,,-0.3115,,,9.224,QC'd by SigmaAldrich,candidate_step3_property,,C2H5O5P,140.03,-2.0,3,5,2,0
62643,4253088,80733,C1=CC2=C(C=C1[N+](=O)[O-])C(=O)C3=CC=C4C5=CC=C6C7=C(C=CC(=C57)C8=C4C3=C2C=C8)C9=C(C6=O)C=C(C=C9)[N+](=O)[O-],Inactive,0,,,Inactive,,,,,,,,,,4,,-8.4065,,21.2469,,,-0.8491,,,-2.3305,,,2.8804,,,1.2151,,,2.4265,,,-8.4065,,,,QC'd by NCI,candidate_step3_property,,C34H14N2O6,546.5,7.7,0,6,0,0
62654,4248353,3242441,C1=CC(=C(C=C1Cl)F)NC(=O)C2=CC=C(O2)COC3=C(C(=C(C(=C3F)F)F)F)F,Inactive,0,,,Inactive,,,,,,,,,,4,,26.8282,,,,,16.5272,,,-8.625,,,5.9889,,,11.0834,,,8.3389,,,16.7234,,,26.8282,QC'd by DPISMR,residual_possible_step4_or_definition_mismatch,,C18H8ClF6NO3,435.7,4.900,1,9,5,0
62701,17389741,638034,CC1=C(C(CCC1)(C)C)/C=C/C(=C/C=C/C(=C/COC(=O)C)/C)/C,Inactive,0,,,Inactive,,,,,,,,,,4,,2.656,,,,,14.2674,,,-13.4409,,,14.3949,,,9.7162,,,-16.9766,,,6.7191,,,2.656,QC'd by Microsource,candidate_step3_property,,C22H32O2,328.5,6.300,0,2,7,0
62718,17389740,135398735,C[C@H]1/C=C/C=C(\C(=O)NC2=C(C(=C3C(=C2O)C(=C(C4=C3C(=O)[C@](O4)(O/C=C/[C@@H]([C@H]([C@H]([C@@H]([C@@H]([C@@H]([C@H]1O)C)O)C)OC(=O)C)C)OC)C)C)O)O)/C=N/N5CCN(CC5)C)/C,Inactive,0,,,Inactive,,,,,,,,,,4,,0.1177,,-0.0909,13.5451,,10.3255,4.7458,,1.4189,8.9501,,8.3649,27.2271,,20.0292,36.0404,,20.7322,21.5862,,7.5422,-6.8853,,0.1177,QC'd by NIEHS/NTP,candidate_step3_property,,C43H58N4O12,822.9,4.9,6,15,5,0
62732,11111379,433294,[Li+].[Cl-],Inactive,0,,,Inactive,,,,,,,,,,4,,12.1592,,-3.2449,,,-4.8966,,,0.6784,,,-1.8097,,,-3.8214,,,0.6364,,,13.7707,,,12.1592,QC'd by SigmaAldrich,candidate_step1_inorganic,Li,ClLi,42.4,,0,1,0,0
62738,17389735,68289,C1OC2=C(O1)C=C(C=C2)O,Inactive,0,,,Inactive,,,,,,,,,,4,,-6.3861,,0.0497,-10.8615,,11.8083,6.777,,5.9452,-9.6038,,2.8266,-15.7359,,-2.9185,1.1083,,8.0929,-14.7404,,1.2525,-3.5878,,-6.3861,QC'd by NIEHS/NTP,candidate_step3_property,,C7H6O3,138.12,1.200,1,3,0,0
62751,3716099,2999471,COC1=CC=C(C=C1)C2=NN(C(=C2)N3C4=CC=CC=C4N=C3C(F)(F)F)CCC#N,Inactive,0,,,Inactive,,,,,,,,,,4,,-15.0227,,,,,4.5455,,,14.4442,,,1.6502,,,12.4769,,,7.5672,,,-8.6995,,,-15.0227,QC'd by DPISMR,residual_possible_step4_or_definition_mismatch,,C21H16F3N5O,411.4,3.9,0,7,5,0
62757,17389734,23668197,[O-]Cl=O.[Na+],Inactive,0,,,Inactive,,,,,,,,,,4,,18.353,,2.1972,15.9805,,26.8189,-10.1069,,-17.7307,35.423,,13.7294,41.9506,,20.494,16.6539,,22.9265,14.1455,,24.9986,20.0037,,18.353,QC'd by NIEHS/NTP,candidate_step1_inorganic,Na,ClNaO2,90.44,,0,2,0,0
62792,26749167,6710728,CC(=O)OCC(CC(CCCCCCCCCCCC=C)O)O.CC(=O)OCC(CC(CCCCCCCCCCCC#C)O)O,Inactive,0,,,Inactive,,,,,,,,,,4,,15.3829,,,,,23.682,,,1.1202,,,19.1901,,,13.4411,,,-2.4342,,,9.369,,,15.3829,QC'd by Microsource,property_value_missing,,C38H70O8,655.0,,4,8,33,0
62807,17389747,1046,C1=CN=C(C=N1)C(=O)N,Inactive,0,,,Inactive,,,,,,,,,,4,,-1.2817,,,,,23.0575,,,-7.9604,,,4.8644,,,12.3309,,,-5.6825,,,-3.0105,,,-1.2817,QC'd by SigmaAldrich,candidate_step3_property,,C5H5N3O,123.11,-0.600,1,3,1,0
62819,4252902,3246143,CN1C[C@@H](C([C@@H](C1)C2=CC=CC=C2)([C@@]3(CN(C[C@H](C3=O)C4=CC=CC=C4)C)C5=CC=CC=C5)O)C6=CC=CC=C6,Inactive,0,,,Inactive,,,,,,,,,,4,,-0.5293,,-0.4587,,,7.8372,,,4.9509,,,12.1711,,,12.1479,,,8.3429,,,-0.5293,,,,QC'd by NCI,candidate_step3_property,,C36H38N2O2,530.7,5.4,1,4,5,0
62845,11113880,6604801,C[C@@]12CC[C@H]3[C@H]([C@@H]1CC[C@@H]2O)[C@H](CC4=C3C=CC(=C4)O)CCCCCCCCCS(=O)CCCC(C(F)(F)F)(F)F,Inactive,0,,,Inactive,,,,,,,,,,4,,8.579,,-1.0129,-12.3217,,19.462,-13.3118,,-0.7865,-4.4974,,2.4789,6.5393,,3.921,-1.3911,,4.1189,-17.367,,0.3393,7.2597,,8.579,QC'd by Tocris,candidate_step3_property,,C32H47F5O3S,606.8,9.200,2,9,14,0
62847,17389749,1030,CC(CO)O,Inactive,0,,,Inactive,,,,,,,,,,4,,11.9949,,7.3652,19.0299,,6.2558,11.193,,9.9481,-15.6377,,11.5962,15.7906,,21.1891,17.536,,7.7241,10.2506,,-12.9013,11.0794,,11.9949,QC'd by NIEHS/NTP,candidate_step3_property,,C3H8O2,76.09,-0.900,2,2,1,0
62891,17389742,5054,C1=CC(=CC(=C1)O)O,Inactive,0,,,Inactive,,,,,,,,,,4,,16.2975,,,,,23.1809,,,-6.3499,,,7.0396,,,20.9113,,,7.0374,,,14.4236,,,16.2975,QC'd by Microsource,candidate_step3_property,,C6H6O2,110.11,0.800,2,2,0,0
62918,26749174,16757871,CC1C(CC(C(O1)OC2C(C(C(C(C2O)O)O)O)O)N)N=C(C(=O)O)N.Cl,Inactive,0,,,Inactive,,,,,,,,,,4,,4.9307,,,,,5.0181,,,-13.079,,,1.9577,,,-0.0441,,,-1.3663,,,-1.5329,,,4.9307,QC'd by Microsource,property_value_missing,,C14H26ClN3O9,415.82,,9,11,4,0
62924,17389745,7737,C1=CC(=CC=C1NO)N=O,Inactive,0,,,Inactive,,,,,,,,,,4,,7.0275,,-5.3569,-17.3631,,-0.7838,-21.1892,,-7.8855,-4.4542,,5.7065,-10.048,,11.438,-5.2469,,-5.2121,23.646,,-1.2945,-5.9676,,7.0275,QC'd by NIEHS/NTP,candidate_step3_property,,C6H6N2O2,138.12,1.100,2,4,1,0
62955,11111359,6603896,C1CN2CCC1[C@H]([C@@H]2C(C3=CC=CC=C3)C4=CC=CC=C4)NCC5=CC=CC=C5I,Inactive,0,,,Inactive,,,,,,,,,,4,,17.4381,,8.4857,,,2.1948,,,-0.9501,,,2.9419,,,6.1786,,,6.4589,,,4.2919,,,17.4381,QC'd by SigmaAldrich,candidate_step3_property,,C27H29IN2,508.4,6.0,1,2,6,0
62969,17389755,6811,C1=CC=C2C(=C1)C(=O)OC2=O,Inactive,0,,,Inactive,,,,,,,,,,4,,16.536,,-36.2234,-26.2854,,2.2649,18.9071,,16.4624,21.3039,,13.3023,20.6157,,19.9275,22.7852,,19.7824,18.453,,28.0897,13.1215,,16.536,QC'd by NIEHS/NTP,candidate_step3_property,,C8H4O3,148.11,1.3,0,3,0,0
62988,11113887,6604805,[C@H]1([C@H](C1(F)F)C(=O)O)[C@@H](C(=O)O)N,Inactive,0,,,Inactive,,,,,,,,,,4,,2.5745,,-24.387,0.6057,,16.9775,-6.7869,,-6.8761,2.7712,,-1.6596,6.0614,,-1.0037,-1.4877,,-18.4468,0.6517,,6.4334,9.0212,,2.5745,QC'd by Tocris,candidate_step3_property,,C6H7F2NO4,195.12,-3.1,3,7,3,0
63013,4252876,3246135,CC[C@@](C(C)C)(C(=O)O)N,Inactive,0,,,Inactive,,,,,,,,,,4,,3.9486,,-14.1429,,,-7.5873,,,-1.7607,,,5.7868,,,5.2665,,,-12.6368,,,3.9486,,,,QC'd by NCI,candidate_step3_property,,C7H15NO2,145.20,-1.3,2,3,3,0
63028,11111364,6603898,C1C[C@H]([C@@H](NC1)C2=CC=CC=C2)OCC3=CC(=CC(=C3)C(F)(F)F)C(F)(F)F,Inactive,0,,,Inactive,,,,,,,,,,4,,-20.5793,,-12.0991,,,1.2703,,,-6.5575,,,10.9046,,,6.7577,,,7.6314,,,7.1785,,,-20.5793,QC'd by SigmaAldrich,candidate_step3_property,,C20H19F6NO,403.4,5.0,1,8,4,0
63041,17389751,2365,C1COC1=O,Inactive,0,,,Inactive,,,,,,,,,,4,,40.728,,34.2768,28.9581,,54.4734,38.7078,,34.1279,92.2894,,46.1493,37.2169,,38.5902,53.572,,37.761,35.4444,,21.0321,24.4515,,40.728,QC'd by NIEHS/NTP,candidate_step3_property,,C3H4O2,72.06,-0.2,0,2,0,0
63049,11113891,6604806,CSC1=NC(=C2C(=N1)N(C=N2)[C@@H]3[C@H]([C@@H]([C@H](O3)COP(=O)([O-])OP(=O)([O-])OP(=O)([O-])[O-])O)O)N,Inactive,0,,,Inactive,,,,,,,,,,4,,-11.4981,,7.8075,-6.6306,,25.3902,-1.1465,,-13.7052,-21.9583,,-10.8695,-4.686,,-2.2116,-12.8954,,-11.9043,-3.6523,,-13.238,4.9562,,-11.4981,QC'd by Tocris,candidate_step3_property,,C11H14N5O13P3S-4,549.24,-5.200,3,18,8,-4
63067,11113892,6604808,CCNC(=O)[C@@H]1[C@H]([C@@H]([C@H](O1)N2C=NC3=C(N=C(N=C32)NCCC4=CC=C(C=C4)CCC(=O)O)N)O)O,Inactive,0,,,Inactive,,,,,,,,,,4,,-23.6109,,9.5797,23.9662,,31.7965,20.655,,2.1164,21.7721,,20.7468,14.369,,5.5277,0.7989,,0.7869,23.7773,,8.7012,4.1491,,-23.6109,QC'd by Tocris,candidate_step3_property,,C23H29N7O6,499.5,0.5,6,11,10,0
63080,4252872,235431,C1CN2CCN1CC(=O)NC3=CC=C(C=C3)S(=O)(=O)C4=CC=C(C=C4)NC(=O)CN5CCN(CC5)CC(=O)NC6=CC=C(C=C6)S(=O)(=O)C7=CC=C(C=C7)NC(=O)C2,Inactive,0,,,Inactive,,,,,,,,,,4,,10.173,,22.3678,,,-3.3761,,,10.2995,,,21.1494,,,23.6917,,,6.6213,,,10.173,,,,QC'd by NCI,candidate_step3_property,,C40H44N8O8S2,829.0,1.5,4,12,0,0
63092,11111368,6603900,CCCCOC(=O)NS(=O)(=O)C1=C(C=C(S1)CC(C)C)C2=CC=C(C=C2)CN3C(=NC4=C3N=C(C=C4C)C)CC,Inactive,0,,,Inactive,,,,,,,,,,4,,-10.8708,,-3.3456,,,-20.6134,,,-14.0959,,,0.2675,,,-0.1131,,,1.8393,,,10.2252,,,-10.8708,QC'd by SigmaAldrich,candidate_step3_property,,C30H38N4O4S2,582.8,7.6,1,7,12,0
63095,26749186,16667745,CC1CCC2(C(C1(C)CC/C(=C/C[N+]3=CN(C4=C(N=CN=C43)N)C)/C)CCC=C2C)C.[Cl-],Inactive,0,,,Inactive,,,,,,,,,,4,,4.7635,,,,,36.7518,,,6.5641,,,-3.3672,,,21.8304,,,5.5814,,,-7.4626,,,4.7635,QC'd by Microsource,property_value_missing,,C26H40ClN5,458.1,,1,4,5,0
63182,857606,135449562,CCCCC1=C(N=C(N(C1=O)C2=CC=CC=C2C)SCC(=O)N3CCCCC3)O,Inactive,0,,,Inactive,,,,,,,,,,4,,-2.9497,,,,,-4.4385,,,-6.674,,,-24.3304,,,-7.0447,,,-2.7341,,,-6.2778,,,-2.9497,QC'd by DPISMR,residual_possible_step4_or_definition_mismatch,,C22H29N3O3S,415.6,4.4,1,5,7,0
63194,17389759,7935,C1=CC(=CC(=C1)N)N,Inactive,0,,,Inactive,,,,,,,,,,4,,10.2209,,-9.7144,-2.8789,,-11.5277,-8.7216,,-8.1039,-2.7081,,-14.6675,-15.1315,,-7.2232,6.6364,,-7.6118,-4.9592,,-20.3096,-11.612,,10.2209,QC'd by NIEHS/NTP,candidate_step3_property,,C6H8N2,108.14,-0.300,2,2,0,0
63201,11113900,6604811,C[C@H]1[C@@H]([C@H]([C@@H]([C@H](O1)O[C@@H]2C[C@H]([C@@]3([C@@H]4[C@@H](CC[C@@]3(C2)O)[C@@]5(CC[C@@H]([C@]5(C[C@H]4O)C)C6=CC(=O)OC6)O)CO)O)O)O)O,Inactive,0,,,Inactive,,,,,,,,,,4,,1.5625,,-1.0026,-3.3193,,0.6594,-6.8318,,6.0861,-9.4114,,-0.8131,4.3168,,5.0458,-6.6823,,2.2743,9.9534,,10.0151,9.0246,,1.5625,QC'd by Tocris,candidate_step3_property,,C29H44O12,584.7,-1.700,8,12,4,0
63243,26753142,2734324,B(C1=CC=C(S1)Cl)(O)O,Inactive,0,,,Inactive,,,,,,,,,,4,,8.6071,,,,,9.8062,,,-9.3516,,,13.6954,,,27.5895,,,10.9904,,,23.3676,,,8.6071,QC'd by UCSF,candidate_step1_inorganic,B,C4H4BClO2S,162.41,,2,3,1,0
63248,17389708,5284468,C1C=CC=[C-]1.C1C=CC=[C-]1.[Cl-].[Cl-].[Ti+4],Inactive,0,,,Inactive,,,,,,,,,,4,,23.6245,,9.3626,1.6324,,19.2668,9.8517,,9.8733,8.749,,5.953,7.7308,,2.8815,7.3484,,15.8022,8.0699,,7.1599,9.2789,,23.6245,QC'd by NIEHS/NTP,candidate_step1_inorganic,Ti,C10H10Cl2Ti,248.96,,0,4,0,0
63261,11111345,6603892,CCCN1C(=C(C2=CC=CC=C21)C(=O)C3=CC4=CC=CC=C4C=C3)C,Inactive,0,,,Activator,15.8489,63.567,,Partial curve; partial efficacy,-4.8,1.1,0.8846,62.7497,-0.8174,2.2,0 0 0 0 0 0 0 0,52.4304,,-10.3817,,,0.1727,,,9.8812,,,-0.9693,,,-5.5649,,,12.8465,,,20.1735,,,52.4304,QC'd by SigmaAldrich,candidate_step3_property,,C23H21NO,327.4,5.8,0,1,4,0
63262,4252858,234890,C1=CC2=C(C=C1[As](=O)(O)O)N=C3C=CC(=CC3=N2)[As](=O)(O)O,Inactive,0,,,Inactive,,,,,,,,,,4,,5.4602,,-5.7609,,,-3.5505,,,-5.8049,,,-4.6811,,,-5.929,,,-18.621,,,5.4602,,,,QC'd by NCI,candidate_step1_inorganic,As,C12H10As2N2O6,428.06,,4,8,2,0
63263,26753143,16759146,B(C1=C(C=CS1)C(=O)C)(O)O,Inactive,0,,,Inactive,,,,,,,,,,4,,-18.8825,,,,,9.6215,,,1.808,,,10.2224,,,6.374,,,4.2729,,,1.8839,,,-18.8825,QC'd by UCSF,candidate_step1_inorganic,B,C6H7BO3S,170.00,,2,4,2,0
63284,17389706,1140,CC1=CC=CC=C1,Inactive,0,,,Inactive,,,,,,,,,,4,,0.5725,,-27.2293,-6.2308,,-6.0292,-10.7712,,-23.0143,-25.3092,,-15.7663,-4.635,,-9.4937,-4.6632,,-12.9997,-11.9476,,-15.6814,-23.0921,,0.5725,QC'd by NIEHS/NTP,candidate_step3_property,,C7H8,92.14,2.700,0,0,0,0
63299,26753141,2773429,B(C1=C(C=CS1)C=O)(O)O,Inactive,0,,,Inactive,,,,,,,,,,4,,1.5488,,,,,5.7919,,,5.3854,,,1.6953,,,10.8733,,,-1.5221,,,-14.8975,,,1.5488,QC'd by UCSF,candidate_step1_inorganic,B,C5H5BO3S,155.97,,2,4,2,0
63303,11111343,3773,C1CNCCC1C(=O)O,Inactive,0,,,Inactive,,,,,,,,,,4,,4.56,,0.6487,,,-7.8989,,,5.3078,,,-3.3964,,,4.1434,,,6.1535,,,-0.1732,,,4.56,QC'd by SigmaAldrich,candidate_step3_property,,C6H11NO2,129.16,-3.000,2,3,1,0
63307,17389705,12484,CC1=CC=CC=C1N.Cl,Inactive,0,,,Inactive,,,,,,,,,,4,,5.5752,,-0.1171,-6.7954,,-0.1534,-5.7773,,-17.3175,-20.2912,,19.1498,-10.2541,,4.4358,3.1575,,10.3564,-16.7279,,-8.4854,4.5959,,5.5752,QC'd by NIEHS/NTP,property_value_missing,,C7H10ClN,143.61,,2,1,0,0
63318,4239228,3234335,C1CN(CCC12CCN(CC2)C(=O)C3=CC(=CC=C3)F)C4=CC=C(C=C4)C5=CC=CC=C5,Inactive,0,,,Inactive,,,,,,,,,,4,,-6.9447,,,,,-3.9709,,,1.6686,,,-6.4336,,,-10.9183,,,6.2356,,,-5.8414,,,-6.9447,QC'd by Pharmacopeia,candidate_step3_property,,C28H29FN2O,428.5,6.0,0,3,3,0
63319,26753146,2776344,B(C1=CSC2=CC=CC=C12)(O)O,Inactive,0,,,Inactive,,,,,,,,,,4,,-16.1805,,,,,-6.7549,,,-19.4816,,,6.5889,,,-0.386,,,1.8097,,,-11.4349,,,-16.1805,QC'd by UCSF,candidate_step1_inorganic,B,C8H7BO2S,178.02,,2,3,1,0
63324,4252855,411668,C1=CC=C2C=[N+](C=CC2=C1)CC(=O)C3=CC4=C(C=CC5=CC=CC=C54)C=C3,Inactive,0,,,Inactive,,,,,,,,,,4,,20.7962,,21.591,,,20.4764,,,8.5506,,,10.3609,,,14.0052,,,12.3514,,,20.7962,,,,QC'd by NCI,candidate_step3_property,,C25H18NO+,348.4,6.2,0,1,3,1
63329,17389704,5284469,C=C1C(C2(C(C(C1(C2(Cl)Cl)Cl)Cl)Cl)Cl)(CCl)CCl,Inactive,0,,,Activator,19.9526,62.9412,,Partial curve; partial efficacy,-4.7,1.4641,0.8452,67.5055,4.5644,2.2,0 0 0 0 0 0 0 0 0 0 0 0 0 0 0,57.2477,,5.3849,-10.2592,,18.6736,5.1136,,-5.1946,6.9642,,3.69,-0.4319,,12.6564,3.96,,12.8922,13.3421,,18.4023,47.4576,,57.2477,QC'd by NIEHS/NTP,residual_possible_step4_or_definition_mismatch,,C10H8Cl8,411.8,4.7,0,0,2,0
63341,26753147,1677,B(C1=CC(=CC=C1)[N+](=O)[O-])(O)O,Inactive,0,,,Inactive,,,,,,,,,,4,,-6.5671,,,,,-15.5579,,,-6.9759,,,-5.5419,,,-3.4872,,,-9.3594,,,-0.9381,,,-6.5671,QC'd by UCSF,candidate_step1_inorganic,B,C6H6BNO4,166.93,,2,4,1,0
63356,26753144,2776266,B(C1=CC2=CC=CC=C2O1)(O)O,Inactive,0,,,Inactive,,,,,,,,,,4,,6.9838,,,,,5.8629,,,9.1622,,,-1.9297,,,7.6353,,,11.6795,,,-1.8789,,,6.9838,QC'd by UCSF,candidate_step1_inorganic,B,C8H7BO3,161.95,,2,3,1,0
63366,26749131,16757864,CC[C@@]1(CC(C2=C(C3=C(C=C2C1C(=O)OC)C(=O)C4=C(C3=O)C(=CC=C4)O)O)O[C@@H]5CC(C(C(O5)C)O)N(C)C)O.Cl,Inactive,0,,,Inactive,,,,,,,,,,4,,-11.3851,,,,,14.0218,,,7.8736,,,10.9203,,,22.444,,,-11.7988,,,4.831,,,-11.3851,QC'd by Microsource,property_value_missing,,C30H36ClNO10,606.1,,5,11,6,0
63380,4252856,234859,C1=CC=C2C(=C1)N=C(S2)SCSC3=NC4=CC=CC=C4S3,Inactive,0,,,Activator,1.5849,37.7422,,Complete curve; partial efficacy,-5.8,3.99,0.9449,52.7825,15.0404,1.2,1 1 0 0 0 0 0,53.505,,59.5361,,,31.0742,,,17.5423,,,21.445,,,9.9026,,,45.0368,,,53.505,,,,QC'd by NCI,candidate_step3_property,,C15H10N2S4,346.5,5.400,0,6,4,0
63383,26753145,2359,B(C1=CC2=CC=CC=C2S1)(O)O,Inactive,0,,,Inactive,,,,,,,,,,4,,-1.6378,,,,,8.1993,,,-10.288,,,9.6364,,,-13.2367,,,-9.8044,,,7.6684,,,-1.6378,QC'd by UCSF,candidate_step1_inorganic,B,C8H7BO2S,178.02,,2,3,1,0
63384,17389701,10850,CCCCCCCC(=O)OCC(COC(=O)CCCCCCC)OC(=O)CCCCCCC,Inactive,0,,,Inactive,,,,,,,,,,4,,21.3527,,-22.4128,-5.1667,,0.7756,-1.9118,,-30.8328,-9.2652,,5.5942,-7.7532,,12.5798,10.7106,,6.5325,-12.5165,,14.3378,9.8994,,21.3527,QC'd by NIEHS/NTP,candidate_step3_property,,C27H50O6,470.7,8.9,0,6,26,0
63405,26753150,591073,B(C1=CC=C(C=C1)C=O)(O)O,Inactive,0,,,Inactive,,,,,,,,,,4,,-21.4788,,,,,-13.1095,,,0.4286,,,-2.2826,,,-15.9999,,,-0.3983,,,5.4142,,,-21.4788,QC'd by UCSF,candidate_step1_inorganic,B,C7H7BO3,149.94,,2,3,2,0
63406,853607,9568636,C1=CC=C(C=C1)C2=C(OC(=C2C#N)/N=C/C3=CC=CO3)C4=CC=CC=C4,Inactive,0,,,Inactive,,,,,,,,,,4,,-0.8008,,,,,-7.6868,,,-12.5873,,,-4.6989,,,-8.6558,,,-13.0007,,,,,,-0.8008,QC'd by DPISMR,candidate_step3_property,,C22H14N2O2,338.4,5.0,0,4,4,0
63412,4252867,3246129,C1=CC=C2C=[N+](C=CC2=C1)CCCC[N+]3=CC4=CC=CC=C4C=C3,Inactive,0,,,Inactive,,,,,,,,,,4,,11.1977,,13.9453,,,10.021,,,14.866,,,12.7464,,,3.8971,,,13.1966,,,11.1977,,,,QC'd by NCI,candidate_step3_property,,C22H22N2+2,314.4,4.8,0,0,5,2
63423,26753151,79599,B(C1=CC=C(C=C1)Br)(O)O,Inactive,0,,,Inactive,,,,,,,,,,4,,-10.9007,,,,,11.7527,,,15.7655,,,5.3765,,,1.6675,,,-4.6382,,,-4.5313,,,-10.9007,QC'd by UCSF,candidate_step1_inorganic,B,C6H6BBrO2,200.83,,2,2,1,0
63437,26749135,14084,C1=CC=C(C=C1)CNN.Cl,Inactive,0,,,Inactive,,,,,,,,,,4,,-13.7277,,,,,38.6423,,,-15.1467,,,3.3328,,,28.1092,,,0.9384,,,5.727,,,-13.7277,QC'd by Microsource,property_value_missing,,C7H11ClN2,158.63,,3,2,2,0
63444,26753148,92269,B(C1=CC(=CC=C1)N)(O)O,Inactive,0,,,Inactive,,,,,,,,,,4,,-0.9176,,,,,10.3831,,,-24.5802,,,-9.4028,,,0.3982,,,8.9231,,,4.2771,,,-0.9176,QC'd by UCSF,candidate_step1_inorganic,B,C6H8BNO2,136.95,,3,3,1,0
63459,26753149,312183,B(C1=CC=C(C=C1)C(=O)O)(O)O,Inactive,0,,,Inactive,,,,,,,,,,4,,-1.7474,,,,,-15.7906,,,-18.7426,,,-17.4482,,,-6.3087,,,-30.4003,,,-4.228,,,-1.7474,QC'd by UCSF,candidate_step1_inorganic,B,C7H7BO4,165.94,,3,4,2,0
63464,11113844,2733526,CC/C(=C(\C1=CC=CC=C1)/C2=CC=C(C=C2)OCCN(C)C)/C3=CC=CC=C3,Inactive,0,,,Inactive,,,,,,,,,,4,,-29.9544,,-0.9131,-8.5602,,9.9194,0.5924,,-1.8144,14.6176,,2.1107,8.1551,,-1.2726,9.1166,,6.6097,3.4142,,0.1956,-3.7693,,-29.9544,QC'd by Tocris,candidate_step3_property,,C26H29NO,371.5,7.1,0,2,8,0
63470,26753155,5844876,B(C1=CC(=CC=C1)/C=C/C(=O)O)(O)O,Inactive,0,,,Inactive,,,,,,,,,,4,,-4.1387,,,,,-7.8229,,,0.0865,,,-4.8519,,,5.5044,,,-3.3143,,,13.0163,,,-4.1387,QC'd by UCSF,candidate_step1_inorganic,B,C9H9BO4,191.98,,3,4,3,0
63480,17389712,2406,C1=C(C=C(C(=C1SC2=C(C(=CC(=C2)Cl)Cl)O)O)Cl)Cl,Inactive,0,,,Inactive,,,,,,,,,,4,,-7.7163,,2.0229,-11.9355,,9.113,-1.8592,,9.3483,-12.701,,7.4368,9.0121,,5.7785,3.8012,,-0.4123,-8.8975,,-12.5883,-0.2103,,-7.7163,QC'd by NIEHS/NTP,candidate_step3_property,,C12H6Cl4O2S,356.0,5.8,2,3,2,0
63484,4252863,235012,C1CS(=O)(=O)CCN1C2=CC=CC=C2CC(C3=CNC4=CC=CC=C43)C5=CNC6=CC=CC=C65,Inactive,0,,,Inactive,,,,,,,,,,4,,9.823,,-3.8661,,,7.5045,,,12.3853,,,11.0151,,,11.9202,,,21.1326,,,9.823,,,,QC'd by NCI,candidate_step3_property,,C28H27N3O2S,469.6,5.1,2,3,5,0
63492,26753156,2734373,B(C1=CC(=CS1)C)(O)O,Inactive,0,,,Inactive,,,,,,,,,,4,,10.3521,,,,,-9.837,,,12.9647,,,22.3524,,,17.2158,,,14.1932,,,23.6464,,,10.3521,QC'd by UCSF,candidate_step1_inorganic,B,C5H7BO2S,141.99,,2,3,1,0
63506,11113850,5029739,CC1=C(ON=C1C2=CC=C(C=C2)Cl)C3CCN(CC3)CCC4=CC=CC=C4,Inactive,0,,,Inactive,,,,,,,,,,4,,-13.4543,,-3.6615,1.5337,,7.1957,-1.2693,,-10.2471,-4.223,,-6.2777,-18.7646,,-10.9077,-9.0377,,-6.9274,5.8038,,-1.8338,-11.6837,,-13.4543,QC'd by Tocris,candidate_step3_property,,C23H25ClN2O,380.9,5.6,0,3,5,0
63513,26753153,201262,B(C1=CC=C(C=C1)OC)(O)O,Inactive,0,,,Inactive,,,,,,,,,,4,,-5.3443,,,,,9.895,,,6.7865,,,3.2188,,,15.4742,,,-1.4507,,,-3.4544,,,-5.3443,QC'd by UCSF,candidate_step1_inorganic,B,C7H9BO3,151.96,,2,3,2,0
63516,17389710,2723789,C(=S)(N)NN,Inactive,0,,,Inactive,,,,,,,,,,4,,-11.8504,,-5.7066,-8.6196,,2.2242,-14.259,,-0.7034,-7.7312,,-5.6051,2.6426,,-12.3359,4.2055,,-12.3813,0.8227,,-5.599,-11.9425,,-11.8504,QC'd by NIEHS/NTP,candidate_step3_property,,CH5N3S,91.14,-1.2,3,2,0,0
63519,4252866,235043,C1=CC=C2C(=C1)C=CC=C2CSC(=O)C3=CC=C(C=C3)Cl,Inactive,0,,,Inactive,,,,,,,,,,4,,15.2319,,16.0625,,,6.6386,,,10.8235,,,15.4618,,,14.3327,,,13.6525,,,15.2319,,,,QC'd by NCI,candidate_step3_property,,C18H13ClOS,312.8,5.700,0,2,4,0
63524,26753152,79799,B(C1=CC=C(C=C1)C)(O)O,Inactive,0,,,Inactive,,,,,,,,,,4,,-0.5819,,,,,-5.5003,,,12.1122,,,2.8385,,,7.3825,,,5.5202,,,1.8961,,,-0.5819,QC'd by UCSF,candidate_step1_inorganic,B,C7H9BO2,135.96,,2,2,1,0
63526,11113849,133008,CC1=C(ON=C1C2CCN(CC2)CCC3=CC=CC=C3)C4=CC=C(C=C4)Cl,Inactive,0,,,Inactive,,,,,,,,,,4,,-20.1518,,-9.5166,-0.4476,,4.4583,7.7321,,-5.2317,-2.7024,,9.773,-1.9189,,11.8224,2.7892,,-12.0892,-2.3615,,-31.2106,-1.4512,,-20.1518,QC'd by Tocris,candidate_step3_property,,C23H25ClN2O,380.9,5.6,0,3,5,0
63531,26753154,230478,B(C1=CC=C(C=C1)B(O)O)(O)O,Inactive,0,,,Inactive,,,,,,,,,,4,,-1.8213,,,,,-43.8748,,,-19.1934,,,-12.6492,,,7.9933,,,-19.727,,,-6.7586,,,-1.8213,QC'd by UCSF,candidate_step1_inorganic,B,C6H8B2O4,165.75,,4,4,2,0
63535,17389709,2723790,C(=S)(N)N,Inactive,0,,,Inactive,,,,,,,,,,4,,3.8527,,0.9388,4.5639,,13.1358,18.8516,,-7.3864,-0.0047,,25.2382,1.7725,,-33.7494,12.9483,,5.2669,-9.583,,-8.7654,-13.9624,,3.8527,QC'd by NIEHS/NTP,candidate_step3_property,,CH4N2S,76.12,-0.8,2,1,0,0
63553,17389723,1123,C(CS(=O)(=O)O)N,Inactive,0,,,Inactive,,,,,,,,,,4,,11.1264,,21.9994,11.2011,,3.645,-3.4771,,-3.8803,-22.9428,,10.0629,9.2085,,2.1766,20.2335,,3.1928,-7.5217,,3.8589,10.5779,,11.1264,QC'd by NIEHS/NTP,candidate_step3_property,,C2H7NO3S,125.15,-4.1,2,4,2,0
63612,11113853,197687,CCCN1C[C@@H](N(C[C@H]1C)[C@H](C2=CC=C(C=C2)C(=O)N(CC)CC)C3=CC(=CC=C3)OC)C,Inactive,0,,,Inactive,,,,,,,,,,4,,2.746,,-0.2028,-3.9257,,0.0195,-6.5279,,-9.5692,-7.3322,,-15.9519,-5.5081,,-28.8947,-5.2654,,1.4301,-1.0509,,-7.0638,5.166,,2.746,QC'd by Tocris,candidate_step3_property,,C28H41N3O2,451.6,5.2,0,4,9,0
63627,17389719,8028,C1CCOC1,Inactive,0,,,Inactive,,,,,,,,,,4,,9.0241,,13.9026,8.4999,,8.7033,11.9683,,-8.7896,14.6861,,0.5605,0.2437,,14.5024,-8.9805,,6.2474,22.4049,,4.2343,9.2763,,9.0241,QC'd by NIEHS/NTP,candidate_step3_property,,C4H8O,72.11,0.500,0,1,0,0
63634,11113859,1533,CC1=CC(=NC=C1)N,Inactive,0,,,Inactive,,,,,,,,,,4,,15.7585,,8.6205,14.9566,,5.4252,-7.9993,,-1.4816,3.724,,2.3577,-1.9207,,1.4866,-1.4191,,2.6423,-15.1538,,6.7062,2.8042,,15.7585,QC'd by Tocris,candidate_step3_property,,C6H8N2,108.14,0.600,1,2,0,0
63674,4239248,3234355,CC1=CC=CC=C1C2=CC(=NC=N2)NCCC3=CNC4=C3C=C(C=C4)OC,Inactive,0,,,Inactive,,,,,,,,,,4,,-16.1446,,,,,2.4786,,,-2.8223,,,1.8696,,,-4.4637,,,2.155,,,-11.8283,,,-16.1446,QC'd by Pharmacopeia,residual_possible_step4_or_definition_mismatch,,C22H22N4O,358.4,4.6,2,4,6,0
63675,11113857,4355450,CC(C)OC1=CC=CC(=C1)N2C(=NC3=CC=CC=C3C2=O)CCC4=CNC5=C4C=C(C=C5)Br,Inactive,0,,,Inactive,,,,,,,,,,4,,-6.4264,,6.5502,1.5793,,0.8546,-27.2938,,-10.0652,-9.0581,,12.3909,7.1769,,3.5897,-11.7456,,-2.6984,-13.4915,,0.5784,-1.1456,,-6.4264,QC'd by Tocris,candidate_step3_property,,C27H24BrN3O2,502.4,5.9,1,3,6,0
63680,4252840,234404,C1CCC(CC1)N(CSC2=NC3=CC=CC=C3S2)C4CCCCC4,Inactive,0,,,Inactive,,,,,,,,,,4,,-14.1577,,17.0955,,,17.8768,,,6.3582,,,8.7675,,,11.7667,,,12.844,,,-14.1577,,,,QC'd by NCI,candidate_step3_property,,C20H28N2S2,360.6,6.100,0,4,5,0
63707,11111337,107984,CC(=NCCC[C@@H](C(=O)O)N)N,Inactive,0,,,Inactive,,,,,,,,,,4,,23.6605,,8.5572,,,5.7567,,,9.2288,,,7.9981,,,11.9987,,,8.6281,,,24.2443,,,23.6605,QC'd by SigmaAldrich,candidate_step3_property,,C7H15N3O2,173.21,-3.600,3,4,5,0
63710,17389732,643460,C/C=C/C=C/C(=O)O,Inactive,0,,,Inactive,,,,,,,,,,4,,13.2924,,9.0554,20.0201,,13.041,2.4795,,-4.2259,38.6197,,-21.9536,10.6731,,25.5271,25.4921,,2.4319,9.6023,,3.8539,6.2154,,13.2924,QC'd by NIEHS/NTP,candidate_step3_property,,C6H8O2,112.13,1.300,1,2,2,0
63714,4252850,234772,CC(CCC1=NC2=CC=CC=C2S1)(C3=CC=C(C=C3)O)C4=CC=C(C=C4)O,Inactive,0,,,Inactive,,,,,,,,,,4,,14.97,,-0.5121,,,4.3147,,,8.1064,,,-1.9411,,,0.9114,,,-2.3123,,,14.97,,,,QC'd by NCI,candidate_step3_property,,C23H21NO2S,375.5,6.3,2,4,5,0
63728,17389733,23665760,[O-]Cl.[Na+],Inactive,0,,,Activator,0.001,35,,Complete curve; partial efficacy; poor fit,-9,3.6272,0.6171,31.5,-3.5,1.4,0 0 0 0 0 0 0 0 0 0 0 0 1 1 0,19.6482,,5.3958,25.7566,,35.3676,23.4272,,30.3949,31.1641,,28.6727,29.3338,,39.8462,36.1758,,39.2588,32.123,,14.6789,47.533,,19.6482,QC'd by NIEHS/NTP,candidate_step1_inorganic,Na,ClNaO,74.44,,0,1,0,0
63745,17389730,7276,C1C(O1)C2=CC=CC=C2,Inactive,0,,,Inactive,,,,,,,,,,4,,13.0958,,-0.3673,4.9872,,15.9701,6.8319,,-18.4564,23.4692,,-0.2976,-13.2975,,8.3725,11.5501,,14.997,-5.9289,,25.3348,14.2333,,13.0958,QC'd by NIEHS/NTP,candidate_step3_property,,C8H8O,120.15,1.600,0,1,1,0
63748,11111335,2733506,CC(=NCCCC[C@@H](C(=O)O)N)N,Inactive,0,,,Inactive,,,,,,,,,,4,,-1.1488,,-13.6782,,,-12.7648,,,-17.4932,,,-4.4871,,,3.7616,,,-5.4018,,,-2.3552,,,-1.1488,QC'd by SigmaAldrich,candidate_step3_property,,C8H17N3O2,187.24,-3.100,3,4,6,0
63763,17389731,7501,C=CC1=CC=CC=C1,Inactive,0,,,Inactive,,,,,,,,,,4,,8.4099,,16.6981,8.7406,,20.749,-3.7388,,-18.104,12.4616,,5.641,11.6739,,21.8095,21.5843,,-0.0988,10.8534,,12.9297,6.9927,,8.4099,QC'd by NIEHS/NTP,candidate_step3_property,,C8H8,104.15,2.900,0,0,1,0
63799,17389729,7922,C1CC(=O)OC1=O,Inactive,0,,,Inactive,,,,,,,,,,4,,19.9251,,-10.7628,22.7361,,13.0329,7.4763,,15.8311,37.9745,,0.4249,20.5013,,20.0896,30.3696,,11.0206,31.9665,,9.3067,9.4045,,19.9251,QC'd by NIEHS/NTP,candidate_step3_property,,C4H4O3,100.07,-0.5,0,3,0,0
63816,4252848,3246128,C1=CC=C(C=C1)[C@H](C(=O)C2=CC=CC=C2)NC3=CC4=CC=CC=C4C=C3,Inactive,0,,,Inactive,,,,,,,,,,4,,-6.7638,,-8.6,,,11.5326,,,14.4989,,,-9.0456,,,-18.4576,,,6.4904,,,-6.7638,,,,QC'd by NCI,candidate_step3_property,,C24H19NO,337.4,6.3,1,2,5,0
63817,26749157,16757869,CC[C@@]1(CC(C2=C(C3=C(C=C2C1C(=O)OC)C(=O)C4=C(C=CC(=C4C3=O)O)O)O)O[C@@H]5CC(C(C(O5)C)O)N(C)C)O,Inactive,0,,,Inactive,,,,,,,,,,4,,-19.8139,,,,,12.764,,,-11.784,,,-18.3758,,,21.8299,,,-12.1242,,,-18.1422,,,-19.8139,QC'd by Microsource,candidate_step3_property,,C30H35NO11,585.6,3.3,5,12,6,0
63822,11113865,11972613,CCN1C[C@@]2(CC[C@@H]([C@@]34[C@H]2[C@@H]([C@@]([C@H]31)([C@]5(C[C@@H]([C@H]6C[C@@H]4[C@H]5[C@H]6OC)OC)O)O)OC)OC)COC(=O)C7=CC=CC=C7N8C(=O)C[C@@H](C8=O)C,Inactive,0,,,Inactive,,,,,,,,,,4,,-28.7924,,-7.9417,-3.5189,,6.9398,-19.5,,7.1013,-20.3677,,-0.7514,-5.3773,,-1.0501,-6.4781,,-10.8678,-1.6194,,3.0367,-14.2043,,-28.7924,QC'd by Tocris,candidate_step3_property,,C37H50N2O10,682.8,1.0,2,11,10,0
63833,17389725,11289,COC1=CC=C(C=C1)C(=C(C2=CC=C(C=C2)OC)Cl)C3=CC=C(C=C3)OC,Inactive,0,,,Activator,39.8107,48.1708,,Single point of activity,-4.4,4.4495,0.858,49.266,1.0951,3,0 0 0 0 0 0 0,41.3105,,,,,-5.2706,,,-6.0612,,,12.4148,,,1.1588,,,3.9203,,,-0.4874,,,41.3105,QC'd by Microsource,candidate_step3_property,,C23H21ClO3,380.9,6.400,0,3,6,0
63837,11111338,6603890,CC[C@H](C)[C@H]1[C@H](CC[C@@]2(O1)C[C@H]3C[C@@H](O2)C/C=C(\[C@H]([C@H](/C=C\C=C4CO[C@H]5[C@]4([C@H](C=C([C@@H]5O)C)C(=O)O3)O)C)O[C@H]6C[C@@H]([C@@H]([C@@H](O6)C)O[C@H]7C[C@@H]([C@@H]([C@@H](O7)C)O)OC)OC)/C)C,Inactive,0,,,Inactive,,,,,,,,,,4,,-21.6598,,1.2631,,,-22.4376,,,-4.2627,,,-13.4325,,,-9.1283,,,-14.9627,,,-15.1538,,,-21.6598,QC'd by SigmaAldrich,candidate_step3_property,,C48H74O14,875.1,4.1,3,14,8,0
63849,4252849,5351743,CC(C)C1=CC=C(C=C1)/C=C/2\C=C(OC2=O)C3=CC4=CC=CC=C4C=C3,Inactive,0,,,Inactive,,,,,,,,,,4,,-19.7903,,11.4401,,,-12.6813,,,-2.7925,,,-8.7184,,,-5.2408,,,13.9968,,,-19.7903,,,,QC'd by NCI,candidate_step3_property,,C24H20O2,340.4,6.4,0,2,3,0
63859,17389669,7245,C1=CC=C(C(=C1)O)Cl,Inactive,0,,,Inactive,,,,,,,,,,4,,22.101,,20.5936,10.4689,,3.4828,6.4678,,5.7643,19.0915,,17.5716,-6.3921,,15.5166,9.9603,,12.912,-8.4289,,10.7034,3.9187,,22.101,QC'd by NIEHS/NTP,candidate_step3_property,,C6H5ClO,128.55,2.100,1,1,0,0
63880,26749231,16757881,CCC1[C@@](C([C@@H](C(=O)C(C[C@]([C@@H](C([C@@H](C(C(=O)O1)C)O[C@H]2C[C@@](C(C(O2)C)O)(C)OC)C)OC3[C@@H](C(CC(O3)C)N(C)C)OC(=O)CCC(=O)OCC)(C)O)C)C)O)(C)O,Inactive,0,,,Inactive,,,,,,,,,,4,,0.2463,,,,,6.0312,,,-5.6793,,,-1.3942,,,19.3974,,,5.7825,,,11.8494,,,0.2463,QC'd by Microsource,candidate_step3_property,,C43H75NO16,862.1,3.400,4,17,14,0
63896,17389671,444266,C(=C\C(=O)O)\C(=O)O,Inactive,0,,,Inactive,,,,,,,,,,4,,-6.2175,,-16.2432,-2.576,,-5.7219,-19.0312,,11.7728,-2.2246,,12.5303,-14.4725,,-19.9565,4.1219,,-3.9455,-9.6062,,-28.106,-5.088,,-6.2175,QC'd by NIEHS/NTP,candidate_step3_property,,C4H4O4,116.07,-0.300,2,4,2,0
63917,17389670,444972,C(=C/C(=O)O)\C(=O)O,Inactive,0,,,Inactive,,,,,,,,,,4,,14.6918,,-0.4618,1.6061,,21.8838,-16.802,,-2.6465,10.1126,,23.9665,6.3944,,6.4568,19.3189,,7.5047,3.9644,,-1.8346,7.3933,,14.6918,QC'd by NIEHS/NTP,candidate_step3_property,,C4H4O4,116.07,-0.300,2,4,2,0
63940,11111309,96215,C1=C(NC=N1)CC(=O)O,Inactive,0,,,Inactive,,,,,,,,,,4,,11.0511,,8.5524,,,9.0643,,,-4.7006,,,8.966,,,13.8601,,,7.6742,,,10.7428,,,11.0511,QC'd by SigmaAldrich,candidate_step3_property,,C5H6N2O2,126.11,-0.4,2,3,2,0
63942,17389673,261,CCCC=O,Inactive,0,,,Inactive,,,,,,,,,,4,,21.4742,,-21.2563,0.3431,,3.3715,2.3431,,-9.219,-22.2891,,-16.3303,3.0358,,2.6583,1.8289,,-15.36,22.1791,,16.739,-0.583,,21.4742,QC'd by NIEHS/NTP,candidate_step3_property,,C4H8O,72.11,0.900,0,1,2,0
63946,26753173,10071166,CCCCC1(CC2=CC(=C(C(=C2C1=O)Cl)Cl)OCCCC(=O)O)C3CCCC3,Inactive,0,,,Inactive,,,,,,,,,,4,,1.6656,,,,,-12.1586,,,-7.4195,,,-7.6606,,,1.0655,,,-6.5448,,,-11.8529,,,1.6656,QC'd by Tocris,candidate_step3_property,,C22H28Cl2O4,427.4,6.8,1,4,9,0
63953,17389672,6569,CCC(=O)C,Inactive,0,,,Inactive,,,,,,,,,,4,,1.0132,,-1.917,14.6803,,12.0698,16.5019,,1.8507,12.2868,,12.041,2.5216,,6.7083,8.1222,,13.4393,6.1394,,4.1715,10.1555,,1.0132,QC'd by NIEHS/NTP,candidate_step3_property,,C4H8O,72.11,0.300,0,1,1,0
63960,11113803,6398997,C/C(=N/O)/C(=O)C,Inactive,0,,,Inactive,,,,,,,,,,4,,15.2123,,9.1669,7.3509,,28.2354,2.9198,,15.3067,1.1005,,11.2737,11.8371,,11.8032,13.1036,,19.942,-9.5503,,9.3253,14.6297,,15.2123,QC'd by SigmaAldrich,candidate_step3_property,,C4H7NO2,101.10,0.4,1,3,1,0
63977,11113806,1727,C1=CN=CC=C1N,Inactive,0,,,Inactive,,,,,,,,,,4,,17.1997,,,,,16.1905,,,-4.772,,,11.9444,,,10.2241,,,0.1107,,,17.2684,,,17.1997,QC'd by SigmaAldrich,candidate_step3_property,,C5H6N2,94.11,0.300,1,2,0,0
63979,17389675,11534,C(C#N)Br,Inactive,0,,,Inactive,,,,,,,,,,4,,-20.1767,,-5.2141,-3.2334,,-0.336,-8.53,,-4.0626,11.3417,,2.43,-12.8901,,-6.3403,6.2048,,-4.2059,-15.7102,,4.4973,1.6119,,-20.1767,QC'd by NIEHS/NTP,candidate_step3_property,,C2H2BrN,119.95,0.8,0,1,0,0
63983,3716036,2529716,C1CC2=C(C1)SC3=C2C(=O)NC(=N3)CSC4=NN=C(N4C5=CC=CC=C5)C6=CC=CO6,Inactive,0,,,Inactive,,,,,,,,,,4,,-12.4488,,,,,10.8069,,,-14.1022,,,2.9379,,,-10.7869,,,13.636,,,-11.4633,,,-12.4488,QC'd by DPISMR,residual_possible_step4_or_definition_mismatch,,C22H17N5O2S2,447.5,3.9,1,7,5,0
64000,17389674,6333,C(Cl)Br,Inactive,0,,,Inactive,,,,,,,,,,4,,-7.6978,,3.4793,-3.9731,,5.1737,6.1659,,-6.7252,0.2236,,-5.9803,6.0445,,-12.7352,7.9545,,6.121,-17.1335,,-1.5975,1.1614,,-7.6978,QC'd by NIEHS/NTP,candidate_step3_property,,CH2BrCl,129.38,1.7,0,0,0,0
64006,26753176,9811493,C1CCC(C1)(CC(=O)N[C@@H](CCCN=C(N)N)C(=O)NCCN2C(=O)N(N(C2=O)C3=CC=CC=C3)C4=CC=CC=C4)CC(=O)N5CCN(CC5)C6C7=CC=CC=C7C(=O)NC8=CC=CC=C68,Inactive,0,,,Inactive,,,,,,,,,,4,,-3.6791,,,,,-2.2291,,,27.7911,,,6.6665,,,-0.2053,,,3.2685,,,2.2276,,,-3.6791,QC'd by Tocris,candidate_step3_property,,C49H57N11O6,896.0,3.8,5,8,16,0
64020,17389677,8794,C1=CC=C(C=C1)CC#N,Inactive,0,,,Inactive,,,,,,,,,,4,,7.8671,,4.2185,16.2119,,1.1015,10.9085,,11.5801,28.9117,,19.1116,-11.0803,,18.5886,9.6587,,3.4322,-3.3847,,23.4118,19.2624,,7.8671,QC'd by NIEHS/NTP,candidate_step3_property,,C8H7N,117.15,1.600,0,1,1,0
64028,3716042,71572,C1=CC(=CC=C1C(=O)N)F,Inactive,0,,,Inactive,,,,,,,,,,4,,12.203,,,,,6.9824,,,9.4477,,,10.649,,,14.0887,,,3.423,,,16.4131,,,12.203,QC'd by DPISMR,candidate_step3_property,,C7H6FNO,139.13,0.900,1,2,1,0
64037,26749239,13520,[Li+].[Li+].[Li+].C(C(=O)[O-])C(CC(=O)[O-])(C(=O)[O-])O,Inactive,0,,,Inactive,,,,,,,,,,4,,7.3863,,,,,2.8567,,,0.8586,,,2.5893,,,14.2216,,,-6.9068,,,7.7282,,,7.3863,QC'd by Microsource,candidate_step1_inorganic,Li,C6H5Li3O7,210.0,,1,7,2,0
64044,17389676,6227,C(C(=O)O)Br,Inactive,0,,,Inactive,,,,,,,,,,4,,5.199,,-7.0473,-8.2481,,-7.3181,7.1549,,4.8281,1.8363,,25.0051,13.649,,18.9102,-0.7316,,9.8285,0.6877,,6.1288,-6.2901,,5.199,QC'd by NIEHS/NTP,candidate_step3_property,,C2H3BrO2,138.95,0.400,1,2,1,0
64082,3716039,2369439,CC1=CC(=C(C(=N)O1)C#N)C,Inactive,0,,,Inactive,,,,,,,,,,4,,10.0275,,,,,13.1983,,,11.572,,,7.2859,,,11.4123,,,6.1726,,,-4.1445,,,10.0275,QC'd by DPISMR,candidate_step3_property,,C8H8N2O,148.16,1.1,1,3,0,0
64083,17389678,7505,C1=CC=C(C=C1)C#N,Inactive,0,,,Inactive,,,,,,,,,,4,,-15.2915,,-9.2684,-5.0865,,8.664,8.4994,,-7.528,2.0967,,3.6996,5.953,,-0.9157,-3.532,,-1.2673,0.5857,,-10.6449,-1.992,,-15.2915,QC'd by NIEHS/NTP,candidate_step3_property,,C7H5N,103.12,1.600,0,1,0,0
64099,4239342,3234449,C1=CC=C(C=C1)NC2=NC=C3C(=N2)N(C(=O)C(=N3)C4=CC=C(C=C4)F)CC5=CC=CS5,Inactive,0,,,Inactive,,,,,,,,,,4,,10.074,,,,,6.2693,,,-0.4473,,,-4.4568,,,4.2306,,,0.5887,,,-0.0465,,,10.074,QC'd by Pharmacopeia,residual_possible_step4_or_definition_mismatch,,C23H16FN5OS,429.5,4.3,1,7,5,0
64100,4252969,2734802,[C@@H]1([C@H](O1)C(=O)O)C(=O)O,Inactive,0,,,Inactive,,,,,,,,,,4,,8.2863,,-13.75,,,22.2968,,,8.4918,,,12.7332,,,2.8962,,,10.0528,,,8.2863,,,,QC'd by NCI,candidate_step3_property,,C4H4O5,132.07,-0.9,2,5,2,0
64113,26749235,16757882,C1C([C@H]([C@@H](C(C1N)OC2C(C(C(C(O2)CN)O)O)N)OC3C([C@@H]([C@H](O3)CO)O[C@H]4C(C(C(C(O4)CN)O)O)N)O)O)N.OS(=O)(=O)O,Inactive,0,,,Inactive,,,,,,,,,,4,,4.3733,,,,,-33.9139,,,-2.4392,,,-2.2508,,,-1.3202,,,-3.2051,,,-1.9105,,,4.3733,QC'd by Microsource,property_value_missing,,C23H48N6O17S,712.7,,15,23,9,0
64117,4239343,3234450,CN(CC1=CC=CO1)C2=NC(=NC3=CC=CC=C32)C4=CC=CC=C4Cl,Inactive,0,,,Inactive,,,,,,,,,,4,,13.1994,,,,,14.1784,,,-1.2492,,,18.3356,,,11.8069,,,-6.3463,,,-5.8236,,,13.1994,QC'd by Pharmacopeia,residual_possible_step4_or_definition_mismatch,,C20H16ClN3O,349.8,4.9,0,4,4,0
64121,17389680,180,CC(=O)C,Inactive,0,,,Inactive,,,,,,,,,,4,,4.532,,3.8054,-4.6151,,-2.7323,2.2493,,-19.009,-1.3337,,-13.7823,-5.5652,,1.7783,-10.177,,11.1844,5.4381,,-13.8592,-4.839,,4.532,QC'd by NIEHS/NTP,candidate_step3_property,,C3H6O,58.08,-0.1,0,1,0,0
64129,11113814,85237,C1CCN=C(C1)N,Inactive,0,,,Inactive,,,,,,,,,,4,,0.2181,,1.1106,0.3271,,19.1346,-0.836,,-0.4732,4.3849,,4.2682,6.1804,,-0.9963,-4.2472,,-2.5202,9.5508,,0.1278,-1.5014,,0.2181,QC'd by Tocris,candidate_step3_property,,C5H10N2,98.15,-0.5,1,1,0,0
64189,3711607,2112640,C=CCN1C(=NN=C1SCN2C(=O)C3=CC=CC=C3N=N2)C4CCCCC4,Inactive,0,,,Inactive,,,,,,,,,,4,,15.4712,,,,,-3.5778,,,14.8864,,,0.3454,,,5.0651,,,10.0219,,,-4.0056,,,15.4712,QC'd by DPISMR,residual_possible_step4_or_definition_mismatch,,C19H22N6OS,382.5,4.7,0,6,6,0
64205,17389685,7237,CC1=CC=CC=C1C,Inactive,0,,,Inactive,,,,,,,,,,4,,17.9542,,0.3101,-15.9262,,-3.4382,-1.065,,-8.8395,-11.1566,,3.8655,0.9101,,7.2303,-8.4566,,6.4228,0.4847,,-15.3319,8.7211,,17.9542,QC'd by NIEHS/NTP,candidate_step3_property,,C8H10,106.16,3.100,0,0,0,0
64224,17389686,6366,C=C(Cl)Cl,Inactive,0,,,Inactive,,,,,,,,,,4,,26.5298,,31.5186,19.0992,,21.9438,5.1627,,11.7526,18.0503,,28.672,-9.3257,,19.5454,15.6529,,34.9498,1.2634,,14.5725,29.2414,,26.5298,QC'd by NIEHS/NTP,candidate_step3_property,,C2H2Cl2,96.94,2.3,0,0,0,0
64243,17389687,7499,C=CC1CCC=CC1,Inactive,0,,,Inactive,,,,,,,,,,4,,15.7459,,-18.2039,4.816,,7.4966,-14.0527,,-13.2617,-10.4989,,2.6749,-6.6095,,12.6136,0.2345,,-0.4768,2.2833,,-3.3851,3.9624,,15.7459,QC'd by NIEHS/NTP,candidate_step3_property,,C8H12,108.18,2.8,0,0,1,0
64255,17389688,7904,CC(=O)OC=C,Inactive,0,,,Inactive,,,,,,,,,,4,,11.2182,,15.1638,1.5575,,14.6324,17.9873,,4.3943,-0.4849,,-5.0866,12.9424,,13.2705,25.7958,,-2.2037,17.9901,,6.0585,18.4936,,11.2182,QC'd by NIEHS/NTP,candidate_step3_property,,C4H6O2,86.09,0.700,0,2,2,0
64262,11113819,1102,C(CCNCCCN)CN,Inactive,0,,,Inactive,,,,,,,,,,4,,5.8853,,13.5102,5.1379,,22.1974,1.4711,,-2.7715,7.2483,,8.849,-1.5851,,22.1234,-0.7172,,0.5106,4.9151,,13.9857,11.9017,,5.8853,QC'd by Tocris,candidate_step3_property,,C7H19N3,145.25,-1.0,3,3,7,0
64266,26753157,1214,C1C(CC1(C(=O)O)N)C(=O)O,Inactive,0,,,Inactive,,,,,,,,,,4,,14.5629,,,,,-6.4743,,,-15.5097,,,7.708,,,5.964,,,11.6859,,,9.9218,,,14.5629,QC'd by Tocris,candidate_step3_property,,C6H9NO4,159.14,-3.5,3,5,2,0
64277,17389689,1176,C(=O)(N)N,Inactive,0,,,Inactive,,,,,,,,,,4,,10.2228,,,,,-5.5117,,,5.0409,,,16.4017,,,21.6121,,,-9.2206,,,23.9674,,,10.2228,QC'd by Microsource,candidate_step3_property,,CH4N2O,60.056,-1.4,2,1,0,0
64303,17389690,6537,CCCCC(CC)COP(=O)(OCC(CC)CCCC)OCC(CC)CCCC,Inactive,0,,,Inactive,,,,,,,,,,4,,-0.6274,,15.1936,-0.4684,,10.6599,5.9366,,3.6531,10.4969,,-5.3962,10.7485,,3.981,11.2957,,-2.8859,5.2168,,19.4588,6.5626,,-0.6274,QC'd by NIEHS/NTP,candidate_step3_property,,C24H51O4P,434.6,8.9,0,4,21,0
64324,17389692,8717,CC1=CC(=C(C=C1C)N)C,Inactive,0,,,Activator,0.001,29.6622,,Complete curve; partial efficacy; poor fit,-9,4.9549,0.3394,21,-8.6622,1.4,0 0 0 0 1 1 0 0 0 0 0 0 0 0 0,25.1091,,-3.8851,23.1826,,18.0419,30.7463,,3.9874,48.1209,,14.9973,30.3273,,32.8848,15.0137,,-1.2015,11.154,,22.7208,24.8937,,25.1091,QC'd by NIEHS/NTP,candidate_step3_property,,C9H13N,135.21,2.300,1,1,0,0
64329,26753170,122130,CC1=CC(=CC=C1)NC(=O)N[C@H]2C(=O)N(C3=CC=CC=C3C(=N2)C4=CC=CC=C4)CC(=O)C5=CC=CC=C5C,Inactive,0,,,Inactive,,,,,,,,,,4,,-12.9008,,,,,5.1518,,,3.7281,,,9.8324,,,-0.4733,,,6.4646,,,1.7769,,,-12.9008,QC'd by Tocris,candidate_step3_property,,C32H28N4O3,516.6,5.6,2,4,6,0
64348,17389693,6529,CC1=CC=C(C=C1)OP(=O)(OC2=CC=C(C=C2)C)OC3=CC=C(C=C3)C,Inactive,0,,,Inactive,,,,,,,,,,4,,55.642,,25.2464,16.0567,,35.7573,24.4204,,-4.3144,48.7931,,27.6089,15.1239,,19.103,35.8331,,16.7716,21.2852,,0.632,35.155,,55.642,QC'd by NIEHS/NTP,candidate_step3_property,,C21H21O4P,368.4,5.100,0,4,6,0
64360,17389694,7285,C(C(CCl)Cl)Cl,Inactive,0,,,Inactive,,,,,,,,,,4,,5.4381,,-14.9399,-12.6645,,-1.7515,-0.1894,,-11.8367,-6.4315,,-2.0782,-8.4835,,-6.2822,-18.0537,,-5.4858,-16.2073,,-5.3476,-10.7029,,5.4381,QC'd by NIEHS/NTP,candidate_step3_property,,C3H5Cl3,147.43,1.800,0,0,2,0
64362,4252945,3246156,C[N+](C)(C)C1=CC=C(C=C1)[C@@H](C(=O)O)N,Inactive,0,,,Inactive,,,,,,,,,,4,,-1.3475,,-1.3544,,,4.144,,,0.1153,,,-4.4015,,,-1.7747,,,2.9169,,,-1.3475,,,,QC'd by NCI,residual_possible_step4_or_definition_mismatch,,C11H17N2O2+,209.26,-1.800,2,3,3,1
64371,26753172,16759149,C[C@H](CC1=CC2=C(C=C1)OC(O2)(C(=O)[O-])C(=O)[O-])NC[C@@H](C3=CC(=CC=C3)Cl)O.[Na+].[Na+],Inactive,0,,,Inactive,,,,,,,,,,4,,-18.5025,,,,,7.2622,,,9.062,,,-1.5363,,,6.9548,,,-0.8853,,,7.2578,,,-18.5025,QC'd by Tocris,candidate_step1_inorganic,Na,C20H18ClNNa2O7,465.8,,2,8,8,0
64376,26749258,16757888,C1CC(C(OC1CN)O[C@H]2[C@@H](C[C@@H]([C@H](C2O)O[C@@H]3C(C(C(C(O3)CO)O)N)O)N)N)N.OS(=O)(=O)O,Inactive,0,,,Inactive,,,,,,,,,,4,,2.4852,,,,,-1.7138,,,-4.9197,,,9.4845,,,8.6036,,,12.6364,,,5.1009,,,2.4852,QC'd by Microsource,property_value_missing,,C18H39N5O12S,549.6,,11,17,6,0
64397,7977522,1043210,C1=CC=C(C=C1)N2C(=NN=C2SCC(=O)C3=CC=CS3)COC4=CC=CC=C4,Inactive,0,,,Inactive,,,,,,,,,,4,,16.1608,,,,,-17.8602,,,-5.7351,,,-5.2522,,,-0.2648,,,17.8784,,,23.8435,,,16.1608,QC'd by DPISMR,residual_possible_step4_or_definition_mismatch,,C21H17N3O2S2,407.5,4.9,0,6,8,0
64402,3711619,2558417,C1=COC(=C1)CN2C(=NN=C2SCC(=O)C3=CC=CS3)C4=CC=C(C=C4)Cl,Inactive,0,,,Inactive,,,,,,,,,,4,,15.213,,,,,0.0769,,,15.2654,,,9.0605,,,20.1309,,,-11.6088,,,11.7234,,,15.213,QC'd by DPISMR,residual_possible_step4_or_definition_mismatch,,C19H14ClN3O2S2,415.9,4.7,0,6,7,0
64406,17389696,6389,C(F)(Cl)(Cl)Cl,Inactive,0,,,Inactive,,,,,,,,,,4,,-1.8705,,6.7079,-4.6084,,-4.9046,-3.475,,-7.1796,3.8565,,2.6201,1.7431,,-0.0683,-10.5631,,-1.9255,4.2173,,-9.357,2.5498,,-1.8705,QC'd by NIEHS/NTP,candidate_step3_property,,CCl3F,137.36,2.5,0,1,0,0
64409,17389697,6575,C(=C(Cl)Cl)Cl,Inactive,0,,,Inactive,,,,,,,,,,4,,-10.4404,,20.1978,-0.9299,,10.1825,10.6015,,-1.6902,-2.4889,,-86.7267,-9.0837,,-0.7589,-11.067,,0.2568,-16.0681,,-12.9908,6.041,,-10.4404,QC'd by NIEHS/NTP,candidate_step3_property,,C2HCl3,131.38,2.600,0,0,0,0
64422,865627,666886,CC1=NN2C(=CC(=NC2=C1C3=CC=CC=C3)C(C)C)N4CCN(CC4)C5=CC=CC=N5,Inactive,0,,,Inactive,,,,,,,,,,4,,28.4331,,,,,5.9799,,,7.7908,,,8.8366,,,-8.0541,,,25.2582,,,29.7445,,,28.4331,QC'd by DPISMR,residual_possible_step4_or_definition_mismatch,,C25H28N6,412.5,4.8,0,5,4,0
64427,11113829,6604785,C1[C@H]2[C@H]([C@H]2C(=O)O)[C@H](N1)C(=O)O,Inactive,0,,,Inactive,,,,,,,,,,4,,-13.0564,,8.1838,1.3084,,-6.9142,-6.1638,,-3.3403,-4.8509,,3.3629,-20.2025,,-5.9425,-22.1869,,1.5331,2.5032,,-6.7219,-15.1864,,-13.0564,QC'd by Tocris,candidate_step3_property,,C7H9NO4,171.15,-3.3,3,5,2,0
64428,17389698,6574,C(C(Cl)Cl)Cl,Inactive,0,,,Inactive,,,,,,,,,,4,,6.0159,,7.0117,0.8681,,4.1014,3.145,,5.6684,12.7722,,5.6279,7.1846,,-0.5766,1.7845,,-0.1275,5.1234,,6.6463,2.2032,,6.0159,QC'd by NIEHS/NTP,candidate_step3_property,,C2H3Cl3,133.40,1.900,0,0,1,0
64432,26749251,16757885,CC1=C2CC=C3[C@](C2=CC(=C1O)O)(CC[C@@]4([C@]3(CC[C@]5(C4C[C@](CC5)(C)C(=O)OC)C)C)C)C,Inactive,0,,,Inactive,,,,,,,,,,4,,8.2253,,,,,-7.4026,,,-4.018,,,-8.7102,,,-4.738,,,-10.3664,,,-10.3927,,,8.2253,QC'd by Microsource,candidate_step3_property,,C30H42O4,466.7,7.7,2,4,2,0
64448,11113830,6604786,[C@H]1([C@H](C1[C@@H](C(=O)O)N)C(=O)O)C(=O)O,Inactive,0,,,Inactive,,,,,,,,,,4,,-1.473,,-10.3502,4.9068,,1.1205,-2.0247,,-6.1575,6.4081,,-7.6279,6.8994,,1.9334,7.6799,,7.2105,1.3512,,3.4255,-10.4414,,-1.473,QC'd by Tocris,candidate_step3_property,,C7H9NO6,203.15,-4.3,4,7,4,0
64471,26753167,6435801,C1CN(C[C@@H](N1)C(=O)O)C/C=C/P(=O)(O)O,Inactive,0,,,Inactive,,,,,,,,,,4,,-7.5477,,,,,-18.9164,,,-3.665,,,0.674,,,-12.852,,,-9.2435,,,-38.2919,,,-7.5477,QC'd by Tocris,candidate_step3_property,,C8H15N2O5P,250.19,-7.0,4,7,4,0
64475,17389638,6584,CC(=O)OC,Inactive,0,,,Inactive,,,,,,,,,,4,,8.3284,,-5.6442,21.4005,,-5.69,17.1435,,-4.9094,-17.4306,,6.0096,1.5529,,-2.5194,-3.1446,,9.0197,-0.2282,,-10.237,-16.0201,,8.3284,QC'd by NIEHS/NTP,candidate_step3_property,,C3H6O2,74.08,0.200,0,2,1,0
64499,11111283,3657,C(=O)(N)NO,Inactive,0,,,Inactive,,,,,,,,,,4,,8.72,,4.6587,,,-9.6154,,,-3.6714,,,4.3052,,,3.4284,,,7.3403,,,11.4082,,,8.72,QC'd by SigmaAldrich,candidate_step3_property,,CH4N2O2,76.055,-1.800,3,2,0,0
64535,4261874,1314906,C1CN(CCN1C2=CC=CC=N2)C3=C(C4=C(C=CC(=C4)Cl)NC3=O)C5=CC=CC=C5,Inactive,0,,,Inactive,,,,,,,,,,4,,12.7071,,,,,-2.9946,,,8.8529,,,18.872,,,17.9466,,,5.9123,,,6.9062,,,12.7071,QC'd by DPISMR,residual_possible_step4_or_definition_mismatch,,C24H21ClN4O,416.9,4.3,1,4,3,0
64544,11111281,6274,C1=C(NC=N1)C[C@@H](C(=O)O)N,Inactive,0,,,Inactive,,,,,,,,,,4,,7.6517,,12.4326,,,10.7018,,,11.7535,,,14.2212,,,15.613,,,15.5755,,,24.138,,,7.6517,QC'd by SigmaAldrich,candidate_step3_property,,C6H9N3O2,155.15,-3.2,3,4,3,0
64551,17389642,6540,CCCCOCCOP(=O)(OCCOCCCC)OCCOCCCC,Inactive,0,,,Inactive,,,,,,,,,,4,,3.4149,,-7.6595,-15.7375,,-3.867,7.5071,,-3.3892,-21.7641,,-12.0064,-16.4302,,0.1865,-2.3653,,-8.3027,-8.2457,,-5.474,-20.3133,,3.4149,QC'd by NIEHS/NTP,candidate_step3_property,,C18H39O7P,398.5,2.800,0,7,21,0
64555,11111278,123895,C(C[C@@H](C(=O)O)N)CN=C(N)NO,Inactive,0,,,Inactive,,,,,,,,,,4,,-8.5388,,-4.63,,,-10.6554,,,-11.8321,,,0.1782,,,1.7905,,,-8.9862,,,16.5216,,,-8.5388,QC'd by SigmaAldrich,candidate_step3_property,,C6H14N4O3,190.20,-4.3,5,5,6,0
64568,4252925,134490,C(CN)[C@@H](C(=O)O)N,Inactive,0,,,Inactive,,,,,,,,,,4,,6.5649,,14.403,,,2.4459,,,8.0563,,,3.9488,,,3.5078,,,6.4803,,,6.5649,,,,QC'd by NCI,candidate_step3_property,,C4H10N2O2,118.13,-4.600,3,4,3,0
64572,17389641,6560,CC(C)CO,Inactive,0,,,Inactive,,,,,,,,,,4,,7.207,,24.2202,2.8231,,10.1137,-7.5791,,14.2098,13.7631,,5.1951,12.7411,,20.0777,20.7304,,22.5309,9.5928,,-0.0062,12.7176,,7.207,QC'd by NIEHS/NTP,candidate_step3_property,,C4H10O,74.12,0.800,1,1,1,0
64596,17389640,6567,CC(CN)N,Inactive,0,,,Inactive,,,,,,,,,,4,,12.2331,,-4.0469,9.8701,,-10.9374,12.2996,,4.8141,-5.2113,,8.4654,-8.106,,9.5397,1.4154,,0.6423,-0.5686,,-0.1566,0.6171,,12.2331,QC'd by NIEHS/NTP,candidate_step3_property,,C3H10N2,74.13,-1.2,2,2,1,0
64602,26753206,9954280,C1=CC=C(C=C1)SC2=C(N(C3=C2C=C(C=C3)Cl)CC4=CC=C(C=C4)Cl)C(=O)O,Inactive,0,,,Inactive,,,,,,,,,,4,,-10.0023,,,,,-1.8719,,,-2.2668,,,-14.212,,,11.6531,,,-16.268,,,12.9546,,,-10.0023,QC'd by Tocris,candidate_step3_property,,C22H15Cl2NO2S,428.3,6.8,1,3,5,0
64616,17389639,6568,CCC(C)O,Inactive,0,,,Inactive,,,,,,,,,,4,,6.7021,,5.4168,7.7172,,11.765,8.016,,8.1926,5.0896,,7.8158,10.9757,,5.4393,18.0002,,-1.5623,9.6759,,18.4859,9.5146,,6.7021,QC'd by NIEHS/NTP,candidate_step3_property,,C4H10O,74.12,0.600,1,1,1,0
64620,861507,662746,CC1CCCN(C1)C2=NC3=CC=CC=C3N=C2C(C#N)C(=O)OC4CCCCC4,Inactive,0,,,Inactive,,,,,,,,,,4,,-4.3941,,,,,-7.816,,,4.7521,,,-13.3218,,,0.6992,,,-6.7879,,,0.8634,,,-4.3941,QC'd by DPISMR,residual_possible_step4_or_definition_mismatch,,C23H28N4O2,392.5,4.6,0,6,5,0
64637,26753221,135408753,C1=CC=C2C(=C1)C(=O)NC=N2,Inactive,0,,,Inactive,,,,,,,,,,4,,-5.9465,,,,,-13.218,,,-29.9205,,,13.3129,,,8.5019,,,-0.058,,,4.9928,,,-5.9465,QC'd by Tocris,candidate_step3_property,,C8H6N2O,146.15,0.7,1,2,0,0
64644,4239303,3234410,COC1=CC=C(C=C1)N2C3=NC(=NC=C3N=C(C2=O)C4=CC=CS4)NC5=CC=CC=C5,Inactive,0,,,Inactive,,,,,,,,,,4,,-0.52,,,,,12.0533,,,-6.124,,,-6.1507,,,-12.6151,,,-36.1081,,,-15.4021,,,-0.52,QC'd by Pharmacopeia,residual_possible_step4_or_definition_mismatch,,C23H17N5O2S,427.5,4.6,1,7,5,0
64646,17389646,887,CO,Inactive,0,,,Inactive,,,,,,,,,,4,,-3.1077,,-2.4449,-5.1797,,-11.5069,4.5408,,-10.3848,-9.9986,,-2.6102,-7.0575,,-14.4079,-11.7501,,-7.4444,2.489,,-6.58,-3.4946,,-3.1077,QC'd by NIEHS/NTP,candidate_step3_property,,CH4O,32.042,-0.5,1,1,0,0
64652,11111291,787,NO,Inactive,0,,,Inactive,,,,,,,,,,4,,8.0633,,23.2715,,,20.9616,,,22.2147,,,23.4586,,,37.4797,,,15.0152,,,10.5197,,,8.0633,QC'd by SigmaAldrich,candidate_step3_property,,H3NO,33.030,-1.2,2,2,0,0
64666,17389645,263,CCCCO,Inactive,0,,,Inactive,,,,,,,,,,4,,5.5308,,-10.548,4.1302,,1.64,10.8553,,5.4804,24.5844,,7.9917,8.4067,,3.0156,-2.144,,7.6056,3.64,,2.6812,9.0345,,5.5308,QC'd by NIEHS/NTP,candidate_step3_property,,C4H10O,74.12,0.900,1,1,2,0
64676,26753219,11382492,C1=CC=C(C(=C1)C2=CC=C(C=C2)CCCC(=O)NC3=CC=C(C=C3)O)F,Inactive,0,,,Inactive,,,,,,,,,,4,,-12.6814,,,,,-3.7252,,,-19.5876,,,0.9567,,,2.1677,,,-14.7202,,,17.3374,,,-12.6814,QC'd by Tocris,residual_possible_step4_or_definition_mismatch,,C22H20FNO2,349.4,4.7,2,3,6,0
64682,17389644,6276,CCCCCO,Inactive,0,,,Inactive,,,,,,,,,,4,,-0.0052,,-25.0899,10.5132,,6.5478,-16.1311,,-19.0791,-0.9661,,-24.1187,-14.5604,,1.0743,-25.3312,,-6.9615,-8.6073,,-14.6134,-1.3493,,-0.0052,QC'd by NIEHS/NTP,candidate_step3_property,,C5H12O,88.15,1.600,1,1,3,0
64697,4262910,2222450,C1CCC2=C(C1)C(=C(S2)NC(=O)CSC3=NN=C(N3C4=CC=CC=C4)C5=CC=CC=C5O)C#N,Inactive,0,,,Inactive,,,,,,,,,,4,,-24.944,,,,,-22.8944,,,-8.69,,,-18.1035,,,-13.0722,,,-25.8429,,,-12.8658,,,-24.944,QC'd by DPISMR,candidate_step3_property,,C25H21N5O2S2,487.6,5.7,2,7,6,0
64698,4261882,1252572,CC1=CC(=CC=C1)N2C(=NN=C2SCC3=NC(=NO3)C4=CC(=C(C=C4)OC)OC)CC5=CC=CC=C5,Inactive,0,,,Inactive,,,,,,,,,,4,,-18.612,,,,,-4.3116,,,0.3581,,,-5.2371,,,-3.8257,,,-14.0533,,,-17.8709,,,-18.612,QC'd by DPISMR,candidate_step3_property,,C27H25N5O3S,499.6,5.6,0,8,9,0
64699,17389643,6278,CC(Cl)(Cl)Cl,Inactive,0,,,Inactive,,,,,,,,,,4,,4.434,,-6.0608,7.2523,,-3.3798,12.6987,,8.8932,11.9232,,-0.0859,-7.1903,,9.7067,11.6382,,-0.6489,0.4873,,3.5779,-5.4149,,4.434,QC'd by NIEHS/NTP,candidate_step3_property,,C2H3Cl3,133.40,2.4,0,0,0,0
64707,17389650,2331,C1=CC=C(C=C1)C(=O)N,Inactive,0,,,Inactive,,,,,,,,,,4,,-14.714,,11.5868,-14.8371,,-4.6087,-4.9647,,-15.2752,-21.577,,-4.3898,-8.4084,,-4.3868,-8.2335,,-18.7701,-5.2318,,2.4188,-10.8453,,-14.714,QC'd by SigmaAldrich,candidate_step3_property,,C7H7NO,121.14,0.600,1,1,1,0
64733,4252933,237752,C1OC2=C(O1)C=C(C=C2)C(SC3=CC=CC=C3)SC4=CC=CC=C4,Inactive,0,,,Activator,7.9433,24,,Partial curve; partial efficacy; poor fit,-5.1,4.9549,0.7471,42,18,2.4,0 0 0 0 0 0 0,39.5698,,13.1667,,,22.3602,,,24.9459,,,21.1477,,,19.2182,,,14.2211,,,39.5698,,,,QC'd by NCI,candidate_step3_property,,C20H16O2S2,352.5,6.300,0,4,5,0
64771,17389647,5147,C1=CC=C(C(=C1)C(=O)N)O,Inactive,0,,,Inactive,,,,,,,,,,4,,-9.306,,-0.5344,19.95,,20.7193,25.8035,,28.2982,44.457,,19.4779,2.5843,,-8.1933,8.6882,,5.9539,17.1042,,17.0338,16.0447,,-9.306,QC'd by NIEHS/NTP,candidate_step3_property,,C7H7NO2,137.14,1.300,2,2,1,0
64816,17389654,8063,CCCCC=O,Inactive,0,,,Inactive,,,,,,,,,,4,,-1.7892,,-13.8992,4.5325,,-0.8518,-1.4894,,-9.1669,-22.0038,,8.4341,0.804,,-9.7724,-16.5572,,-6.8497,7.1445,,-9.4693,5.2962,,-1.7892,QC'd by NIEHS/NTP,candidate_step3_property,,C5H10O,86.13,1.1,0,1,3,0
64831,4243823,2831552,CC(C(=O)C1=CC=CO1)N.Cl,Inactive,0,,,Inactive,,,,,,,,,,4,,-11.1035,,,,,15.7071,,,-15.5625,,,-1.3187,,,-11.8133,,,8.9707,,,-3.8427,,,-11.1035,QC'd by DPISMR,property_value_missing,,C7H10ClNO2,175.61,,2,3,2,0
64832,17389651,11011,C(#N)C(Cl)(Cl)Cl,Inactive,0,,,Inactive,,,,,,,,,,4,,-3.0223,,-15.7101,1.9353,,-14.7725,-2.5096,,-18.4327,-5.4301,,-10.2783,-1.289,,2.8501,-12.2692,,-6.8685,-3.1323,,-20.2475,-6.5382,,-3.0223,QC'd by NIEHS/NTP,candidate_step3_property,,C2Cl3N,144.38,2.100,0,1,0,0
64833,26749214,2117,CC1=C(C(=C(C2=C1OC(CC2)(C)CCCC(C)CCCC(C)CCCC(C)C)C)OC(=O)C)C,Inactive,0,,,Inactive,,,,,,,,,,4,,1.215,,,,,15.6692,,,-0.4273,,,-3.6914,,,11.1551,,,-2.2896,,,-1.0723,,,1.215,QC'd by Microsource,candidate_step3_property,,C31H52O3,472.7,10.8,0,3,14,0
64850,17389652,11005,CCCCCCCCCCCCCC(=O)O,Inactive,0,,,Inactive,,,,,,,,,,4,,4.9674,,10.3866,8.2965,,21.4022,11.3427,,-1.8262,-27.0343,,-1.1619,6.9616,,5.5805,5.9792,,-2.9108,1.491,,-2.7001,-5.8324,,4.9674,QC'd by NIEHS/NTP,candidate_step3_property,,C14H28O2,228.37,5.300,1,2,12,0
64860,11111263,1745,C1=C(NC=N1)CO,Inactive,0,,,Inactive,,,,,,,,,,4,,0.8355,,-0.1429,,,-6.2827,,,-2.3339,,,-7.9933,,,-0.044,,,-0.6246,,,-0.2971,,,0.8355,QC'd by SigmaAldrich,candidate_step3_property,,C4H6N2O,98.10,-0.800,2,2,1,0
64876,26749212,2116,CC1=C(C2=C(CCC(O2)(C)CCCC(C)CCCC(C)CCCC(C)C)C(=C1O)C)C,Inactive,0,,,Inactive,,,,,,,,,,4,,9.8658,,,,,8.5568,,,-19.0935,,,-21.5509,,,8.3403,,,-10.9915,,,3.5498,,,9.8658,QC'd by Microsource,candidate_step3_property,,C29H50O2,430.7,10.7,1,2,12,0
64893,17389658,6561,CC(C)C=O,Inactive,0,,,Inactive,,,,,,,,,,4,,20.6026,,-14.6626,9.8797,,15.3464,8.5734,,7.7731,20.6333,,17.1399,17.1594,,35.4962,19.6367,,9.6448,25.3602,,22.6232,8.1432,,20.6026,QC'd by NIEHS/NTP,candidate_step3_property,,C4H8O,72.11,0.8,0,1,1,0
64908,4252910,83791,C(N)S(=O)(=O)O,Inactive,0,,,Inactive,,,,,,,,,,4,,-10.3492,,-18.3597,,,-12.279,,,-16.4982,,,-9.922,,,-47.2958,,,1.9387,,,-10.3492,,,,QC'd by NCI,candidate_step3_property,,CH5NO3S,111.12,-4.0,2,4,1,0
64915,17389655,379,CCCCCCCC(=O)O,Inactive,0,,,Inactive,,,,,,,,,,4,,-0.2707,,-1.5025,-11.3039,,-26.3908,-3.0459,,-1.409,-57.1486,,10.0765,9.1647,,-7.9062,-2.0461,,4.2274,-16.7392,,2.2508,0.9342,,-0.2707,QC'd by NIEHS/NTP,candidate_step3_property,,C8H16O2,144.21,3.000,1,2,6,0
64923,4252911,3246146,C[C@@]12CC[C@H]3[C@@H]([C@H]1CC[C@@]2(C)O)CC[C@@H]4[C@]3(CC5=CN=C(N=C5C4)C6=CC=CC=C6)C,Inactive,0,,,Inactive,,,,,,,,,,4,,-7.0002,,7.4748,,,11.2151,,,8.2223,,,8.9449,,,7.8714,,,-2.9614,,,-7.0002,,,,QC'd by NCI,candidate_step3_property,,C28H36N2O,416.6,6.1,1,3,1,0
64938,17389656,5281,CCCCCCCCCCCCCCCCCC(=O)O,Inactive,0,,,Inactive,,,,,,,,,,4,,4.447,,0.1038,4.3328,,-12.2547,-7.4344,,9.6659,-4.1475,,-1.3157,-2.8538,,-1.4795,1.0519,,8.0442,7.7106,,-2.4539,5.3536,,4.447,QC'd by NIEHS/NTP,candidate_step3_property,,C18H36O2,284.5,7.400,1,2,16,0
64939,26753205,16078986,C1=CC(=CC(=C1)N=C=S)NC(=S)NCCCCNC(=S)NC2=CC(=CC=C2)N=C=S,Inactive,0,,,Inactive,,,,,,,,,,4,,-13.2002,,,,,3.3159,,,-12.0211,,,2.9789,,,5.7772,,,7.52,,,8.5799,,,-13.2002,QC'd by Tocris,candidate_step3_property,,C20H20N6S4,472.7,6.3,4,6,9,0
64945,17389661,7418,CC1=CC(=CC=C1)C(=O)O,Inactive,0,,,Inactive,,,,,,,,,,4,,14.1469,,5.2933,6.1486,,9.4789,13.7882,,15.9703,19.3469,,9.2567,5.8895,,-20.109,11.8053,,11.6161,-5.1863,,18.0986,2.0208,,14.1469,QC'd by NIEHS/NTP,candidate_step3_property,,C8H8O2,136.15,2.400,1,2,1,0
64955,11113801,5311093,CCCCCCCC/C=C\CCCCCCCC(=O)NCC1=CC(=C(C=C1)O)OC,Inactive,0,,,Inactive,,,,,,,,,,4,,13.4236,,6.5492,-32.6431,,27.9281,0.9782,,-25.9763,5.2995,,14.086,-6.5331,,4.9337,-14.3734,,18.3171,10.0231,,-10.9414,10.8881,,13.4236,QC'd by Tocris,candidate_step3_property,,C26H43NO3,417.6,8.1,2,3,18,0
64956,11111275,774,C1=C(NC=N1)CCN,Inactive,0,,,Inactive,,,,,,,,,,4,,-9.9852,,5.4981,,,-2.4487,,,-25.2656,,,-21.1864,,,-9.7466,,,-2.7249,,,0.4898,,,-9.9852,QC'd by SigmaAldrich,candidate_step3_property,,C5H9N3,111.15,-0.700,2,2,2,0
64964,17389662,196,C(CCC(=O)O)CC(=O)O,Inactive,0,,,Inactive,,,,,,,,,,4,,-0.3983,,24.6419,-3.7792,,-1.6553,-0.6413,,9.5356,17.0747,,-0.8848,9.9409,,8.225,6.8703,,10.7942,13.7313,,-6.635,0.1839,,-0.3983,QC'd by NIEHS/NTP,candidate_step3_property,,C6H10O4,146.14,0.100,2,4,5,0
64986,17389659,8314,CCC(C)C(=O)O,Inactive,0,,,Inactive,,,,,,,,,,4,,10.8442,,24.6729,-7.2243,,5.6239,14.7371,,25.4548,-38.9303,,9.5581,9.4111,,14.0735,30.8689,,14.3276,14.9923,,-3.6182,15.3992,,10.8442,QC'd by NIEHS/NTP,candidate_step3_property,,C5H10O2,102.13,1.200,1,2,2,0
65003,17389660,7470,CC1=CC=C(C=C1)C(=O)O,Inactive,0,,,Inactive,,,,,,,,,,4,,8.0253,,-18.3925,3.1636,,8.7538,-2.8124,,-8.9539,4.7028,,9.476,2.0135,,-1.8825,10.711,,14.2009,7.9778,,3.5983,9.605,,8.0253,QC'd by NIEHS/NTP,candidate_step3_property,,C8H8O2,136.15,2.300,1,2,1,0
65004,4252915,23365,CCOC(=O)CCCN,Inactive,0,,,Inactive,,,,,,,,,,4,,10.2233,,-4.5395,,,-6.0891,,,5.3818,,,3.418,,,8.2929,,,-7.3329,,,10.2233,,,,QC'd by NCI,candidate_step3_property,,C6H13NO2,131.17,-0.2,1,3,5,0
65033,17389666,650,CC(=O)C(=O)C,Inactive,0,,,Inactive,,,,,,,,,,4,,5.0502,,0.3911,,,1.3918,,,-9.2028,,,6.091,,,-2.872,,,2.039,,,0.5714,,,5.0502,QC'd by SigmaAldrich,candidate_step3_property,,C4H6O2,86.09,-1.300,0,2,1,0
65053,17389667,18177,C(#N)C(Cl)Cl,Inactive,0,,,Inactive,,,,,,,,,,4,,44.1516,,11.4303,36.2003,,30.9432,27.0614,,27.7697,58.2901,,35.2657,21.1637,,25.9996,19.2099,,13.9803,18.7397,,22.3354,16.0064,,44.1516,QC'd by NIEHS/NTP,candidate_step3_property,,C2HCl2N,109.94,1.3,0,1,0,0
65060,17389663,8094,CCCCCCC(=O)O,Inactive,0,,,Inactive,,,,,,,,,,4,,24.4709,,9.0028,12.6801,,23.6866,14.2428,,13.2322,16.066,,13.9582,24.3252,,11.7514,12.5375,,22.7393,10.7863,,16.6071,18.6397,,24.4709,QC'd by NIEHS/NTP,candidate_step3_property,,C7H14O2,130.18,2.500,1,2,5,0
65077,17389664,8130,CCCCCCC=O,Inactive,0,,,Inactive,,,,,,,,,,4,,28.5375,,13.1567,8.5263,,16.5901,5.2398,,-13.4287,1.88,,2.1407,-3.7239,,18.6109,23.7961,,16.7212,11.8316,,24.4646,25.4769,,28.5375,QC'd by NIEHS/NTP,candidate_step3_property,,C7H14O,114.19,2.300,0,1,5,0
65086,26749218,4035263,CC1C(C(=O)NC(C(=O)C2CCCC2C(=O)N(CC(=O)N(C(C(=O)O1)C(C)C)C)C)C(C)C)NC(=O)C3=C4C(=C(C=C3)C)OC5=C(C(=O)C(=C(C5=N4)C(=O)NC6C(OC(=O)C(N(C(=O)CN(C(=O)C7CCCC7C(=O)C(NC6=O)C(C)C)C)C)C(C)C)C)N)C,Inactive,0,,,Inactive,,,,,,,,,,4,,-18.0965,,,,,10.0256,,,-6.2818,,,-5.8682,,,8.6154,,,-11.8605,,,0.6062,,,-18.0965,QC'd by Microsource,candidate_step3_property,,C64H88N10O16,1253.4,5.2,5,18,8,0
65094,17389614,7681,CN(C)CC1=CC=CC=C1,Inactive,0,,,Inactive,,,,,,,,,,4,,8.5661,,-6.108,12.6338,,6.8765,-0.1683,,2.2266,8.8672,,4.1154,3.521,,7.5436,19.2677,,0.5686,-4.1798,,8.1181,13.8889,,8.5661,QC'd by NIEHS/NTP,candidate_step3_property,,C9H13N,135.21,2.000,0,1,2,0
65112,865545,666804,COC1=CC=C(C=C1)N2C(=NN=C2SCC3=CC=C(C=C3)C#N)COC4=CC=CC=C4,Inactive,0,,,Inactive,,,,,,,,,,4,,-9.0203,,,,,-10.8689,,,-6.2273,,,4.2414,,,-11.2664,,,-12.8583,,,-23.6942,,,-9.0203,QC'd by DPISMR,residual_possible_step4_or_definition_mismatch,,C24H20N4O2S,428.5,4.6,0,6,8,0
65135,17389616,7517,C1CCC(=NO)CC1,Inactive,0,,,Inactive,,,,,,,,,,4,,-9.466,,19.8729,-20.965,,8.8275,1.1188,,-3.3637,-2.3254,,-3.026,0.5645,,3.3285,4.3322,,-8.9432,-0.513,,-10.7062,3.8218,,-9.466,QC'd by NIEHS/NTP,candidate_step3_property,,C6H11NO,113.16,1.200,1,2,0,0
65156,17389617,7515,CNC1=CC=CC=C1,Inactive,0,,,Inactive,,,,,,,,,,4,,23.3158,,-1.0855,7.9702,,25.059,14.2344,,6.5932,5.6428,,10.9724,-0.3532,,8.3343,19.6041,,15.0988,16.2662,,20.0268,18.8803,,23.3158,QC'd by NIEHS/NTP,candidate_step3_property,,C7H9N,107.15,1.700,1,1,1,0
65158,11113748,6603722,C[C@@H]1CCN=C(S1)N,Inactive,0,,,Inactive,,,,,,,,,,4,,0.8232,,-6.3895,2.8034,,-6.79,13.9224,,12.7076,15.0418,,11.007,13.6212,,24.291,12.1997,,14.637,10.9757,,13.2909,17.3206,,0.8232,QC'd by Tocris,candidate_step3_property,,C5H10N2S,130.21,0.600,1,2,0,0
65164,17389610,7809,CC1=CC=C(C=C1)C,Inactive,0,,,Inactive,,,,,,,,,,4,,9.6402,,-7.3379,2.593,,0.4935,6.1669,,5.3397,0.2452,,-12.5056,-5.0164,,-1.5012,-5.4449,,10.2749,-1.1156,,13.0649,1.2457,,9.6402,QC'd by NIEHS/NTP,candidate_step3_property,,C8H10,106.16,3.200,0,0,0,0
65181,11113749,5139,CCSC(=N)N,Inactive,0,,,Inactive,,,,,,,,,,4,,-9.2575,,-6.5865,-6.2101,,5.1558,-0.8825,,0.5019,-5.1181,,-23.9885,-15.3823,,-5.0775,-9.9571,,-14.5855,-2.6801,,0.1578,-9.2002,,-9.2575,QC'd by Tocris,candidate_step3_property,,C3H8N2S,104.18,0.5,2,2,2,0
65192,4243880,1205217,CC1=C(C(=CC=C1)C)NC(=O)C2(CCCCC2)N(C3=CC(=CC=C3)OC)C(=O)C4=CC=NN4,Inactive,0,,,Inactive,,,,,,,,,,4,,10.1698,,,,,1.323,,,-5.2802,,,-0.5056,,,3.2065,,,14.8006,,,-11.5293,,,10.1698,QC'd by DPISMR,residual_possible_step4_or_definition_mismatch,,C26H30N4O3,446.5,4.8,2,4,6,0
65200,4252766,3246098,C[C@H]1[C@@H]([C@H]([C@@H]([C@@H](O1)O[C@H]2C[C@H]([C@]3([C@@H]4[C@H](CC[C@]3(C2)O)[C@]5(CC[C@@H]([C@]5(C[C@H]4O)C)C6=CC(=O)OC6)O)CO)O)O)O)O,Inactive,0,,,Inactive,,,,,,,,,,4,,-9.9721,,4.4109,,,14.1248,,,2.3893,,,-1.4224,,,-2.8466,,,-7.2003,,,-9.9721,,,,QC'd by NCI,candidate_step3_property,,C29H44O12,584.7,-1.700,8,12,4,0
65204,17389612,7771,CC1=CC(=C(C=C1)O)C,Inactive,0,,,Inactive,,,,,,,,,,4,,4.6113,,7.4648,4.5575,,7.0753,4.396,,1.8599,-6.8397,,12.5768,-4.3058,,13.4504,13.6978,,-4.5484,-4.4473,,10.3806,-3.627,,4.6113,QC'd by NIEHS/NTP,candidate_step3_property,,C8H10O,122.16,2.300,1,1,0,0
65220,7977612,827711,CC1=CC(=CC=C1)N2CCN(C2C3=CN=CC=C3)C4=CC=CC(=C4)C,Inactive,0,,,Inactive,,,,,,,,,,4,,-19.7316,,,,,-2.5572,,,-11.8695,,,-13.6518,,,2.7077,,,4.4684,,,-11.6787,,,-19.7316,QC'd by DPISMR,residual_possible_step4_or_definition_mismatch,,C22H23N3,329.4,4.9,0,3,3,0
65222,17389613,7726,C1=CC(=CC=C1C=O)Cl,Inactive,0,,,Inactive,,,,,,,,,,4,,16.055,,19.6787,-1.7035,,7.0469,2.1666,,-25.5341,15.6781,,7.6858,-4.7826,,-1.6652,4.1357,,-0.5747,6.9229,,14.5115,2.8462,,16.055,QC'd by NIEHS/NTP,candidate_step3_property,,C7H5ClO,140.56,2.100,0,1,1,0
65247,17389606,7854,CCC#N,Inactive,0,,,Inactive,,,,,,,,,,4,,7.5114,,-6.3861,1.3599,,-0.4836,0.4951,,-7.6003,12.5074,,2.7521,7.3358,,6.0324,3.2558,,4.1584,2.3264,,0.775,0.9269,,7.5114,QC'd by NIEHS/NTP,candidate_step3_property,,C3H5N,55.08,0.200,0,1,0,0
65254,26749029,16757852,CCC1[C@H](/C=C(/C=C/C(=O)C(C[C@H]([C@@H](C(C(CC(=O)O1)O)C)O[C@H]2C(C([C@H](C(O2)C)O[C@@H]3C[C@@](C(C(O3)C)O)(C)O)N(C)C)O)CC=O)C)\C)COC4[C@H](C(C(C(O4)C)O)OC)OC,Inactive,0,,,Inactive,,,,,,,,,,4,,1.9976,,,,,-12.5437,,,3.163,,,-0.7385,,,-0.618,,,3.3575,,,2.4356,,,1.9976,QC'd by Microsource,candidate_step3_property,,C46H77NO17,916.1,1.0,5,18,13,0
65258,4252762,5771541,CC(C)(C)C1=CC=C(C=C1)CN2CCN(CC2)[C@H](C3=CC=CC=C3)C4=CC=C(C=C4)Cl,Inactive,0,,,Inactive,,,,,,,,,,4,,4.976,,-0.59,,,15.7176,,,4.1233,,,1.2613,,,2.4795,,,7.3628,,,4.976,,,,QC'd by NCI,candidate_step3_property,,C28H33ClN2,433.0,7.1,0,2,6,0
65261,17389607,7840,CCCBr,Inactive,0,,,Inactive,,,,,,,,,,4,,-11.2961,,-11.6496,-7.3335,,-1.5952,-6.6249,,-17.2603,-11.3947,,-28.0593,-11.8317,,-0.1152,-14.2391,,-14.7693,-25.1506,,-16.2745,-12.4933,,-11.2961,QC'd by NIEHS/NTP,candidate_step3_property,,C3H7Br,122.99,2.100,0,0,1,0
65282,17389608,7819,CC(C)COC(=O)C=C,Inactive,0,,,Inactive,,,,,,,,,,4,,10.0067,,25.516,6.3495,,12.2295,3.8374,,-3.1989,27.2664,,-32.0295,15.9093,,10.9026,14.8822,,-0.6424,8.9515,,13.2615,13.7087,,10.0067,QC'd by NIEHS/NTP,candidate_step3_property,,C7H12O2,128.17,2.200,0,2,4,0
65297,4252760,15732,C1=CC=C(C=C1)C2=CN=C(O2)C3=CC=C(C=C3)C4=NC=C(O4)C5=CC=CC=C5,Inactive,0,,,Inactive,,,,,,,,,,4,,4.8217,,4.2362,,,-10.5183,,,9.8089,,,-2.3936,,,0.301,,,6.2884,,,4.8217,,,,QC'd by NCI,candidate_step3_property,,C24H16N2O2,364.4,6.400,0,4,4,0
65302,17389609,4684,C1=CC(=CC=C1O)Cl,Inactive,0,,,Inactive,,,,,,,,,,4,,17.2578,,3.9348,6.9642,,18.7671,0.6707,,-5.8014,0.0233,,11.553,4.9153,,-9.6908,5.7102,,-9.4021,-9.0581,,-2.594,1.374,,17.2578,QC'd by NIEHS/NTP,candidate_step3_property,,C6H5ClO,128.55,2.400,1,1,0,0
65325,17389602,7966,C1CCC(CC1)O,Inactive,0,,,Inactive,,,,,,,,,,4,,5.7383,,4.5469,10.4372,,8.6207,-9.7374,,21.0964,-6.7842,,-0.2171,8.6589,,12.7108,17.4934,,15.3527,4.9284,,-21.6744,21.9088,,5.7383,QC'd by NIEHS/NTP,candidate_step3_property,,C6H12O,100.16,1.200,1,1,0,0
65343,17389603,7909,CC(C)CC(=O)C,Inactive,0,,,Inactive,,,,,,,,,,4,,-0.7722,,-14.4387,-5.8414,,5.9834,-4.6115,,0.8794,9.3689,,11.6678,-9.757,,0.5501,2.0436,,-5.941,-11.8559,,5.1406,13.1388,,-0.7722,QC'd by NIEHS/NTP,candidate_step3_property,,C6H12O,100.16,1.300,0,1,2,0
65344,4252755,229969,CN(C)CCCN1C2=C(C3=CC=CC=C3C=C2)SC4=C1C(=CC=C4)Cl,Inactive,0,,,Inactive,,,,,,,,,,4,,1.057,,-4.2645,,,1.0556,,,-8.5117,,,2.4515,,,-9.5825,,,-2.3308,,,1.057,,,,QC'd by NCI,candidate_step3_property,,C21H21ClN2S,368.9,6.0,0,3,4,0
65360,17389604,7859,C#CCO,Inactive,0,,,Inactive,,,,,,,,,,4,,15.6578,,8.5011,4.8448,,9.8902,10.975,,14.7932,49.5958,,21.9025,3.8733,,22.043,11.7081,,15.5285,20.5028,,4.8695,-7.6862,,15.6578,QC'd by NIEHS/NTP,candidate_step3_property,,C3H4O,56.06,-0.400,1,1,0,0
65373,11113744,6604769,C1[C@H](N[C@@H]1C(=O)O)C(=O)O,Inactive,0,,,Inactive,,,,,,,,,,4,,0.9807,,6.0518,9.9789,,11.779,11.2608,,4.5357,17.8588,,11.1198,7.205,,12.1977,0.5798,,9.7623,-8.4442,,-4.4147,3.571,,0.9807,QC'd by SigmaAldrich,candidate_step3_property,,C5H7NO4,145.11,-3.1,3,5,2,0
65381,17389605,3301,C(CN)N,Inactive,0,,,Inactive,,,,,,,,,,4,,-5.9805,,7.6985,-3.4065,,17.5345,1.5102,,3.3491,11.6524,,-8.7116,-1.0962,,4.3467,19.7757,,-11.4068,8.2801,,2.6027,-0.4587,,-5.9805,QC'd by NIEHS/NTP,candidate_step3_property,,C2H8N2,60.10,-2.000,2,2,1,0
65399,17389631,7047,C1=CC=C2C(=C1)C=CC=N2,Inactive,0,,,Inactive,,,,,,,,,,4,,-3.4862,,-13.7621,-3.1051,,-9.583,-6.4251,,-21.5338,12.3743,,1.0016,-11.8663,,-8.1872,-10.8705,,-1.0871,-11.5824,,-8.4175,-11.2687,,-3.4862,QC'd by NIEHS/NTP,candidate_step3_property,,C9H7N,129.16,2.000,0,1,0,0
65415,17389630,7061,CCN(CC)C1=CC=CC=C1,Inactive,0,,,Inactive,,,,,,,,,,4,,5.29,,-17.2298,-28.5562,,6.4429,-20.8512,,-13.5149,5.7412,,3.4401,-8.0057,,7.3136,-6.4669,,-10.9461,-14.4596,,-2.7058,10.216,,5.29,QC'd by NIEHS/NTP,candidate_step3_property,,C10H15N,149.23,3.300,0,1,3,0
65420,11113765,2039,C(CSC(=N)N)N,Inactive,0,,,Inactive,,,,,,,,,,4,,-2.6378,,6.7205,-1.5822,,20.4901,2.5761,,7.8154,8.9154,,2.7033,8.794,,13.8503,8.5058,,3.3199,-3.1431,,17.2596,3.0248,,-2.6378,QC'd by Tocris,candidate_step3_property,,C3H9N3S,119.19,-0.8,3,3,3,0
65448,4248242,6997825,CN1C=C(C2=CC=CC=C21)/C=N/N3C=NC4=C(C3=O)C(=CS4)C5=CC=C(C=C5)Cl,Inactive,0,,,Inactive,,,,,,,,,,4,,5.1597,,,,,7.6053,,,-12.9436,,,-15.2578,,,7.0443,,,24.2472,,,17.453,,,5.1597,QC'd by DPISMR,residual_possible_step4_or_definition_mismatch,,C22H15ClN4OS,418.9,4.9,0,4,3,0
65451,17389632,6947,C1=CC=C(C(=C1)[N+](=O)[O-])O,Inactive,0,,,Inactive,,,,,,,,,,4,,9.3232,,-7.0443,-4.4416,,3.9635,1.7832,,6.8731,2.5067,,27.3197,-0.2529,,6.6005,2.4008,,5.5748,-4.3541,,-18.2718,-6.6445,,9.3232,QC'd by NIEHS/NTP,candidate_step3_property,,C6H5NO3,139.11,1.800,1,3,0,0
65463,17389627,7240,C1=CC=C(C(=C1)N)Cl,Inactive,0,,,Inactive,,,,,,,,,,4,,-10.6985,,39.376,17.8524,,35.6326,5.7273,,22.9493,71.9502,,40.6361,25.3163,,32.1575,31.7603,,26.9405,27.4825,,-18.4881,41.1847,,-10.6985,QC'd by NIEHS/NTP,candidate_step3_property,,C6H6ClN,127.57,1.900,1,1,0,0
65469,26749056,16667736,CC1=C(SC=N1)/C=C\C2=C(N3C(C(C3=O)NC(=O)/C(=N\OC)/C4=CSC(=N4)N)SC2)C(=O)OCOC(=O)C(C)(C)C,Inactive,0,,,Inactive,,,,,,,,,,4,,-5.1196,,,,,34.2817,,,4.0194,,,-2.1694,,,25.5455,,,15.0502,,,25.2423,,,-5.1196,QC'd by Microsource,candidate_step3_property,,C25H28N6O7S3,620.7,4.700,2,14,12,0
65483,4252749,3246092,C[C@H](CCCC(C)C)[C@@H]1CC[C@H]2[C@]1(CC[C@@H]3[C@@H]2CC[C@@H]4[C@]3(CC[C@@H](C4)N)C)C,Inactive,0,,,Inactive,,,,,,,,,,4,,-3.2064,,-3.6861,,,7.0778,,,0.648,,,-2.2247,,,0.7583,,,-5.4341,,,-3.2064,,,,QC'd by NCI,candidate_step3_property,,C27H49N,387.7,9.1,1,1,5,0
65497,11113769,445319,CC(C)SC(=N)N,Inactive,0,,,Inactive,,,,,,,,,,4,,6.2012,,-7.1815,-2.8289,,4.2468,-6.4027,,-19.4866,-5.0279,,2.1257,8.4303,,-0.273,-10.9398,,2.7559,14.7959,,-5.5432,-1.0444,,6.2012,QC'd by Tocris,candidate_step3_property,,C4H10N2S,118.20,1.0,2,2,2,0
65504,17389629,7237,CC1=CC=CC=C1C,Inactive,0,,,Inactive,,,,,,,,,,4,,10.8679,,2.8244,6.8465,,5.9,4.3695,,12.7119,12.3306,,13.2791,10.2397,,12.0721,11.6784,,-0.114,18.0454,,28.9203,20.2959,,10.8679,QC'd by NIEHS/NTP,candidate_step3_property,,C8H10,106.16,3.100,0,0,0,0
65524,17389628,335,CC1=CC=CC=C1O,Inactive,0,,,Inactive,,,,,,,,,,4,,-13.0071,,1.5647,-12.1832,,0.1357,-5.3804,,-11.6308,-17.3938,,6.7993,-11.7178,,-3.2438,7.5135,,-11.1617,-10.2529,,-5.3711,-9.9528,,-13.0071,QC'd by NIEHS/NTP,candidate_step3_property,,C7H8O,108.14,2.000,1,1,0,0
65544,26749044,3599,CCCCCCCCCCCCCCCCOP(=O)([O-])OCC[N+](C)(C)C,Inactive,0,,,Inactive,,,,,,,,,,4,,19.0281,,,,,4.3999,,,11.8966,,,8.4937,,,18.5172,,,21.8245,,,8.1928,,,19.0281,QC'd by Microsource,candidate_step3_property,,C21H46NO4P,407.6,6.7,0,4,20,0
65545,11113754,4671,CCCCCCCCCCCCCCCC(=O)NCCO,Inactive,0,,,Inactive,,,,,,,,,,4,,-7.295,,-15.8308,-0.054,,16.7863,-11.6284,,-1.4113,-2.4424,,-25.4592,8.7474,,-10.2981,-1.361,,-4.8174,16.3538,,4.9335,-0.5885,,-7.295,QC'd by SigmaAldrich,candidate_step3_property,,C18H37NO2,299.5,6.2,2,2,16,0
65563,11113753,5283387,CCCCCCCC/C=C\CCCCCCCC(=O)N,Inactive,0,,,Inactive,,,,,,,,,,4,,10.1078,,-5.8584,-7.1932,,2.0194,-9.1489,,-3.226,-14.0379,,5.5251,-6.7071,,-0.643,-6.0175,,1.8571,0.8864,,4.3884,11.9232,,10.1078,QC'd by Tocris,candidate_step3_property,,C18H35NO,281.5,6.6,1,1,15,0
65576,26749046,9556529,C1=CC(=C(C=C1Cl)Cl)CO/N=C(\CN2C=CN=C2)/C3=C(C=C(C=C3)Cl)Cl.[N+](=O)(O)[O-],Inactive,0,,,Inactive,,,,,,,,,,4,,-2.472,,,,,10.1975,,,-16.9301,,,-2.207,,,4.6904,,,-25.7147,,,2.5588,,,-2.472,QC'd by Microsource,property_value_missing,,C18H14Cl4N4O4,492.1,,1,6,6,0
65588,17389624,5324275,CC/C(=N/O)/C,Inactive,0,,,Inactive,,,,,,,,,,4,,13.3575,,-21.9182,2.487,,-5.1221,1.9074,,-9.4081,-9.4079,,2.488,16.9543,,14.3522,9.6043,,16.8474,3.4457,,1.0078,5.3059,,13.3575,QC'd by NIEHS/NTP,candidate_step3_property,,C4H9NO,87.12,0.700,1,2,1,0
65617,17389619,7471,CC1=CC=C(C=C1)N(C)C,Inactive,0,,,Inactive,,,,,,,,,,4,,6.5934,,-11.0567,3.1195,,5.2578,-2.5628,,-20.4358,-15.2784,,5.1891,-13.7217,,0.8555,-4.6388,,-12.3315,-3.2573,,16.2217,-13.6756,,6.5934,QC'd by NIEHS/NTP,candidate_step3_property,,C9H13N,135.21,2.800,0,1,1,0
65620,4252742,3246089,C1C2=CC=CC=C2C3=C1C=C(C=C3)NC(=S)NC4=CC5=C(C=C4)C6=CC=CC=C6C5,Inactive,0,,,Inactive,,,,,,,,,,4,,-2.3806,,-7.1899,,,-3.3234,,,4.747,,,3.1092,,,-1.8398,,,-27.5417,,,-2.3806,,,,QC'd by NCI,candidate_step3_property,,C27H20N2S,404.5,6.3,2,1,2,0
65626,11111495,1390,CN1C=CN=C1,Inactive,0,,,Inactive,,,,,,,,,,4,,8.9367,,3.4497,,,4.8189,,,4.7748,,,9.6164,,,-0.5126,,,1.088,,,4.1561,,,8.9367,QC'd by SigmaAldrich,candidate_step3_property,,C4H6N2,82.10,-0.100,0,1,0,0
65636,17389618,7497,CCN(CC)CCO,Inactive,0,,,Inactive,,,,,,,,,,4,,45.4086,,41.5533,30.1828,,32.8543,13.7381,,40.633,90.3946,,13.5728,37.3774,,49.6495,48.872,,25.5333,22.8295,,28.1443,9.8348,,45.4086,QC'd by NIEHS/NTP,candidate_step3_property,,C6H15NO,117.19,0.3,1,2,4,0
65653,17389621,7406,CC(C)C1=CC=CC=C1,Inactive,0,,,Inactive,,,,,,,,,,4,,2.8801,,-8.1507,-15.242,,-6.1351,-11.3649,,-14.7111,-2.593,,-5.3208,-17.3216,,-8.2454,1.9351,,-0.0952,-5.2624,,-13.2018,-6.8118,,2.8801,QC'd by NIEHS/NTP,candidate_step3_property,,C9H12,120.19,3.700,0,0,1,0
65675,17389620,7422,CC1=CC(=CC=C1)[N+](=O)[O-],Inactive,0,,,Inactive,,,,,,,,,,4,,-8.1265,,9.7702,7.5753,,-0.4888,4.2627,,-8.5045,8.4916,,-2.5757,-1.5512,,-3.9448,-7.331,,-7.5716,-0.8348,,6.7606,-2.9475,,-8.1265,QC'd by NIEHS/NTP,candidate_step3_property,,C7H7NO2,137.14,2.400,0,2,0,0
65681,4252739,5771538,C[C@H](CCC(=O)OC)[C@H]1CC[C@@H]2[C@]1([C@@H]([C@@H]([C@]34[C@@H]2CC[C@@H]5[C@]3(CC[C@@H](C5)O4)C)Br)Br)C,Inactive,0,,,Inactive,,,,,,,,,,4,,-0.0577,,0.8913,,,-2.2508,,,-2.5718,,,-8.0752,,,-9.067,,,-13.2485,,,-0.0577,,,,QC'd by NCI,candidate_step3_property,,C25H38Br2O3,546.4,6.9,0,3,5,0
65718,11113715,3448,C1CNCC2=C1C(=O)NO2,Inactive,0,,,Inactive,,,,,,,,,,4,,15.5922,,-7.9832,-8.4374,,7.7026,-7.2821,,1.0684,4.691,,-4.5855,10.4442,,2.2229,7.8025,,3.2842,7.6031,,-7.9553,-0.3979,,15.5922,QC'd by Tocris,candidate_step3_property,,C6H8N2O2,140.14,-0.900,2,3,0,0
65735,3716210,2999516,CC(C1=NN=C(N1C2=CC=C(C=C2)Cl)SCN3C(=O)C4=CC=CC=C4N=N3)N(C)C,Inactive,0,,,Inactive,,,,,,,,,,4,,2.8357,,,,,-0.1426,,,-1.7315,,,-8.6583,,,-7.5075,,,-4.8459,,,10.8333,,,2.8357,QC'd by DPISMR,residual_possible_step4_or_definition_mismatch,,C20H20ClN7OS,441.9,4.3,0,7,6,0
65745,26749003,16757849,CNC1[C@@H](O[C@@H]2CC(C(O[C@H]2C1O)O[C@H]3[C@@H](CC(C(C3O)O)N)N)N)O[C@H]4C(C(C(C(O4)CO)N)O)O,Inactive,0,,,Inactive,,,,,,,,,,4,,11.5256,,,,,-1.4424,,,4.7915,,,11.3136,,,17.5166,,,11.8471,,,-0.8274,,,11.5256,QC'd by Microsource,candidate_step3_property,,C21H41N5O11,539.6,-7.0,11,16,6,0
65756,11113713,6604759,C[C@](COP(=O)(O)O)(C(=O)O)N,Inactive,0,,,Inactive,,,,,,,,,,4,,4.578,,9.7368,0.6691,,8.1431,7.1401,,4.4732,5.135,,13.7474,2.9272,,6.9785,12.8838,,3.6465,-7.722,,6.2128,-6.3039,,4.578,QC'd by Tocris,candidate_step3_property,,C4H10NO6P,199.10,-5.0,4,7,4,0
65757,11111490,132862,CN=C(N)NCCC[C@@H](C(=O)O)N,Inactive,0,,,Inactive,,,,,,,,,,4,,7.8378,,-24.4501,,,-4.8271,,,8.3629,,,7.4419,,,12.5801,,,4.9884,,,-5.2462,,,7.8378,QC'd by SigmaAldrich,candidate_step3_property,,C7H16N4O2,188.23,-4.100,4,4,6,0
65765,17389579,31272,CCCCOC(=O)C,Inactive,0,,,Inactive,,,,,,,,,,4,,-4.5393,,-7.1312,-4.5363,,-29.6206,-6.1753,,-10.3673,11.5997,,-2.3894,-2.9235,,-5.8884,2.8786,,0.8424,-4.0677,,-15.8894,-7.4883,,-4.5393,QC'd by NIEHS/NTP,candidate_step3_property,,C6H12O2,116.16,1.800,0,2,4,0
65779,17389580,31236,C1=CC=C(C=C1)OCCO,Inactive,0,,,Inactive,,,,,,,,,,4,,-9.7865,,10.5961,-9.0854,,2.4301,0.3212,,-20.1356,1.3749,,-12.2574,8.6357,,-3.1837,-15.6282,,0.0675,-5.899,,-2.1731,7.2879,,-9.7865,QC'd by NIEHS/NTP,candidate_step3_property,,C8H10O2,138.16,1.200,1,2,3,0
65790,4239372,3234479,CC1=CC(=CC=C1)CNC2=NC(=NC3=CC=CC=C32)C4=CC=CC=C4CN(C)C,Inactive,0,,,Inactive,,,,,,,,,,4,,22.3149,,,,,15.3449,,,23.1613,,,15.738,,,10.4404,,,2.3316,,,-2.9587,,,22.3149,QC'd by Pharmacopeia,candidate_step3_property,,C25H26N4,382.5,5.2,1,4,6,0
65796,17389577,31370,CC(CCl)O,Inactive,0,,,Inactive,,,,,,,,,,4,,-10.1767,,2.6188,-2.9495,,-2.7763,4.4668,,-16.6769,-25.072,,-2.3509,5.9821,,-0.4182,7.0597,,-1.5406,-0.361,,-2.071,-27.8667,,-10.1767,QC'd by NIEHS/NTP,candidate_step3_property,,C3H7ClO,94.54,0.6,1,1,1,0
65800,11113716,157018,C=C[C@@H](CCC(=O)O)N,Inactive,0,,,Inactive,,,,,,,,,,4,,21.1317,,,,,4.0157,,,-6.9348,,,-2.9,,,-20.9905,,,-5.0839,,,2.8123,,,21.1317,QC'd by SigmaAldrich,candidate_step3_property,,C6H11NO2,129.16,-2.200,2,3,4,0
65820,11113717,6604760,C[C@@H](CC(=O)O)[C@H](C(=O)O)N,Inactive,0,,,Inactive,,,,,,,,,,4,,5.9664,,-5.7645,3.2207,,4.2495,1.4321,,-2.7688,-3.9942,,5.4085,-2.7959,,-6.5113,6.295,,9.8282,-6.9068,,6.6389,-2.9303,,5.9664,QC'd by Tocris,candidate_step3_property,,C6H11NO4,161.16,-3.100,3,5,4,0
65832,11113706,1645,C1=CC(=CC(=C1)N)C(=O)N,Inactive,0,,,Inactive,,,,,,,,,,4,,-15.1397,,12.1467,-1.5317,,-4.5142,-4.7299,,-4.862,-7.9625,,-6.9364,-0.8292,,5.822,-4.0892,,1.0029,-5.2528,,-1.4032,3.3248,,-15.1397,QC'd by SigmaAldrich,candidate_step3_property,,C7H8N2O,136.15,-0.500,2,2,1,0
65837,17389575,700,C(CO)N,Inactive,0,,,Inactive,,,,,,,,,,4,,3.8056,,11.9481,-18.1409,,3.4455,11.5035,,5.9316,49.8434,,1.363,-1.6323,,-0.671,-6.9216,,-5.8441,4.1816,,9.1403,0.3323,,3.8056,QC'd by NIEHS/NTP,candidate_step3_property,,C2H7NO,61.08,-1.300,2,2,1,0
65846,26748997,13013858,C[N+](C)(C)CCOP(=O)([O-])OP(=O)(O)OCC1C(C(C(O1)N2C=CC(=NC2=O)N)O)O,Inactive,0,,,Inactive,,,,,,,,,,4,,3.7215,,,,,3.9041,,,-10.4948,,,-7.5701,,,19.0548,,,-2.1074,,,2.8672,,,3.7215,QC'd by Microsource,candidate_step3_property,,C14H26N4O11P2,488.32,-4.000,4,11,10,0
65861,11111475,6603929,CC(C)[C@](CCCN(C)CCC1=CC(=C(C=C1)OC)OC)(C#N)C2=CC(=C(C(=C2)OC)OC)OC,Inactive,0,,,Activator,0.0013,28,,Complete curve; partial efficacy; poor fit,-8.9,1.4163,0.7316,38.5,10.5,1.4,0 0 0 0 0 1 0 0,33.1269,,19.3828,,,33.4445,,,37.561,,,45.9297,,,42.1049,,,51.6056,,,34.4628,,,33.1269,QC'd by SigmaAldrich,residual_possible_step4_or_definition_mismatch,,C28H40N2O5,484.6,3.800,0,7,14,0
65865,4239368,3234475,COC1=CC2=C(C=C1)NC=C2CCNC3=NC=NC4=C3C=C(C=C4)C5=CC=CC=C5OC,Inactive,0,,,Inactive,,,,,,,,,,4,,-29.6023,,,,,13.1818,,,17.5086,,,12.4528,,,-0.5924,,,19.6124,,,13.272,,,-29.6023,QC'd by Pharmacopeia,candidate_step3_property,,C26H24N4O2,424.5,5.5,2,5,7,0
65867,17389573,8881,C(CCl)CCl,Inactive,0,,,Inactive,,,,,,,,,,4,,5.1779,,36.6919,17.7553,,-2.4134,4.0331,,2.0315,9.8855,,5.1011,6.9193,,20.6208,-8.3108,,-0.6928,20.7649,,12.068,15.3998,,5.1779,QC'd by NIEHS/NTP,candidate_step3_property,,C3H6Cl2,112.98,2.000,0,0,2,0
65879,11113705,2146,C(=NN)(N)N,Inactive,0,,,Inactive,,,,,,,,,,4,,-28.5321,,3.3541,-18.0116,,7.0715,-8.0252,,-4.7704,-21.2211,,-0.1477,-1.3837,,-23.2519,-0.0532,,-3.8939,7.8351,,-2.3347,-11.8432,,-28.5321,QC'd by Tocris,candidate_step3_property,,CH6N4,74.09,-1.5,3,2,0,0
65885,17389574,8857,CCOC(=O)C,Inactive,0,,,Inactive,,,,,,,,,,4,,-12.7895,,3.2129,-13.9092,,1.4061,-9.1471,,-19.4859,-8.4271,,-5.5234,-0.0259,,-0.2269,-14.8628,,-25.0875,2.8707,,-16.2814,-5.43,,-12.7895,QC'd by NIEHS/NTP,candidate_step3_property,,C4H8O2,88.11,0.700,0,2,2,0
65910,11111480,6058,C(CS)N,Inactive,0,,,Inactive,,,,,,,,,,4,,5.6141,,51.8969,,,55.5434,,,53.5976,,,41.7998,,,52.332,,,58.9238,,,36.4522,,,5.6141,QC'd by SigmaAldrich,candidate_step3_property,,C2H7NS,77.15,-0.4,2,2,1,0
65917,17389572,9016,COC1=CC=C(C=C1)OC,Inactive,0,,,Inactive,,,,,,,,,,4,,-15.3259,,-1.7633,-24.1356,,-3.2464,-7.5715,,-8.883,-7.7815,,-2.6417,-5.851,,-6.0409,-8.1807,,-4.9176,-14.5188,,-17.4772,-2.4423,,-15.3259,QC'd by NIEHS/NTP,candidate_step3_property,,C8H10O2,138.16,2.000,0,2,2,0
65930,17389568,10722,CC1=CC=CC=C1C=O,Inactive,0,,,Inactive,,,,,,,,,,4,,2.5097,,8.1774,-5.7931,,4.938,-9.8582,,-8.4474,-18.3823,,9.1395,10.9145,,-4.6373,-6.8591,,3.3029,-14.7733,,1.2817,-23.6583,,2.5097,QC'd by NIEHS/NTP,candidate_step3_property,,C8H8O,120.15,2.100,0,1,1,0
65933,4252724,228569,CC(CCC(=O)O)(C1=CC(=C(C(=C1)Br)O)Br)C2=CC(=C(C(=C2)Br)O)Br,Inactive,0,,,Inactive,,,,,,,,,,4,,-4.3815,,6.238,,,11.186,,,-2.2351,,,13.0839,,,6.8442,,,9.4934,,,-4.3815,,,,QC'd by NCI,candidate_step3_property,,C17H14Br4O4,601.9,6.1,3,4,5,0
65937,17389569,10721,CC1=CC=CC=C1C#N,Inactive,0,,,Inactive,,,,,,,,,,4,,20.783,,7.1751,-17.3678,,16.0044,-19.6608,,0.0454,21.9606,,15.021,10.3562,,13.0071,7.044,,7.721,19.6502,,16.3499,21.0988,,20.783,QC'd by NIEHS/NTP,candidate_step3_property,,C8H7N,117.15,2.200,0,1,0,0
65940,861709,662944,C1=CC=NC(=C1)C2=NN=C(N2CC3=CC=CO3)SCC4=C(C=C(C=C4)Cl)Cl,Inactive,0,,,Inactive,,,,,,,,,,4,,-14.848,,,,,-20.9035,,,-11.9328,,,-17.4384,,,-6.2602,,,-7.9976,,,-16.8993,,,-14.848,QC'd by DPISMR,residual_possible_step4_or_definition_mismatch,,C19H14Cl2N4OS,417.3,4.3,0,5,6,0
65961,26748999,16757847,CC1C(C([C@@H](C(O1)OCC2C(C(C(C(O2)OC3=C(OC4=CC(=CC(=C4C3=O)O)OCCO)C5=CC(=C(C=C5)OCCO)OCCO)O)O)O)O)O)O,Inactive,0,,,Inactive,,,,,,,,,,4,,-2.061,,,,,-4.6469,,,4.3909,,,6.1368,,,24.2692,,,13.3046,,,17.4295,,,-2.061,QC'd by Microsource,candidate_step3_property,,C33H42O19,742.7,-2.4,10,19,15,0
65962,11113709,127914,CN([C@H](CN1CCCC1)C2=CC(=CC=C2)N=C=S)C(=O)CC3=CC(=C(C=C3)Cl)Cl,Inactive,0,,,Inactive,,,,,,,,,,4,,-14.659,,18.1309,0.7162,,12.2124,0.5827,,1.067,6.0482,,10.7882,10.5618,,-7.5427,-9.1714,,2.476,18.1247,,3.4547,10.7393,,-14.659,QC'd by Tocris,candidate_step3_property,,C22H23Cl2N3OS,448.4,6.000,0,4,7,0
65967,4252719,24693,CC1=CC=C(C=C1)O.CC1=CC(=CC=C1)O.CC1=CC=CC=C1O,Inactive,0,,,Inactive,,,,,,,,,,4,,30.8136,,70.232,,,22.9503,,,29.3382,,,30.0612,,,24.9539,,,36.7075,,,30.8136,,,,QC'd by NCI,property_value_missing,,C21H24O3,324.4,,3,3,0,0
65970,17389601,7970,CC1=CN=CC=C1,Inactive,0,,,Inactive,,,,,,,,,,4,,4.9147,,6.1505,1.8272,,-2.0793,-1.3506,,13.8533,18.4969,,-1.2627,9.4476,,14.2707,8.8894,,10.0039,8.3547,,7.686,2.9631,,4.9147,QC'd by NIEHS/NTP,candidate_step3_property,,C6H7N,93.13,1.200,0,1,0,0
65971,17389600,8021,CCNCC,Inactive,0,,,Inactive,,,,,,,,,,4,,13.7339,,21.177,-2.9833,,-3.708,-22.0824,,-4.0728,-13.5764,,16.3233,18.8966,,-3.712,0.6178,,13.7089,-0.1336,,-7.0985,-7.0442,,13.7339,QC'd by NIEHS/NTP,candidate_step3_property,,C4H11N,73.14,0.600,1,1,2,0
65984,11113731,80263,CCCCCCC[N+]1=CC=C(C=C1)C2=CC=[N+](C=C2)CCCCCCC,Inactive,0,,,Inactive,,,,,,,,,,4,,-20.8784,,10.2311,-3.737,,4.8518,-29.7179,,-10.1911,-3.0352,,-3.2904,15.2116,,18.1193,-8.5528,,6.4456,7.2904,,-5.7278,-0.8759,,-20.8784,QC'd by Tocris,candidate_step3_property,,C24H38N2+2,354.6,7.3,0,0,13,2
65987,17389599,1049,C1=CC=NC=C1,Inactive,0,,,Inactive,,,,,,,,,,4,,16.7834,,-9.5844,-4.0086,,3.8501,3.5068,,-22.8679,-21.411,,-5.4975,1.2413,,6.1878,8.6212,,5.5828,-0.3971,,-8.3503,26.1636,,16.7834,QC'd by NIEHS/NTP,candidate_step3_property,,C5H5N,79.10,0.700,0,1,0,0
65988,865531,666790,C1=COC(=C1)CN2C(=NN=C2SCC(=O)NC3=CC(=CC(=C3)Cl)Cl)CC4=CC=CS4,Inactive,0,,,Inactive,,,,,,,,,,4,,4.0858,,,,,-0.1191,,,-10.1375,,,-15.5543,,,-23.037,,,1.8189,,,-10.2962,,,4.0858,QC'd by DPISMR,residual_possible_step4_or_definition_mismatch,,C20H16Cl2N4O2S2,479.4,4.8,1,6,8,0
66008,17389598,8081,C1OCOCO1,Inactive,0,,,Inactive,,,,,,,,,,4,,15.2631,,2.1247,-17.0071,,8.3777,-1.2614,,-7.6644,9.1541,,-2.1603,-1.897,,12.8946,6.8028,,-1.6964,-4.6571,,9.3754,-3.0827,,15.2631,QC'd by NIEHS/NTP,candidate_step3_property,,C3H6O3,90.08,-0.400,0,3,0,0
66030,17389597,8095,CCOCCOC(=O)C,Inactive,0,,,Inactive,,,,,,,,,,4,,6.4466,,-7.5111,-13.4366,,-2.6009,5.1401,,-4.4704,5.4083,,-10.7538,6.9219,,3.5095,1.2142,,-13.0243,1.9016,,9.1675,15.2633,,6.4466,QC'd by NIEHS/NTP,candidate_step3_property,,C6H12O3,132.16,0.3,0,3,5,0
66041,4252715,135485436,CN1C2=C(C(=O)N(C1=O)C)N=CN2.CO[C@H](CN1C(=O)C2=CC=CC=C2S1(=O)=O)C[Hg],Inactive,0,,,Inactive,,,,,,,,,,4,,11.2972,,-4.3902,,,7.9106,,,-0.1104,,,6.393,,,2.1738,,,-4.7738,,,11.2972,,,,QC'd by NCI,candidate_step1_inorganic,Hg,C18H20HgN5O6S,635.0,,1,7,5,0
66053,17389596,8102,CCCCCCN,Inactive,0,,,Inactive,,,,,,,,,,4,,-9.7618,,-19.83,5.5727,,0.6904,10.4634,,14.9738,42.8588,,5.1163,15.8802,,3.1186,6.9502,,10.3004,14.8669,,11.4729,9.2631,,-9.7618,QC'd by NIEHS/NTP,candidate_step3_property,,C6H15N,101.19,2.100,1,1,4,0
66072,17389595,8103,CCCCCCO,Inactive,0,,,Inactive,,,,,,,,,,4,,-17.0482,,3.1845,2.7946,,-11.2807,12.5675,,-12.3091,3.3786,,4.9853,5.5941,,1.8666,5.831,,4.8264,1.0664,,-8.0288,3.7409,,-17.0482,QC'd by NIEHS/NTP,candidate_step3_property,,C6H14O,102.17,2.000,1,1,4,0
66075,11113734,199,C(CCN=C(N)N)CN,Inactive,0,,,Inactive,,,,,,,,,,4,,3.4661,,0.3505,-10.599,,8.7535,-9.112,,-4.7774,-8.7295,,-2.4413,-15.9259,,-5.1853,-11.3332,,-7.6242,-3.8413,,-10.1077,-11.9286,,3.4661,QC'd by Tocris,candidate_step3_property,,C5H14N4,130.19,-1.5,3,2,4,0
66081,11111470,25043519,C[S@@](=N)(=O)CC[C@H](C(=O)O)N,Inactive,0,,,Activator,0.0158,20,,Complete curve; partial efficacy,-7.8,2.4064,0.8212,28,8,1.2,0 0 0 0 0 1 0 0,20.5885,,11.9057,,,4.036,,,21.193,,,28.9868,,,30.8412,,,45.7791,,,31.464,,,20.5885,QC'd by SigmaAldrich,residual_possible_step4_or_definition_mismatch,,C5H12N2O3S,180.23,-1.800,3,5,4,0
66092,17389594,8113,C(CO)NCCO,Inactive,0,,,Inactive,,,,,,,,,,4,,-2.3766,,18.6396,-9.0759,,-10.204,8.1172,,4.9584,6.1724,,2.8835,3.2724,,4.6001,14.4311,,9.1149,8.7441,,1.4949,16.7513,,-2.3766,QC'd by NIEHS/NTP,candidate_step3_property,,C4H11NO2,105.14,-1.400,3,3,4,0
66109,17389593,8128,C(CCC#N)CC#N,Inactive,0,,,Inactive,,,,,,,,,,4,,8.3604,,-1.9432,13.3495,,7.8828,-1.5881,,6.433,7.6252,,5.7533,6.7885,,9.6323,9.8676,,5.1783,-15.3063,,-1.7332,11.37,,8.3604,QC'd by NIEHS/NTP,candidate_step3_property,,C6H8N2,108.14,-0.300,0,2,3,0
66117,26749013,16757850,CCC1[C@@]2(C3C(C(=O)C(CC(CN3C(=O)O2)(C([C@@H](C(C(=O)C(C(=O)O1)C)C)OC4C(C(CC(O4)C)N(C)C)O)(C)OC)CCCN5C=C(N=C5)C6=CN=CC=C6)C)C)C,Inactive,0,,,Inactive,,,,,,,,,,4,,21.3499,,,,,13.3997,,,-0.0777,,,29.0013,,,28.1638,,,1.5583,,,-27.3722,,,21.3499,QC'd by Microsource,candidate_step3_property,,C44H65N5O10,824.0,4.0,1,13,10,0
66121,17389592,8143,CCCCCCCCN,Inactive,0,,,Inactive,,,,,,,,,,4,,10.7202,,26.1937,19.7113,,26.233,27.2783,,27.6382,93.0101,,8.3056,31.581,,41.3975,47.0593,,25.4406,28.4408,,13.2603,35.3598,,10.7202,QC'd by NIEHS/NTP,candidate_step3_property,,C8H19N,129.24,3.100,1,1,6,0
66127,4252711,227840,C1CCC2(CC1)CCCN2CCCN3C4=CC=CC=C4SC5=C3C=C(C=C5)Cl,Inactive,0,,,Inactive,,,,,,,,,,4,,4.6455,,5.0956,,,-3.2897,,,-0.9033,,,-2.9308,,,0.1282,,,-0.3847,,,4.6455,,,,QC'd by NCI,candidate_step3_property,,C24H29ClN2S,413.0,7.300,0,3,4,0
66134,3716216,2999518,CC1=C(C(=NO1)C)CSC2=NC3=CC=CC=C3N2CCC4=CC=CC=C4,Inactive,0,,,Inactive,,,,,,,,,,4,,-3.054,,,,,8.6244,,,-2.5801,,,2.3776,,,6.0833,,,-8.1607,,,1.7358,,,-3.054,QC'd by DPISMR,residual_possible_step4_or_definition_mismatch,,C21H21N3OS,363.5,4.9,0,4,6,0
66137,17389591,957,CCCCCCCCO,Inactive,0,,,Inactive,,,,,,,,,,4,,-0.4658,,-0.4163,9.3567,,6.1029,1.9008,,4.3039,-22.1257,,12.3146,5.1383,,10.3687,5.9544,,15.6703,10.9581,,-10.0333,8.035,,-0.4658,QC'd by NIEHS/NTP,candidate_step3_property,,C8H18O,130.23,3.000,1,1,6,0
66157,17389590,8346,CCCCCCCCOC(=O)C1=CC=CC=C1C(=O)OCCCCCCCC,Inactive,0,,,Inactive,,,,,,,,,,4,,34.7272,,8.9881,7.2347,,-2.2161,24.3037,,-1.8326,23.9576,,16.0199,-0.3647,,1.3677,15.3044,,6.4851,-2.4543,,-2.392,42.0232,,34.7272,QC'd by NIEHS/NTP,candidate_step3_property,,C24H38O4,390.6,9.100,0,4,18,0
66186,26749017,16757851,COC(=O)N/N=C/C1=C[N+](=O)C2=CC=CC=C2[N+]1=O,Inactive,0,,,Inactive,,,,,,,,,,4,,-1.549,,,,,7.7172,,,8.3994,,,-10.022,,,9.4907,,,-0.4037,,,7.3396,,,-1.549,QC'd by Microsource,candidate_step3_property,,C11H10N4O4+2,262.22,-0.8,1,5,3,2
66252,11111463,3614,CN1C=C(N=C1)CCN,Inactive,0,,,Inactive,,,,,,,,,,4,,-1.4068,,7.7768,,,3.0916,,,17.6904,,,7.8301,,,6.7944,,,7.5203,,,24.164,,,-1.4068,QC'd by SigmaAldrich,candidate_step3_property,,C6H11N3,125.17,-0.6,1,2,2,0
66257,11111454,6603925,CNC1=C2C(=NC=N1)N(C=N2)[C@H]3C[C@H]([C@@H](O3)COP(=O)(O)[O-])OP(=O)(O)[O-],Inactive,0,,,Inactive,,,,,,,,,,4,,3.0132,,0.0573,,,-17.1213,,,-11.3402,,,-3.2794,,,10.7262,,,16.9177,,,-8.1306,,,3.0132,QC'd by SigmaAldrich,candidate_step3_property,,C11H15N5O9P2-2,423.21,-3.100,3,13,7,-2
66297,11113685,6604754,C1CC1CN2CC[C@@]34[C@@H]5C6=C(C[C@@]3([C@@H]2CC7=C4C(=C(C=C7)O)O5)O)C8=CC=CC=C8N6CC9=CC=CC=C9,Inactive,0,,,Inactive,,,,,,,,,,4,,21.7412,,10.4701,8.433,,9.6342,2.8047,,2.6989,-6.3335,,14.0995,-7.5894,,10.458,8.2066,,5.2482,9.559,,6.2176,5.0577,,21.7412,QC'd by Tocris,residual_possible_step4_or_definition_mismatch,,C33H32N2O3,504.6,4.9,2,4,4,0
66312,11111455,4051,CC1=CN=C(S1)NC(=O)C2=C(C3=CC=CC=C3S(=O)(=O)N2C)[O-].[Na+],Inactive,0,,,Inactive,,,,,,,,,,4,,-6.3352,,-3.2915,,,-16.8382,,,-13.925,,,-19.178,,,-2.6748,,,-10.4257,,,-3.1155,,,-6.3352,QC'd by SigmaAldrich,candidate_step1_inorganic,Na,C14H12N3NaO4S2,373.4,,1,7,2,0
66317,4252830,233907,C1=CC=C2C(=C1)C=CC=C2CSCC3=CC=CC4=CC=CC=C43,Inactive,0,,,Inactive,,,,,,,,,,4,,0.786,,-12.8641,,,-1.4195,,,6.0703,,,9.4711,,,-0.7309,,,3.4672,,,0.786,,,,QC'd by NCI,candidate_step3_property,,C22H18S,314.4,6.4,0,1,4,0
66340,11113679,16684901,CC1=C(C2=NC1=CC3=C(C(=C4N3[Sn+2]N5C(=CC6=NC(=C4)C(=C6C=C)C)C(=C(C5=C2)CCC(=O)O)C)C=C)C)CCC(=O)O,Inactive,0,,,Inactive,,,,,,,,,,4,,-22.3233,,6.4571,1.8629,,3.2203,-6.1904,,-9.1994,2.3425,,-0.2982,-4.5518,,1.7427,-11.9492,,-6.3123,1.9417,,-24.0923,-14.6739,,-22.3233,QC'd by Tocris,candidate_step1_inorganic,Sn,C34H32N4O4Sn+2,679.4,,2,7,8,2
66356,17389549,5280965,C[C@H]1/C=C/C=C/C=C/C=C/C=C/C=C/C=C/[C@@H](C[C@H]2[C@@H]([C@H](C[C@](O2)(C[C@H](C[C@H]([C@@H](CC[C@H](C[C@H](CC(=O)O[C@H]([C@@H]([C@@H]1O)C)C)O)O)O)O)O)O)O)C(=O)O)O[C@H]3[C@H]([C@H]([C@@H]([C@H](O3)C)O)N)O,Inactive,0,,,Inactive,,,,,,,,,,4,,-2.3218,,10.6463,-5.3736,,4.1321,-15.047,,3.7673,-62.3449,,5.3095,-11.8749,,-10.2994,3.7556,,-11.2374,7.8098,,0.3242,-1.3027,,-2.3218,QC'd by NIEHS/NTP,candidate_step3_property,,C47H73NO17,924.1,0.0,12,18,3,0
66361,11113681,91486,CCCCCCCCCCCCCCC[C@H]([C@H](CO)N)O,Inactive,0,,,Inactive,,,,,,,,,,4,,-1.4698,,1.2993,-10.0824,,-6.8481,7.9372,,-13.6869,-8.9645,,3.8928,13.0438,,17.9324,-4.3252,,10.1658,16.1558,,11.7592,0.1622,,-1.4698,QC'd by Tocris,candidate_step3_property,,C18H39NO2,301.5,5.8,3,3,16,0
66376,17389550,135401907,C1=NNC2=C1C(=O)NC=N2,Inactive,0,,,Inactive,,,,,,,,,,4,,12.363,,11.4828,-7.1712,,4.4665,0.9212,,-3.2695,-15.1445,,0.3266,6.8064,,-1.2235,8.9747,,-4.5859,7.7983,,-5.4962,3.1993,,12.363,QC'd by SigmaAldrich,candidate_step3_property,,C5H4N4O,136.11,-0.7,2,3,0,0
66393,17389551,904,CC(=O)NC1=CC=CC=C1,Inactive,0,,,Inactive,,,,,,,,,,4,,18.6409,,18.5207,13.891,,14.056,10.2744,,3.5706,30.1538,,10.7069,-2.132,,-6.4989,10.7882,,11.03,8.5258,,9.7851,6.78,,18.6409,QC'd by NIEHS/NTP,candidate_step3_property,,C8H9NO,135.16,1.200,1,1,1,0
66425,4252824,16684732,C1=CC=C(C(=C1)N)O.[C@@H]1([C@H](O[Sb]O1)C(=O)O)C(=O)O.O,Inactive,0,,,Inactive,,,,,,,,,,4,,20.3645,,15.9878,,,8.0351,,,24.6607,,,22.9353,,,18.4325,,,12.0963,,,20.3645,,,,QC'd by NCI,candidate_step1_inorganic,Sb,C10H13NO8Sb,396.97,,5,9,2,0
66439,17389538,612,CC(C(=O)O)O,Inactive,0,,,Inactive,,,,,,,,,,4,,1.2446,,16.9956,5.9177,,4.1433,-0.0803,,13.0052,6.1846,,6.0154,-4.1093,,-25.0803,0.1274,,0.3022,-5.7781,,0.0669,-5.6705,,1.2446,QC'd by NIEHS/NTP,candidate_step3_property,,C3H6O3,90.08,-0.700,2,3,1,0
66449,11113678,6604751,CC1=C(C2=NC1=CC3=NC(=CC4=NC(=CC5=NC(=C2)C(=C5C)CCC(=O)O)C(=C4C)C=C)C(=C3C)C=C)CCC(=O)O.[Zn],Inactive,0,,,Inactive,,,,,,,,,,4,,10.098,,-14.3832,4.6936,,12.7565,-1.4619,,-0.1335,11.091,,11.0594,2.1804,,0.6773,15.1151,,10.622,8.786,,17.2253,7.7858,,10.098,QC'd by Tocris,candidate_step1_inorganic,Zn,C34H32N4O4Zn,626.0,,2,8,8,0
66456,17389539,460,COC1=CC=CC=C1O,Inactive,0,,,Inactive,,,,,,,,,,4,,7.8823,,-14.2474,-9.7891,,-0.7496,-16.5049,,1.1447,16.5834,,-23.1734,-1.3763,,2.8915,-7.7641,,-11.0794,-13.9763,,-8.6989,-2.3163,,7.8823,QC'd by NIEHS/NTP,candidate_step3_property,,C7H8O2,124.14,1.300,1,2,1,0
66469,3716169,2323124,COC1=CC(=C(C=C1)C2=NNC(=C2C3=CC4=CC=CC=C4O3)C(F)(F)F)O,Inactive,0,,,Inactive,,,,,,,,,,4,,21.0579,,,,,-5.4815,,,-22.9427,,,8.2625,,,2.5766,,,-10.1625,,,8.3518,,,21.0579,QC'd by DPISMR,residual_possible_step4_or_definition_mismatch,,C19H13F3N2O3,374.3,4.5,2,7,3,0
66473,17389540,2724385,C[C@@H]1[C@H]([C@H](C[C@@H](O1)O[C@@H]2[C@H](O[C@H](C[C@@H]2O)O[C@@H]3[C@H](O[C@H](C[C@@H]3O)O[C@H]4CC[C@]5([C@@H](C4)CC[C@@H]6[C@@H]5C[C@H]([C@]7([C@@]6(CC[C@@H]7C8=CC(=O)OC8)O)C)O)C)C)C)O)O,Inactive,0,,,Inactive,,,,,,,,,,4,,-21.9485,,-6.9055,-12.6239,,-0.5258,-4.6694,,-5.3054,0.9117,,-2.0982,0.3177,,7.1261,-6.7263,,-17.7773,4.1145,,-19.6409,2.937,,-21.9485,QC'd by Timtec,candidate_step3_property,,C41H64O14,780.9,1.300,6,14,7,0
66477,26749095,360849,CN1CCC2=CC3=C(C4=C2C1CC5=CC=C(C=C5)OC6=C(C=CC(=C6)CC7C8=CC(=C(C=C8CCN7C)OC)O4)OC)OCO3,Inactive,0,,,Inactive,,,,,,,,,,4,,-24.5606,,,,,31.3072,,,-1.6403,,,0.0248,,,0.5665,,,0.6201,,,-2.773,,,-24.5606,QC'd by Microsource,candidate_step3_property,,C37H38N2O6,606.7,6.5,0,8,2,0
66499,4252828,3246119,C1CCC(CC1)[C@@H](CC2=CC(=C(C(=C2)I)O)I)C(=O)O,Inactive,0,,,Inactive,,,,,,,,,,4,,-18.9266,,0.0282,,,-1.3727,,,-9.5137,,,-3.4161,,,1.5113,,,1.4272,,,-18.9266,,,,QC'd by NCI,candidate_step3_property,,C15H18I2O3,500.11,5.4,2,3,4,0
66540,17389561,12749,CC1=NC=CN1,Inactive,0,,,Inactive,,,,,,,,,,4,,7.3572,,10.0718,9.4816,,-10.4491,-28.2287,,-16.0954,40.353,,13.0977,26.3115,,26.5725,19.7806,,21.1383,16.0243,,9.3673,-14.9297,,7.3572,QC'd by NIEHS/NTP,candidate_step3_property,,C4H6N2,82.10,0.200,1,1,0,0
66567,17389560,13165,C=CC(=O)OCCO,Inactive,0,,,Inactive,,,,,,,,,,4,,20.2258,,14.1816,-3.8883,,2.2088,7.0031,,-3.0432,11.5933,,7.0865,2.4855,,14.0123,6.8693,,-12.085,-23.5486,,-9.3687,-5.4835,,20.2258,QC'd by NIEHS/NTP,candidate_step3_property,,C5H8O3,116.11,-0.200,1,3,4,0
66592,17389562,12266,CC1=CC=C(O1)C,Inactive,0,,,Inactive,,,,,,,,,,4,,11.5812,,2.5359,4.1229,,15.0241,-1.0642,,-7.8325,17.6317,,12.928,11.9571,,8.7996,3.9372,,-9.6545,5.6681,,-2.7274,-12.0143,,11.5812,QC'd by NIEHS/NTP,candidate_step3_property,,C6H8O,96.13,2.200,0,1,0,0
66594,7977660,2915896,CCNC1=NC(=NC(=N1)OC2=NN=C(C=C2)OCCOC3=CC=C(C=C3)C)NC(C)C,Inactive,0,,,Inactive,,,,,,,,,,4,,-13.0266,,,,,-2.7299,,,-9.9792,,,-2.9523,,,-0.7709,,,-11.1287,,,-5.1428,,,-13.0266,QC'd by DPISMR,candidate_step3_property,,C21H27N7O3,425.5,4.2,2,10,11,0
66637,4243934,3238604,CC(C)C1=CC=C(C=C1)OCC2=CC=C(C=C2)C(=O)N3CCN(CC3)C4=CC=CC=N4,Inactive,0,,,Activator,0.1259,15,,Complete curve; partial efficacy; poor fit,-6.9,4.9549,0.5261,24,9,1.4,1 0 0 0 0 0 0,15.1068,,,,,17.4446,,,9.4506,,,11.1765,,,29.8803,,,18.0025,,,32.368,,,15.1068,QC'd by DPISMR,residual_possible_step4_or_definition_mismatch,,C26H29N3O2,415.5,4.8,0,4,6,0
66638,11111434,3661570,CCCC1=C(C(=NC(=C1C(=O)SCC)CC)C2=CC=CC=C2)C(=O)OCCC,Inactive,0,,,Activator,19.9526,48,,Partial curve; partial efficacy; poor fit,-4.7,0.6,0.6343,56,8,2.4,0 0 1 0 0 0 0 0,43.7417,,15.2422,,,19.216,,,26.7791,,,3.8797,,,20.6822,,,16.3875,,,23.2837,,,43.7417,QC'd by SigmaAldrich,candidate_step3_property,,C23H29NO3S,399.5,6.2,0,5,11,0
66645,4261704,2201485,CC1=C(C=CC(=C1)OCCSC2=NN=C(N2C)C3=CC=CS3)Cl,Inactive,0,,,Inactive,,,,,,,,,,4,,-13.1565,,,,,-8.8349,,,-8.4802,,,-0.9764,,,-1.4161,,,-6.2444,,,-10.3434,,,-13.1565,QC'd by DPISMR,residual_possible_step4_or_definition_mismatch,,C16H16ClN3OS2,365.9,4.3,0,5,6,0
66672,17389566,10943,C1=CC(=CC(=C1)Cl)Cl,Inactive,0,,,Inactive,,,,,,,,,,4,,12.3425,,12.1703,15.6164,,5.4052,7.7288,,-9.6714,17.7247,,22.0018,10.5548,,7.1565,4.7343,,5.9774,2.5163,,2.6713,-10.5382,,12.3425,QC'd by NIEHS/NTP,candidate_step3_property,,C6H4Cl2,147.00,3.500,0,0,0,0
66675,4252817,151367,C(C(CN=[N+]=[N-])O)N=[N+]=[N-],Inactive,0,,,Inactive,,,,,,,,,,4,,0.8053,,-1.9872,,,7.5203,,,-7.5746,,,0.5583,,,-9.9227,,,-6.3373,,,0.8053,,,,QC'd by NCI,candidate_step3_property,,C3H6N6O,142.12,1.4,1,5,4,0
66734,11113694,132862,CN=C(N)NCCC[C@@H](C(=O)O)N,Inactive,0,,,Inactive,,,,,,,,,,4,,4.5107,,-1.8118,7.8403,,10.6119,3.7107,,3.9554,8.737,,9.5417,5.303,,13.6089,1.8661,,10.5347,18.9732,,9.7463,-5.863,,4.5107,QC'd by Tocris,candidate_step3_property,,C7H16N4O2,188.23,-4.100,4,4,6,0
66736,17389555,94308,CN(C)CCCCl.Cl,Inactive,0,,,Inactive,,,,,,,,,,4,,6.2111,,23.2853,7.6636,,7.8691,0.8714,,12.6394,3.5827,,11.0047,7.0955,,24.3713,27.02,,3.1742,8.9506,,7.2931,3.9816,,6.2111,QC'd by NIEHS/NTP,property_value_missing,,C5H13Cl2N,158.07,,1,1,3,0
66767,26749110,6708773,C1CCC(C1)CCCCCCCCCCCCC(=O)NC2=CC=C(C=C2)S(=O)(=O)C3=CC=C(C=C3)NC(=O)CCCCCCCCCCCCC4CCCC4,Inactive,0,,,Inactive,,,,,,,,,,4,,-0.8025,,,,,11.7498,,,-15.2676,,,9.6973,,,11.3379,,,8.5345,,,13.2291,,,-0.8025,QC'd by Microsource,candidate_step3_property,,C48H76N2O4S,777.2,16.9,2,4,30,0
66774,11111426,3406,CC1=CNN=C1,Inactive,0,,,Inactive,,,,,,,,,,4,,9.2989,,5.0531,,,3.2076,,,8.5561,,,9.0668,,,9.0931,,,6.6067,,,17.0047,,,9.2989,QC'd by SigmaAldrich,candidate_step3_property,,C4H6N2,82.10,1.400,1,1,0,0
66818,17389558,15439,C=CCCCCCCC=C,Inactive,0,,,Inactive,,,,,,,,,,4,,23.3534,,20.3465,6.9479,,-2.0667,6.3754,,-8.6186,-5.7668,,9.6122,8.0017,,9.25,3.9873,,11.0378,9.5665,,6.7598,3.9157,,23.3534,QC'd by NIEHS/NTP,candidate_step3_property,,C10H18,138.25,5.100,0,0,7,0
66821,11113689,5289501,C/C(=C\C1=CC=C(C=C1)C(=O)O)/C2=CC3=C(C=C2)C(CCC3(C)C)(C)C,Inactive,0,,,Inactive,,,,,,,,,,4,,-6.7136,,-3.4517,-13.8079,,20.4491,21.1467,,5.1019,-0.0981,,7.2035,14.8961,,15.6744,-0.0163,,-1.5764,1.8546,,4.3405,2.7868,,-6.7136,QC'd by SigmaAldrich,candidate_step3_property,,C24H28O2,348.5,7.5,1,2,3,0
66825,4252796,231656,C1=CC=C2C(=C1)C3=CC=CC=C3N2CN4C5=CC=CC=C5C6=CC=CC=C64,Inactive,0,,,Inactive,,,,,,,,,,4,,-14.8844,,-10.4459,,,-2.2525,,,-10.269,,,3.6447,,,9.1793,,,-7.0562,,,-14.8844,,,,QC'd by NCI,candidate_step3_property,,C25H18N2,346.4,6.6,0,0,2,0
66832,26749076,14219,CN(C)C(=N)N=C(N)N.Cl,Inactive,0,,,Inactive,,,,,,,,,,4,,5.0967,,,,,20.939,,,0.827,,,15.4681,,,11.9541,,,7.6519,,,16.2178,,,5.0967,QC'd by Microsource,property_value_missing,,C4H12ClN5,165.62,,4,1,2,0
66843,11113653,123692,C1CCC(CC1)(C2=CC3=CC=CC=C3S2)N4CCCCC4,Inactive,0,,,Inactive,,,,,,,,,,4,,-17.0328,,9.4214,2.9899,,25.0006,14.6525,,8.8181,13.8114,,20.1349,22.4795,,10.8217,14.2747,,18.3236,13.5573,,14.8854,-2.4547,,-17.0328,QC'd by Tocris,candidate_step3_property,,C19H25NS,299.5,5.3,0,2,2,0
66882,17389512,5284643,CC/C(=C(\C1=CC=CC=C1)/C2=CC=C(C=C2)OCCN(C)C)/C3=CC=C(C=C3)O,Inactive,0,,,Inactive,,,,,,,,,,4,,29.0545,,6.2766,7.0673,,11.6981,-1.8045,,2.278,-16.3351,,14.2344,6.0649,,11.2807,16.8537,,10.532,1.9328,,2.0479,11.7172,,29.0545,QC'd by NIEHS/NTP,candidate_step3_property,,C26H29NO2,387.5,6.8,1,3,8,0
66922,17389518,15730,CCCCCCCCC1=CC=C(C=C1)O,Inactive,0,,,Inactive,,,,,,,,,,4,,-1.4843,,-4.4065,-8.0645,,1.6529,-3.3683,,0.7098,13.7531,,-4.3437,-0.818,,-3.2514,6.8312,,10.771,-14.3803,,5.6365,5.2258,,-1.4843,QC'd by NIEHS/NTP,candidate_step3_property,,C14H22O,206.32,5.300,1,1,7,0
66956,17389516,13089,C1=CC=C(C(=C1)C(C2=CC=C(C=C2)Cl)C(Cl)(Cl)Cl)Cl,Inactive,0,,,Inactive,,,,,,,,,,4,,13.995,,-10.0349,-1.0232,,0.2325,6.5875,,-8.9348,-26.117,,-19.6714,-2.7958,,-16.6831,1.9122,,-1.0531,3.5646,,5.7863,17.9282,,13.995,QC'd by NIEHS/NTP,candidate_step3_property,,C14H9Cl5,354.5,6.7,0,0,2,0
67022,11113643,3978951,CC1=C(C(=C(C(=N1)N=NC2=C(C=CC(=C2)S(=O)(=O)[O-])S(=O)(=O)[O-])COP(=O)([O-])[O-])C=O)O,Inactive,0,,,Inactive,,,,,,,,,,4,,5.8965,,18.1659,10.9792,,39.5489,9.5462,,9.2671,24.9179,,24.6776,20.887,,21.4325,26.3157,,29.8404,26.0678,,19.6029,10.9727,,5.8965,QC'd by Tocris,candidate_step3_property,,C14H10N3O12PS2-4,507.4,-1.8,1,15,5,-4
67049,4252792,5771544,C1=CC=C(C=C1)[C@H](C2=CC=CC3=C2C=CC4=CC=CC=C43)[C@H](C5=CC=CC=C5)C6=CC=CC7=C6C=CC8=CC=CC=C87,Inactive,0,,,Inactive,,,,,,,,,,4,,-1.663,,-0.0066,,,-17.1853,,,2.9917,,,-0.6655,,,-4.634,,,6.2554,,,-1.663,,,,QC'd by NCI,candidate_step3_property,,C42H30,534.7,12.0,0,0,5,0
67088,4252794,231626,C1=CC=C2C(=C1)C=CC=C2C(C3=CC=CC4=CC=CC=C43)Br,Inactive,0,,,Inactive,,,,,,,,,,4,,17.9832,,21.3443,,,11.2077,,,7.1147,,,6.9634,,,25.8094,,,-20.7978,,,17.9832,,,,QC'd by NCI,candidate_step3_property,,C21H15Br,347.2,6.7,0,0,2,0
67098,17389508,11328,CC1=CC2=CC=CC(=C2C=C1)C,Inactive,0,,,Inactive,,,,,,,,,,4,,7.5576,,-17.3792,-11.5032,,3.1469,1.3928,,4.5251,-3.3253,,-13.6116,-5.042,,-5.5685,-2.0564,,-11.2241,-5.0073,,2.6168,-7.3476,,7.5576,QC'd by NIEHS/NTP,residual_possible_step4_or_definition_mismatch,,C12H12,156.22,4.400,0,0,0,0
67103,4252795,231631,C1=CC=C(C=C1)C2=CC=C(C=C2)C(C3=CC=C(C=C3)C4=CC=CC=C4)(C(=O)O)O,Inactive,0,,,Inactive,,,,,,,,,,4,,14.0475,,-11.1629,,,5.435,,,7.4305,,,5.4253,,,-14.2599,,,9.9847,,,14.0475,,,,QC'd by NCI,candidate_step3_property,,C26H20O3,380.4,5.600,2,3,5,0
67104,849798,652309,CC1=CC=C(C=C1)C(=O)CSC2=NN=C(N2CC3=CC=CC=C3)C4=CC=CO4,Inactive,0,,,Inactive,,,,,,,,,,4,,-18.6562,,,,,4.668,,,5.1453,,,-4.5463,,,-12.7521,,,-14.7121,,,-15.6791,,,-18.6562,QC'd by DPISMR,residual_possible_step4_or_definition_mismatch,,C22H19N3O2S,389.5,4.4,0,5,7,0
67109,4261733,135476436,CCCCCC1=C(N=C(NC1=O)N2CCC3=CC=CC=C3C2)C,Inactive,0,,,Inactive,,,,,,,,,,4,,4.5282,,,,,9.7649,,,4.923,,,10.1008,,,-1.5875,,,10.2705,,,7.9214,,,4.5282,QC'd by DPISMR,residual_possible_step4_or_definition_mismatch,,C19H25N3O,311.4,3.6,1,2,5,0
67116,17389530,445354,CC1=C(C(CCC1)(C)C)/C=C/C(=C/C=C/C(=C/CO)/C)/C,Inactive,0,,,Activator,0.0316,32,,Complete curve; partial efficacy; poor fit,-7.5,1.5386,0.8794,33,1,1.4,0 0 0 0 1 0 0,29.7806,,,,,2.0603,,,10.6499,,,26.0055,,,41.9571,,,-2.2021,,,28.3707,,,29.7806,QC'd by Microsource,candidate_step3_property,,C20H30O,286.5,5.700,1,1,5,0
67122,26749092,16717692,CCC1=C2/C=C\3/C(=C4C(=O)C(C(=C4[N-]3)C5=C(C(=C([N-]5)/C=C\6/C(=C(/C(=C/C(=C1C)[N-]2)/[N-]6)C=C)C)C)CCC(=O)[O-])C(=O)[O-])C.[Na+].[Na+].[Cu],Inactive,0,,,Inactive,,,,,,,,,,4,,-29.222,,,,,30.435,,,-14.3164,,,2.8409,,,5.9748,,,-3.8147,,,-3.7564,,,-29.222,QC'd by Microsource,candidate_step1_inorganic,Cu;Na,C34H28CuN4Na2O5-4,682.1,,0,9,4,-4
67130,4261732,1287952,CC1=CC=C(C=C1)S(=O)(=O)N2C(=NC(=N2)C3=CC=CO3)SCC4=CC=CC=C4,Inactive,0,,,Inactive,,,,,,,,,,4,,-15.5461,,,,,-6.3344,,,-10.093,,,-11.4641,,,-9.4133,,,-18.2843,,,-7.8155,,,-15.5461,QC'd by DPISMR,residual_possible_step4_or_definition_mismatch,,C20H17N3O3S2,411.5,4.7,0,6,6,0
67139,4252780,3246103,C[C@]12CC[C@@H]3[C@@H]([C@H]1CC[C@@H]2OC(=O)CCC4=CC=CC=C4)CCC5=C3C=CC(=C5)O,Inactive,0,,,Inactive,,,,,,,,,,4,,10.2567,,-1.4394,,,-5.6421,,,-2.1399,,,5.2488,,,5.852,,,-5.3002,,,10.2567,,,,QC'd by NCI,candidate_step3_property,,C27H32O3,404.5,6.500,1,3,5,0
67145,4261735,1285689,C1CCC2=C(C1)C3=C(S2)N=CN=C3SCC(=O)N4CCC(CC4)C5=NOC6=C5C=C(C=C6)F,Inactive,0,,,Inactive,,,,,,,,,,4,,-1.2417,,,,,1.7858,,,4.2339,,,1.8993,,,25.8222,,,-21.1073,,,-0.0969,,,-1.2417,QC'd by DPISMR,candidate_step3_property,,C24H23FN4O2S2,482.6,5.3,0,8,4,0
67183,4257228,874018,CN1C2=CC=CC=C2N=C1C3=CC=C(S3)C(=O)C4=CC=CC=C4,Inactive,0,,,Inactive,,,,,,,,,,4,,6.5143,,,,,5.6061,,,7.0409,,,5.4947,,,0.5782,,,13.9237,,,-1.8795,,,6.5143,QC'd by DPISMR,residual_possible_step4_or_definition_mismatch,,C19H14N2OS,318.4,4.5,0,3,3,0
67192,11111402,4108,COC1=CC=CC=C1CNCCCCCCNCCCCCCCCNCCCCCCNCC2=CC=CC=C2OC,Inactive,0,,,Inactive,,,,,,,,,,4,,-11.7873,,-24.8889,,,-11.3653,,,-9.6923,,,-18.9941,,,6.9638,,,3.6847,,,3.6925,,,-11.7873,QC'd by SigmaAldrich,candidate_step3_property,,C36H62N4O2,582.9,6.8,4,6,29,0
67193,11113666,4311638,C1CCN(C1)C(=S)[S-],Inactive,0,,,Inactive,,,,,,,,,,4,,-11.8169,,-3.3154,0.6876,,-2.4302,-10.6318,,-7.503,-6.0948,,11.1979,-2.86,,-1.5264,2.4845,,2.2187,7.0594,,-1.3296,-12.0928,,-11.8169,QC'd by Tocris,candidate_step3_property,,C5H8NS2-,146.3,1.500,0,2,0,-1
67228,7974137,2894050,CCOC(=O)C1=C(C(=C(N1)CC2=C(C(=C(N2)C(=O)OCC)C)CCC(=O)OC)CCC(=O)OC)C,Inactive,0,,,Inactive,,,,,,,,,,4,,-19.3703,,,,,-15.3417,,,-15.8211,,,-13.708,,,-11.5374,,,-12.4658,,,-3.2025,,,-19.3703,QC'd by DPISMR,candidate_step3_property,,C25H34N2O8,490.5,3.5,2,8,16,0
67322,11113658,1795545,C[C@](CCP(=O)(O)O)(C(=O)O)N,Inactive,0,,,Inactive,,,,,,,,,,4,,-11.4086,,-41.5749,0.3173,,19.2806,-7.0942,,3.6134,5.4559,,0.5611,-1.1123,,8.385,-8.1765,,7.5049,-4.6854,,-0.2971,-9.2675,,-11.4086,QC'd by Tocris,candidate_step3_property,,C5H12NO5P,197.13,-4.6,4,6,4,0
67356,17389525,5565,C(CNCCNCCN)N,Inactive,0,,,Inactive,,,,,,,,,,4,,2.3219,,12.0993,-8.7794,,-6.8063,-7.4607,,-1.6883,4.5546,,20.1963,9.6367,,1.4785,11.2034,,11.1791,8.3041,,9.8761,-14.7915,,2.3219,QC'd by NIEHS/NTP,candidate_step3_property,,C6H18N4,146.23,-2.5,4,4,7,0
67387,17389523,3121,CCCC(CCC)C(=O)O,Inactive,0,,,Inactive,,,,,,,,,,4,,14.3334,,21.2533,10.8071,,-0.1232,-11.4037,,-0.3377,-1.7321,,12.2284,10.6635,,14.0738,13.8186,,6.1774,8.7524,,-4.6082,10.305,,14.3334,QC'd by NIEHS/NTP,candidate_step3_property,,C8H16O2,144.21,2.800,1,2,5,0
67408,4252611,408514,CC1=CC(=NC2=C1C=C(C=C2)CC3=CC4=C(C=C3)N=C(C=C4C)N5CCOCC5)N6CCOCC6,Inactive,0,,,Inactive,,,,,,,,,,4,,-22.0794,,-9.3935,,,-18.8457,,,-19.6165,,,-17.8442,,,-24.4451,,,-17.6627,,,-22.0794,,,,QC'd by NCI,candidate_step3_property,,C29H32N4O2,468.6,5.3,0,6,4,0
67413,17389493,8394,C1=CC=C2C(=C1)C=NNC2=O,Inactive,0,,,Inactive,,,,,,,,,,4,,-2.8273,,-14.0722,-8.7379,,-1.1222,1.8895,,-3.6937,-2.6888,,3.8331,4.4976,,8.8899,2.7205,,1.8025,10.5114,,13.745,-0.3807,,-2.8273,QC'd by NIEHS/NTP,candidate_step3_property,,C8H6N2O,146.15,0.800,1,2,0,0
67425,4252612,408515,CC1=CC(=NC2=C1C=C(C=C2)CC3=CC4=C(C=C3)N=C(C=C4C)N5CCCCC5)N6CCCCC6,Inactive,0,,,Inactive,,,,,,,,,,4,,6.6975,,-4.5011,,,4.6021,,,5.9445,,,9.3722,,,15.4525,,,20.5692,,,6.6975,,,,QC'd by NCI,candidate_step3_property,,C31H36N4,464.6,7.7,0,4,4,0
67428,17389490,11245,CC=C(Cl)Cl,Inactive,0,,,Inactive,,,,,,,,,,4,,6.1377,,20.8211,8.5739,,-2.0552,3.9378,,6.3959,-21.3263,,13.6038,4.6726,,1.15,12.1253,,-5.66,15.759,,6.2024,-2.9802,,6.1377,QC'd by NIEHS/NTP,candidate_step3_property,,C3H4Cl2,110.97,2.6,0,0,0,0
67442,4252613,224907,C1=CC(=CC=C1CS(=O)(=O)N)[As](=O)(O)O,Inactive,0,,,Inactive,,,,,,,,,,4,,-4.3715,,-19.7897,,,-15.7531,,,-8.1062,,,-1.5329,,,-20.4327,,,-13.054,,,-4.3715,,,,QC'd by NCI,candidate_step1_inorganic,As,C7H10AsNO5S,295.15,,3,6,3,0
67462,4252614,3246047,C1=CC(=CC=C1[C@@H](C(=O)O)O)[As](=O)(O)O,Inactive,0,,,Inactive,,,,,,,,,,4,,-5.5759,,5.6755,,,6.2586,,,6.199,,,18.2235,,,8.0109,,,6.4154,,,-5.5759,,,,QC'd by NCI,candidate_step1_inorganic,As,C8H9AsO6,276.07,,4,6,3,0
67463,11111101,5312331,CCCCCCCCCCC/C=C\C(C)(C)/C=C\CCCC(=O)O,Inactive,0,,,Inactive,,,,,,,,,,4,,0.6938,,-1.4681,,,20.8656,,,-19.6017,,,0.1813,,,24.7282,,,22.3698,,,9.8511,,,0.6938,QC'd by SigmaAldrich,candidate_step3_property,,C22H40O2,336.6,8.5,1,2,16,0
67509,17389486,7046,C1CNCC2=CC=CC=C21,Inactive,0,,,Inactive,,,,,,,,,,4,,-1.5316,,-7.0201,-12.5605,,-7.2404,10.2289,,-17.3957,46.5385,,0.0049,-1.9417,,-12.5673,-6.5083,,6.2198,-10.0887,,-0.3832,-8.6418,,-1.5316,QC'd by NIEHS/NTP,candidate_step3_property,,C9H11N,133.19,1.600,1,1,0,0
67517,11111098,3042,CCN(CC)CCOC(=O)C1(CCCCC1)C2CCCCC2,Inactive,0,,,Inactive,,,,,,,,,,4,,-20.9163,,2.718,,,1.6843,,,-9.5919,,,18.0429,,,8.9563,,,-17.1381,,,-6.0765,,,-20.9163,QC'd by SigmaAldrich,candidate_step3_property,,C19H35NO2,309.5,5.5,0,3,8,0
67519,26748916,16757842,CCC1[C@]([C@H]2C(C(C(C[C@]([C@@H](C([C@@H](C(C(=O)O1)C)O[C@H]3C[C@@](C(C(O3)C)O)(C)OC)C)O[C@H]4C(C(CC(O4)C)N(C)C)O)(C)O)C)NC(O2)COCCOC)C)(C)O,Inactive,0,,,Inactive,,,,,,,,,,4,,-5.1019,,,,,18.3848,,,2.3856,,,13.4749,,,27.2092,,,3.5486,,,7.9463,,,-5.1019,QC'd by Microsource,candidate_step3_property,,C42H78N2O14,835.1,4.200,5,16,12,0
67525,4252610,23749,C1=CC(=CC=C1N=NC2=CC=C(C=C2)[As](=O)(O)O)[As](=O)(O)O,Inactive,0,,,Inactive,,,,,,,,,,4,,23.091,,5.8181,,,-3.06,,,-13.7806,,,6.2019,,,-3.7595,,,-5.8587,,,23.091,,,,QC'd by NCI,candidate_step1_inorganic,As,C12H12As2N2O6,430.08,,4,8,4,0
67539,11114160,6604894,CCCCCCCCCCCCC(=O)N1CCCC[C@H]1CNC(=O)[C@H](CCCCN)N,Inactive,0,,,Inactive,,,,,,,,,,4,,-0.3457,,-4.2689,0.6143,,-0.3966,0.3281,,7.1841,-12.0148,,-6.1034,-5.1012,,0.3898,-1.0122,,16.4853,6.1256,,-8.7929,-5.0844,,-0.3457,QC'd by Tocris,candidate_step3_property,,C25H50N4O2,438.7,4.9,3,4,18,0
67547,17389500,14855,CC1=C(C=CC(=C1)Cl)O,Inactive,0,,,Inactive,,,,,,,,,,4,,-9.8253,,-11.909,-3.618,,-3.5352,-6.0841,,-11.8932,-10.5973,,-2.514,-7.9664,,-5.0831,0.6689,,-9.1811,-19.762,,-18.1785,-13.1907,,-9.8253,QC'd by NIEHS/NTP,candidate_step3_property,,C7H7ClO,142.58,2.800,1,1,0,0
67552,4252620,3246048,C1=CC=NC=C1.C1=C[C-](C=CC1[Sb-](Cl)(Cl)(Cl)(Cl)Cl)CS(=O)(=O)N,Inactive,0,,,Inactive,,,,,,,,,,4,,15.6971,,11.7836,,,9.4847,,,6.8262,,,4.3974,,,8.8968,,,4.5332,,,15.6971,,,,QC'd by NCI,candidate_step1_inorganic,Sb,C12H14Cl5N2O2SSb-2,549.3,,1,6,2,-2
67554,3711287,151091,C1=CC(=CN=C1)C2=NNN=N2,Inactive,0,,,Inactive,,,,,,,,,,4,,-12.8117,,,,,10.0332,,,15.354,,,7.1607,,,-9.3377,,,1.3587,,,-0.2987,,,-12.8117,QC'd by DPISMR,candidate_step3_property,,C6H5N5,147.14,0.1,1,4,1,0
67562,17389501,6997,CCC1=CC=CC=C1O,Inactive,0,,,Inactive,,,,,,,,,,4,,-6.1464,,4.0645,-8.2096,,-0.862,-20.0487,,-2.1538,4.3307,,-3.0771,-6.3365,,-6.754,-4.3455,,-5.471,0.4693,,-10.3997,-15.1161,,-6.1464,QC'd by NIEHS/NTP,candidate_step3_property,,C8H10O,122.16,2.500,1,1,1,0
67568,11114158,6604891,CSC1=NC(=C2C(=N1)N(C=N2)[C@@H]3[C@H]([C@@H]([C@H](O3)COP(=O)([O-])OP(=O)([O-])[O-])O)O)N,Inactive,0,,,Inactive,,,,,,,,,,4,,5.7503,,2.2597,11.1724,,14.2164,-7.5874,,-13.7948,5.374,,2.0286,11.7797,,-7.5835,-16.2843,,9.8959,-2.3784,,0.6943,-6.8723,,5.7503,QC'd by Tocris,candidate_step3_property,,C11H14N5O10P2S-3,470.27,-4.000,3,15,6,-3
67604,4252615,224913,C1=CC(=CC=C1S(=O)(=O)NCCO)[Sb](=O)(O)O,Inactive,0,,,Inactive,,,,,,,,,,4,,0.8161,,-5.0137,,,7.2138,,,-4.4544,,,4.7674,,,-9.5677,,,11.6252,,,0.8161,,,,QC'd by NCI,candidate_step1_inorganic,Sb,C8H12NO6SSb,372.01,,4,7,5,0
67617,26748927,123608,C(CC(=O)O)C(=O)CN.Cl,Inactive,0,,,Inactive,,,,,,,,,,4,,-6.2539,,,,,30.4789,,,-5.167,,,15.4675,,,11.7837,,,-15.551,,,-11.0275,,,-6.2539,QC'd by Microsource,property_value_missing,,C5H10ClNO3,167.59,,3,4,4,0
67621,4252616,5771529,C1=CC(=CC(=C1)[Sb](=O)(O)O)/C=C\C(=O)O,Inactive,0,,,Inactive,,,,,,,,,,4,,6.2241,,10.8942,,,17.9939,,,14.4109,,,10.0157,,,3.842,,,8.9642,,,6.2241,,,,QC'd by NCI,candidate_step1_inorganic,Sb,C9H9O5Sb,318.92,,3,5,3,0
67645,4252617,224928,C1=CC(=CC=C1C2=CC(=C(C=C2)[As](=O)(O)O)[N+](=O)[O-])[As](=O)(O)O,Inactive,0,,,Inactive,,,,,,,,,,4,,-0.1543,,-6.4391,,,-2.2637,,,13.1609,,,9.4709,,,5.8626,,,12.2659,,,-0.1543,,,,QC'd by NCI,candidate_step1_inorganic,As,C12H11As2NO8,447.06,,4,8,3,0
67662,11111107,446849,CC[C@@H]1CC2=C(C=CC(=C2)O)C3=C1C4=C(C[C@H]3CC)C=C(C=C4)O,Inactive,0,,,Activator,25.1189,62.5706,,Partial curve; partial efficacy,-4.6,1.7885,0.9714,71.5706,9,2.2,0 0 0 0 0 0 0 0,59.8904,,15.2373,,,6.9524,,,8.1202,,,10.8591,,,4.8316,,,9.6517,,,21.3237,,,59.8904,QC'd by SigmaAldrich,candidate_step3_property,,C22H24O2,320.4,5.1,2,2,2,0
67674,11114163,9705,C1CC(CCC1CNCC2=CC=CC=C2Cl)CNCC3=CC=CC=C3Cl,Inactive,0,,,Inactive,,,,,,,,,,4,,-20.4475,,-4.9515,-17.412,,7.1913,12.5599,,7.6859,5.5908,,-13.0026,3.6099,,-9.4504,-10.116,,-0.5911,5.3434,,-9.5578,-3.9042,,-20.4475,QC'd by Tocris,candidate_step3_property,,C22H28Cl2N2,391.4,5.3,2,2,8,0
67711,26748895,16757838,COC1=CC(=CC(=C1O)OC)C2C3C(COC3=O)C(C4=CC5=C(C=C24)OCO5)O[C@H]6C(C(C7C(O6)COC(O7)C8=CC=CS8)O)O,Inactive,0,,,Inactive,,,,,,,,,,4,,-9.0112,,,,,47.3624,,,0.3336,,,13.8897,,,24.882,,,7.3514,,,-3.9214,,,-9.0112,QC'd by Microsource,candidate_step3_property,,C32H32O13S,656.7,1.200,3,14,6,0
67723,17389475,13586,C=CC1CO1,Inactive,0,,,Inactive,,,,,,,,,,4,,15.0757,,21.6347,5.2753,,11.9494,10.7998,,-3.6462,6.0581,,21.2877,18.7796,,18.637,27.1182,,17.3299,21.1952,,7.8635,17.8049,,15.0757,QC'd by NIEHS/NTP,candidate_step3_property,,C4H6O,70.09,0.500,0,1,1,0
67732,4252629,3246049,C([C@@H](C(=O)O)N)S(=O)CC(=O)N,Inactive,0,,,Inactive,,,,,,,,,,4,,-10.5208,,-7.4269,,,-9.3836,,,2.1058,,,5.0384,,,4.4045,,,9.156,,,-10.5208,,,,QC'd by NCI,candidate_step3_property,,C5H10N2O4S,194.21,-5.2,3,6,5,0
67747,17389472,18604,CCCCCCCCCCCCC1CO1,Inactive,0,,,Inactive,,,,,,,,,,4,,9.8453,,-8.5266,9.5845,,6.0263,-5.7851,,5.6918,-1.7654,,-22.2523,0.0869,,-8.4364,-12.2469,,-1.6351,2.6903,,-13.3452,-7.6061,,9.8453,QC'd by NIEHS/NTP,candidate_step3_property,,C14H28O,212.37,6.300,0,1,11,0
67755,11111117,3108,C1CCN(CC1)C2=NC(=NC3=C2N=C(N=C3N4CCCCC4)N(CCO)CCO)N(CCO)CCO,Inactive,0,,,Inactive,,,,,,,,,,4,,-5.1451,,4.098,4.9112,,7.5781,-0.1433,,-3.0308,4.1718,,1.8865,-9.0906,,10.2931,15.8197,,14.8423,4.8256,,2.9992,-5.1451,,,QC'd by Prestwick,candidate_step3_property,,C24H40N8O4,504.6,0.7,4,12,12,0
67757,17389473,23741,CCCCCCCCCCCCCCC1CO1,Inactive,0,,,Inactive,,,,,,,,,,4,,0.4745,,2.8635,-4.5305,,3.9464,-8.4,,-27.4951,-3.7203,,8.0263,-1.4604,,0.2904,3.665,,4.4378,-7.5323,,-16.0012,8.6012,,0.4745,QC'd by NIEHS/NTP,candidate_step3_property,,C16H32O,240.42,7.300,0,1,13,0
67759,4252624,66496,C1=CC=C2C(=C1)C3=C4C(=C(C=C3)NC5=CC=CC6=C5C(=O)C7=CC=CC=C7C6=O)C=CC=C4C2=O,Inactive,0,,,Inactive,,,,,,,,,,4,,0.5843,,-10.8496,,,-8.1179,,,-1.8705,,,4.6952,,,-13.3423,,,-9.7337,,,0.5843,,,,QC'd by NCI,candidate_step3_property,,C31H17NO3,451.5,6.8,1,4,2,0
67777,4252623,224978,C1=CC=C(C=C1)C(C2=C(C3=CC=CC=C3C=C2)O)(C4=C(C5=CC=CC=C5C=C4)O)O,Inactive,0,,,Inactive,,,,,,,,,,4,,-6.6996,,-3.0882,,,-2.174,,,-2.9985,,,-28.245,,,-20.4278,,,-19.5402,,,-6.6996,,,,QC'd by NCI,candidate_step3_property,,C27H20O3,392.4,6.6,3,3,3,0
67780,17389470,637892,C/C(=C/CCl)/Cl,Inactive,0,,,Inactive,,,,,,,,,,4,,14.4663,,6.4365,4.324,,10.6942,13.0077,,6.342,33.0426,,6.1344,-0.238,,10.0445,11.0609,,8.7376,15.4029,,-3.1226,12.8872,,14.4663,QC'd by NIEHS/NTP,candidate_step3_property,,C4H6Cl2,124.99,2.1,0,0,1,0
67797,17389469,7289,C(C(CCl)O)Cl,Inactive,0,,,Inactive,,,,,,,,,,4,,28.2002,,19.23,32.7951,,20.804,13.4897,,7.0965,-4.6635,,27.6916,23.4773,,23.5233,30.7065,,33.3992,-1.0348,,11.5886,21.9885,,28.2002,QC'd by NIEHS/NTP,candidate_step3_property,,C3H6Cl2O,128.98,0.8,1,1,2,0
67798,11114137,219050,C1CN(CC=C1C2=CC=CC=C2)CCCCC3=CNC4=C3C=C(C=C4)O,Inactive,0,,,Inactive,,,,,,,,,,4,,-8.7784,,13.3471,22.9423,,21.2259,23.8602,,4.7249,8.7497,,12.1551,9.7325,,9.1279,13.4962,,16.8617,-27.1558,,6.1545,-8.4782,,-8.7784,QC'd by Tocris,residual_possible_step4_or_definition_mismatch,,C23H26N2O,346.5,4.6,2,2,6,0
67800,4252625,5351655,C(/C(=N/O)/N)C/C(=N/O)/N,Inactive,0,,,Inactive,,,,,,,,,,4,,-3.2031,,-22.1904,,,3.6092,,,9.0115,,,8.4105,,,-6.0001,,,-10.335,,,-3.2031,,,,QC'd by NCI,candidate_step3_property,,C4H10N4O2,146.15,-1.6,4,4,3,0
67816,11114145,176157,CCCN(CC1CC1)C2=NC(=NC(=C2Cl)NC3=C(C=C(C=C3Cl)Cl)Cl)C,Inactive,0,,,Activator,31.6228,50.6197,,Partial curve; partial efficacy,-4.5,1.21,0.8712,56.5106,5.8908,2.2,0 0 0 0 0 1 0 0 0 0 0 0 0 0 0,44.776,,5.2939,7.3369,,15.6248,6.8369,,5.3305,-18.0821,,5.2623,12.5762,,2.5929,8.0285,,8.8804,9.773,,18.5992,23.7556,,44.776,QC'd by SigmaAldrich,candidate_step3_property,,C18H20Cl4N4,434.2,7.1,1,4,7,0
67873,17389482,4649906,C1=NC=N[N-]1.[Na+],Inactive,0,,,Inactive,,,,,,,,,,4,,-5.8132,,9.9515,0.8453,,1.5594,0.449,,-2.6509,-0.9834,,2.9063,-1.1124,,-10.679,-8.1519,,0.0011,-0.9108,,-15.2925,-10.8235,,-5.8132,QC'd by NIEHS/NTP,candidate_step1_inorganic,Na,C2H2N3Na,91.05,,0,3,0,0
67874,7977737,830758,C1CN(C(N1C2=CC=CC=C2)C3=CC=CS3)C4=CC=CC=C4,Inactive,0,,,Activator,,,,Single point of activity,,,,,,3,,37.376,,,,,-14.1087,,,-10.3467,,,-16.0902,,,-18.5132,,,-4.0747,,,-27.1106,,,37.376,QC'd by DPISMR,candidate_step3_property,,C19H18N2S,306.4,5.0,0,3,3,0
67891,11114149,6603986,CC1=C(C(=C(C(=C1O)C(=O)C)O)CC2=C(C(=C3C(=C2O)C=CC(O3)(C)C)C(=O)/C=C\C4=CC=CC=C4)O)O,Inactive,0,,,Inactive,,,,,,,,,,4,,-18.9356,,-1.3288,,,-2.249,,,7.8469,,,-2.308,,,0.8199,,,-2.6806,,,-5.1715,,,-18.9356,QC'd by SigmaAldrich,candidate_step3_property,,C30H28O8,516.5,5.9,5,8,6,0
67940,11114146,4259181,CC(C)C1=CC=C(C=C1)CN2C=CC3=C2C=CC4=C3C(=NC(=N4)NC5CC5)N,Inactive,0,,,Inactive,,,,,,,,,,4,,-12.4095,,0.5753,-8.1505,,6.9389,-12.4043,,-9.4562,-20.6116,,-6.5047,-20.7225,,-6.2054,-2.7698,,-5.0071,-17.7282,,-9.7883,-6.9457,,-12.4095,QC'd by Tocris,residual_possible_step4_or_definition_mismatch,,C23H25N5,371.5,4.9,2,4,5,0
67956,17389457,8064,C(CCO)CO,Inactive,0,,,Inactive,,,,,,,,,,4,,-5.6545,,7.0699,-24.6213,,3.3496,-14.9709,,-11.2163,8.1909,,-8.5595,-27.1319,,-9.4749,2.0253,,-15.3375,-14.7918,,0.652,1.4225,,-5.6545,QC'd by NIEHS/NTP,candidate_step3_property,,C4H10O2,90.12,-0.800,2,2,3,0
67964,4252580,408275,C1=CC=C2C(=C1)C3=CC=CC=C3C2=NC4=CC=C(C=C4)N=C5C6=CC=CC=C6C7=CC=CC=C75,Inactive,0,,,Inactive,,,,,,,,,,4,,-8.246,,-17.8138,,,1.1518,,,-15.5056,,,-11.6534,,,-16.3575,,,-29.9073,,,-8.246,,,,QC'd by NCI,candidate_step3_property,,C32H20N2,432.5,7.9,0,2,2,0
67981,4252581,224101,C1=CC=C2C(=C1)C3=C(C2=O)C=C(C=C3)N=[N+](C4=CC5=C(C=C4)C6=CC=CC=C6C5=O)[O-],Inactive,0,,,Inactive,,,,,,,,,,4,,10.8163,,7.5216,,,9.9601,,,1.1177,,,-3.4911,,,1.8568,,,6.1659,,,10.8163,,,,QC'd by NCI,candidate_step3_property,,C26H14N2O3,402.4,5.4,0,4,2,0
67994,11111064,2993,CC1=[N+](C2=CC=CC=C2C(=C1)N)CCCCCCCCCC[N+]3=C(C=C(C4=CC=CC=C43)N)C,Inactive,0,,,Inactive,,,,,,,,,,4,,13.4787,,10.4916,,,5.9345,,,2.4493,,,-2.1662,,,6.7648,,,1.6107,,,2.7483,,,13.4787,QC'd by SigmaAldrich,candidate_step3_property,,C30H40N4+2,456.7,7.3,2,2,11,2
67995,17389459,10423,C1COC1,Inactive,0,,,Inactive,,,,,,,,,,4,,-1.5033,,10.2807,3.3094,,7.0905,3.2985,,3.7551,-26.4275,,2.3006,1.8558,,-14.7612,6.0881,,0.7923,-6.5279,,-17.0758,12.5581,,-1.5033,QC'd by NIEHS/NTP,candidate_step3_property,,C3H6O,58.08,-0.100,0,1,0,0
68018,4252579,408250,C1=CC=C(C=C1)C2=C(C(=CC3=CC=CC=C32)C4=C5C=CC(=O)C=C5OC6=C4C=CC(=C6)O)C(=O)O,Inactive,0,,,Inactive,,,,,,,,,,4,,-3.1372,,-11.4293,,,-5.3285,,,24.5509,,,-12.8428,,,-5.9186,,,-6.0696,,,-3.1372,,,,QC'd by NCI,candidate_step3_property,,C30H18O5,458.5,5.3,2,5,3,0
68022,11114120,3519541,CC(C)(C)C1=CC(=CC(=C1O)C(C)(C)C)CC(C)(C)C=O,Inactive,0,,,Inactive,,,,,,,,,,4,,11.9477,,19.799,,,8.9939,,,20.0973,,,14.4796,,,22.7547,,,16.2189,,,9.7762,,,11.9477,QC'd by SigmaAldrich,candidate_step3_property,,C19H30O2,290.4,5.5,1,2,5,0
68023,4248661,70766,C1=CC2=C(C=CN=C2)C(=C1)N,Inactive,0,,,Inactive,,,,,,,,,,4,,-9.9211,,,,,0.7467,,,-5.4468,,,-11.567,,,-17.0079,,,-6.1295,,,-11.3434,,,-9.9211,QC'd by DPISMR,candidate_step3_property,,C9H8N2,144.17,1.4,1,2,0,0
68027,4252575,223826,C1=CC(=C(C=C1Cl)Cl)CSCC2=C(C=C(C=C2)Cl)Cl,Inactive,0,,,Activator,1.9953,19.5,,Complete curve; partial efficacy,-5.7,1.8851,0.8776,46.5,27,1.2,0 0 0 1 0 0 0,45.6155,,23.5902,,,31.7669,,,28.0116,,,-1.3549,,,25.2517,,,39.2076,,,45.6155,,,,QC'd by NCI,candidate_step3_property,,C14H10Cl4S,352.1,6.4,0,1,4,0
68038,17389453,16402,C(CCCN)CCN,Inactive,0,,,Inactive,,,,,,,,,,4,,11.2694,,-1.0932,8.0109,,8.2988,2.7467,,14.3026,-15.6626,,-13.9811,-5.5367,,2.0476,8.1477,,10.4974,-6.9185,,1.9759,8.1589,,11.2694,QC'd by NIEHS/NTP,candidate_step3_property,,C6H16N2,116.20,-0.2,2,2,5,0
68050,11111065,2993,CC1=[N+](C2=CC=CC=C2C(=C1)N)CCCCCCCCCC[N+]3=C(C=C(C4=CC=CC=C43)N)C,Inactive,0,,,Inactive,,,,,,,,,,4,,-18.4126,,30.0916,21.8603,,-14.7621,-1.0896,,3.7518,9.0867,,-8.8473,3.553,,-8.9835,0.8612,,-6.1948,11.5743,,0.1731,-18.4126,,,QC'd by Prestwick,candidate_step3_property,,C30H40N4+2,456.7,7.3,2,2,11,2
68064,4252573,20441,CN(CC(=O)O)CC(=O)O,Inactive,0,,,Inactive,,,,,,,,,,4,,0.2777,,-40.5328,,,-9.5853,,,8.8213,,,-0.7331,,,-7.6372,,,5.8533,,,0.2777,,,,QC'd by NCI,candidate_step3_property,,C5H9NO4,147.13,-3.300,2,5,4,0
68083,4252574,3246035,C[C@H](COC1=C(C=C(C=C1)[As](=O)(O)O)N)O,Inactive,0,,,Inactive,,,,,,,,,,4,,-20.3332,,-5.2407,,,5.3931,,,-13.9834,,,0.7104,,,7.1561,,,-15.2685,,,-20.3332,,,,QC'd by NCI,candidate_step1_inorganic,As,C9H14AsNO5,291.13,,4,6,4,0
68101,4239525,3234632,C1CC2(CCN(CC2)S(=O)(=O)C3=CC=CC=C3)CN(C1)C4=CC=CC(=C4)C5=CC=CC=C5,Inactive,0,,,Activator,39.8107,37.0523,,Single point of activity,-4.4,4.9549,0.8185,36.5,-0.5523,3,1 0 0 0 0 0 0,31.4148,,,,,-11.4237,,,6.0158,,,-9.2995,,,4.9594,,,1.5977,,,-6.3728,,,31.4148,QC'd by Pharmacopeia,candidate_step3_property,,C27H30N2O2S,446.6,5.6,0,4,4,0
68105,4252588,224295,C1=CC(=CC=C1C(=O)N)C(=O)NC2=CC=C(C=C2)[As](=O)(O)O,Inactive,0,,,Inactive,,,,,,,,,,4,,-10.746,,-11.7231,,,-6.5015,,,-17.6449,,,-15.5607,,,-18.152,,,-2.6094,,,-10.746,,,,QC'd by NCI,candidate_step1_inorganic,As,C14H13AsN2O5,364.18,,4,5,4,0
68110,11111070,123831,CN(C)C(=NCCC[C@@H](C(=O)O)N)N,Inactive,0,,,Inactive,,,,,,,,,,4,,21.4153,,11.226,,,1.7345,,,12.4526,,,9.029,,,0.8001,,,19.2668,,,28.4708,,,21.4153,QC'd by SigmaAldrich,candidate_step3_property,,C8H18N4O2,202.25,-3.6,3,4,6,0
68124,4252589,224336,C1=CC(=CC=C1S(=O)(=O)NCCO)[As]=O,Inactive,0,,,Inactive,,,,,,,,,,4,,24.8865,,-27.606,,,6.0917,,,12.5693,,,16.2636,,,7.7486,,,0.6351,,,24.8865,,,,QC'd by NCI,candidate_step1_inorganic,As,C8H10AsNO4S,291.16,,2,5,4,0
68145,4252586,224270,C1=CC(=CC=C1C(=O)NCC(=O)O)[As](=O)(O)O,Inactive,0,,,Inactive,,,,,,,,,,4,,10.4567,,-9.1024,,,12.36,,,1.4639,,,3.3612,,,3.811,,,13.9892,,,10.4567,,,,QC'd by NCI,candidate_step1_inorganic,As,C9H10AsNO6,303.10,,4,6,4,0
68163,4252587,224279,C1=CC(=CC=C1N=NC2=CC=C(C=C2)[As](=O)(O)O)O,Inactive,0,,,Inactive,,,,,,,,,,4,,-2.6207,,-12.3858,,,14.559,,,3.0039,,,13.7427,,,1.3667,,,11.6644,,,-2.6207,,,,QC'd by NCI,candidate_step1_inorganic,As,C12H11AsN2O4,322.15,,3,6,3,0
68167,17389468,24726,C(/C=C/Cl)Cl,Inactive,0,,,Inactive,,,,,,,,,,4,,6.8223,,13.99,6.1307,,-0.3491,5.6729,,2.9836,13.3876,,14.2429,3.1161,,10.3535,4.549,,-0.4878,-2.2548,,14.1967,5.8894,,6.8223,QC'd by NIEHS/NTP,candidate_step3_property,,C3H4Cl2,110.97,1.7,0,0,1,0
68178,4252584,224250,C1=CC(=CC=C1[As](=O)(O)O)[As](=O)(O)O,Inactive,0,,,Inactive,,,,,,,,,,4,,14.7123,,-5.8804,,,2.9151,,,9.393,,,0.3326,,,-0.0206,,,6.9909,,,14.7123,,,,QC'd by NCI,candidate_step1_inorganic,As,C6H8As2O6,325.97,,4,6,2,0
68194,4252585,224267,C1=CC(=CC=C1S(=O)(=O)NC2=NC=CS2)[As](=O)(O)O,Inactive,0,,,Inactive,,,,,,,,,,4,,-1.0064,,1.8324,,,7.7128,,,-2.762,,,3.5721,,,4.105,,,-2.7851,,,-1.0064,,,,QC'd by NCI,candidate_step1_inorganic,As,C9H9AsN2O5S2,364.2,,3,8,4,0
68271,17389440,8125,CCCCCCC=C,Inactive,0,,,Inactive,,,,,,,,,,4,,-7.1066,,-11.5597,1.1906,,6.6543,0.9502,,-24.0471,9.0115,,-7.8639,-14.4517,,-13.9302,3.1044,,8.0108,2.0227,,-10.5856,5.1919,,-7.1066,QC'd by NIEHS/NTP,candidate_step3_property,,C8H16,112.21,4.600,0,0,5,0
68284,11111079,1774,CC1(CCC=[N+]1[O-])C,Inactive,0,,,Inactive,,,,,,,,,,4,,19.2062,,37.7088,,,37.8338,,,21.9506,,,20.5707,,,35.2958,,,40.201,,,19.2829,,,19.2062,QC'd by SigmaAldrich,candidate_step3_property,,C6H11NO,113.16,-0.3,0,1,0,0
68286,17389441,12589,CCCCCC[N+](=O)[O-],Inactive,0,,,Inactive,,,,,,,,,,4,,-7.8388,,-2.3465,4.6252,,9.8229,-6.1759,,-10.2479,-2.3509,,-2.2374,1.2501,,4.2661,-1.3146,,-7.8313,-10.6584,,-7.0275,-2.3196,,-7.8388,QC'd by NIEHS/NTP,candidate_step3_property,,C6H13NO2,131.17,2.700,0,2,4,0
68296,11114103,5283454,CCCCCCCC/C=C\CCCCCCCC(=O)NCCO,Inactive,0,,,Activator,3.9811,29,,Complete curve; partial efficacy,-5.4,3.1925,0.9568,33,4,1.2,0 1 0 0 0 0 0 0,33.1797,,8.405,,,18.8332,,,8.045,,,1.5523,,,5.5985,,,8.3711,,,32.2523,,,33.1797,QC'd by SigmaAldrich,candidate_step3_property,,C20H39NO2,325.5,6.3,2,2,17,0
68304,4239497,3234604,C1CC2(CCN(CC2)C(=O)C3=CC(=CC(=C3)C(F)(F)F)C(F)(F)F)CN(C1)CC4=CC=CC=C4,Inactive,0,,,Inactive,,,,,,,,,,4,,7.5091,,,,,-5.5198,,,-2.4907,,,-6.1612,,,13.8048,,,13.6188,,,-5.3702,,,7.5091,QC'd by Pharmacopeia,candidate_step3_property,,C25H26F6N2O,484.5,5.8,0,8,3,0
68306,4252594,224575,C1=C(C=C(C(=C1NC(=O)N)O)I)[As](=O)(O)O,Inactive,0,,,Inactive,,,,,,,,,,4,,-21.6869,,3.3119,,,6.6527,,,7.2212,,,3.3411,,,8.9646,,,10.7238,,,-21.6869,,,,QC'd by NCI,candidate_step1_inorganic,As,C7H8AsIN2O5,401.97,,5,5,2,0
68315,11111081,6603819,C1CN(CCC1=C(C2=CC=C(C=C2)F)C3=CC=C(C=C3)F)CCN4C(=O)[C@@H]5C=CC=CC5=NC4=S,Inactive,0,,,Inactive,,,,,,,,,,4,,-0.8483,,32.1642,,,10.6316,,,22.0568,,,29.7626,,,36.7409,,,34.2709,,,16.3347,,,-0.8483,QC'd by SigmaAldrich,candidate_step3_property,,C28H25F2N3OS,489.6,5.7,0,5,5,0
68321,17389443,16932,CC1=C2C=CC3=CC=CC4=C3C2=C(C=C1)C=C4,Inactive,0,,,Inactive,,,,,,,,,,4,,20.8285,,1.7992,-8.8043,,-7.3784,-3.1843,,-17.5599,0.0546,,-3.6751,5.5459,,-0.6178,0.5582,,0.5057,-8.9547,,-15.2094,-16.0998,,20.8285,QC'd by NIEHS/NTP,candidate_step3_property,,C17H12,216.28,5.4,0,0,0,0
68330,17389437,62725,CC(C)CC1=NC=CS1,Inactive,0,,,Inactive,,,,,,,,,,4,,9.3987,,24.3129,1.7119,,4.0308,10.6107,,4.3843,19.7014,,9.3242,21.7548,,14.9341,18.3349,,-0.519,16.8645,,-6.2514,12.3523,,9.3987,QC'd by NIEHS/NTP,candidate_step3_property,,C7H11NS,141.24,2.6,0,2,2,0
68367,17389439,8004,CCCC=C,Inactive,0,,,Inactive,,,,,,,,,,4,,5.9564,,3.333,-11.7396,,4.508,-3.5188,,2.2486,11.2445,,5.8778,0.814,,11.4255,10.0676,,-15.3341,-26.1002,,-0.107,1.0918,,5.9564,QC'd by NIEHS/NTP,candidate_step3_property,,C5H10,70.13,2.4,0,0,2,0
68371,3711258,2108763,C1=CC=C2C(=C1)C(=O)N(N=N2)CSC3=NN=C(N3CC4=CC=CO4)COC5=CC=C(C=C5)Cl,Inactive,0,,,Inactive,,,,,,,,,,4,,13.4304,,,,,24.8623,,,48.4116,,,26.2706,,,7.5648,,,40.4295,,,-3.979,,,13.4304,QC'd by DPISMR,residual_possible_step4_or_definition_mismatch,,C22H17ClN6O3S,480.9,4.5,0,8,8,0
68396,17389450,6436079,CC1=C(C(CCC1)(C)C)/C=C/C(=C/C=C/C(=C\C=O)/C)/C,Inactive,0,,,Inactive,,,,,,,,,,4,,-3.3904,,10.2089,-3.623,,5.2898,0.2912,,3.7174,-63.4726,,11.6403,-28.3541,,9.9259,-3.8029,,-14.1427,7.5687,,-0.8581,-5.9824,,-3.3904,QC'd by NIEHS/NTP,candidate_step3_property,,C20H28O,284.4,6.200,0,1,5,0
68411,4252605,224772,CC(=C)CNCCN,Inactive,0,,,Inactive,,,,,,,,,,4,,-1.4105,,-16.7671,,,6.484,,,6.0414,,,-10.2912,,,2.1484,,,-21.2773,,,-1.4105,,,,QC'd by NCI,candidate_step3_property,,C6H14N2,114.19,0.1,2,2,4,0
68415,17389449,11750,CCC([N+](=O)[O-])Cl,Inactive,0,,,Inactive,,,,,,,,,,4,,-0.9126,,6.2039,1.796,,-8.506,6.8783,,6.0407,-19.0556,,7.6304,-7.4876,,12.4093,9.1635,,-1.6472,5.2395,,13.2451,3.9698,,-0.9126,QC'd by NIEHS/NTP,candidate_step3_property,,C3H6ClNO2,123.54,1.6,0,2,1,0
68422,4239508,3234615,COC1=CC=CC=C1CN2CCC3(CC2)CCN(CC3)C(=O)C4=CC(=CC(=C4)C(F)(F)F)C(F)(F)F,Inactive,0,,,Inactive,,,,,,,,,,4,,-8.0039,,,,,-8.3797,,,-7.1053,,,1.8722,,,-13.4463,,,-3.9915,,,3.9013,,,-8.0039,QC'd by Pharmacopeia,candidate_step3_property,,C26H28F6N2O2,514.5,5.7,0,9,4,0
68437,26748873,16757831,C1C(C(C(C(C1N)O[C@H]2C(C(C(C(O2)CN)O)O)N)O[C@H]3C(C(C(O3)CO)O)O)O)N.OS(=O)(=O)O,Inactive,0,,,Inactive,,,,,,,,,,4,,22.9966,,,,,29.9566,,,15.4678,,,19.8285,,,30.4593,,,15.3344,,,18.5873,,,22.9966,QC'd by Microsource,property_value_missing,,C17H36N4O14S,552.6,,12,18,6,0
68462,11111089,3053,C(CN(CC(=O)O)CC(=O)O)N(CCN(CC(=O)O)CC(=O)O)CC(=O)O,Inactive,0,,,Inactive,,,,,,,,,,4,,-0.5919,,3.7636,,,0.8248,,,-2.0463,,,1.336,,,2.8899,,,13.8163,,,2.6736,,,-0.5919,QC'd by SigmaAldrich,candidate_step3_property,,C14H23N3O10,393.35,-8.5,5,13,16,0
68468,26748875,1269845,C1=CNC(=S)NC1=O,Inactive,0,,,Inactive,,,,,,,,,,4,,12.6012,,,,,-8.4796,,,-4.9652,,,8.486,,,6.3882,,,-15.2567,,,5.2243,,,12.6012,QC'd by Microsource,candidate_step3_property,,C4H4N2OS,128.15,-0.300,2,2,0,0
68478,11111090,3053,C(CN(CC(=O)O)CC(=O)O)N(CCN(CC(=O)O)CC(=O)O)CC(=O)O,Inactive,0,,,Inactive,,,,,,,,,,4,,-3.8572,,0.7205,6.8631,,-9.8359,0.0328,,-18.8392,17.0824,,-0.5028,4.1755,,-2.5987,-1.647,,18.2208,6.0665,,4.5517,-3.8572,,,QC'd by Prestwick,candidate_step3_property,,C14H23N3O10,393.35,-8.5,5,13,16,0
68486,17389445,11597,CCCCC=C,Inactive,0,,,Inactive,,,,,,,,,,4,,16.0425,,-10.6819,7.5998,,8.1609,-8.7191,,-0.6133,29.1461,,-6.9338,-5.8203,,-10.8428,2.944,,8.0611,-7.4114,,-12.7567,-8.8769,,16.0425,QC'd by NIEHS/NTP,candidate_step3_property,,C6H12,84.16,3.400,0,0,3,0
68495,11111091,5018304,C1=CC=C(C(=C1)CC(=O)[O-])NC2=C(C=CC=C2Cl)Cl.[Na+],Inactive,0,,,Inactive,,,,,,,,,,4,,-12.4297,,-0.3975,,,-3.0107,,,6.9021,,,2.0818,,,7.4551,,,5.7582,,,7.8645,,,-12.4297,QC'd by SigmaAldrich,candidate_step1_inorganic,Na,C14H10Cl2NNaO2,318.1,,1,3,4,0
68509,17389448,7849,C(CBr)Cl,Inactive,0,,,Inactive,,,,,,,,,,4,,-4.7719,,23.4267,11.9528,,-2.5814,20.3833,,22.3221,18.2837,,5.0547,16.3517,,20.2573,18.2138,,5.568,7.3824,,6.7312,6.4508,,-4.7719,QC'd by NIEHS/NTP,candidate_step3_property,,C2H4BrCl,143.41,1.6,0,0,1,0
68514,11111092,6603822,CCCCCCCCCCCCCCC[C@@H]([C@@H](CO)N)O,Inactive,0,,,Inactive,,,,,,,,,,4,,-5.6083,,0.7315,,,-2.893,,,-31.5439,,,-20.4117,,,0.1916,,,-12.1722,,,4.0355,,,-5.6083,QC'd by SigmaAldrich,candidate_step3_property,,C18H39NO2,301.5,5.8,3,3,16,0
68592,4252676,81770,CC(C)(CN)CN,Inactive,0,,,Inactive,,,,,,,,,,4,,27.4098,,7.6324,,,31.2638,,,-4.9095,,,12.3675,,,28.2538,,,9.6678,,,27.4098,,,,QC'd by NCI,candidate_step3_property,,C5H14N2,102.18,-0.5,2,2,2,0
68613,11114086,127861,C1=CC=C(C=C1)C2=C(OC(=N2)C3=C(OC=N3)C4=CC(=CC=C4)OCC(=O)O)C5=CC=CC=C5,Inactive,0,,,Inactive,,,,,,,,,,4,,-29.1175,,-10.3677,0.5675,,2.1027,-10.3118,,-12.7609,-6.7718,,-4.59,3.7429,,-3.9367,-9.5209,,-11.9146,-10.7504,,-3.9011,-4.7119,,-29.1175,QC'd by Tocris,candidate_step3_property,,C26H18N2O5,438.4,5.0,1,7,7,0
68620,17389426,11684,CCC(C)(C)C(=O)O,Inactive,0,,,Inactive,,,,,,,,,,4,,0.1613,,15.0921,18.1663,,4.6686,10.9917,,4.4871,-13.1947,,9.2206,5.9954,,-9.9364,-0.2785,,4.7957,-8.2366,,1.6978,-3.4841,,0.1613,QC'd by NIEHS/NTP,candidate_step3_property,,C6H12O2,116.16,1.5,1,2,2,0
68640,11111030,6603803,CCCC[C@@]1(CC2=CC(=C(C(=C2C1=O)Cl)Cl)OCC(=O)O)C3CCCC3,Inactive,0,,,Activator,10,24.5,,Partial curve; partial efficacy,-5,3.6772,0.9335,37.5,13,2.2,0 0 0 0 1 0 0 0,37.7803,,18.5095,,,12.3045,,,12.5045,,,12.4618,,,25.4333,,,9.7832,,,27.7799,,,37.7803,QC'd by SigmaAldrich,candidate_step3_property,,C20H24Cl2O4,399.3,6.5,1,4,7,0
68641,17389427,7791,CCCCC(CC)CNCC(CC)CCCC,Inactive,0,,,Inactive,,,,,,,,,,4,,20.4411,,-30.5515,6.3462,,-3.3865,-4.8383,,-6.5149,2.8635,,5.0109,8.4722,,11.7048,9.083,,25.7834,-1.2965,,-8.8888,3.1462,,20.4411,QC'd by NIEHS/NTP,candidate_step3_property,,C16H35N,241.46,6.1,1,1,12,0
68653,4243530,525,C(C(C(=O)O)O)C(=O)O,Inactive,0,,,Inactive,,,,,,,,,,4,,5.5998,,,,,11.4772,,,11.1861,,,15.3685,,,7.1217,,,9.5582,,,13.236,,,5.5998,QC'd by DPISMR,candidate_step3_property,,C4H6O5,134.09,-1.300,3,5,3,0
68655,17389424,6403,CCC(C)(C)C,Inactive,0,,,Inactive,,,,,,,,,,4,,26.0382,,12.1035,-23.7712,,12.647,14.0962,,3.4223,38.4568,,4.3967,9.9406,,18.3098,10.4024,,4.3783,-4.8363,,15.222,15.0564,,26.0382,QC'd by NIEHS/NTP,candidate_step3_property,,C6H14,86.18,3.0,0,0,1,0
68674,17389425,19871,CCC(C(C)(C)C)O,Inactive,0,,,Inactive,,,,,,,,,,4,,-5.6694,,9.9756,0.7307,,-14.3368,14.3106,,-9.7955,-54.2867,,-8.685,-14.2704,,-10.0131,-13.98,,-1.0474,-14.9362,,9.2016,4.4619,,-5.6694,QC'd by NIEHS/NTP,candidate_step3_property,,C7H16O,116.20,2.2,1,1,2,0
68686,11114098,3943541,CC1=C(C=C(C=C1)C(=O)NC2=C3C(=CC(=CC3=C(C=C2)S(=O)(=O)[O-])S(=O)(=O)[O-])S(=O)(=O)[O-])NC(=O)C4=CC(=CC=C4)NC(=O)NC5=CC=CC(=C5)C(=O)NC6=C(C=CC(=C6)C(=O)NC7=C8C(=CC(=CC8=C(C=C7)S(=O)(=O)[O-])S(=O)(=O)[O-])S(=O)(=O)[O-])C,Inactive,0,,,Inactive,,,,,,,,,,4,,-3.929,,11.5452,-0.0418,,2.433,-4.5077,,5.6691,2.5302,,12.5209,10.2858,,7.1275,0.035,,2.5562,8.4839,,7.7513,17.2743,,-3.929,QC'd by Tocris,candidate_step3_property,,C51H34N6O23S6-6,1291.2,1.1,6,23,10,-6
68720,11111043,6603809,C[C@H]1[C@H]([C@H]([C@H]([C@@H](O1)O[C@H]2C[C@H]([C@@]3([C@H]4[C@H](CC[C@]3(C2)O)[C@@]5(CC[C@H]([C@]5(C[C@@H]4O)C)[C@H]6CC(=O)OC6)O)CO)O)O)O)O,Inactive,0,,,Inactive,,,,,,,,,,4,,3.5492,,-0.3791,,,3.4647,,,1.1991,,,15.3011,,,-1.713,,,4.5209,,,4.9837,,,3.5492,QC'd by SigmaAldrich,candidate_step3_property,,C29H46O12,586.7,-1.200,8,12,4,0
68723,17389428,11660,CC(C)(Cl)Cl,Inactive,0,,,Inactive,,,,,,,,,,4,,4.179,,21.7034,-1.0627,,-16.1615,-8.1689,,3.7764,-1.043,,-2.3031,-0.0752,,6.3014,-24.5732,,5.5846,1.3432,,-8.8779,-1.58,,4.179,QC'd by NIEHS/NTP,candidate_step3_property,,C3H6Cl2,112.98,2.1,0,0,0,0
68743,865367,666621,C1CC(=NC1)NCC(=O)O,Inactive,0,,,Inactive,,,,,,,,,,4,,3.3235,,,,,0.4222,,,1.2406,,,-4.0626,,,-0.569,,,1.4293,,,-0.1526,,,3.3235,QC'd by DPISMR,candidate_step3_property,,C6H10N2O2,142.16,-0.9,2,3,3,0
68746,17389429,20167,C1=CC=C(C=C1)C(=O)OCC(COC(=O)C2=CC=CC=C2)(COC(=O)C3=CC=CC=C3)COC(=O)C4=CC=CC=C4,Inactive,0,,,Activator,39.8107,37.2467,,Single point of activity,-4.4,4.9549,0.5917,39.2776,2.0309,3,0 0 0 0 0 0 0 0 0 0 0 0 0 0 0,34.6765,,5.8393,-2.0072,,2.8189,6.1043,,12.3392,12.0319,,-2.0692,-4.7272,,-11.9044,5.9218,,-5.1879,7.17,,6.731,0.7618,,34.6765,QC'd by NIEHS/NTP,candidate_step3_property,,C33H28O8,552.6,6.5,0,8,16,0
68762,11111039,6603806,C(C[C@](C(F)F)(C(=O)O)N)CN,Inactive,0,,,Inactive,,,,,,,,,,4,,4.5398,,5.4348,,,-10.5391,,,16.4024,,,2.9489,,,17.8988,,,1.1024,,,9.8673,,,4.5398,QC'd by SigmaAldrich,residual_possible_step4_or_definition_mismatch,,C6H12F2N2O2,182.17,-2.9,3,6,5,0
68766,17389434,155166,C1=C(C(=CC(=C1Br)Br)Br)OC2=CC(=C(C=C2Br)Br)Br,Inactive,0,,,Inactive,,,,,,,,,,4,,21.3705,,-2.1143,2.7473,,18.9499,2.577,,2.5304,15.9988,,10.7021,10.6983,,15.4258,10.6237,,9.9654,11.3722,,9.4805,27.0383,,21.3705,QC'd by NIEHS/NTP,candidate_step3_property,,C12H4Br6O,643.6,7.6,0,1,2,0
68786,17389435,17111,CN(C)CCOC(=O)C=C,Inactive,0,,,Inactive,,,,,,,,,,4,,18.5437,,-4.7701,-0.9997,,12.9453,18.9149,,-21.1807,20.519,,15.8028,4.7372,,11.6258,13.0475,,-1.3623,13.6779,,14.128,-4.8846,,18.5437,QC'd by NIEHS/NTP,candidate_step3_property,,C7H13NO2,143.18,0.500,0,3,5,0
68793,11114095,6604869,C/C(=C\[C@H](C(=O)O)N)/CP(=O)(O)O,Inactive,0,,,Inactive,,,,,,,,,,4,,1.4476,,-3.93,-4.0294,,10.116,-24.4246,,-5.1127,2.7879,,-2.9997,-4.5239,,-4.6229,-5.2245,,-4.1766,-10.0585,,4.0675,-9.4315,,1.4476,QC'd by Tocris,candidate_step3_property,,C6H12NO5P,209.14,-4.1,4,6,4,0
68799,17389432,95170,C1=CC(=C(C=C1Br)Br)OC2=C(C=C(C=C2)Br)Br,Inactive,0,,,Activator,39.8107,128.532,,Partial curve; high efficacy,-4.4,1.8851,0.8728,138.707,10.1754,2.1,0 0 0 0 0 0 0 0 0 0 0 0 0 0 0,109.857,,11.0469,2.7468,,4.973,17.606,,16.7142,14.8266,,4.0177,7.3669,,5.3863,14.9492,,7.9363,17.9884,,36.5794,26.9898,,109.857,QC'd by NIEHS/NTP,candidate_step3_property,,C12H6Br4O,485.79,6.2,0,1,2,0
68811,11114092,4670,CCCCCCCCCCCCCCCC(=O)C(F)(F)F,Inactive,0,,,Inactive,,,,,,,,,,4,,16.8886,,-1.1518,-1.4352,,16.3855,-4.31,,-14.8108,-3.9485,,11.2834,-0.6473,,-13.8979,-7.0392,,-12.0318,6.8457,,-11.1576,9.7351,,16.8886,QC'd by Tocris,candidate_step3_property,,C17H31F3O,308.4,8.500,0,4,14,0
68814,26748986,64764,CC(C)CC(C1(CCC1)C2=CC=C(C=C2)Cl)N(C)C.Cl,Inactive,0,,,Inactive,,,,,,,,,,4,,-3.4311,,,,,-0.8752,,,-9.9226,,,-5.8997,,,-2.3818,,,-14.5193,,,4.8406,,,-3.4311,QC'd by Microsource,property_value_missing,,C17H27Cl2N,316.3,,1,1,5,0
68818,17389433,37034,C1=C(C(=CC(=C1Cl)Cl)Cl)C2=CC(=C(C=C2Cl)Cl)Cl,Inactive,0,,,Activator,19.9526,37.459,,Complete curve; partial efficacy; poor fit,-4.7,3.0654,0.7608,34.6714,-2.7877,1.4,0 0 0 0 0 1 0 0 0 0 0 0 0 0 0,32.4243,,-2.2692,-3.9328,,-10.5873,-2.8544,,1.9512,29.3536,,-2.589,4.2626,,2.9422,6.7688,,-15.6776,-1.3831,,-6.1024,26.0984,,32.4243,QC'd by NIEHS/NTP,candidate_step3_property,,C12H4Cl6,360.9,7.200,0,0,1,0
68825,4239623,3234730,C1CN(CCC12CN(C2)C3=CC=CC=C3)C(=O)C4=CC(=CC(=C4)C(F)(F)F)C(F)(F)F,Inactive,0,,,Inactive,,,,,,,,,,4,,-7.0387,,,,,11.0999,,,20.5634,,,13.6109,,,30.6724,,,3.5956,,,2.0688,,,-7.0387,QC'd by Pharmacopeia,candidate_step3_property,,C22H20F6N2O,442.4,5.3,0,8,2,0
68836,4252690,3246075,[C@H]1([C@H](C([C@H]([C@@H](C1O)N=C(N)N)O)O)O)N=C(N)N.OS(=O)(=O)O,Inactive,0,,,Inactive,,,,,,,,,,4,,1.4375,,12.8455,,,8.3956,,,5.0286,,,-4.0066,,,13.1824,,,11.5308,,,1.4375,,,,QC'd by NCI,property_value_missing,,C8H20N6O8S,360.35,,10,10,2,0
68839,17389406,6589,CC(C)C(C)C,Inactive,0,,,Inactive,,,,,,,,,,4,,-12.0526,,-23.6715,-12.628,,3.1773,-10.7734,,-3.8551,3.1057,,-20.4121,-22.7419,,-1.0971,-0.79,,-15.7614,-13.2019,,-9.2459,-10.7183,,-12.0526,QC'd by NIEHS/NTP,candidate_step3_property,,C6H14,86.18,3.400,0,0,1,0
68846,11111052,452009,C1[C@H]([C@H]([C@@H](N1)CO)O)O,Inactive,0,,,Inactive,,,,,,,,,,4,,22.9734,,12.6309,,,24.0011,,,19.1878,,,28.8183,,,23.0867,,,29.424,,,19.514,,,22.9734,QC'd by SigmaAldrich,candidate_step3_property,,C5H11NO3,133.15,-1.7,4,4,1,0
68848,3711356,2324329,C1CN(CCN1CCS(=O)(=O)C(F)(F)F)C(C2=CC=CC=C2)C3=CC=CC=C3,Inactive,0,,,Activator,15.8489,38.1479,,Partial curve; partial efficacy,-4.8,2.7202,0.8495,41.6742,3.5263,2.2,0 0 1 0 0 0 0,40.1186,,,,,3.1711,,,9.4099,,,22.0306,,,13.2097,,,-1.9742,,,15.6117,,,40.1186,QC'd by DPISMR,residual_possible_step4_or_definition_mismatch,,C20H23F3N2O2S,412.5,3.9,0,7,6,0
68872,17389404,6893,CC1=C(C(=CC=C1)N)C,Inactive,0,,,Inactive,,,,,,,,,,4,,10.8773,,-5.2215,-3.0294,,-17.933,-13.3552,,-6.7135,13.4615,,-4.6352,-6.2602,,5.1848,-4.3027,,-1.2939,-1.3986,,-14.7095,10.9121,,10.8773,QC'd by NIEHS/NTP,candidate_step3_property,,C8H11N,121.18,2.300,1,1,0,0
68917,11111048,6603811,C1=NC(=C2C(=N1)N(C=N2)[C@H]3[C@H]([C@H]([C@@H](O3)COP(=O)(O)OP(=O)([O-])OP(=O)([O-])OP(=O)([O-])OC[C@H]4[C@@H]([C@@H]([C@@H](O4)N5C=NC6=C(N=CN=C65)N)O)O)O)O)N,Inactive,0,,,Inactive,,,,,,,,,,4,,-6.5381,,3.8055,,,-2.2592,,,-0.1738,,,-3.7928,,,13.917,,,4.1755,,,-5.1256,,,-6.5381,QC'd by SigmaAldrich,candidate_step3_property,,C20H25N10O19P4-3,833.4,-8.500,7,27,14,-3
68938,26748962,4599,CCCCCCCCCCCC(CC1C(C(=O)O1)CCCCCC)OC(=O)C(CC(C)C)NC=O,Inactive,0,,,Activator,0.0794,33.8495,,Complete curve; partial efficacy; poor fit,-7.1,3.5117,0.5843,25.0743,-8.7752,1.4,0 0 0 0 1 0 0,13.3934,,,,,10.363,,,-28.6245,,,15.3531,,,30.1591,,,-9.418,,,29.9417,,,13.3934,QC'd by Microsource,candidate_step3_property,,C29H53NO5,495.7,10.0,1,5,23,0
68960,17389407,10687,CC1=C(C(=CC=C1)O)C,Inactive,0,,,Inactive,,,,,,,,,,4,,32.9268,,32.4702,18.4638,,30.9268,27.1245,,3.2563,70.2726,,31.7901,14.2644,,26.092,40.514,,44.9313,31.7676,,-7.2232,16.1182,,32.9268,QC'd by NIEHS/NTP,candidate_step3_property,,C8H10O,122.16,2.600,1,1,0,0
68961,4252695,227312,C(CN=C(N)N)N=C(N)N.OS(=O)(=O)O,Inactive,0,,,Inactive,,,,,,,,,,4,,-0.4321,,-1.751,,,-7.485,,,-1.9105,,,11.2234,,,24.913,,,15.5343,,,-0.4321,,,,QC'd by NCI,property_value_missing,,C4H14N6O4S,242.26,,6,6,3,0
68980,11114083,6604867,C1C[C@H]2[C@@H](C1)[C@@H]3C[C@H]2C[C@H]3OC(=S)[S-].[K+],Inactive,0,,,Inactive,,,,,,,,,,4,,-13.989,,-9.8955,21.9762,,23.8989,26.8712,,11.7324,25.8466,,21.1471,29.2266,,17.8106,0.669,,26.1439,20.5662,,15.1201,-14.7879,,-13.989,QC'd by Tocris,candidate_step1_inorganic,K,C11H15KOS2,266.5,,0,3,2,0
68988,4252697,227337,CCN(CC)CCN1C2=CC=CC=C2SC3=C1C4=CC=CC=C4C=C3,Inactive,0,,,Inactive,,,,,,,,,,4,,-7.0739,,6.8325,,,2.2434,,,-4.1883,,,5.4439,,,-19.0275,,,10.1614,,,-7.0739,,,,QC'd by NCI,candidate_step3_property,,C22H24N2S,348.5,5.8,0,3,5,0
68996,11114082,3177,CS(=O)(=O)C1=CC=C(C=C1)C2=C(SC(=C2)Br)C3=CC=C(C=C3)F,Inactive,0,,,Inactive,,,,,,,,,,4,,-3.0181,,2.8209,-23.5714,,14.959,-7.6485,,-1.1258,-8.0738,,7.279,-3.8268,,10.6539,10.2312,,-2.3515,8.9417,,-7.5108,8.5143,,-3.0181,QC'd by Tocris,candidate_step3_property,,C17H12BrFO2S2,411.3,5.3,0,4,3,0
68997,17389414,12018,C(C(CCl)Cl)O,Inactive,0,,,Inactive,,,,,,,,,,4,,-1.3813,,-24.73,3.3124,,5.2048,9.8249,,-3.5235,-10.2622,,12.1554,11.8053,,12.3009,21.9532,,2.1011,-1.3732,,7.4971,5.1797,,-1.3813,QC'd by NIEHS/NTP,candidate_step3_property,,C3H6Cl2O,128.98,0.8,1,1,2,0
69002,11114080,5040063,CCCC1=C(N(N=C1C2=CC=C(C=C2)O)C3=CC=C(C=C3)O)C4=CC=C(C=C4)O,Inactive,0,,,Inactive,,,,,,,,,,4,,-26.2922,,12.9592,16.0306,,34.3476,18.6866,,22.0803,10.7415,,20.5238,31.2103,,21.3743,7.1077,,20.5693,19.901,,21.6567,3.0331,,-26.2922,QC'd by SigmaAldrich,candidate_step3_property,,C24H22N2O3,386.4,5.5,3,4,5,0
69010,17389413,6565,C=C(CCl)Cl,Inactive,0,,,Inactive,,,,,,,,,,4,,15.1072,,7.8054,28.3445,,12.3421,19.2108,,9.1023,52.3094,,14.5129,11.5952,,16.623,21.5901,,15.3841,14.5855,,7.4146,15.3815,,15.1072,QC'd by NIEHS/NTP,candidate_step3_property,,C3H4Cl2,110.97,1.9,0,0,1,0
69025,11111058,3101,C1=CC=C2C(=C1)C3=CC=CC=C3[I+]2,Inactive,0,,,Inactive,,,,,,,,,,4,,-14.5583,,-4.0845,,,8.4787,,,4.6943,,,9.1472,,,10.7885,,,-8.1912,,,9.0403,,,-14.5583,QC'd by SigmaAldrich,residual_possible_step4_or_definition_mismatch,,C12H8I+,279.10,4.1,0,0,0,1
69052,11111055,2497,CC1=[N+](C2=CC=CC=C2C(=C1)N)CCCCCCCCCCCCCC[N+]3=C(C=C(C4=CC=CC=C43)N)C,Inactive,0,,,Inactive,,,,,,,,,,4,,-12.3867,,-7.5445,,,-20.3121,,,-7.0365,,,-5.5657,,,10.4738,,,-2.8863,,,6.5209,,,-12.3867,QC'd by SigmaAldrich,candidate_step3_property,,C34H48N4+2,512.8,9.5,2,2,15,2
69108,17389387,637564,C/C=C/C=C/C=O,Inactive,0,,,Inactive,,,,,,,,,,4,,-3.4474,,-1.9067,5.8199,,-6.4159,6.8105,,0.5534,-5.9991,,-4.4922,-13.0113,,16.156,8.7449,,0.4954,-9.6164,,11.7944,8.5516,,-3.4474,QC'd by NIEHS/NTP,candidate_step3_property,,C6H8O,96.13,1.2,0,1,2,0
69115,4239578,3234685,C1CN(CCC12CCN(CC2)S(=O)(=O)C3=CC=CC=C3)C4=CC=C(C=C4)C5=CC=CC=C5,Inactive,0,,,Inactive,,,,,,,,,,4,,-5.9258,,,,,3.8729,,,3.6733,,,-1.9423,,,5.7899,,,6.0691,,,-10.3544,,,-5.9258,QC'd by Pharmacopeia,candidate_step3_property,,C27H30N2O2S,446.6,5.6,0,4,4,0
69125,4252643,408701,CC1=C(C(=C(C=C1)C2(CCN(CC2)C)C3=C(C(=C(C=C3)C)O)C)C)O,Inactive,0,,,Inactive,,,,,,,,,,4,,-26.277,,-0.9565,,,-1.975,,,-15.4847,,,15.3218,,,16.6198,,,3.4266,,,-26.277,,,,QC'd by NCI,residual_possible_step4_or_definition_mismatch,,C22H29NO2,339.5,4.9,2,3,2,0
69154,26748952,2540,CCOC1=NC2=CC=CC(=C2N1CC3=CC=C(C=C3)C4=CC=CC=C4C5=NNN=N5)C(=O)OC(C)OC(=O)OC6CCCCC6,Inactive,0,,,Inactive,,,,,,,,,,4,,-9.0487,,,,,-0.2359,,,-4.6534,,,-6.143,,,16.2772,,,13.474,,,25.1035,,,-9.0487,QC'd by Microsource,candidate_step3_property,,C33H34N6O6,610.7,7.0,1,10,13,0
69171,4239575,3234682,COC1=CC=C(C=C1)OC2=NC=C3C(=N2)N(C(=O)C(=N3)C4=CC=CS4)CC5=CC(=CC=C5)OC,Inactive,0,,,Activator,7.9433,75.2873,,Partial curve; high efficacy,-5.1,1.331,0.9869,91.6166,16.3293,2.1,0 0 0 0 0 0 0,86.2452,,,,,15.653,,,23.2422,,,12.9519,,,17.3147,,,27.8187,,,62.3248,,,86.2452,QC'd by Pharmacopeia,residual_possible_step4_or_definition_mismatch,,C25H20N4O4S,472.5,4.5,0,8,7,0
69179,17389391,9709,C1=CC(=C(C=C1F)F)N,Inactive,0,,,Inactive,,,,,,,,,,4,,-1.4324,,-8.3617,-2.9719,,-1.7672,3.8774,,-2.1896,8.5103,,-13.0125,7.3424,,6.3818,-8.5423,,3.6468,1.6745,,1.6879,6.3321,,-1.4324,QC'd by NIEHS/NTP,candidate_step3_property,,C6H5F2N,129.11,1.500,1,3,0,0
69224,4252645,5771531,C1C2=CC=CC=C2C3=C1C=C(C=C3)N=C/C=C\C4=CC=CC=C4,Inactive,0,,,Inactive,,,,,,,,,,4,,1.2832,,-46.4796,,,3.4053,,,-1.1638,,,0.2232,,,9.9188,,,6.9865,,,1.2832,,,,QC'd by NCI,candidate_step3_property,,C22H17N,295.4,5.500,0,1,3,0
69249,11111008,439202,C(CON=C(N)N)[C@@H](C(=O)O)N,Inactive,0,,,Inactive,,,,,,,,,,4,,26.8225,,26.5376,,,25.0766,,,22.9854,,,1.62,,,27.598,,,22.9519,,,37.2527,,,26.8225,QC'd by SigmaAldrich,candidate_step3_property,,C5H12N4O3,176.17,-4.800,4,5,5,0
69250,4252650,16684728,C([C@@H]1[C@@H](O[Sb]O1)[C@@H]([C@@H](C(=O)O)O)O)O.O,Inactive,0,,,Inactive,,,,,,,,,,4,,-0.2528,,-4.4518,,,-9.5683,,,-7.7847,,,-7.56,,,-9.9298,,,-1.7013,,,-0.2528,,,,QC'd by NCI,candidate_step1_inorganic,Sb,C6H12O8Sb,333.91,,5,8,4,0
69253,3711317,135415384,COC1=CC=CC=C1C2=NN=C(N2C3CCCCC3)SC/C(=C(\C#N)/C4=NC5=CC=CC=C5N4)/O,Inactive,0,,,Inactive,,,,,,,,,,4,,4.6205,,,,,-9.6524,,,-3.1777,,,-4.6965,,,3.1982,,,-5.2011,,,-21.4312,,,4.6205,QC'd by DPISMR,residual_possible_step4_or_definition_mismatch,,C26H26N6O2S,486.6,4.3,2,7,7,0
69258,17389396,61286,CCCCC(CC)COC(=O)COC1=C(C=C(C=C1)Cl)Cl,Inactive,0,,,Activator,19.9526,70.2766,,Partial curve; partial efficacy,-4.7,0.7,0.8236,73.7503,3.4737,2.2,0 0 0 0 0 0 0 0 0 0 0 0 0 0 0,57.218,,-4.5323,10.1395,,-3.1983,8.8538,,5.0542,19.2179,,-3.1635,15.1571,,10.9552,19.2374,,14.4021,19.6467,,25.9127,45.9226,,57.218,QC'd by NIEHS/NTP,candidate_step3_property,,C16H22Cl2O3,333.2,6.300,0,3,10,0
69266,4252651,16684730,CC1=CC=C(C=C1)[Sb]2O[C@@H]([C@H](O2)[C@@H]([C@@H](C(=O)O)O)O)CO.O.O,Inactive,0,,,Inactive,,,,,,,,,,4,,-3.1623,,3.2799,,,-2.6518,,,1.1895,,,-11.998,,,-0.8653,,,-19.2164,,,-3.1623,,,,QC'd by NCI,candidate_step1_inorganic,Sb,C13H21O9Sb,443.06,,6,9,5,0
69282,4239584,3234691,C1C[C@@]2(CCN(C2)C3=CC=CC(=C3)C4=CC=CC=C4)CN(C1)C(=O)C5=CC(=CC=C5)F,Inactive,0,,,Inactive,,,,,,,,,,4,,-22.1414,,,,,-1.7156,,,-0.7196,,,-2.1335,,,-2.9032,,,16.4039,,,9.5021,,,-22.1414,QC'd by Pharmacopeia,candidate_step3_property,,C27H27FN2O,414.5,5.7,0,3,3,0
69287,4252648,16683599,C(C(=O)O)O[Sb]OCC(=O)O.O.O.O,Inactive,0,,,Inactive,,,,,,,,,,4,,3.0851,,8.0574,,,1.1121,,,-7.2456,,,8.0455,,,-1.3425,,,-1.01,,,3.0851,,,,QC'd by NCI,candidate_step1_inorganic,Sb,C4H12O9Sb,325.89,,5,9,6,0
69291,4243565,3238268,CC1=CC=C(C=C1)CN2C=CC(=N2)NC(=O)C3=NOC(=C3)C4=CC(=CC=C4)Cl,Inactive,0,,,Inactive,,,,,,,,,,4,,-22.0926,,,,,-5.0365,,,-9.4551,,,2.6848,,,-2.8108,,,3.5579,,,-19.1077,,,-22.0926,QC'd by DPISMR,residual_possible_step4_or_definition_mismatch,,C21H17ClN4O2,392.8,4.4,1,4,5,0
69308,4252649,16684726,[C@@H]1(C([C@H](O[Sb]O1)C(=O)O)O)C(=O)O.O.O.O,Inactive,0,,,Inactive,,,,,,,,,,4,,-0.7531,,-3.3321,,,-2.1197,,,1.0766,,,-20.7737,,,-6.7944,,,-17.6885,,,-0.7531,,,,QC'd by NCI,candidate_step1_inorganic,Sb,C5H12O10Sb,353.90,,6,10,2,0
69327,11114059,4469,C1=CC(=C(C=C1S(=O)(=O)[O-])S(=O)(=O)[O-])NC(=O)C2=CC(=CC(=C2)NC(=O)NC3=CC(=CC(=C3)C(=O)NC4=C(C=C(C=C4)S(=O)(=O)[O-])S(=O)(=O)[O-])C(=O)NC5=C(C=C(C=C5)S(=O)(=O)[O-])S(=O)(=O)[O-])C(=O)NC6=C(C=C(C=C6)S(=O)(=O)[O-])S(=O)(=O)[O-].[Na+].[Na+].[Na+].[Na+].[Na+].[Na+].[Na+].[Na+],Inactive,0,,,Inactive,,,,,,,,,,4,,-9.014,,-8.6953,-15.0365,,7.6421,1.0219,,-3.4622,-6.8768,,0.448,5.1058,,-10.1068,-4.2071,,2.7815,10.1301,,-10.7227,-10.5699,,-9.014,QC'd by Tocris,candidate_step1_inorganic,Na,C41H24N6Na8O29S8,1505.1,,6,29,18,0
69334,11111003,439771,C([C@H](C(=O)O)N)Cl,Inactive,0,,,Inactive,,,,,,,,,,4,,-16.0845,,-0.8166,,,3.3623,,,-1.9091,,,11.5613,,,14.0156,,,12.217,,,9.3959,,,-16.0845,QC'd by SigmaAldrich,candidate_step3_property,,C3H6ClNO2,123.54,-2.8,2,3,2,0
69343,11114060,6604009,CC[C@@H](C1=CC=CC=C1)NC(=O)C2=C(C(=NC3=CC=CC=C32)C4=CC=CC=C4)C,Inactive,0,,,Activator,0.2512,50.3869,,Single point of activity,-6.6,0.3,0.7387,32.9326,-17.4543,3,0 0 0 0 0 0 0 0,35.5884,,-9.7533,,,-11.4581,,,0.211,,,10.6655,,,12.8286,,,11.1122,,,7.3131,,,35.5884,QC'd by SigmaAldrich,candidate_step3_property,,C26H24N2O,380.5,5.9,1,2,5,0
69398,17389371,13205,CC1=C(C=CC=C1N)N,Inactive,0,,,Inactive,,,,,,,,,,4,,0.4494,,18.8726,6.1309,,-10.6771,-6.4532,,8.8804,0.088,,-0.7037,18.1934,,10.0033,7.4726,,6.1925,14.0009,,7.4631,8.5339,,0.4494,QC'd by NIEHS/NTP,candidate_step3_property,,C7H10N2,122.17,0.9,2,2,0,0
69416,17389370,6896,CC1=C(C(=CC=C1)C)N,Inactive,0,,,Inactive,,,,,,,,,,4,,19.9784,,-7.4901,19.4849,,13.973,12.7136,,-18.3021,-4.4241,,5.6089,5.7455,,13.3809,31.0728,,19.4193,-22.7588,,-5.8909,9.866,,19.9784,QC'd by NIEHS/NTP,candidate_step3_property,,C8H11N,121.18,1.800,1,1,0,0
69435,17389373,11335,CC1=C(C(=CC=C1)C)O,Inactive,0,,,Inactive,,,,,,,,,,4,,20.3925,,20.4333,13.3583,,14.9555,12.4653,,10.5046,22.7903,,6.7201,16.4526,,5.4351,1.6658,,11.0451,9.8328,,12.5899,14.5487,,20.3925,QC'd by NIEHS/NTP,candidate_step3_property,,C8H10O,122.16,2.400,1,1,0,0
69461,4252663,3246063,C([C@@H](CS)S)O,Inactive,0,,,Inactive,,,,,,,,,,4,,2.1174,,1.3072,,,19.7812,,,-2.5059,,,2.2477,,,3.3062,,,10.9985,,,2.1174,,,,QC'd by NCI,candidate_step3_property,,C3H8OS2,124.23,0.2,3,3,2,0
69492,17389378,7259,CC1=CC(=C(C=C1)C)N,Inactive,0,,,Inactive,,,,,,,,,,4,,17.5604,,-47.9898,-9.945,,12.4901,14.1337,,6.5712,-5.5247,,3.9916,8.7939,,13.375,8.0262,,2.6109,-4.0101,,9.1621,11.8231,,17.5604,QC'd by NIEHS/NTP,candidate_step3_property,,C8H11N,121.18,1.800,1,1,0,0
69501,4252661,97725,C(CCO)C[C@@H](C(=O)O)N,Inactive,0,,,Inactive,,,,,,,,,,4,,-8.8655,,-2.9491,,,2.2095,,,-6.2846,,,-10.2734,,,-9.9031,,,-1.1893,,,-8.8655,,,,QC'd by NCI,candidate_step3_property,,C6H13NO3,147.17,-2.800,3,4,5,0
69508,26748932,74989,C1CC(CCC1C2=CC=C(C=C2)Cl)C3=C(C4=CC=CC=C4C(=O)C3=O)O,Inactive,0,,,Inactive,,,,,,,,,,4,,-32.4204,,,,,46.0846,,,-33.4395,,,1.7137,,,30.9264,,,-19.2939,,,-27.9368,,,-32.4204,QC'd by Microsource,candidate_step3_property,,C22H19ClO3,366.8,5.2,1,3,2,0
69516,4252660,3246061,C[As+](C)(C1=CC(=C(C=C1)Br)[N+](=O)[O-])C2=CC(=C(C=C2)Br)[N+](=O)[O-].[N+](=O)(O)[O-],Inactive,0,,,Inactive,,,,,,,,,,4,,14.1826,,11.9116,,,14.7673,,,12.7677,,,8.9232,,,17.9803,,,8.5051,,,14.1826,,,,QC'd by NCI,candidate_step1_inorganic,As,C14H13AsBr2N3O7+,570.00,,1,7,2,1
69522,11114036,4273754,CCCN1C(=C(C2=CC=CC=C21)C(=O)C3=CC=CC4=CC=CC=C43)C,Inactive,0,,,Activator,19.9526,40.2998,,Partial curve; partial efficacy; poor fit,-4.7,0.9,0.7826,44,3.7002,2.4,0 0 0 0 0 0 0 0 0 0 0 0 1 0 0,34.7146,,0.8084,-5.2499,,10.1328,4.7434,,3.3847,10.8354,,2.8724,11.1961,,2.7282,7.5294,,12.7376,7.3207,,3.0434,24.4573,,34.7146,QC'd by Tocris,candidate_step3_property,,C23H21NO,327.4,5.8,0,1,4,0
69537,17389380,7267,CC1=CC(=C(C=C1)C)O,Inactive,0,,,Inactive,,,,,,,,,,4,,-17.5647,,-20.5671,-10.2107,,-2.4224,-13.8401,,-14.4673,2.1632,,-18.9961,-11.0447,,3.03,2.1315,,-2.4068,-14.8578,,-24.1111,-26.2964,,-17.5647,QC'd by NIEHS/NTP,candidate_step3_property,,C8H10O,122.16,2.300,1,1,0,0
69551,17389379,8031,CC(C)(CCC(C)(C)O)O,Inactive,0,,,Inactive,,,,,,,,,,4,,11.6965,,-4.8184,-3.7565,,10.5816,-1.5295,,-6.1023,-72.6844,,-2.6904,13.303,,13.2712,4.2432,,8.1795,4.6628,,-26.1249,-5.1539,,11.6965,QC'd by NIEHS/NTP,candidate_step3_property,,C8H18O2,146.23,0.8,2,2,3,0
69608,17389384,7250,CC1=CC(=C(C=C1)N)C,Inactive,0,,,Inactive,,,,,,,,,,4,,6.1569,,30.9442,13.5353,,2.483,11.7437,,-13.4264,10.4756,,13.0556,26.5565,,23.2432,35.5238,,18.373,0.9764,,14.0109,21.5996,,6.1569,QC'd by NIEHS/NTP,candidate_step3_property,,C8H11N,121.18,1.700,1,1,0,0
69641,17389386,12262,CC(CC(C)O)O,Inactive,0,,,Inactive,,,,,,,,,,4,,22.7951,,5.0136,11.4188,,4.2554,10.3673,,14.0239,1.5064,,-0.0844,-9.3902,,8.5352,4.6471,,15.8981,9.886,,4.6526,12.9605,,22.7951,QC'd by NIEHS/NTP,candidate_step3_property,,C5H12O2,104.15,0.100,2,2,2,0
69643,11111022,3455,C1CN(CCN1CCCC2=CC=CC=C2)CCOC(C3=CC=C(C=C3)F)C4=CC=C(C=C4)F,Inactive,0,,,Inactive,,,,,,,,,,4,,-6.1431,,7.6731,2.1366,,-10.8326,-5.5982,,-7.8254,-7.6808,,0.1198,-23.801,,-6.6898,-6.4535,,1.8298,-15.0559,,-14.3929,-6.1431,,,QC'd by Prestwick,candidate_step3_property,,C28H32F2N2O,450.6,5.6,0,5,10,0
69666,26748940,73265265,CC[C@@H]1[C@@]([C@@H]([C@H](C(=O)[C@@H](C[C@@]([C@@H](C([C@@H]([C@H](C(=O)O1)C)O[C@H]2C[C@@]([C@H]([C@@H](O2)C)O)(C)OC)C)O[C@H]3[C@H]([C@H](C[C@H](O3)C)N(C)C)O)(C)OC)C)C)O)(C)O,Inactive,0,,,Inactive,,,,,,,,,,4,,5.9239,,,,,24.9674,,,-19.7697,,,20.0262,,,23.7583,,,-6.1383,,,10.5583,,,5.9239,QC'd by Microsource,candidate_step3_property,,C38H69NO13,748.0,3.200,4,14,8,0
69669,11111237,3450,CC[N+](CC)(CC)CCOC1=C(C(=CC=C1)OCC[N+](CC)(CC)CC)OCC[N+](CC)(CC)CC,Inactive,0,,,Inactive,,,,,,,,,,4,,-2.5497,,21.1678,,,-20.5849,,,-14.2671,,,-4.8161,,,-13.747,,,-19.0443,,,-0.6953,,,-2.5497,QC'd by SigmaAldrich,candidate_step3_property,,C30H60N3O3+3,510.8,5.3,0,3,21,3
69685,11111238,3450,CC[N+](CC)(CC)CCOC1=C(C(=CC=C1)OCC[N+](CC)(CC)CC)OCC[N+](CC)(CC)CC,Inactive,0,,,Inactive,,,,,,,,,,4,,-0.6449,,12.2184,2.6843,,-9.1784,-11.9521,,-1.2859,-3.8085,,-11.4994,-0.1282,,-4.3356,7.0098,,3.7271,-23.1485,,-17.6265,-0.6449,,,QC'd by Prestwick,candidate_step3_property,,C30H60N3O3+3,510.8,5.3,0,3,21,3
69687,3711418,2997631,C1=CC=C(C=C1)N2C(=NN=C2SCC3=NC4=C(N3CCO)C=C(C=C4)Cl)C5=CC=CO5,Inactive,0,,,Inactive,,,,,,,,,,4,,5.2282,,,,,-1.6472,,,8.3755,,,21.7915,,,-2.6203,,,5.6441,,,11.4192,,,5.2282,QC'd by DPISMR,residual_possible_step4_or_definition_mismatch,,C22H18ClN5O2S,451.9,3.6,1,6,7,0
69694,17389368,14286,CC(=O)C1=CC=CC=N1,Inactive,0,,,Inactive,,,,,,,,,,4,,-1.3084,,-8.7675,0.8787,,-3.4467,4.9148,,10.4807,1.3996,,-0.4201,-3.7671,,-1.18,4.1098,,-3.621,-7.4843,,-11.6263,0.3806,,-1.3084,QC'd by NIEHS/NTP,candidate_step3_property,,C7H7NO,121.14,0.900,0,2,1,0
69715,17389367,520108,CC(=O)C1=NC=CS1,Inactive,0,,,Inactive,,,,,,,,,,4,,0.2279,,-1.1443,-18.4088,,-9.1032,-7.2017,,-1.418,2.5809,,1.2537,-19.1802,,-8.2124,-3.5217,,3.1795,-5.1254,,-23.5883,-4.7414,,0.2279,QC'd by NIEHS/NTP,candidate_step3_property,,C5H5NOS,127.17,1.0,0,3,1,0
69720,4252489,142766,C1=CC=C(C(=C1)C(=O)O)O.C1=CC2=C(C(=C1)O)N=CC=C2,Inactive,0,,,Inactive,,,,,,,,,,4,,8.9343,,-3.2669,,,10.8384,,,16.7543,,,32.9519,,,19.4121,,,10.4546,,,8.9343,,,,QC'd by NCI,property_value_missing,,C16H13NO4,283.28,,3,5,1,0
69725,26753232,16759163,CCCCCCCCCCCCCCCC(=O)NCCC1=CC(=C(C=C1)O)O,Inactive,0,,,Inactive,,,,,,,,,,4,,2.1973,,,,,14.1031,,,-25.2659,,,8.883,,,-0.6996,,,1.148,,,-3.2029,,,2.1973,QC'd by Tocris,candidate_step3_property,,C24H41NO3,391.6,6.600,3,3,17,0
69762,4252483,16684723,CN1CCC[C@@H]1C2=CN=CC=C2.C1=CC=C(C(=C1)C(=O)[OH2+])O.C1=CC=C(C(=C1)C(=O)[OH2+])O.C1=CC=C(C(=C1)C(=O)O)O.[Mn],Inactive,0,,,Inactive,,,,,,,,,,4,,-19.3083,,-7.3499,,,12.57,,,-3.2378,,,2.3044,,,-4.1592,,,7.9977,,,-19.3083,,,,QC'd by NCI,candidate_step1_inorganic,Mn,C31H34MnN2O9+2,633.5,,6,9,2,2
69790,26753235,10025103,CCCCCCCCCCCCCCCCCC(=O)NCCC1=CC(=C(C=C1)O)O,Inactive,0,,,Inactive,,,,,,,,,,4,,-8.9742,,,,,-6.3243,,,-1.4741,,,-0.7003,,,0.1824,,,-7.8758,,,0.2236,,,-8.9742,QC'd by Tocris,candidate_step3_property,,C26H45NO3,419.6,7.700,3,3,19,0
69792,4262598,1390051,C1CCC2=C(C1)C3=CC=CC=C3N2C(=O)CSC4=NN=C(O4)C5=CC=CC=C5,Inactive,0,,,Inactive,,,,,,,,,,4,,-3.1137,,,,,-4.8039,,,-4.0617,,,-6.3395,,,-11.7706,,,-8.6287,,,-5.665,,,-3.1137,QC'd by DPISMR,candidate_step3_property,,C22H19N3O2S,389.5,5.2,0,5,4,0
69794,3716520,2119996,C1=CC=C2C(=C1)C(=O)N(N=N2)CSC3=NC4=C(C=CC(=C4)Cl)C(=O)N3CC5=CC=CO5,Inactive,0,,,Inactive,,,,,,,,,,4,,14.9361,,,,,-12.1134,,,19.3717,,,23.7653,,,10.7025,,,-3.4011,,,-15.8663,,,14.9361,QC'd by DPISMR,residual_possible_step4_or_definition_mismatch,,C21H14ClN5O3S,451.9,4.5,0,7,5,0
69808,26753236,123409,CCCCCCCCCCCCCCCC(=O)OC(CO)CO,Inactive,0,,,Inactive,,,,,,,,,,4,,-2.7389,,,,,-6.5806,,,11.1147,,,0.5879,,,6.4782,,,-0.3282,,,-9.46,,,-2.7389,QC'd by Tocris,candidate_step3_property,,C19H38O4,330.5,6.1,2,4,18,0
69816,4239678,3234785,COC1=CC=C(C=C1)C(=O)N2CCC3(CCN(CC3)CC4=CC(=CC(=C4)C(F)(F)F)C(F)(F)F)CC2,Inactive,0,,,Inactive,,,,,,,,,,4,,13.5579,,,,,-2.1866,,,12.6063,,,10.5539,,,13.4085,,,16.754,,,14.572,,,13.5579,QC'd by Pharmacopeia,candidate_step3_property,,C26H28F6N2O2,514.5,5.7,0,9,4,0
69834,4252478,3246015,C[N@+]1(CCC[C@@H]1C2=C[N+](=CC=C2)CC3=CC(=C(C=C3)Cl)Cl)CC4=CC(=C(C=C4)Cl)Cl,Inactive,0,,,Inactive,,,,,,,,,,4,,16.0742,,10.0315,,,-3.9035,,,1.7427,,,6.9988,,,-3.3502,,,14.7563,,,16.0742,,,,QC'd by NCI,candidate_step3_property,,C24H24Cl4N2+2,482.3,7.0,0,0,5,2
69835,4239679,3234786,C1C[C@@]2(CCN(C2)CC3=CC(=CC(=C3)C(F)(F)F)C(F)(F)F)CN(C1)C(=O)OC4=CC=CC=C4,Inactive,0,,,Inactive,,,,,,,,,,4,,8.5052,,,,,1.6778,,,6.4443,,,13.0504,,,17.4458,,,5.2492,,,18.0758,,,8.5052,QC'd by Pharmacopeia,candidate_step3_property,,C24H24F6N2O2,486.4,5.7,0,9,4,0
69846,17389360,7264,CC1=CC(=C(C=C1)O)N,Inactive,0,,,Inactive,,,,,,,,,,4,,-15.1227,,15.6446,-0.0582,,3.947,10.1324,,5.772,-3.8939,,-4.5318,-1.5838,,-12.4651,11.0748,,-23.9721,-6.4077,,-3.9066,-8.417,,-15.1227,QC'd by NIEHS/NTP,candidate_step3_property,,C7H9NO,123.15,1.200,2,2,0,0
69853,11111226,145815,C(CC(=O)N)[C@H](C(=O)O)N,Inactive,0,,,Inactive,,,,,,,,,,4,,-8.117,,21.6052,,,-20.2774,,,12.1302,,,9.9035,,,-10.7967,,,-12.0222,,,13.4946,,,-8.117,QC'd by SigmaAldrich,candidate_step3_property,,C5H10N2O3,146.14,-3.100,3,4,4,0
69879,4252481,3246017,C[C@]12CC[C@@H]3[C@@H]([C@H]1CC[C@@H]2OC(=O)CCC4CCCC4)CCC5=C3C=CC(=C5)O,Inactive,0,,,Inactive,,,,,,,,,,4,,9.1604,,22.5835,,,3.3059,,,18.4478,,,12.9535,,,23.2126,,,16.957,,,9.1604,,,,QC'd by NCI,candidate_step3_property,,C26H36O3,396.6,7.100,1,3,5,0
69888,3711407,2488274,CCCCN1C(=O)C2=C(C=C(C=C2)C(=O)OC)N=C1SCN3C(=O)C4=CC=CC=C4N=N3,Inactive,0,,,Inactive,,,,,,,,,,4,,4.4838,,,,,-10.7914,,,-1.8799,,,-20.6466,,,-0.869,,,-10.3927,,,6.4916,,,4.4838,QC'd by DPISMR,residual_possible_step4_or_definition_mismatch,,C22H21N5O4S,451.5,4.4,0,8,8,0
69893,11114025,3651377,CC(C)C1=CC2=C(C=C1)N(C(=C2SC(C)(C)C)CC(C)(C)C(=O)O)CC3=CC=C(C=C3)Cl,Inactive,0,,,Inactive,,,,,,,,,,4,,-29.7996,,-2.716,4.7688,,4.4359,-1.0085,,2.1393,5.6958,,11.8775,4.8312,,11.0816,-1.3127,,1.3037,7.3037,,-18.1118,-18.5223,,-29.7996,QC'd by Tocris,candidate_step3_property,,C27H34ClNO2S,472.1,7.6,1,3,8,0
69909,4252474,3246013,CC(C)[C@@]1(CC[C@@H]2[C@@]3(CCC[C@@]([C@H]3C[C@@H]([C@]2([C@H]1Cl)Cl)Cl)(C)C(=O)O)C)Cl,Inactive,0,,,Inactive,,,,,,,,,,4,,5.1675,,15.3401,,,13.0353,,,6.5502,,,7.796,,,13.8657,,,33.8863,,,5.1675,,,,QC'd by NCI,candidate_step3_property,,C20H30Cl4O2,444.3,6.7,1,2,2,0
69952,26753228,9829836,CCCCCCNC(=O)NC1=CC=C(C=C1)S(=O)(=O)NC2=CC=C(C=C2)CCNC[C@@H](COC3=CC=C(C=C3)O)O,Inactive,0,,,Inactive,,,,,,,,,,4,,-12.1111,,,,,3.4345,,,-12.127,,,-2.3537,,,-4.9359,,,1.3189,,,2.5466,,,-12.1111,QC'd by Tocris,candidate_step3_property,,C30H40N4O6S,584.7,4.3,6,8,17,0
69980,26753250,16219404,CS(=O)(=O)CCNCC1=NC(=CS1)C2=CC3=C(C=C2)N=CN=C3NC4=CC(=C(C=C4)OCC5=CC(=CC=C5)F)Cl.Cl.Cl,Inactive,0,,,Inactive,,,,,,,,,,4,,8.8305,,,,,2.283,,,37.4499,,,18.3476,,,11.8311,,,10.4083,,,7.1252,,,8.8305,QC'd by Tocris,property_value_missing,,C28H27Cl3FN5O3S2,671.0,,4,10,11,0
69985,17389353,13624,C1=CC=C2C(=C1)NC(=N2)N,Inactive,0,,,Inactive,,,,,,,,,,4,,4.6764,,4.1178,1.2612,,2.7368,10.7273,,-2.7837,5.3473,,1.6683,-6.0306,,6.3323,9.2326,,7.0434,-10.1159,,-1.2881,11.4736,,4.6764,QC'd by NIEHS/NTP,candidate_step3_property,,C7H7N3,133.15,0.900,2,2,0,0
69998,17389350,2155,C1=CSC(=N1)N,Inactive,0,,,Inactive,,,,,,,,,,4,,-9.9107,,-19.1985,-4.9722,,-8.9977,2.519,,-11.9695,-0.0402,,26.3883,9.6661,,2.1331,9.155,,12.3287,-3.529,,-9.0884,-12.8118,,-9.9107,QC'd by NIEHS/NTP,candidate_step3_property,,C3H4N2S,100.14,0.400,1,3,0,0
70012,11114009,6604845,C[C@@]12CC[C@H]3[C@@H]([C@@H]1CC[C@@H]2NCCCCCCN4C(=O)C=CC4=O)CCC5=C3C=CC(=C5)OC,Inactive,0,,,Inactive,,,,,,,,,,4,,6.8385,,-2.5368,15.6069,,23.4246,6.5807,,16.396,-18.3459,,3.8567,-4.3837,,8.1984,-12.4946,,-0.247,22.5626,,13.534,-3.6753,,6.8385,QC'd by Tocris,residual_possible_step4_or_definition_mismatch,,C29H40N2O3,464.6,4.000,1,4,9,0
70027,4252506,150648,CC(=O)O.C([C@H]([C@H]([C@@H](C(=O)CN)O)O)O)O,Inactive,0,,,Inactive,,,,,,,,,,4,,6.095,,-26.015,,,6.0164,,,-3.897,,,-11.1785,,,6.3294,,,-6.7005,,,6.095,,,,QC'd by NCI,property_value_missing,,C8H17NO7,239.22,,6,8,5,0
70039,26753255,11954219,CCOC(=O)NC[C@H](CC1=CC=C(C=C1)OCCC2=C(OC(=N2)C3=CC=CC=C3)C)N/C(=C\C(=O)C4=CC=C(C=C4)C(F)(F)F)/C,Inactive,0,,,Inactive,,,,,,,,,,4,,5.9333,,,,,-20.5817,,,-9.3248,,,0.5026,,,3.1374,,,1.6417,,,2.5391,,,5.9333,QC'd by Tocris,candidate_step3_property,,C35H36F3N3O5,635.7,8.2,2,10,15,0
70040,4252499,3246020,C1CN2CC3=CCO[C@@H]([C@@H]4[C@H]3C[C@@H]2[C@]15[C@H]4NC6=C(C(=O)C(=O)C=C56)[N+](=O)[O-])CC(=O)O,Inactive,0,,,Inactive,,,,,,,,,,4,,0.2636,,-5.923,,,-5.9106,,,-11.6714,,,-13.7543,,,-1.3765,,,-6.7941,,,0.2636,,,,QC'd by NCI,candidate_step3_property,,C21H21N3O7,427.4,-3.1,2,9,2,0
70050,4257570,135485473,C1=CC=C(C=C1)N2C(=NN=C2SCC3=NC4=CC=CC=C4C(=O)N3)COC5=CC=CC=C5,Inactive,0,,,Inactive,,,,,,,,,,4,,-5.2107,,,,,-7.4648,,,-6.3981,,,3.8334,,,-17.597,,,0.3928,,,-6.6997,,,-5.2107,QC'd by DPISMR,residual_possible_step4_or_definition_mismatch,,C24H19N5O2S,441.5,3.9,1,6,7,0
70074,26748777,5641,CCOC(=O)N,Inactive,0,,,Inactive,,,,,,,,,,4,,-2.1479,,,,,-21.8532,,,3.4496,,,14.8474,,,6.6268,,,-7.1722,,,13.787,,,-2.1479,QC'd by Microsource,candidate_step3_property,,C3H7NO2,89.09,-0.200,1,2,2,0
70077,17389346,6358,CC(C)Br,Inactive,0,,,Inactive,,,,,,,,,,4,,-2.8727,,-6.0343,-9.741,,9.2966,-3.6836,,-6.3982,4.3204,,1.1496,3.2074,,-5.5571,-7.3011,,-0.7614,15.5409,,13.1905,-8.8945,,-2.8727,QC'd by NIEHS/NTP,candidate_step3_property,,C3H7Br,122.99,1.8,0,0,0,0
70084,11114013,6604847,CCN(CC)C1=NC=NC2=C1N=CN2[C@H]3[C@@H]([C@H]([C@@H](O3)COP(=O)(O)OP(=O)(C(P(=O)(O)O)(Br)Br)O)O)O,Inactive,0,,,Inactive,,,,,,,,,,4,,-15.1585,,-14.2677,0.5709,,-5.382,-7.6724,,-17.6183,-5.0911,,-5.8088,-3.4408,,-6.9729,-0.3267,,-8.3614,-4.2972,,-4.5624,-1.9018,,-15.1585,QC'd by Tocris,candidate_step3_property,,C15H24Br2N5O12P3,719.11,-2.700,6,16,11,0
70099,4252502,5771518,C[C@H]1[C@@H]([C@H]([C@@H]([C@@H](O1)OC2=CC=CC3=C2C4=C5C6=C(C=CC(=C6C(=O)O4)C)OC(=O)C5=C3O)O[C@H]7[C@H]([C@@H]([C@H]([C@@H](O7)C)O)OC)O)O)O,Inactive,0,,,Inactive,,,,,,,,,,4,,0.4521,,10.2417,,,17.0604,,,-7.4064,,,4.1138,,,-4.0669,,,12.9115,,,0.4521,,,,QC'd by NCI,candidate_step3_property,,C32H32O14,640.6,2.1,5,14,5,0
70113,26753242,122327,CCCCCCCCCCC(C)(C)C(=O)NC1=C(C=C(C=C1OC)OC)OC,Inactive,0,,,Inactive,,,,,,,,,,4,,11.1376,,,,,14.2686,,,-11.2643,,,-34.2021,,,-7.1556,,,-20.3135,,,14.3551,,,11.1376,QC'd by Tocris,candidate_step3_property,,C23H39NO4,393.6,7.1,1,4,14,0
70122,4239663,3234770,COC1=CC=C(C=C1)OC2=NC=C3C(=N2)N(C(=O)C(=N3)C4=CC=CS4)C5=CC=CC=C5,Inactive,0,,,Inactive,,,,,,,,,,4,,14.441,,,,,9.762,,,23.3383,,,20.9511,,,16.5401,,,22.8004,,,11.3864,,,14.441,QC'd by Pharmacopeia,residual_possible_step4_or_definition_mismatch,,C23H16N4O3S,428.5,4.6,0,7,5,0
70137,26753241,15432002,C1[C@H]2[C@@H]([C@H](N1)C(=O)O)ONC2=O,Inactive,0,,,Inactive,,,,,,,,,,4,,16.0362,,,,,-7.308,,,15.39,,,1.5214,,,11.068,,,-21.3425,,,14.4615,,,16.0362,QC'd by Tocris,candidate_step3_property,,C6H8N2O4,172.14,-3.900,3,5,1,0
70139,17389344,11673,CC(C)([N+](=O)[O-])Cl,Inactive,0,,,Inactive,,,,,,,,,,4,,-1.9208,,2.0349,2.5158,,1.0829,-15.3935,,2.7088,-75.9559,,9.2159,1.2654,,9.995,9.959,,-14.8645,12.6566,,-16.2877,5.7933,,-1.9208,QC'd by NIEHS/NTP,candidate_step3_property,,C3H6ClNO2,123.54,1.3,0,2,0,0
70142,17389345,8133,CCCCOCCO,Inactive,0,,,Inactive,,,,,,,,,,4,,-4.8991,,12.2676,2.602,,4.9229,2.7244,,2.336,-13.6446,,7.5657,-8.6599,,11.0353,4.3616,,-13.2584,-4.9439,,-4.1803,0.6689,,-4.8991,QC'd by NIEHS/NTP,candidate_step3_property,,C6H14O2,118.17,0.800,1,2,5,0
70150,26753240,16759166,C1[C@@H]2[C@H]([C@@H](N1)C(=O)O)C(=O)NO2,Inactive,0,,,Inactive,,,,,,,,,,4,,9.4539,,,,,14.3365,,,11.0541,,,5.6964,,,5.0472,,,-5.9591,,,7.1926,,,9.4539,QC'd by Tocris,candidate_step3_property,,C6H8N2O4,172.14,-3.900,3,5,1,0
70151,11114001,6604842,CC[C@@]1(C[C@H]2C[C@](C3=C(CCN(C2)C1)C4=CC=CC=C4N3)(C5=C(C=C6C(=C5)[C@@]78CCN9[C@H]7[C@](C=CC9)([C@@H]([C@]([C@@H]8N6C)(C(=O)OC)O)C(=O)OC)CC)OC)C(=O)OC)O,Inactive,0,,,Inactive,,,,,,,,,,4,,-12.2391,,-0.5623,-1.5969,,7.9548,-2.9,,-0.9701,-19.5937,,-10.4552,-14.1664,,-9.5239,2.0425,,-13.7854,-33.9937,,-13.5903,-8.2069,,-12.2391,QC'd by Tocris,candidate_step3_property,,C46H58N4O9,811.0,4.200,3,12,10,0
70168,11114002,6604843,CC[C@@]1(C[C@H]2C[C@](C3=C(CCN(C2)C1)C4=CC=CC=C4N3)(C5=C(C=C6C(=C5)[C@]78CCN9[C@@H]7[C@](C=CC9)([C@H]([C@@]([C@@H]8N6C=O)(C(=O)OC)O)C(=O)OC)CC)OC)C(=O)OC)O,Inactive,0,,,Inactive,,,,,,,,,,4,,3.3374,,10.7631,16.1881,,13.8957,6.6984,,5.1202,14.2166,,19.8263,9.494,,9.0059,2.1247,,6.1099,3.1617,,4.5824,0.61,,3.3374,QC'd by Tocris,candidate_step3_property,,C46H56N4O10,825.0,3.300,3,12,10,0
70175,17389342,6996,C1=CC=C(C(=C1)C=O)Cl,Inactive,0,,,Inactive,,,,,,,,,,4,,24.5135,,-3.155,-9.5333,,-5.5165,-2.9175,,2.6491,3.2233,,-2.4537,6.5579,,6.0693,4.3014,,-0.1589,-13.0552,,9.377,11.8319,,24.5135,QC'd by NIEHS/NTP,candidate_step3_property,,C7H5ClO,140.56,2.300,0,1,1,0
70197,26748771,16757814,CCC1[C@@](C([C@H](/C(=N/OCOCCOC)/C(C[C@@]([C@@H](C([C@@H](C(C(=O)O1)C)O[C@H]2C[C@@](C(C(O2)C)O)(C)OC)C)O[C@H]3C(C(CC(O3)C)N(C)C)O)(C)O)C)C)O)(C)O,Inactive,0,,,Inactive,,,,,,,,,,4,,-24.1145,,,,,3.8593,,,-16.9359,,,-25.7589,,,12.909,,,-6.9024,,,-1.681,,,-24.1145,QC'd by Microsource,candidate_step3_property,,C41H76N2O15,837.0,3.100,5,17,13,0
70199,4252491,220852,C1=CC=C2C=C(C=CC2=C1)C(=O)CSC3=NC4=C(S3)C=C(C=C4)[N+](=O)[O-],Inactive,0,,,Inactive,,,,,,,,,,4,,-19.6631,,-7.8215,,,-18.3758,,,-9.9065,,,-4.9733,,,-10.0363,,,-3.4437,,,-19.6631,,,,QC'd by NCI,candidate_step3_property,,C19H12N2O3S2,380.4,5.7,0,6,4,0
70206,17389340,13594,C1CC=CC(=O)C1,Inactive,0,,,Inactive,,,,,,,,,,4,,1.1642,,-43.7669,-10.7392,,0.9311,-3.3263,,-16.3501,5.7936,,-5.3142,-10.3579,,-13.3303,-3.0337,,-18.8382,-20.9299,,-8.525,-0.1123,,1.1642,QC'd by NIEHS/NTP,candidate_step3_property,,C6H8O,96.13,0.600,0,1,0,0
70223,17389337,7211,CCCC(C(CC)CO)O,Inactive,0,,,Inactive,,,,,,,,,,4,,25.0187,,-16.6733,-1.8401,,-13.3956,-5.3734,,4.0389,6.0328,,-1.3842,11.3792,,3.7275,7.212,,-1.3154,1.1802,,3.3861,-10.6373,,25.0187,QC'd by NIEHS/NTP,candidate_step3_property,,C8H18O2,146.23,1.3,2,2,5,0
70234,11111248,6603865,C[C@@H](CC1=CN=CN1)N,Inactive,0,,,Inactive,,,,,,,,,,4,,2.8695,,17.4254,,,-1.803,,,-6.8169,,,9.1487,,,-3.9963,,,27.1582,,,8.9875,,,2.8695,QC'd by SigmaAldrich,candidate_step3_property,,C6H11N3,125.17,-0.300,2,2,2,0
70243,26753243,9934458,CC1=C(C=CC(=C1)SCC2=C(N=C(S2)C3=CC(=C(C=C3)C(F)(F)F)F)C)OCC(=O)O,Inactive,0,,,Inactive,,,,,,,,,,4,,12.5896,,,,,4.7955,,,11.3644,,,3.2649,,,2.8499,,,-7.9655,,,10.6342,,,12.5896,QC'd by Tocris,candidate_step3_property,,C21H17F4NO3S2,471.5,6.0,1,10,7,0
70247,17389338,8076,CCOCCO,Inactive,0,,,Inactive,,,,,,,,,,4,,6.1613,,-1.5075,7.2905,,6.6361,-18.216,,-2.8144,1.9796,,6.784,0.6813,,-2.5312,6.0325,,4.6086,-9.4173,,-19.3834,-4.2374,,6.1613,QC'd by NIEHS/NTP,candidate_step3_property,,C4H10O2,90.12,-0.300,1,2,3,0
70255,11111247,6603864,C1CCC(CC1)[Si@@](CCCN2CCCCC2)(C3=CC=C(C=C3)F)O,Inactive,0,,,Inactive,,,,,,,,,,4,,22.8239,,-12.5608,,,-2.6895,,,-12.7843,,,-15.1158,,,-9.7461,,,-8.7714,,,-4.095,,,22.8239,QC'd by SigmaAldrich,candidate_step1_inorganic,Si,C20H32FNOSi,349.6,,1,3,6,0
70285,3711387,2552706,C1=CC=C(C=C1)CN2C(=NN=C2SCC3=CC(=O)N4C5=CC=CC=C5SC4=N3)C6=CC=CS6,Inactive,0,,,Inactive,,,,,,,,,,4,,12.6046,,,,,-8.5028,,,-32.4784,,,-2.1616,,,-17.8568,,,0.8885,,,-1.1211,,,12.6046,QC'd by DPISMR,residual_possible_step4_or_definition_mismatch,,C24H17N5OS3,487.6,4.4,0,7,6,0
70293,26753265,74603,C1(C(C(C(C(C1Br)Br)Br)Br)Br)Br,Inactive,0,,,Activator,39.8107,39.5,,Partial curve; partial efficacy,-4.4,2.3332,0.8652,53.5,14,2.2,1 0 0 0 0 0 0,41.9075,,,,,-3.7728,,,22.3312,,,15.5478,,,9.7328,,,13.4633,,,15.4597,,,41.9075,QC'd by Tocris,candidate_step3_property,,C6H6Br6,557.5,5.0,0,0,0,0
70311,17389336,31241,CCCCC(CC)C=O,Inactive,0,,,Inactive,,,,,,,,,,4,,8.632,,-56.139,6.1044,,-4.0993,2.0236,,4.1824,31.4087,,9.967,17.9479,,2.4405,-10.1038,,-2.1196,-8.1263,,-7.029,-6.0158,,8.632,QC'd by NIEHS/NTP,candidate_step3_property,,C8H16O,128.21,2.6,0,1,5,0
70316,4262557,3246783,C1CCN(CC1)C2=NC(=NC(=N2)OC3=NN=C(C=C3)OCC4=CC=CC=C4)N5CCOCC5,Inactive,0,,,Inactive,,,,,,,,,,4,,-19.5693,,,,,-7.4198,,,-1.2333,,,-5.3236,,,5.2191,,,-24.5666,,,-16.1736,,,-19.5693,QC'd by DPISMR,candidate_step3_property,,C23H27N7O3,449.5,3.3,0,10,7,0
70328,17389335,8697,CCCCC(CC)C(=O)O,Inactive,0,,,Activator,0.1,24.1783,,Complete curve; partial efficacy; poor fit,-7,4.9549,0.7467,18.9943,-5.1839,1.4,0 0 1 0 0 0 0 0 1 0 0 0 0 0 0,30.3865,,-6.262,3.4851,,17.284,2.7821,,-16.2612,-8.8138,,5.0145,19.5472,,-4.2603,17.0252,,22.0763,7.5735,,17.495,16.8981,,30.3865,QC'd by NIEHS/NTP,candidate_step3_property,,C8H16O2,144.21,2.600,1,2,5,0
70349,17389330,7719,CCCCC(CC)CN,Inactive,0,,,Inactive,,,,,,,,,,4,,10.4285,,-25.9199,6.7162,,-0.758,-2.7144,,1.4665,32.0098,,11.5765,3.438,,5.726,2.8868,,6.4939,23.3419,,6.6562,14.1549,,10.4285,QC'd by NIEHS/NTP,candidate_step3_property,,C8H19N,129.24,2.800,1,1,5,0
70356,11111207,3765,C1CNCC=C1C(=O)O,Inactive,0,,,Inactive,,,,,,,,,,4,,12.6379,,-1.8652,,,13.3516,,,13.256,,,17.0677,,,11.5844,,,14.87,,,14.9776,,,12.6379,QC'd by SigmaAldrich,candidate_step3_property,,C6H9NO2,127.14,-2.5,2,3,1,0
70360,4252452,219585,CCN(CC(=O)O)CC(=O)O,Inactive,0,,,Inactive,,,,,,,,,,4,,-1.5227,,-1.5426,,,2.4481,,,10.1762,,,8.7663,,,6.5494,,,16.9361,,,-1.5227,,,,QC'd by NCI,residual_possible_step4_or_definition_mismatch,,C6H11NO4,161.16,-2.5,2,5,5,0
70370,26748760,5702238,CC1=C(C=CC(=C1)C(C)(C)CC(C)(C)C)OCCOCC[N+](C)(C)CC2=CC=CC=C2.[Cl-],Inactive,0,,,Inactive,,,,,,,,,,4,,-3.2634,,,,,15.3072,,,-22.1957,,,-9.6745,,,0.0787,,,3.7508,,,7.6784,,,-3.2634,QC'd by Microsource,property_value_missing,,C28H44ClNO2,462.1,,0,3,12,0
70374,11111208,3532,C1CNCC(=C1)C(=O)O,Inactive,0,,,Inactive,,,,,,,,,,4,,-7.8881,,-0.4233,,,0.6568,,,7.6456,,,4.6482,,,2.1656,,,-1.2629,,,8.5249,,,-7.8881,QC'd by SigmaAldrich,candidate_step3_property,,C6H9NO2,127.14,-2.5,2,3,1,0
70388,17389332,22571,CCCCC(CC)COC(=O)C(=C(C1=CC=CC=C1)C2=CC=CC=C2)C#N,Inactive,0,,,Activator,39.8107,43.3894,,Partial curve; partial efficacy; poor fit,-4.4,1,0.622,44.1964,0.807,2.4,0 0 0 0 0 0 0 0 0 0 0 1 0 0 0,33.5296,,1.6877,-7.2295,,-1.5579,-13.3989,,-0.5908,15.4449,,4.0047,3.5014,,0.8108,6.2118,,5.2445,-17.0319,,7.909,13.3775,,33.5296,QC'd by NIEHS/NTP,candidate_step3_property,,C24H27NO2,361.5,7.1,0,3,10,0
70403,17389331,7719,CCCCC(CC)CN,Inactive,0,,,Inactive,,,,,,,,,,4,,5.5339,,7.8185,-0.5783,,0.5802,-0.1565,,0.305,-14.71,,3.204,0.9394,,0.9454,14.6106,,12.5336,4.2726,,9.6578,3.1996,,5.5339,QC'd by NIEHS/NTP,candidate_step3_property,,C8H19N,129.24,2.800,1,1,5,0
70415,4252448,219559,CC(C)N(CC(=O)O)CC(=O)O,Inactive,0,,,Inactive,,,,,,,,,,4,,-7.3657,,1.6109,,,17.1041,,,16.2879,,,16.9558,,,-14.4549,,,14.2256,,,-7.3657,,,,QC'd by NCI,residual_possible_step4_or_definition_mismatch,,C7H13NO4,175.18,-2.0,2,5,5,0
70465,11113988,6604838,C1CN[C@H](C[C@H]1CP(=O)(O)O)C(=O)O,Inactive,0,,,Inactive,,,,,,,,,,4,,-7.3907,,9.7385,-5.7167,,18.2975,-5.3207,,-8.1296,5.2659,,0.5081,-12.1824,,-18.9322,2.6814,,1.675,-5.3687,,-2.9559,5.2895,,-7.3907,QC'd by Tocris,candidate_step3_property,,C7H14NO5P,223.16,-3.9,4,6,3,0
70476,17389327,11671,CC(C)(C(=O)O)O,Inactive,0,,,Inactive,,,,,,,,,,4,,13.5416,,12.4809,22.1666,,30.255,36.0226,,12.7041,-49.9627,,33.3284,26.8029,,17.4824,24.0751,,20.8028,18.9905,,23.9973,15.6113,,13.5416,QC'd by NIEHS/NTP,candidate_step3_property,,C4H8O3,104.10,-0.400,2,3,1,0
70480,26753259,54900,C1CCN(CC1)CCOC2=CC=C(C=C2)C(=O)C3=C(SC4=C3C=CC(=C4)O)C5=CC=C(C=C5)O.Cl,Inactive,0,,,Inactive,,,,,,,,,,4,,-11.253,,,,,-11.866,,,-19.2125,,,10.0132,,,2.6683,,,-1.455,,,-10.1251,,,-11.253,QC'd by Tocris,property_value_missing,,C28H28ClNO4S,510.0,,3,6,7,0
70481,11113987,3315620,C1=CC(=CC(=C1)NC(=O)NC2=CC=CC(=C2)C(=O)NC3=C4C(=CC(=CC4=C(C=C3)S(=O)(=O)[O-])S(=O)(=O)[O-])S(=O)(=O)[O-])C(=O)NC5=C6C(=CC(=CC6=C(C=C5)S(=O)(=O)[O-])S(=O)(=O)[O-])S(=O)(=O)[O-],Inactive,0,,,Inactive,,,,,,,,,,4,,-11.4658,,-2.5163,-2.414,,22.6695,-29.827,,1.8172,2.5114,,8.0543,7.7382,,-2.7447,-4.539,,-7.8313,8.2375,,2.7999,-12.1484,,-11.4658,QC'd by Tocris,candidate_step3_property,,C35H20N4O21S6-6,1025.0,-1.3,4,21,6,-6
70486,4252444,3245996,CN(C1=CC=C(C=C1)OC(F)(F)F)C(=O)C2=NN3C(CC(NC3=C2)C4=CC=CO4)C(F)(F)F,Inactive,0,,,Inactive,,,,,,,,,,4,,-2.1209,,,,,5.4215,,,13.0506,,,10.1953,,,7.5295,,,16.5191,,,11.0197,,,-2.1209,QC'd by DPISMR,candidate_step3_property,,C20H16F6N4O3,474.4,4.9,1,11,4,0
70494,11111197,5469318,CC(=CCC/C(=C/CC/C(=C/CSC1=CC=CC=C1C(=O)O)/C)/C)C,Inactive,0,,,Inactive,,,,,,,,,,4,,28.9371,,-1.4796,,,-14.9918,,,-1.1732,,,-4.3941,,,-3.3789,,,0.5355,,,3.3491,,,28.9371,QC'd by SigmaAldrich,candidate_step3_property,,C22H30O2S,358.5,7.2,1,3,10,0
70501,17389322,12512,CCOC(C)(C)C,Inactive,0,,,Inactive,,,,,,,,,,4,,6.6991,,-0.8064,-12.5857,,-2.444,-2.7214,,-23.0664,-2.258,,-13.9179,-26.1941,,0.4549,-0.9366,,-6.1586,-2.2637,,5.6787,-7.9463,,6.6991,QC'd by NIEHS/NTP,candidate_step3_property,,C6H14O,102.17,1.4,0,1,2,0
70528,11111199,1711971,C1CN(CCN1C/C=C\C2=CC=CC=C2)C(C3=CC=C(C=C3)F)C4=CC=C(C=C4)F,Inactive,0,,,Inactive,,,,,,,,,,4,,-16.6251,,-5.6075,-0.5785,,-3.356,-18.3568,,-12.9423,7.234,,-2.8813,-2.8578,,-0.4481,5.6524,,-1.3288,-13.556,,-16.4715,-16.6251,,,QC'd by Prestwick,candidate_step3_property,,C26H26F2N2,404.5,6.000,0,4,6,0
70537,17389324,7745,CCCC(C)CO,Inactive,0,,,Inactive,,,,,,,,,,4,,-11.8237,,12.5765,-8.6926,,-15.8068,-6.8844,,-4.206,9.9653,,9.2114,0.1063,,-0.835,15.1167,,-7.011,-15.1813,,-10.9527,-13.8485,,-11.8237,QC'd by NIEHS/NTP,candidate_step3_property,,C6H14O,102.17,1.8,1,1,3,0
70556,26753263,4077460,C1=CC=C(C=C1)C2=C(SC(=C2)C3=NC(=NO3)C4=CC(=CC=C4)C(F)(F)F)C(F)(F)F,Inactive,0,,,Inactive,,,,,,,,,,4,,12.9758,,,,,-12.0117,,,-18.947,,,-18.4644,,,2.2051,,,7.0156,,,8.7361,,,12.9758,QC'd by Tocris,candidate_step3_property,,C20H10F6N2OS,440.4,6.6,0,10,3,0
70560,17389323,6028739,C/C=C(/C)\C#N,Inactive,0,,,Inactive,,,,,,,,,,4,,-4.0854,,-20.6611,18.282,,26.8905,-5.7665,,-25.2092,63.4094,,2.3733,15.8883,,19.3453,20.0058,,-0.2106,8.9776,,-4.2198,-1.0762,,-4.0854,QC'd by NIEHS/NTP,candidate_step3_property,,C5H7N,81.12,1.2,0,1,0,0
70562,26748740,16757805,CC1C(C([C@H](C(O1)OCC2C(C(C([C@H](O2)OC3=CC(=C4C(=C3)OC(=CC4=O)C5=CC(=C(C=C5)OC)O)O)O)O)O)O)O)O,Inactive,0,,,Inactive,,,,,,,,,,4,,-17.7826,,,,,19.0269,,,-15.0146,,,11.4355,,,6.2309,,,-5.304,,,-7.7012,,,-17.7826,QC'd by Microsource,candidate_step3_property,,C28H32O15,608.5,-0.8,8,15,7,0
70568,17389317,10704,CC1=CC=CC=C1C(=O)N,Inactive,0,,,Inactive,,,,,,,,,,4,,10.7131,,3.3502,1.8296,,13.1102,8.9883,,7.1834,10.2027,,-9.3592,-13.9022,,7.789,7.9361,,9.104,-11.6113,,3.7569,12.3974,,10.7131,QC'd by NIEHS/NTP,candidate_step3_property,,C8H9NO,135.16,0.800,1,1,1,0
70590,26753280,16759173,CC[C@H](C)C(=O)O[C@H]1C[C@@H](C=C2[C@H]1[C@H]([C@H](C=C2)C)CC[C@H](C[C@H](CC(=O)[O-])O)O)O.[Na+],Inactive,0,,,Inactive,,,,,,,,,,4,,-7.844,,,,,-7.8597,,,4.7658,,,6.9113,,,-4.5476,,,-5.8279,,,-0.6424,,,-7.844,QC'd by Tocris,candidate_step1_inorganic,Na,C23H35NaO7,446.5,,3,7,11,0
70591,11113977,6604832,C[C@H]1[C@@H](C(=O)N[C@H](C(=O)N2CCC[C@@H]2C(=O)N(CC(=O)N([C@H](C(=O)O1)C(C)C)C)C)C(C)C)NC(=O)C3=C4C(=C(C=C3)C)OC5=C(C(=O)C(=C(C5=N4)C(=O)N[C@H]6[C@@H](OC(=O)[C@@H](N(C(=O)CN(C(=O)[C@H]7CCCN7C(=O)[C@@H](NC6=O)C(C)C)C)C)C(C)C)C)N)C,Inactive,0,,,Inactive,,,,,,,,,,4,,-0.0256,,5.1182,5.4817,,14.5185,-14.1046,,7.1014,4.3614,,13.3579,-3.0388,,6.3902,-4.0782,,15.393,-7.6047,,-0.214,8.7286,,-0.0256,QC'd by Tocris,candidate_step3_property,,C62H86N12O16,1255.4,3.8,5,18,8,0
70603,26753284,9887884,C1=CC=C2C(=C1)C(=O)C3=CC=CC=C3C2(CC4=CC(=NC=C4)F)CC5=CC(=NC=C5)F,Inactive,0,,,Inactive,,,,,,,,,,4,,0.7133,,,,,-0.205,,,-4.3437,,,-18.6903,,,2.5645,,,-0.5739,,,6.9442,,,0.7133,QC'd by Tocris,candidate_step3_property,,C26H18F2N2O,412.4,5.800,0,5,4,0
70612,11113978,126941,CN(CC1=CN=C2C(=N1)C(=NC(=N2)N)N)C3=CC=C(C=C3)C(=O)N[C@@H](CCC(=O)O)C(=O)O,Inactive,0,,,Inactive,,,,,,,,,,4,,6.8934,,45.0225,,,31.5521,,,35.3416,,,34.5997,,,19.3707,,,32.9912,,,10.4098,,,6.8934,QC'd by SigmaAldrich,candidate_step3_property,,C20H22N8O5,454.4,-1.800,5,12,9,0
70631,4252471,220278,C(CO)CSCCO,Inactive,0,,,Inactive,,,,,,,,,,4,,-0.782,,-12.3041,,,-4.3526,,,4.238,,,-1.1727,,,-9.1422,,,-7.704,,,-0.782,,,,QC'd by NCI,candidate_step3_property,,C5H12O2S,136.21,-0.1,2,3,5,0
70645,11111223,23327,C(CC(=O)O)[C@H](C(=O)O)N,Inactive,0,,,Inactive,,,,,,,,,,4,,5.4322,,-3.6932,,,-9.0894,,,2.3654,,,9.7859,,,-4.6994,,,12.9005,,,-1.3189,,,5.4322,QC'd by SigmaAldrich,candidate_step3_property,,C5H9NO4,147.13,-3.700,3,5,4,0
70667,4239635,3234742,C1CN(CCC12CCN(CC2)C(=O)C3=CC(=CC(=C3)C(F)(F)F)C(F)(F)F)C4=CC=CC=N4,Inactive,0,,,Inactive,,,,,,,,,,4,,-24.717,,,,,2.31,,,-2.5208,,,-10.7105,,,1.4984,,,1.5797,,,12.5579,,,-24.717,QC'd by Pharmacopeia,candidate_step3_property,,C23H23F6N3O,471.4,5.3,0,9,2,0
70675,17389315,7301,CC1CCCO1,Inactive,0,,,Inactive,,,,,,,,,,4,,-14.8706,,-8.856,9.3384,,1.8037,-2.4011,,4.5258,15.5346,,3.1264,0.9726,,5.0225,-13.42,,13.6369,2.3106,,-6.7629,-5.2218,,-14.8706,QC'd by NIEHS/NTP,candidate_step3_property,,C5H10O,86.13,1.000,0,1,0,0
70679,26748746,5284439,C1CCC(CC1)C(CC2CCCCN2)C3CCCCC3.C(=C\C(=O)O)\C(=O)O,Inactive,0,,,Inactive,,,,,,,,,,4,,5.9834,,,,,-13.7454,,,-27.0982,,,-9.9058,,,-7.4134,,,-10.1665,,,-13.9036,,,5.9834,QC'd by Microsource,property_value_missing,,C23H39NO4,393.6,,3,5,6,0
70686,4239634,3234741,CN1C=C(C2=CC=CC=C21)C3=NC4=CN=C(N=C4N(C3=O)C5CC5)OC6=CC(=CC=C6)Cl,Inactive,0,,,Inactive,,,,,,,,,,4,,-42.7453,,,,,-9.8045,,,-24.4817,,,-30.1495,,,-23.6332,,,-12.6274,,,-13.5669,,,-42.7453,QC'd by Pharmacopeia,residual_possible_step4_or_definition_mismatch,,C24H18ClN5O2,443.9,4.3,0,5,4,0
70693,17389316,6559,CC(C)C#N,Inactive,0,,,Inactive,,,,,,,,,,4,,2.8376,,4.3985,3.0398,,-3.2001,-3.4634,,-13.6159,-2.2769,,-2.6755,9.3025,,6.4976,6.7208,,8.3717,7.8425,,-5.7122,-0.3489,,2.8376,QC'd by NIEHS/NTP,candidate_step3_property,,C4H7N,69.11,0.500,0,1,0,0
70709,7973930,630454,COC1=C(C=C(C=C1)C2=NC(=NC(=C2)C3=CC=CC=C3)N4CCCC4)OC,Inactive,0,,,Activator,19.9526,50.0225,,Single point of activity,-4.7,2.7868,0.8317,32.8231,-17.1994,3,0 0 0 0 0 0 0,30.3724,,,,,-6.2963,,,-8.4574,,,-18.9347,,,-29.2739,,,-23.2267,,,-7.9167,,,30.3724,QC'd by DPISMR,residual_possible_step4_or_definition_mismatch,,C22H23N3O2,361.4,4.4,0,5,5,0
70728,17389309,5364360,CC/C=C/C#N,Inactive,0,,,Inactive,,,,,,,,,,4,,8.2602,,-10.6398,1.2127,,1.8823,-9.5594,,-9.1426,22.4565,,-7.2804,-2.3482,,-4.5899,-1.6211,,-16.6849,-10.3427,,-14.5345,-13.3817,,8.2602,QC'd by NIEHS/NTP,candidate_step3_property,,C5H7N,81.12,1.2,0,1,1,0
70732,4252465,31316,CC1=CC(=C(C=C1C2(C3=CC=CC=C3C(=O)O2)C4=CC(=C(C=C4C)O)C(C)C)C(C)C)O,Inactive,0,,,Inactive,,,,,,,,,,4,,19.5433,,3.1297,,,-1.5931,,,-6.9111,,,-9.9491,,,8.2307,,,6.617,,,19.5433,,,,QC'd by NCI,candidate_step3_property,,C28H30O4,430.5,6.8,2,4,4,0
70740,11111210,4266,C1=C(ONC1=O)CN,Inactive,0,,,Inactive,,,,,,,,,,4,,4.0445,,3.9786,,,-9.2684,,,7.5238,,,-0.2043,,,3.9297,,,-1.66,,,5.8633,,,4.0445,QC'd by SigmaAldrich,candidate_step3_property,,C4H6N2O2,114.10,-1.4,2,3,1,0
70755,11111213,119558,C(CC(=O)NCS(=O)(=O)O)[C@H](C(=O)O)N,Inactive,0,,,Inactive,,,,,,,,,,4,,1.6142,,-8.4451,,,-3.3578,,,3.4062,,,-5.7762,,,4.8351,,,5.6052,,,6.2989,,,1.6142,QC'd by SigmaAldrich,candidate_step3_property,,C6H12N2O6S,240.24,-4.8,4,7,6,0
70765,17389311,12252,C(CO)[N+](=O)[O-],Inactive,0,,,Inactive,,,,,,,,,,4,,-17.3389,,-16.2855,-19.5628,,-13.1916,-16.3596,,-9.9159,-61.5669,,-3.3555,-2.6306,,11.3011,-9.9115,,-11.1506,3.5929,,-16.6958,-16.8271,,-17.3389,QC'd by NIEHS/NTP,candidate_step3_property,,C2H5NO3,91.07,-0.400,1,3,1,0
70776,4257533,2966758,C1CCN(CC1)C2=NC(=NC(=N2)SCC(=O)N3CCN(CC3)C4=CC=CC=C4)N5CCCCC5,Inactive,0,,,Inactive,,,,,,,,,,4,,-29.5707,,,,,-10.9404,,,-5.2261,,,-12.0267,,,-18.6458,,,-11.1044,,,1.7474,,,-29.5707,QC'd by DPISMR,residual_possible_step4_or_definition_mismatch,,C25H35N7OS,481.7,4.5,0,8,6,0
70778,4252463,3246007,C1=CC=C2C(=C1)C=CC=N2.C(=N)=S.C(=N)=S.C(#N)S.[NH2-].[NH2-].[NH2-].[NH2-].[Cu],Inactive,0,,,Inactive,,,,,,,,,,4,,5.5929,,5.2993,,,7.2134,,,4.5568,,,0.031,,,9.9269,,,-6.2814,,,5.5929,,,,QC'd by NCI,candidate_step1_inorganic,Cu,C12H18CuN8S3-4,434.1,,7,11,0,-4
70781,17389304,18635,CSCCC=O,Inactive,0,,,Inactive,,,,,,,,,,4,,12.3646,,13.795,7.2108,,11.9228,2.4745,,10.4186,16.1044,,6.6409,-17.5848,,-3.6441,-1.3205,,2.7931,4.1517,,18.1564,4.9017,,12.3646,QC'd by NIEHS/NTP,candidate_step3_property,,C4H8OS,104.17,0.3,0,2,3,0
70783,26753277,5311276,CCCOC1=C(C=C(C=C1)Br)C2=C(NC(=C2)C3=CC=C(C=C3)Cl)C4=CC=NC=C4,Inactive,0,,,Inactive,,,,,,,,,,4,,9.2385,,,,,13.2883,,,-9.2019,,,11.9097,,,17.1264,,,3.9795,,,14.979,,,9.2385,QC'd by Tocris,candidate_step3_property,,C24H20BrClN2O,467.8,6.8,1,2,6,0
70817,11113974,6604625,C[C@@H]1OC[C@H]2[C@H](O1)[C@H]([C@H]([C@@H](O2)O[C@H]3[C@@H]4COC(=O)[C@H]4[C@@H](C5=CC6=C(C=C35)OCO6)C7=CC(=C(C(=C7)OC)O)OC)O)O,Inactive,0,,,Inactive,,,,,,,,,,4,,19.5326,,0.1041,-5.2928,,14.3593,-9.2481,,-1.479,-6.6788,,-2.6554,4.1089,,-0.0034,-19.5462,,-0.4657,12.0215,,0.9381,0.367,,19.5326,QC'd by Timtec,candidate_step3_property,,C29H32O13,588.6,0.600,3,13,5,0
70821,849473,651967,CC1=C2C=C(C(=O)NC2=C(C=C1)C)C(C3=NN=NN3CC4=CC=CO4)N5CCC6=CC=CC=C6C5,Inactive,0,,,Inactive,,,,,,,,,,4,,18.4564,,,,,23.8099,,,23.0008,,,46.8907,,,30.3221,,,18.2726,,,42.3964,,,18.4564,QC'd by DPISMR,residual_possible_step4_or_definition_mismatch,,C27H26N6O2,466.5,3.5,1,6,5,0
70824,17389306,7521,C=CC1=CC=CC=N1,Inactive,0,,,Inactive,,,,,,,,,,4,,12.093,,-10.6011,-8.0064,,11.6466,-8.2018,,-10.9091,4.7331,,-5.7247,6.1399,,-2.3896,9.9829,,12.0473,4.5088,,-3.9165,-14.7173,,12.093,QC'd by NIEHS/NTP,candidate_step3_property,,C7H7N,105.14,1.500,0,1,1,0
70828,4252458,3246005,C([C@H]([C@H]([C@H]([C@H]1[C@H]([C@@H](C(=O)O1)O)O)O)O)O)O,Inactive,0,,,Inactive,,,,,,,,,,4,,-17.2401,,23.4262,,,-9.2915,,,-0.3829,,,-6.4285,,,-1.0972,,,0.4119,,,-17.2401,,,,QC'd by NCI,candidate_step3_property,,C8H14O8,238.19,-3.3,6,8,4,0
70835,26748738,10969,CC(CCCC(C)(C)O)N.Cl,Inactive,0,,,Inactive,,,,,,,,,,4,,1.1152,,,,,4.4999,,,-4.6417,,,15.2062,,,18.034,,,-5.6181,,,2.7053,,,1.1152,QC'd by Microsource,property_value_missing,,C8H20ClNO,181.70,,3,2,4,0
70836,26748736,16757803,C1C([C@H]([C@@H](C(C1N)O[C@@H]2C(C(C(C(O2)CO)O)O)N)OC3C([C@@H]([C@H](O3)CO)O[C@H]4C(C(C(C(O4)CN)O)O)N)O)O)N.OS(=O)(=O)O,Inactive,0,,,Inactive,,,,,,,,,,4,,-5.6142,,,,,7.5874,,,-8.5036,,,10.3934,,,16.4236,,,-4.4664,,,19.3192,,,-5.6142,QC'd by Microsource,property_value_missing,,C23H47N5O18S,713.7,,15,23,9,0
70850,4239625,3234732,C1CN(CCC12CCN(CC2)C(=O)NC3=CC(=CC=C3)F)C(=O)C4=CC(=CC(=C4)C(F)(F)F)C(F)(F)F,Inactive,0,,,Inactive,,,,,,,,,,4,,-3.9247,,,,,-2.4239,,,9.7575,,,-12.3028,,,7.3628,,,-5.8531,,,-1.3943,,,-3.9247,QC'd by Pharmacopeia,candidate_step3_property,,C25H24F7N3O2,531.5,5.2,1,9,2,0
70944,4252554,223156,CN(CC1=CC=CC2=CC=CC=C21)CC3=CC=CC4=CC=CC=C43,Inactive,0,,,Inactive,,,,,,,,,,4,,2.7082,,-9.0453,,,-9.8291,,,-0.302,,,-6.11,,,-0.7035,,,-12.8183,,,2.7082,,,,QC'd by NCI,candidate_step3_property,,C23H21N,311.4,5.8,0,1,4,0
70949,17389302,6618,CC(C)(C1=CC(=C(C(=C1)Br)O)Br)C2=CC(=C(C(=C2)Br)O)Br,Inactive,0,,,Inactive,,,,,,,,,,4,,3.5515,,51.6232,33.9737,,46.4087,54.7511,,35.9458,47.9763,,32.3003,33.4038,,49.0586,50.9814,,34.7796,29.0112,,6.7642,21.4053,,3.5515,QC'd by NIEHS/NTP,candidate_step3_property,,C15H12Br4O2,543.9,6.8,2,2,2,0
70954,849576,652076,CN(C)C1=NC(=NC(=N1)SCCOC(=O)COC2=C(C=C(C=C2)Cl)Cl)N(C)C,Inactive,0,,,Activator,15.8489,33.1188,,Partial curve; partial efficacy,-4.8,2.4064,0.8186,36,2.8812,2.2,0 0 0 0 0 0 0,34.7219,,,,,-2.599,,,11.9456,,,7.5376,,,6.5182,,,-1.439,,,12.8118,,,34.7219,QC'd by DPISMR,residual_possible_step4_or_definition_mismatch,,C17H21Cl2N5O3S,446.4,4.600,0,9,10,0
70972,26753297,5311257,COC1=CC=C(C=C1)C2=C(C3=C(O2)C=C(C=C3)OC)C(=O)C4=CC=C(C=C4)C#N,Inactive,0,,,Inactive,,,,,,,,,,4,,15.2279,,,,,-5.9119,,,-30.6641,,,-18.7307,,,-2.2027,,,6.2131,,,0.2266,,,15.2279,QC'd by Tocris,candidate_step3_property,,C24H17NO4,383.4,5.000,0,5,5,0
71020,26748852,16757828,CC1=C2C(C(=O)[C@]3(C(CC4[C@@](C3C([C@@](C2(C)C)(CC1OC(=O)C(C(C5=CC=CC=C5)NC(=O)C6=CC=CC=C6)O)O)OC(=O)C7=CC=CC=C7)(CO4)OC(=O)C)O)C)OC(=O)C,Inactive,0,,,Inactive,,,,,,,,,,4,,6.9691,,,,,29.0923,,,5.3299,,,6.7174,,,32.5611,,,0.3116,,,-1.5321,,,6.9691,QC'd by Microsource,candidate_step3_property,,C47H51NO14,853.9,2.500,4,14,14,0
71028,4252541,222574,C1=CC(=CC=C1C[As](=O)(O)O)[N+](=O)[O-],Inactive,0,,,Inactive,,,,,,,,,,4,,-16.2513,,-8.3377,,,-17.6517,,,-6.5206,,,3.162,,,-0.5198,,,-16.6137,,,-16.2513,,,,QC'd by NCI,candidate_step1_inorganic,As,C7H8AsNO5,261.06,,2,5,2,0
71040,11113958,6604828,C1[C@H](NC[C@]1(C(=O)O)N)C(=O)O,Inactive,0,,,Inactive,,,,,,,,,,4,,19.884,,-6.6194,16.1892,,22.4797,0.2809,,15.6422,-2.0402,,12.2362,-2.7607,,13.1836,14.3183,,11.3705,11.6032,,11.1813,12.3266,,19.884,QC'd by Tocris,candidate_step3_property,,C6H10N2O4,174.15,-6.500,4,6,2,0
71053,26753293,9911463,CC1=C(C2=C(N1C(=O)C3=C(C(=CC=C3)Cl)Cl)C=CC(=C2)OC)CCN4CCOCC4,Inactive,0,,,Inactive,,,,,,,,,,4,,-20.4757,,,,,7.4056,,,8.0087,,,8.6582,,,-10.8508,,,0.1119,,,-0.6662,,,-20.4757,QC'd by Tocris,candidate_step3_property,,C23H24Cl2N2O3,447.4,5.1,0,4,5,0
71054,11113957,6603751,C1CN(CCN1C[C@H](C(C2=CC=CC=C2)C3=CC=CC=C3)O)C4=CC(=CC=C4)Cl,Inactive,0,,,Inactive,,,,,,,,,,4,,-6.4793,,4.4519,6.777,,19.2862,4.754,,-6.0402,8.2556,,10.486,6.3131,,11.7142,7.918,,1.1826,12.9153,,10.1182,-32.5626,,-6.4793,QC'd by Tocris,candidate_step3_property,,C25H27ClN2O,406.9,5.3,1,3,6,0
71064,4252543,87983,C(C(=O)O)N(CC(=O)O)N,Inactive,0,,,Inactive,,,,,,,,,,4,,7.1913,,-9.9512,,,-0.8795,,,5.5248,,,-18.3161,,,5.2819,,,-9.4583,,,7.1913,,,,QC'd by NCI,candidate_step3_property,,C4H8N2O4,148.12,-5.9,3,6,4,0
71070,26753294,11698390,C1=CC=C(C=C1)C(C2=CC=CC=C2)NCCNC(C3=CC=CC=C3)C4=CC=CC=C4.Cl.Cl,Inactive,0,,,Inactive,,,,,,,,,,4,,0.1043,,,,,5.7792,,,-22.1841,,,-15.8423,,,7.7783,,,-10.2451,,,1.2818,,,0.1043,QC'd by Tocris,property_value_missing,,C28H30Cl2N2,465.5,,4,2,9,0
71086,26748848,16757825,C1=CC(=C[N+](=C1)[C@H]2C(C(C(O2)COP(=O)([O-])OP(=O)(O)OCC3C(C(C(O3)N4C=NC5=C(N=CN=C54)N)OP(=O)(O)[O-])O)O)O)C(=O)N.[Na+],Inactive,0,,,Inactive,,,,,,,,,,4,,-3.5365,,,,,-3.6355,,,-6.7599,,,-18.738,,,2.9806,,,-11.4384,,,-1.5964,,,-3.5365,QC'd by Microsource,candidate_step1_inorganic,Na,C21H27N7NaO17P3,765.4,,7,21,13,0
71093,26753291,16759177,C1=CC=C(C=C1)NC(=O)/C=C/C2=C(NC3=C2C(=CC(=C3)Cl)Cl)C(=O)[O-].[Na+],Inactive,0,,,Inactive,,,,,,,,,,4,,-2.7809,,,,,-15.6311,,,8.4862,,,9.7319,,,-0.0011,,,-26.5507,,,0.3624,,,-2.7809,QC'd by Tocris,candidate_step1_inorganic,Na,C18H11Cl2N2NaO3,397.2,,2,3,4,0
71122,26748846,5447,C(CSCCO)O,Inactive,0,,,Inactive,,,,,,,,,,4,,21.9808,,,,,14.9109,,,14.7296,,,26.5167,,,22.3597,,,-1.3848,,,15.7168,,,21.9808,QC'd by Microsource,candidate_step3_property,,C4H10O2S,122.19,-0.600,2,3,4,0
71127,26753289,215819,CC1=C(N=CN1)CCN.Cl.Cl,Inactive,0,,,Inactive,,,,,,,,,,4,,-1.1282,,,,,1.8159,,,-6.0663,,,6.2053,,,7.6383,,,14.7019,,,24.4731,,,-1.1282,QC'd by Tocris,property_value_missing,,C6H13Cl2N3,198.09,,4,2,2,0
71144,17389292,10332,CC1=CC(=C(C=C1)N)N,Inactive,0,,,Inactive,,,,,,,,,,4,,11.8366,,-7.8065,-11.796,,-15.583,-4.6422,,-3.0504,-25.487,,12.6059,3.2371,,-26.1535,-15.6041,,-4.7211,-2.888,,-1.7029,-4.9206,,11.8366,QC'd by NIEHS/NTP,candidate_step3_property,,C7H10N2,122.17,0.600,2,2,0,0
71177,11113950,3597695,C1=CC(=CC=C1C(=O)NC2=C3C(=CC(=CC3=C(C=C2)S(=O)(=O)[O-])S(=O)(=O)[O-])S(=O)(=O)[O-])NC(=O)C4=CC=C(C=C4)NC(=O)NC5=CC=C(C=C5)C(=O)NC6=CC=C(C=C6)C(=O)NC7=C8C(=CC(=CC8=C(C=C7)S(=O)(=O)[O-])S(=O)(=O)[O-])S(=O)(=O)[O-],Inactive,0,,,Inactive,,,,,,,,,,4,,-21.1559,,3.7059,-6.9101,,23.4723,-3.929,,-10.1681,-5.8971,,2.0595,7.3378,,9.769,-4.7793,,-12.1235,10.3819,,5.4019,-16.8897,,-21.1559,QC'd by Tocris,candidate_step3_property,,C49H30N6O23S6-6,1263.2,0.3,6,23,10,-6
71195,17389279,7949,CC1=CC(=CC(=C1)N)C,Inactive,0,,,Inactive,,,,,,,,,,4,,7.9585,,15.2951,-2.3938,,1.6005,-5.513,,-5.8635,36.144,,-2.4015,17.6268,,-8.02,5.5604,,-15.8342,3.239,,-11.9263,-5.2242,,7.9585,QC'd by NIEHS/NTP,candidate_step3_property,,C8H11N,121.18,2.000,1,1,0,0
71197,11113947,132846,C1C[C@@H]([C@@H](NC1)C2=CC=CC=C2)OCC3=CC(=CC(=C3)C(F)(F)F)C(F)(F)F,Inactive,0,,,Inactive,,,,,,,,,,4,,-20.1608,,-3.1417,4.6331,,19.7849,-7.2583,,-16.8569,-12.972,,-14.3717,1.9574,,-7.8901,-12.0331,,2.5605,10.3478,,1.9861,-14.5926,,-20.1608,QC'd by Tocris,candidate_step3_property,,C20H19F6NO,403.4,5.0,1,8,4,0
71198,4261453,1315716,CC1=C(C(=NC(=S)N1C2=CC=CC=C2)N3CCN(CC3)C4=CC(=CC=C4)Cl)C(=O)C,Inactive,0,,,Inactive,,,,,,,,,,4,,-24.2062,,,,,-0.1404,,,-2.1603,,,2.0068,,,4.7335,,,-3.0857,,,-1.5433,,,-24.2062,QC'd by DPISMR,residual_possible_step4_or_definition_mismatch,,C23H23ClN4OS,439.0,4.100,0,3,4,0
71214,17389280,7948,CC1=CC(=CC(=C1)O)C,Inactive,0,,,Inactive,,,,,,,,,,4,,5.5223,,-23.6259,2.8136,,2.4537,-2.9671,,-0.067,-0.5022,,17.8469,8.6452,,12.124,22.525,,-3.5396,2.3869,,-3.7556,-26.7074,,5.5223,QC'd by NIEHS/NTP,candidate_step3_property,,C8H10O,122.16,2.400,1,1,0,0
71242,17389286,7249,CC1=C(C=C(C=C1)O)C,Inactive,0,,,Inactive,,,,,,,,,,4,,4.2553,,8.5568,-1.6517,,12.8653,10.1047,,2.5542,-19.2747,,2.9863,-3.3249,,-9.0785,7.1381,,8.8287,3.5385,,-0.4231,3.6765,,4.2553,QC'd by NIEHS/NTP,candidate_step3_property,,C8H10O,122.16,2.200,1,1,0,0
71269,11113943,2733506,CC(=NCCCC[C@@H](C(=O)O)N)N,Inactive,0,,,Inactive,,,,,,,,,,4,,4.6439,,-31.3578,6.5282,,5.8461,4.6903,,-2.8569,-1.8388,,4.3982,6.2945,,-2.0917,-14.8511,,6.5943,5.109,,8.6406,11.0409,,4.6439,QC'd by Tocris,candidate_step3_property,,C8H17N3O2,187.24,-3.100,3,4,6,0
71270,4262543,2235724,CC1=CC=C(O1)C2=NN(C=C2/C=C(\C#N)/C3=CC=CC(=C3)C#N)C4=CC=CC=C4,Inactive,0,,,Inactive,,,,,,,,,,4,,3.9409,,,,,-1.1895,,,7.8584,,,3.3367,,,0.2143,,,-9.4271,,,4.6351,,,3.9409,QC'd by DPISMR,residual_possible_step4_or_definition_mismatch,,C24H16N4O,376.4,4.6,0,4,4,0
71275,17389284,7248,CC1=C(C=C(C=C1)N)C,Inactive,0,,,Inactive,,,,,,,,,,4,,10.7492,,-23.3142,-0.9211,,-4.158,0.8462,,6.6607,3.5598,,16.1915,12.2966,,13.2053,10.2594,,9.6857,2.2383,,-5.0053,16.7411,,10.7492,QC'd by NIEHS/NTP,candidate_step3_property,,C8H11N,121.18,2.500,1,1,0,0
71286,4252572,223753,CN1C2=NC(=NC(=C2C=N1)NC3=CC(=CC=C3)Cl)NC4=CC(=CC=C4)Cl,Inactive,0,,,Inactive,,,,,,,,,,4,,1.9525,,4.3322,,,6.8525,,,7.1018,,,-1.7994,,,9.6287,,,2.5306,,,1.9525,,,,QC'd by NCI,candidate_step3_property,,C18H14Cl2N6,385.2,5.2,2,5,4,0
71332,11111182,3339,CC(C)OC(=O)C(C)(C)OC1=CC=C(C=C1)C(=O)C2=CC=C(C=C2)Cl,Inactive,0,,,Inactive,,,,,,,,,,4,,3.7343,,-1.62,-3.8896,,-6.0597,-15.7935,,-10.5542,-15.04,,3.3509,-4.0849,,-21.9401,-5.4297,,-16.7232,6.5657,,14.1083,3.7343,,,QC'd by Prestwick,candidate_step3_property,,C20H21ClO4,360.8,5.2,0,4,7,0
71344,17389271,6894,CC1=C(C=CC=C1Cl)N,Inactive,0,,,Inactive,,,,,,,,,,4,,18.9873,,-6.9401,3.8542,,5.1834,-1.8433,,9.4118,14.5294,,8.7799,11.3188,,-0.9424,-0.2278,,-1.3359,13.6694,,-11.9396,0.266,,18.9873,QC'd by NIEHS/NTP,candidate_step3_property,,C7H8ClN,141.60,3.000,1,1,0,0
71360,17389272,11241,CC(=C)CCl,Inactive,0,,,Inactive,,,,,,,,,,4,,8.6231,,-12.9957,-3.7126,,3.7498,9.6607,,-15.514,-13.0427,,7.003,8.0824,,19.9416,-1.1576,,1.2474,13.3293,,22.1939,-24.7161,,8.6231,QC'd by NIEHS/NTP,candidate_step3_property,,C4H7Cl,90.55,2.1,0,0,1,0
71396,4252562,223191,CC(C)(C)CC(C)(C)C1=CC(=C(C(=C1)O)O)CN2CCCCC2,Inactive,0,,,Inactive,,,,,,,,,,4,,-18.0861,,9.5981,,,0.0753,,,-12.7223,,,-15.2329,,,8.4963,,,6.3044,,,-18.0861,,,,QC'd by NCI,candidate_step3_property,,C20H33NO2,319.5,5.3,2,3,5,0
71398,17389278,61527,CC1=CC(=C(O1)C)C(=O)C,Inactive,0,,,Inactive,,,,,,,,,,4,,6.2987,,2.7936,1.2564,,-13.2695,9.5287,,11.4781,18.5991,,5.9798,8.1593,,6.973,12.0254,,-0.7194,-22.0686,,-15.5296,9.7451,,6.2987,QC'd by NIEHS/NTP,candidate_step3_property,,C8H10O2,138.16,1.5,0,2,1,0
71407,7977943,1160940,C1=CC=C(C=C1)C2=NN=C(O2)SC(=O)N3C4=CC=CC=C4SC5=CC=CC=C53,Inactive,0,,,Inactive,,,,,,,,,,4,,-20.6918,,,,,-6.8264,,,-17.2695,,,-9.0085,,,-2.6342,,,-11.0552,,,-8.094,,,-20.6918,QC'd by DPISMR,candidate_step3_property,,C21H13N3O2S2,403.5,5.3,0,6,3,0
71408,26748830,16757821,C[C@H]1/C=C/C=C/2\COC\3[C@]2([C@H](C=C(/C3=N/O)C)C(=O)OC4CC(C/C=C(/[C@@H]1OC5CC(C(C(O5)C)O)OC)\C)O[C@]6(C4)CCC(C(O6)C7CCCCC7)C)O,Inactive,0,,,Inactive,,,,,,,,,,4,,7.2692,,,,,-1.3599,,,3.9461,,,7.0583,,,21.9669,,,12.8352,,,11.2319,,,7.2692,QC'd by Microsource,candidate_step3_property,,C43H63NO11,770.0,5.4,3,12,4,0
71432,17389276,12308,C(CO)CBr,Inactive,0,,,Inactive,,,,,,,,,,4,,10.479,,15.9339,7.5234,,8.9983,8.1386,,2.7882,14.4703,,4.194,8.5647,,15.4344,-5.7134,,12.1606,-6.0075,,-8.6257,-7.4678,,10.479,QC'd by NIEHS/NTP,candidate_step3_property,,C3H7BrO,138.99,0.7,1,1,2,0
71447,4239718,3234825,COC1=CC=C(C=C1)C(=O)N2CCC[C@]3(C2)CCN(C3)CC4=CC(=CC(=C4)C(F)(F)F)C(F)(F)F,Inactive,0,,,Inactive,,,,,,,,,,4,,1.0141,,,,,4.0079,,,15.5831,,,3.5427,,,7.9139,,,-0.8088,,,10.4813,,,1.0141,QC'd by Pharmacopeia,candidate_step3_property,,C25H26F6N2O2,500.5,5.4,0,9,4,0
71448,11113932,60602,CC1=C([C@@H](C(=C(N1)C)C(=O)OCCCN2CCC(CC2)(C3=CC=CC=C3)C4=CC=CC=C4)C5=CC(=CC=C5)[N+](=O)[O-])C(=O)OC,Inactive,0,,,Inactive,,,,,,,,,,4,,-28.8321,,-10.9413,-8.8028,,-5.5327,-6.6316,,-21.2583,-5.9185,,-16.9619,-20.0535,,-19.8986,-13.503,,-15.8836,-9.8157,,-12.5991,-22.1713,,-28.8321,QC'd by Tocris,candidate_step3_property,,C36H39N3O6,609.7,6.800,1,8,11,0
71456,26748826,16757819,CCC1[C@@](C(C(N(CC(C[C@]([C@@H](C([C@@H](C(C(=O)O1)C)O[C@H]2C[C@@](C(C(O2)C)O)(C)OC)C)O[C@H]3C(C(CC(O3)C)N(C)C)O)(C)O)C)C)C)O)(C)O,Inactive,0,,,Inactive,,,,,,,,,,4,,-7.1142,,,,,8.829,,,-15.6703,,,-1.2703,,,14.6764,,,-6.9579,,,6.9959,,,-7.1142,QC'd by Microsource,candidate_step3_property,,C38H72N2O12,749.0,4.000,5,14,7,0
71462,11111141,5139,CCSC(=N)N,Inactive,0,,,Inactive,,,,,,,,,,4,,-4.5593,,-7.511,,,-8.6913,,,-2.6881,,,2.5552,,,8.2447,,,1.9952,,,-13.6642,,,-4.5593,QC'd by SigmaAldrich,candidate_step3_property,,C3H8N2S,104.18,0.5,2,2,2,0
71466,11113931,60602,CC1=C([C@@H](C(=C(N1)C)C(=O)OCCCN2CCC(CC2)(C3=CC=CC=C3)C4=CC=CC=C4)C5=CC(=CC=C5)[N+](=O)[O-])C(=O)OC,Inactive,0,,,Inactive,,,,,,,,,,4,,-22.925,,5.4753,-2.8083,,5.2946,-12.0287,,-7.2398,-0.7527,,0.8689,-10.165,,1.8391,9.7886,,2.3391,-1.553,,0.0572,-25.9283,,-22.925,QC'd by Tocris,candidate_step3_property,,C36H39N3O6,609.7,6.800,1,8,11,0
71480,4252517,221519,CC1=CC=C(C=C1)N(CC2=CC=CC=C2)CC3=CC=CC=C3,Inactive,0,,,Inactive,,,,,,,,,,4,,1.9976,,-9.8081,,,2.5822,,,-2.5414,,,-1.3793,,,-4.2111,,,4.3646,,,1.9976,,,,QC'd by NCI,candidate_step3_property,,C21H21N,287.4,5.4,0,1,5,0
71509,11111135,6603835,C[C@@H]1OC[C@H]2[C@](O1)(C[C@H]([C@@H](O2)O[C@H]3[C@@H]4COC(=O)[C@@H]4[C@H](C5=CC6=C(C=C35)OCO6)C7=CC(=C(C(=C7)OC)O)OC)O)O,Inactive,0,,,Inactive,,,,,,,,,,4,,-11.3728,,19.7879,,,3.0717,,,11.8898,,,10.5628,,,21.218,,,11.1931,,,16.7136,,,-11.3728,QC'd by SigmaAldrich,candidate_step3_property,,C29H32O13,588.6,0.800,3,13,5,0
71518,11113928,2125,CC1=C(N(N=C1C(=O)NN2CCCCC2)C3=C(C=C(C=C3)Cl)Cl)C4=CC=C(C=C4)I,Inactive,0,,,Inactive,,,,,,,,,,4,,-5.7518,,0.2936,-4.8103,,0.6193,-11.0214,,-14.1811,0.7632,,-7.5112,3.7421,,-1.4882,-28.092,,-8.8642,-10.6542,,-8.2622,-6.5504,,-5.7518,QC'd by Tocris,candidate_step3_property,,C22H21Cl2IN4O,555.2,6.500,1,3,4,0
71519,4252523,407541,C(CN(CC(=O)O)CC(=O)O)N(CC(=O)O)CC(=O)O.[Mn],Inactive,0,,,Inactive,,,,,,,,,,4,,-4.4202,,8.3929,,,3.879,,,-0.4685,,,-4.6051,,,0.6653,,,3.0347,,,-4.4202,,,,QC'd by NCI,candidate_step1_inorganic,Mn,C10H16MnN2O8,347.18,,4,10,0,0
71527,26748822,4376,CNC(CC(=O)O)C(=O)O,Inactive,0,,,Inactive,,,,,,,,,,4,,10.8962,,,,,-8.4405,,,3.2902,,,4.593,,,8.0015,,,0.1672,,,8.9519,,,10.8962,QC'd by Microsource,candidate_step3_property,,C5H9NO4,147.13,-3.4,3,5,4,0
71528,11111136,6603836,CCCCCCCCCCCCCCCCCCOC[C@@H](COP(=O)([O-])OCC[N+](C)(C)C)OC,Inactive,0,,,Inactive,,,,,,,,,,4,,9.7727,,16.2613,,,21.3852,,,6.1139,,,12.793,,,22.4431,,,24.6567,,,-7.378,,,9.7727,QC'd by SigmaAldrich,candidate_step3_property,,C27H58NO6P,523.7,7.6,0,6,27,0
71530,17389267,7421,CN(C)C1=CC(=CC=C1)O,Inactive,0,,,Inactive,,,,,,,,,,4,,10.1721,,0.9157,3.8353,,-10.8296,-9.8996,,-4.8222,27.2976,,1.0403,-6.5456,,13.7166,25.1676,,8.9054,11.784,,-21.1032,-16.1997,,10.1721,QC'd by NIEHS/NTP,candidate_step3_property,,C8H11NO,137.18,1.600,1,2,1,0
71537,11113927,6604822,CCCCC/C=C\C/C=C\C/C=C\C/C=C\CCCC(=O)NC1=CC=C(C=C1)O,Inactive,0,,,Inactive,,,,,,,,,,4,,-0.627,,-6.7797,-7.5193,,17.2006,2.0518,,-11.0764,0.2666,,0.6883,-2.4221,,-3.3623,-10.4113,,13.7974,3.0556,,6.6994,2.2698,,-0.627,QC'd by Tocris,candidate_step3_property,,C26H37NO2,395.6,7.2,2,2,15,0
71539,4252522,5771520,C/C(=N\O)/CC/C(=N\O)/C,Inactive,0,,,Inactive,,,,,,,,,,4,,-11.6258,,-14.8601,,,-7.0976,,,4.9949,,,-0.825,,,5.1717,,,10.6922,,,-11.6258,,,,QC'd by NCI,candidate_step3_property,,C6H12N2O2,144.17,0.1,2,4,3,0
71546,17389270,10963,C(CCl)C#N,Inactive,0,,,Inactive,,,,,,,,,,4,,-6.5589,,-11.7943,-5.8833,,4.5208,-6.7457,,-18.2748,-22.8348,,0.2096,-15.5906,,-18.3655,-9.7959,,-12.8982,-3.343,,-21.747,-10.7585,,-6.5589,QC'd by NIEHS/NTP,candidate_step3_property,,C3H4ClN,89.52,0.200,0,1,1,0
71564,17389269,10963,C(CCl)C#N,Inactive,0,,,Inactive,,,,,,,,,,4,,13.2453,,11.3508,15.1603,,27.8479,22.1418,,-14.9965,27.3309,,21.0332,10.3509,,38.2392,23.3293,,32.3425,31.374,,20.6686,23.8603,,13.2453,QC'd by NIEHS/NTP,candidate_step3_property,,C3H4ClN,89.52,0.200,0,1,1,0
71582,11113924,6604820,C1[C@H]([C@H](CC1(C(=O)O)N)C(=O)O)C(=O)O,Inactive,0,,,Inactive,,,,,,,,,,4,,11.2658,,7.966,10.1992,,6.5741,-1.7573,,1.9856,2.1152,,4.7081,3.5313,,10.5031,2.8577,,17.6092,4.4267,,2.8355,8.6454,,11.2658,QC'd by Tocris,candidate_step3_property,,C8H11NO6,217.18,-4.0,4,7,3,0
71592,4252510,221363,CC1=C(C=C(C(=C1CC2=C(C(=CC(=C2C)Cl)C(C)(C)C)O)O)C(C)(C)C)Cl,Inactive,0,,,Inactive,,,,,,,,,,4,,-2.913,,-6.9077,,,-6.9688,,,2.0569,,,-6.5967,,,3.1202,,,-4.3088,,,-2.913,,,,QC'd by NCI,candidate_step3_property,,C23H30Cl2O2,409.4,8.5,2,2,4,0
71596,11113923,6604819,C1[C@H]([C@@H](CC1(C(=O)O)N)C(=O)O)C(=O)O,Inactive,0,,,Inactive,,,,,,,,,,4,,4.1766,,-6.2466,-2.585,,4.962,-12.6844,,12.8373,-1.7495,,-8.9233,-6.0539,,-7.3598,-16.2071,,-5.8123,-7.155,,-10.079,-70.6988,,4.1766,QC'd by Tocris,candidate_step3_property,,C8H11NO6,217.18,-4.0,4,7,3,0
71614,11113926,4302962,CC1=C(N(N=C1C(=O)NN2CCOCC2)C3=C(C=C(C=C3)Cl)Cl)C4=CC=C(C=C4)I,Inactive,0,,,Inactive,,,,,,,,,,4,,-3.745,,2.3801,16.4364,,26.0946,5.6807,,0.8612,3.3795,,-0.8318,12.3241,,-6.2437,-2.3011,,-2.1649,28.0132,,-4.5853,24.1912,,-3.745,QC'd by Tocris,candidate_step3_property,,C21H19Cl2IN4O2,557.2,5.300,1,4,4,0
71685,11113922,6604819,C1[C@H]([C@@H](CC1(C(=O)O)N)C(=O)O)C(=O)O,Inactive,0,,,Inactive,,,,,,,,,,4,,1.4921,,7.6018,-5.4591,,6.6585,-2.7974,,1.4941,1.8911,,8.3949,2.3711,,2.3319,2.0099,,11.7832,2.7791,,6.4179,-3.8811,,1.4921,QC'd by Tocris,candidate_step3_property,,C8H11NO6,217.18,-4.0,4,7,3,0
71695,4239711,3234818,C1CN(CCC12CCN(CC2)C(=O)C3=CC(=CC(=C3)C(F)(F)F)C(F)(F)F)CC4=CC=CC=C4,Inactive,0,,,Inactive,,,,,,,,,,4,,7.018,,,,,0.9585,,,5.4627,,,6.1039,,,0.7854,,,4.6577,,,3.7435,,,7.018,QC'd by Pharmacopeia,candidate_step3_property,,C25H26F6N2O,484.5,5.8,0,8,3,0
71697,17389261,5324707,C/C=C/CC#N,Inactive,0,,,Inactive,,,,,,,,,,4,,7.0385,,7.7007,12.179,,2.4353,2.3913,,6.1448,11.0196,,2.8829,1.6742,,-2.8774,13.8011,,-2.3817,4.8109,,-9.948,2.7439,,7.0385,QC'd by NIEHS/NTP,candidate_step3_property,,C5H7N,81.12,1.0,0,1,1,0
71702,857446,658797,CCCCN1C(=C(C2=NC3=CC=CC=C3N=C21)C#N)NC(=O)C4=CC=CC=C4Cl,Inactive,0,,,Inactive,,,,,,,,,,4,,14.5979,,,,,2.5442,,,7.7324,,,-1.153,,,-5.7502,,,-20.6957,,,-24.5604,,,14.5979,QC'd by DPISMR,residual_possible_step4_or_definition_mismatch,,C22H18ClN5O,403.9,4.7,1,4,5,0
71708,26748816,6209,C[N+](C)(C)CCO.[Cl-],Inactive,0,,,Inactive,,,,,,,,,,4,,-3.242,,,,,9.2398,,,9.7926,,,-5.0189,,,20.7039,,,-17.6399,,,0.7768,,,-3.242,QC'd by Microsource,property_value_missing,,C5H14ClNO,139.62,,1,2,2,0
71713,4252511,14187,C1=CC=C2C(=C1)C=CC(=C2CC3=C(C=CC4=CC=CC=C43)O)O,Inactive,0,,,Inactive,,,,,,,,,,4,,-13.6601,,19.3486,,,3.4145,,,4.9116,,,10.8261,,,18.0963,,,3.9348,,,-13.6601,,,,QC'd by NCI,candidate_step3_property,,C21H16O2,300.3,5.6,2,2,2,0
71722,11113914,6604816,CC[C@H]1C(=O)N(CC(=O)N([C@H](C(=O)N[C@H](C(=O)N([C@H](C(=O)N[C@H](C(=O)N[C@@H](C(=O)N([C@H](C(=O)N([C@H](C(=O)N([C@H](C(=O)N([C@H](C(=O)N1)[C@@H]([C@H](C)C/C=C\C)O)C)C(C)C)C)CC(C)C)C)CC(C)C)C)C)C)CC(C)C)C)C(C)C)CC(C)C)C)C,Inactive,0,,,Inactive,,,,,,,,,,4,,-0.9037,,6.3433,2.706,,1.89,-0.6646,,3.3702,3.0522,,-4.2882,-8.1344,,9.1962,-5.7954,,-1.9913,6.0726,,-20.5531,-3.8618,,-0.9037,QC'd by Tocris,candidate_step3_property,,C62H111N11O12,1202.6,7.5,5,12,15,0
71729,26748810,5280531,CCCCCCCCCCCCCCCC(=O)OC/C=C(\C)/C=C/C=C(\C)/C=C/C1=C(CCCC1(C)C)C,Inactive,0,,,Inactive,,,,,,,,,,4,,17.4622,,,,,4.749,,,9.4593,,,-0.5007,,,20.2347,,,10.3562,,,5.3321,,,17.4622,QC'd by Microsource,candidate_step3_property,,C36H60O2,524.9,13.600,0,2,21,0
71769,26748812,3014024,CCCCCCCCCCCCC[N+](C)(C)CC1=CC=CC=C1.[Cl-],Inactive,0,,,Inactive,,,,,,,,,,4,,-15.6232,,,,,5.0287,,,-7.7318,,,-5.4292,,,15.9811,,,-2.8386,,,-0.884,,,-15.6232,QC'd by Microsource,property_value_missing,,C22H40ClN,354.0,,0,1,14,0
71798,11111153,6207,C(COCCOCCN(CC(=O)O)CC(=O)O)N(CC(=O)O)CC(=O)O,Inactive,0,,,Inactive,,,,,,,,,,4,,7.7585,,1.4909,,,1.1011,,,5.1925,,,9.1821,,,14.7483,,,-1.7412,,,2.0573,,,7.7585,QC'd by SigmaAldrich,candidate_step3_property,,C14H24N2O10,380.35,-6.2,4,12,17,0
71806,4243720,2915167,CN1C2=CC=CC=C2N=C1CSC3=NN=C(S3)SCC4=CC=CC=C4,Inactive,0,,,Inactive,,,,,,,,,,4,,3.1278,,,,,11.433,,,3.4065,,,-6.065,,,1.7089,,,5.8977,,,4.0225,,,3.1278,QC'd by DPISMR,residual_possible_step4_or_definition_mismatch,,C18H16N4S3,384.5,4.6,0,6,6,0
71816,11113911,6604814,CC1=C2[C@H](C(=O)[C@]3([C@H](C[C@@H]4[C@]([C@H]3[C@@H]([C@](C2(C)C)(C[C@@H]1OC(=O)[C@@H]([C@H](C5=CC=CC=C5)NC(=O)C6=CC=CC=C6)O)O)OC(=O)C7=CC=CC=C7)(CO4)OC(=O)C)O)C)OC(=O)C,Inactive,0,,,Inactive,,,,,,,,,,4,,13.0384,,5.3395,16.3417,,20.448,-1.112,,9.3822,-1.1111,,15.2374,16.1068,,2.9218,11.5426,,-5.5266,15.8537,,8.9473,17.6785,,13.0384,QC'd by SigmaAldrich,candidate_step3_property,,C47H51NO14,853.9,2.500,4,14,14,0
71818,11111152,4362,CCN1C(=O)C=CC1=O,Inactive,0,,,Inactive,,,,,,,,,,4,,-10.619,,6.0341,,,-6.4878,,,2.791,,,-7.2743,,,-3.7705,,,-5.2029,,,-4.0737,,,-10.619,QC'd by SigmaAldrich,candidate_step3_property,,C6H7NO2,125.13,0.900,0,2,1,0
71836,11111155,6603844,CC[C@@]1(CC(=O)NC1=O)C,Inactive,0,,,Inactive,,,,,,,,,,4,,0.0331,,1.7624,,,-13.0791,,,2.0444,,,-1.6752,,,-9.836,,,5.6367,,,-0.2244,,,0.0331,QC'd by SigmaAldrich,candidate_step3_property,,C7H11NO2,141.17,0.400,1,2,1,0
71840,26748808,23713226,CCC(C1CCC(C(O1)C(C)C(C(C)C(=O)C(CC)C2C(CC(C3(O2)C=CC([C@]4(O3)CC[C@](O4)(C)C5CC[C@](C(O5)C)(CC)O)O)C)C)O)C)C(=O)[O-].[Na+],Inactive,0,,,Inactive,,,,,,,,,,4,,2.3628,,,,,10.5859,,,1.0322,,,3.7335,,,14.2945,,,-14.0411,,,11.5135,,,2.3628,QC'd by Microsource,candidate_step1_inorganic,Na,C42H69NaO11,773.0,,3,11,12,0
71862,17389254,11432,C1=NN=CN1N,Inactive,0,,,Inactive,,,,,,,,,,4,,-8.6639,,-0.7176,2.3232,,14.483,4.2826,,-19.7103,9.9965,,-4.0185,-5.86,,-16.0668,-20.363,,3.7913,14.8934,,0.8867,10.9349,,-8.6639,QC'd by NIEHS/NTP,candidate_step3_property,,C2H4N4,84.08,-0.8,1,3,0,0
71868,26748802,16757815,CC1C/C=C/C=C/[C@H](C(C[C@H]([C@@H](C(C(CC(=O)O1)O)OC)O[C@@H]2C(C([C@H](C(O2)C)O[C@@H]3C[C@@](C(C(O3)C)O)(C)O)N(C)C)O)CC=O)C)OC4CCC(C(O4)C)N(C)C,Inactive,0,,,Inactive,,,,,,,,,,4,,6.1965,,,,,12.0694,,,2.4651,,,16.1128,,,8.5087,,,0.034,,,7.8522,,,6.1965,QC'd by Microsource,candidate_step3_property,,C43H74N2O14,843.1,2.1,4,16,11,0
71875,11113906,135484656,C1[C@H]2[C@H]([C@@H]([C@@H](O2)N3C4=C(C(=O)NC(=N4)N)N=C3Br)O)OP(=O)(O1)[O-],Inactive,0,,,Inactive,,,,,,,,,,4,,15.9097,,8.1993,3.9696,,-3.0668,7.1946,,5.2334,10.2725,,10.7654,1.9054,,3.5904,4.5273,,-8.0364,11.3595,,-0.8244,-6.1028,,15.9097,QC'd by Tocris,residual_possible_step4_or_definition_mismatch,,C10H10BrN5O7P-,423.09,-2.4,3,9,1,-1
71890,849538,3137831,CC1=C(S/C(=C/2\SC(=C(S2)SCCC#N)C)/S1)SCCC#N,Inactive,0,,,Inactive,,,,,,,,,,4,,-2.6493,,,,,-2.9831,,,-3.2464,,,2.3447,,,-7.1602,,,-2.0686,,,24.6493,,,-2.6493,QC'd by DPISMR,residual_possible_step4_or_definition_mismatch,,C14H14N2S6,402.7,4.1,0,8,6,0
71900,4252524,407542,C(CN(CC(=O)O)CC(=O)O)N(CC(=O)O)CC(=O)O.[Cu],Inactive,0,,,Inactive,,,,,,,,,,4,,4.9502,,2.7951,,,15.9336,,,16.7222,,,5.4043,,,0.9761,,,11.0701,,,4.9502,,,,QC'd by NCI,candidate_step1_inorganic,Cu,C10H16CuN2O8,355.79,,4,10,0,0
71907,26748804,16757816,CC1/C=C/C=C/C=C/C=C/C=C/C=C/C=C/C(CC2C(C(CC(O2)(CC(CC(CC(CC(CC(=O)CC(CC(=O)OC1C(C)CCC(CC(=O)C3=CC=C(C=C3)NC)O)O)O)O)O)O)O)O)C(=O)OC)O[C@H]4C(C(C(C(O4)C)O)N)O,Inactive,0,,,Inactive,,,,,,,,,,4,,8.5256,,,,,-1.1763,,,-3.0073,,,6.7976,,,11.7193,,,3.5035,,,16.94,,,8.5256,QC'd by Microsource,candidate_step3_property,,C60H88N2O19,1141.3,3.6,12,21,12,0
71908,11111151,6603842,CCCCCCCCCCCCCCCCCC(=O)NC[C@@H](COP(=O)([O-])OCC[N+](C)(C)C)OCC,Inactive,0,,,Activator,1,15.5,,Complete curve; partial efficacy; poor fit,-6,1.1,0.6468,36.5,21,1.4,0 0 0 0 0 0 0 0,30.6338,,24.1951,,,18.5076,,,15.8867,,,27.5914,,,23.8443,,,30.0617,,,43.6725,,,30.6338,QC'd by SigmaAldrich,candidate_step3_property,,C28H59N2O6P,550.8,7.0,1,6,27,0
71923,4252525,9087,C(CC(=O)C=[N+]=[N-])[C@@H](C(=O)O)N,Inactive,0,,,Inactive,,,,,,,,,,4,,2.3929,,-43.0994,,,-5.7736,,,-26.9671,,,-9.1626,,,-4.6148,,,-10.4369,,,2.3929,,,,QC'd by NCI,candidate_step3_property,,C6H9N3O3,171.15,-3.500,2,5,5,0
71934,17389241,12748,CC1=CSC=N1,Inactive,0,,,Inactive,,,,,,,,,,4,,-3.5513,,-7.4875,-32.3175,,-5.6637,-4.3226,,-13.9634,34.4628,,-5.676,-7.3495,,-10.1509,0.0081,,-11.0264,-12.1741,,-25.4903,-4.1154,,-3.5513,QC'd by NIEHS/NTP,candidate_step3_property,,C4H5NS,99.16,1.000,0,2,0,0
71949,4252530,135485434,C1=CC=C2C(=C1)C(=C(N2)O)N[O-].C1=CC=C2C(=C1)/C(=N\[O-])/C(=[OH+])N2.[Cu],Inactive,0,,,Inactive,,,,,,,,,,4,,7.0871,,-2.6382,,,-9.6528,,,-3.3751,,,-9.3352,,,-5.4042,,,-10.6966,,,7.0871,,,,QC'd by NCI,candidate_step1_inorganic,Cu,C16H13CuN4O4-,388.84,,5,5,0,-1
71966,17389243,5288209,CC1=C(C(CCC1)(C)C)/C=C/C(=C/C=C/C(=C/C(=O)NC2=CC=C(C=C2)O)/C)/C,Inactive,0,,,Inactive,,,,,,,,,,4,,7.4204,,-4.1753,,,-3.5087,,,-21.6428,,,2.5078,,,12.4833,,,-5.4567,,,2.8079,,,7.4204,QC'd by SigmaAldrich,candidate_step3_property,,C26H33NO2,391.5,7.300,2,2,6,0
71980,17389244,9147,C1C2=CC=CC3=C2C4=C(C=CC=C41)C=C3,Inactive,0,,,Inactive,,,,,,,,,,4,,13.2323,,1.0329,1.3691,,-0.2647,-8.5323,,-16.7481,-8.1918,,-4.0004,-1.1008,,5.1517,1.6495,,-1.7414,-5.9051,,-5.3975,1.1473,,13.2323,QC'd by NIEHS/NTP,residual_possible_step4_or_definition_mismatch,,C15H10,190.24,4.4,0,0,0,0
