protein_accession_species,ncbi_accession,substrate,assay_modality,pH,temperature_C,mean_conversion_rate_raw,label_interpretation,background_threshold_conversion_rate,biological_replicates_reported,coefficient_of_variation_raw,kingdom,soluble_expression_mg_ml,expression_binary,expression_status,included_in_core_candidate_pool,source_article_doi,source_supplement_doi,source_file,source_sheet,source_excel_row,source_excel_column,source_cell
CAA82733.1_Streptomyces-sp.,CAA82733.1,xylobiose,NIMS,5,40,<0.1,below reported 0.1 conversion background; not numeric zero,0.1,3,NA,Bacteria,0.10259320533333333,1,expression_binary=1,true,10.1021/cb500244v,10.1021/cb500244v.s003,cb500244v_si_003.xlsx,Sheet1,7,D,D7
CAA82733.1_Streptomyces-sp.,CAA82733.1,xylobiose,NIMS,5,60,<0.1,below reported 0.1 conversion background; not numeric zero,0.1,3,NA,Bacteria,0.10259320533333333,1,expression_binary=1,true,10.1021/cb500244v,10.1021/cb500244v.s003,cb500244v_si_003.xlsx,Sheet1,8,D,D8
CAA82733.1_Streptomyces-sp.,CAA82733.1,cellobiose,NIMS,5,60,<0.1,below reported 0.1 conversion background; not numeric zero,0.1,3,NA,Bacteria,0.10259320533333333,1,expression_binary=1,true,10.1021/cb500244v,10.1021/cb500244v.s003,cb500244v_si_003.xlsx,Sheet1,8,E,E8
CAA82733.1_Streptomyces-sp.,CAA82733.1,lactose,NIMS,5,60,<0.1,below reported 0.1 conversion background; not numeric zero,0.1,3,NA,Bacteria,0.10259320533333333,1,expression_binary=1,true,10.1021/cb500244v,10.1021/cb500244v.s003,cb500244v_si_003.xlsx,Sheet1,8,F,F8
CAA82733.1_Streptomyces-sp.,CAA82733.1,xylobiose,NIMS,5,80,<0.1,below reported 0.1 conversion background; not numeric zero,0.1,3,NA,Bacteria,0.10259320533333333,1,expression_binary=1,true,10.1021/cb500244v,10.1021/cb500244v.s003,cb500244v_si_003.xlsx,Sheet1,9,D,D9
CAA82733.1_Streptomyces-sp.,CAA82733.1,cellobiose,NIMS,5,80,<0.1,below reported 0.1 conversion background; not numeric zero,0.1,3,NA,Bacteria,0.10259320533333333,1,expression_binary=1,true,10.1021/cb500244v,10.1021/cb500244v.s003,cb500244v_si_003.xlsx,Sheet1,9,E,E9
CAA82733.1_Streptomyces-sp.,CAA82733.1,lactose,NIMS,5,80,<0.1,below reported 0.1 conversion background; not numeric zero,0.1,3,NA,Bacteria,0.10259320533333333,1,expression_binary=1,true,10.1021/cb500244v,10.1021/cb500244v.s003,cb500244v_si_003.xlsx,Sheet1,9,F,F9
CAA82733.1_Streptomyces-sp.,CAA82733.1,xylobiose,NIMS,5,90,<0.1,below reported 0.1 conversion background; not numeric zero,0.1,3,NA,Bacteria,0.10259320533333333,1,expression_binary=1,true,10.1021/cb500244v,10.1021/cb500244v.s003,cb500244v_si_003.xlsx,Sheet1,10,D,D10
CAA82733.1_Streptomyces-sp.,CAA82733.1,cellobiose,NIMS,5,90,<0.1,below reported 0.1 conversion background; not numeric zero,0.1,3,NA,Bacteria,0.10259320533333333,1,expression_binary=1,true,10.1021/cb500244v,10.1021/cb500244v.s003,cb500244v_si_003.xlsx,Sheet1,10,E,E10
CAA82733.1_Streptomyces-sp.,CAA82733.1,lactose,NIMS,5,90,<0.1,below reported 0.1 conversion background; not numeric zero,0.1,3,NA,Bacteria,0.10259320533333333,1,expression_binary=1,true,10.1021/cb500244v,10.1021/cb500244v.s003,cb500244v_si_003.xlsx,Sheet1,10,F,F10
CAA82733.1_Streptomyces-sp.,CAA82733.1,xylobiose,NIMS,8,40,<0.1,below reported 0.1 conversion background; not numeric zero,0.1,3,NA,Bacteria,0.10259320533333333,1,expression_binary=1,true,10.1021/cb500244v,10.1021/cb500244v.s003,cb500244v_si_003.xlsx,Sheet1,11,D,D11
CAA82733.1_Streptomyces-sp.,CAA82733.1,xylobiose,NIMS,8,60,<0.1,below reported 0.1 conversion background; not numeric zero,0.1,3,NA,Bacteria,0.10259320533333333,1,expression_binary=1,true,10.1021/cb500244v,10.1021/cb500244v.s003,cb500244v_si_003.xlsx,Sheet1,12,D,D12
CAA82733.1_Streptomyces-sp.,CAA82733.1,cellobiose,NIMS,8,60,<0.1,below reported 0.1 conversion background; not numeric zero,0.1,3,NA,Bacteria,0.10259320533333333,1,expression_binary=1,true,10.1021/cb500244v,10.1021/cb500244v.s003,cb500244v_si_003.xlsx,Sheet1,12,E,E12
CAA82733.1_Streptomyces-sp.,CAA82733.1,lactose,NIMS,8,60,<0.1,below reported 0.1 conversion background; not numeric zero,0.1,3,NA,Bacteria,0.10259320533333333,1,expression_binary=1,true,10.1021/cb500244v,10.1021/cb500244v.s003,cb500244v_si_003.xlsx,Sheet1,12,F,F12
CAA82733.1_Streptomyces-sp.,CAA82733.1,xylobiose,NIMS,8,80,<0.1,below reported 0.1 conversion background; not numeric zero,0.1,3,NA,Bacteria,0.10259320533333333,1,expression_binary=1,true,10.1021/cb500244v,10.1021/cb500244v.s003,cb500244v_si_003.xlsx,Sheet1,13,D,D13
CAA82733.1_Streptomyces-sp.,CAA82733.1,cellobiose,NIMS,8,80,<0.1,below reported 0.1 conversion background; not numeric zero,0.1,3,NA,Bacteria,0.10259320533333333,1,expression_binary=1,true,10.1021/cb500244v,10.1021/cb500244v.s003,cb500244v_si_003.xlsx,Sheet1,13,E,E13
CAA82733.1_Streptomyces-sp.,CAA82733.1,lactose,NIMS,8,80,<0.1,below reported 0.1 conversion background; not numeric zero,0.1,3,NA,Bacteria,0.10259320533333333,1,expression_binary=1,true,10.1021/cb500244v,10.1021/cb500244v.s003,cb500244v_si_003.xlsx,Sheet1,13,F,F13
CAA82733.1_Streptomyces-sp.,CAA82733.1,xylobiose,NIMS,8,90,<0.1,below reported 0.1 conversion background; not numeric zero,0.1,3,NA,Bacteria,0.10259320533333333,1,expression_binary=1,true,10.1021/cb500244v,10.1021/cb500244v.s003,cb500244v_si_003.xlsx,Sheet1,14,D,D14
CAA82733.1_Streptomyces-sp.,CAA82733.1,cellobiose,NIMS,8,90,<0.1,below reported 0.1 conversion background; not numeric zero,0.1,3,NA,Bacteria,0.10259320533333333,1,expression_binary=1,true,10.1021/cb500244v,10.1021/cb500244v.s003,cb500244v_si_003.xlsx,Sheet1,14,E,E14
CAA82733.1_Streptomyces-sp.,CAA82733.1,lactose,NIMS,8,90,<0.1,below reported 0.1 conversion background; not numeric zero,0.1,3,NA,Bacteria,0.10259320533333333,1,expression_binary=1,true,10.1021/cb500244v,10.1021/cb500244v.s003,cb500244v_si_003.xlsx,Sheet1,14,F,F14
AAA22266.1_Bacillus-circulans-subsp.-alkalophilus,AAA22266.1,xylobiose,NIMS,5,40,<0.1,below reported 0.1 conversion background; not numeric zero,0.1,3,NA,Bacteria,0.171,1,expression_binary=1,true,10.1021/cb500244v,10.1021/cb500244v.s003,cb500244v_si_003.xlsx,Sheet1,15,D,D15
AAA22266.1_Bacillus-circulans-subsp.-alkalophilus,AAA22266.1,cellobiose,NIMS,5,40,<0.1,below reported 0.1 conversion background; not numeric zero,0.1,3,NA,Bacteria,0.171,1,expression_binary=1,true,10.1021/cb500244v,10.1021/cb500244v.s003,cb500244v_si_003.xlsx,Sheet1,15,E,E15
AAA22266.1_Bacillus-circulans-subsp.-alkalophilus,AAA22266.1,lactose,NIMS,5,40,<0.1,below reported 0.1 conversion background; not numeric zero,0.1,3,NA,Bacteria,0.171,1,expression_binary=1,true,10.1021/cb500244v,10.1021/cb500244v.s003,cb500244v_si_003.xlsx,Sheet1,15,F,F15
AAA22266.1_Bacillus-circulans-subsp.-alkalophilus,AAA22266.1,xylobiose,NIMS,5,60,<0.1,below reported 0.1 conversion background; not numeric zero,0.1,3,NA,Bacteria,0.171,1,expression_binary=1,true,10.1021/cb500244v,10.1021/cb500244v.s003,cb500244v_si_003.xlsx,Sheet1,16,D,D16
AAA22266.1_Bacillus-circulans-subsp.-alkalophilus,AAA22266.1,cellobiose,NIMS,5,60,<0.1,below reported 0.1 conversion background; not numeric zero,0.1,3,NA,Bacteria,0.171,1,expression_binary=1,true,10.1021/cb500244v,10.1021/cb500244v.s003,cb500244v_si_003.xlsx,Sheet1,16,E,E16
AAA22266.1_Bacillus-circulans-subsp.-alkalophilus,AAA22266.1,lactose,NIMS,5,60,<0.1,below reported 0.1 conversion background; not numeric zero,0.1,3,NA,Bacteria,0.171,1,expression_binary=1,true,10.1021/cb500244v,10.1021/cb500244v.s003,cb500244v_si_003.xlsx,Sheet1,16,F,F16
AAA22266.1_Bacillus-circulans-subsp.-alkalophilus,AAA22266.1,xylobiose,NIMS,5,80,<0.1,below reported 0.1 conversion background; not numeric zero,0.1,3,NA,Bacteria,0.171,1,expression_binary=1,true,10.1021/cb500244v,10.1021/cb500244v.s003,cb500244v_si_003.xlsx,Sheet1,17,D,D17
AAA22266.1_Bacillus-circulans-subsp.-alkalophilus,AAA22266.1,cellobiose,NIMS,5,80,<0.1,below reported 0.1 conversion background; not numeric zero,0.1,3,NA,Bacteria,0.171,1,expression_binary=1,true,10.1021/cb500244v,10.1021/cb500244v.s003,cb500244v_si_003.xlsx,Sheet1,17,E,E17
AAA22266.1_Bacillus-circulans-subsp.-alkalophilus,AAA22266.1,lactose,NIMS,5,80,<0.1,below reported 0.1 conversion background; not numeric zero,0.1,3,NA,Bacteria,0.171,1,expression_binary=1,true,10.1021/cb500244v,10.1021/cb500244v.s003,cb500244v_si_003.xlsx,Sheet1,17,F,F17
AAA22266.1_Bacillus-circulans-subsp.-alkalophilus,AAA22266.1,xylobiose,NIMS,5,90,<0.1,below reported 0.1 conversion background; not numeric zero,0.1,3,NA,Bacteria,0.171,1,expression_binary=1,true,10.1021/cb500244v,10.1021/cb500244v.s003,cb500244v_si_003.xlsx,Sheet1,18,D,D18
AAA22266.1_Bacillus-circulans-subsp.-alkalophilus,AAA22266.1,cellobiose,NIMS,5,90,<0.1,below reported 0.1 conversion background; not numeric zero,0.1,3,NA,Bacteria,0.171,1,expression_binary=1,true,10.1021/cb500244v,10.1021/cb500244v.s003,cb500244v_si_003.xlsx,Sheet1,18,E,E18
AAA22266.1_Bacillus-circulans-subsp.-alkalophilus,AAA22266.1,lactose,NIMS,5,90,<0.1,below reported 0.1 conversion background; not numeric zero,0.1,3,NA,Bacteria,0.171,1,expression_binary=1,true,10.1021/cb500244v,10.1021/cb500244v.s003,cb500244v_si_003.xlsx,Sheet1,18,F,F18
AAA22266.1_Bacillus-circulans-subsp.-alkalophilus,AAA22266.1,xylobiose,NIMS,8,40,<0.1,below reported 0.1 conversion background; not numeric zero,0.1,3,NA,Bacteria,0.171,1,expression_binary=1,true,10.1021/cb500244v,10.1021/cb500244v.s003,cb500244v_si_003.xlsx,Sheet1,19,D,D19
AAA22266.1_Bacillus-circulans-subsp.-alkalophilus,AAA22266.1,cellobiose,NIMS,8,40,<0.1,below reported 0.1 conversion background; not numeric zero,0.1,3,NA,Bacteria,0.171,1,expression_binary=1,true,10.1021/cb500244v,10.1021/cb500244v.s003,cb500244v_si_003.xlsx,Sheet1,19,E,E19
AAA22266.1_Bacillus-circulans-subsp.-alkalophilus,AAA22266.1,lactose,NIMS,8,40,<0.1,below reported 0.1 conversion background; not numeric zero,0.1,3,NA,Bacteria,0.171,1,expression_binary=1,true,10.1021/cb500244v,10.1021/cb500244v.s003,cb500244v_si_003.xlsx,Sheet1,19,F,F19
AAA22266.1_Bacillus-circulans-subsp.-alkalophilus,AAA22266.1,xylobiose,NIMS,8,60,<0.1,below reported 0.1 conversion background; not numeric zero,0.1,3,NA,Bacteria,0.171,1,expression_binary=1,true,10.1021/cb500244v,10.1021/cb500244v.s003,cb500244v_si_003.xlsx,Sheet1,20,D,D20
AAA22266.1_Bacillus-circulans-subsp.-alkalophilus,AAA22266.1,cellobiose,NIMS,8,60,<0.1,below reported 0.1 conversion background; not numeric zero,0.1,3,NA,Bacteria,0.171,1,expression_binary=1,true,10.1021/cb500244v,10.1021/cb500244v.s003,cb500244v_si_003.xlsx,Sheet1,20,E,E20
AAA22266.1_Bacillus-circulans-subsp.-alkalophilus,AAA22266.1,lactose,NIMS,8,60,<0.1,below reported 0.1 conversion background; not numeric zero,0.1,3,NA,Bacteria,0.171,1,expression_binary=1,true,10.1021/cb500244v,10.1021/cb500244v.s003,cb500244v_si_003.xlsx,Sheet1,20,F,F20
AAA22266.1_Bacillus-circulans-subsp.-alkalophilus,AAA22266.1,xylobiose,NIMS,8,80,<0.1,below reported 0.1 conversion background; not numeric zero,0.1,3,NA,Bacteria,0.171,1,expression_binary=1,true,10.1021/cb500244v,10.1021/cb500244v.s003,cb500244v_si_003.xlsx,Sheet1,21,D,D21
AAA22266.1_Bacillus-circulans-subsp.-alkalophilus,AAA22266.1,cellobiose,NIMS,8,80,<0.1,below reported 0.1 conversion background; not numeric zero,0.1,3,NA,Bacteria,0.171,1,expression_binary=1,true,10.1021/cb500244v,10.1021/cb500244v.s003,cb500244v_si_003.xlsx,Sheet1,21,E,E21
AAA22266.1_Bacillus-circulans-subsp.-alkalophilus,AAA22266.1,lactose,NIMS,8,80,<0.1,below reported 0.1 conversion background; not numeric zero,0.1,3,NA,Bacteria,0.171,1,expression_binary=1,true,10.1021/cb500244v,10.1021/cb500244v.s003,cb500244v_si_003.xlsx,Sheet1,21,F,F21
AAA22266.1_Bacillus-circulans-subsp.-alkalophilus,AAA22266.1,xylobiose,NIMS,8,90,<0.1,below reported 0.1 conversion background; not numeric zero,0.1,3,NA,Bacteria,0.171,1,expression_binary=1,true,10.1021/cb500244v,10.1021/cb500244v.s003,cb500244v_si_003.xlsx,Sheet1,22,D,D22
AAA22266.1_Bacillus-circulans-subsp.-alkalophilus,AAA22266.1,cellobiose,NIMS,8,90,<0.1,below reported 0.1 conversion background; not numeric zero,0.1,3,NA,Bacteria,0.171,1,expression_binary=1,true,10.1021/cb500244v,10.1021/cb500244v.s003,cb500244v_si_003.xlsx,Sheet1,22,E,E22
AAA22266.1_Bacillus-circulans-subsp.-alkalophilus,AAA22266.1,lactose,NIMS,8,90,<0.1,below reported 0.1 conversion background; not numeric zero,0.1,3,NA,Bacteria,0.171,1,expression_binary=1,true,10.1021/cb500244v,10.1021/cb500244v.s003,cb500244v_si_003.xlsx,Sheet1,22,F,F22
AAA72843.1_Sulfolobus-solfataricus,AAA72843.1,xylobiose,NIMS,5,90,<0.1,below reported 0.1 conversion background; not numeric zero,0.1,3,NA,Archaea,0.20130367999999998,1,expression_binary=1,true,10.1021/cb500244v,10.1021/cb500244v.s003,cb500244v_si_003.xlsx,Sheet1,26,D,D26
AAA72843.1_Sulfolobus-solfataricus,AAA72843.1,xylobiose,NIMS,8,90,<0.1,below reported 0.1 conversion background; not numeric zero,0.1,3,NA,Archaea,0.20130367999999998,1,expression_binary=1,true,10.1021/cb500244v,10.1021/cb500244v.s003,cb500244v_si_003.xlsx,Sheet1,30,D,D30
AAA72843.1_Sulfolobus-solfataricus,AAA72843.1,cellobiose,NIMS,8,90,<0.1,below reported 0.1 conversion background; not numeric zero,0.1,3,NA,Archaea,0.20130367999999998,1,expression_binary=1,true,10.1021/cb500244v,10.1021/cb500244v.s003,cb500244v_si_003.xlsx,Sheet1,30,E,E30
AAA72843.1_Sulfolobus-solfataricus,AAA72843.1,lactose,NIMS,8,90,<0.1,below reported 0.1 conversion background; not numeric zero,0.1,3,NA,Archaea,0.20130367999999998,1,expression_binary=1,true,10.1021/cb500244v,10.1021/cb500244v.s003,cb500244v_si_003.xlsx,Sheet1,30,F,F30
BAE87008.1_Phanerochaete-chrysosporium,BAE87008.1,xylobiose,NIMS,5,40,<0.1,below reported 0.1 conversion background; not numeric zero,0.1,3,NA,Eukaryota,0.31865761600000003,1,expression_binary=1,true,10.1021/cb500244v,10.1021/cb500244v.s003,cb500244v_si_003.xlsx,Sheet1,31,D,D31
BAE87008.1_Phanerochaete-chrysosporium,BAE87008.1,xylobiose,NIMS,5,60,<0.1,below reported 0.1 conversion background; not numeric zero,0.1,3,NA,Eukaryota,0.31865761600000003,1,expression_binary=1,true,10.1021/cb500244v,10.1021/cb500244v.s003,cb500244v_si_003.xlsx,Sheet1,32,D,D32
BAE87008.1_Phanerochaete-chrysosporium,BAE87008.1,cellobiose,NIMS,5,60,<0.1,below reported 0.1 conversion background; not numeric zero,0.1,3,NA,Eukaryota,0.31865761600000003,1,expression_binary=1,true,10.1021/cb500244v,10.1021/cb500244v.s003,cb500244v_si_003.xlsx,Sheet1,32,E,E32
BAE87008.1_Phanerochaete-chrysosporium,BAE87008.1,lactose,NIMS,5,60,<0.1,below reported 0.1 conversion background; not numeric zero,0.1,3,NA,Eukaryota,0.31865761600000003,1,expression_binary=1,true,10.1021/cb500244v,10.1021/cb500244v.s003,cb500244v_si_003.xlsx,Sheet1,32,F,F32
BAE87008.1_Phanerochaete-chrysosporium,BAE87008.1,xylobiose,NIMS,5,80,<0.1,below reported 0.1 conversion background; not numeric zero,0.1,3,NA,Eukaryota,0.31865761600000003,1,expression_binary=1,true,10.1021/cb500244v,10.1021/cb500244v.s003,cb500244v_si_003.xlsx,Sheet1,33,D,D33
BAE87008.1_Phanerochaete-chrysosporium,BAE87008.1,cellobiose,NIMS,5,80,<0.1,below reported 0.1 conversion background; not numeric zero,0.1,3,NA,Eukaryota,0.31865761600000003,1,expression_binary=1,true,10.1021/cb500244v,10.1021/cb500244v.s003,cb500244v_si_003.xlsx,Sheet1,33,E,E33
BAE87008.1_Phanerochaete-chrysosporium,BAE87008.1,lactose,NIMS,5,80,<0.1,below reported 0.1 conversion background; not numeric zero,0.1,3,NA,Eukaryota,0.31865761600000003,1,expression_binary=1,true,10.1021/cb500244v,10.1021/cb500244v.s003,cb500244v_si_003.xlsx,Sheet1,33,F,F33
BAE87008.1_Phanerochaete-chrysosporium,BAE87008.1,xylobiose,NIMS,5,90,<0.1,below reported 0.1 conversion background; not numeric zero,0.1,3,NA,Eukaryota,0.31865761600000003,1,expression_binary=1,true,10.1021/cb500244v,10.1021/cb500244v.s003,cb500244v_si_003.xlsx,Sheet1,34,D,D34
BAE87008.1_Phanerochaete-chrysosporium,BAE87008.1,cellobiose,NIMS,5,90,<0.1,below reported 0.1 conversion background; not numeric zero,0.1,3,NA,Eukaryota,0.31865761600000003,1,expression_binary=1,true,10.1021/cb500244v,10.1021/cb500244v.s003,cb500244v_si_003.xlsx,Sheet1,34,E,E34
BAE87008.1_Phanerochaete-chrysosporium,BAE87008.1,lactose,NIMS,5,90,<0.1,below reported 0.1 conversion background; not numeric zero,0.1,3,NA,Eukaryota,0.31865761600000003,1,expression_binary=1,true,10.1021/cb500244v,10.1021/cb500244v.s003,cb500244v_si_003.xlsx,Sheet1,34,F,F34
BAE87008.1_Phanerochaete-chrysosporium,BAE87008.1,xylobiose,NIMS,8,40,<0.1,below reported 0.1 conversion background; not numeric zero,0.1,3,NA,Eukaryota,0.31865761600000003,1,expression_binary=1,true,10.1021/cb500244v,10.1021/cb500244v.s003,cb500244v_si_003.xlsx,Sheet1,35,D,D35
BAE87008.1_Phanerochaete-chrysosporium,BAE87008.1,xylobiose,NIMS,8,60,<0.1,below reported 0.1 conversion background; not numeric zero,0.1,3,NA,Eukaryota,0.31865761600000003,1,expression_binary=1,true,10.1021/cb500244v,10.1021/cb500244v.s003,cb500244v_si_003.xlsx,Sheet1,36,D,D36
BAE87008.1_Phanerochaete-chrysosporium,BAE87008.1,cellobiose,NIMS,8,60,<0.1,below reported 0.1 conversion background; not numeric zero,0.1,3,NA,Eukaryota,0.31865761600000003,1,expression_binary=1,true,10.1021/cb500244v,10.1021/cb500244v.s003,cb500244v_si_003.xlsx,Sheet1,36,E,E36
BAE87008.1_Phanerochaete-chrysosporium,BAE87008.1,lactose,NIMS,8,60,<0.1,below reported 0.1 conversion background; not numeric zero,0.1,3,NA,Eukaryota,0.31865761600000003,1,expression_binary=1,true,10.1021/cb500244v,10.1021/cb500244v.s003,cb500244v_si_003.xlsx,Sheet1,36,F,F36
BAE87008.1_Phanerochaete-chrysosporium,BAE87008.1,xylobiose,NIMS,8,80,<0.1,below reported 0.1 conversion background; not numeric zero,0.1,3,NA,Eukaryota,0.31865761600000003,1,expression_binary=1,true,10.1021/cb500244v,10.1021/cb500244v.s003,cb500244v_si_003.xlsx,Sheet1,37,D,D37
BAE87008.1_Phanerochaete-chrysosporium,BAE87008.1,cellobiose,NIMS,8,80,<0.1,below reported 0.1 conversion background; not numeric zero,0.1,3,NA,Eukaryota,0.31865761600000003,1,expression_binary=1,true,10.1021/cb500244v,10.1021/cb500244v.s003,cb500244v_si_003.xlsx,Sheet1,37,E,E37
BAE87008.1_Phanerochaete-chrysosporium,BAE87008.1,lactose,NIMS,8,80,<0.1,below reported 0.1 conversion background; not numeric zero,0.1,3,NA,Eukaryota,0.31865761600000003,1,expression_binary=1,true,10.1021/cb500244v,10.1021/cb500244v.s003,cb500244v_si_003.xlsx,Sheet1,37,F,F37
BAE87008.1_Phanerochaete-chrysosporium,BAE87008.1,xylobiose,NIMS,8,90,<0.1,below reported 0.1 conversion background; not numeric zero,0.1,3,NA,Eukaryota,0.31865761600000003,1,expression_binary=1,true,10.1021/cb500244v,10.1021/cb500244v.s003,cb500244v_si_003.xlsx,Sheet1,38,D,D38
BAE87008.1_Phanerochaete-chrysosporium,BAE87008.1,cellobiose,NIMS,8,90,<0.1,below reported 0.1 conversion background; not numeric zero,0.1,3,NA,Eukaryota,0.31865761600000003,1,expression_binary=1,true,10.1021/cb500244v,10.1021/cb500244v.s003,cb500244v_si_003.xlsx,Sheet1,38,E,E38
BAE87008.1_Phanerochaete-chrysosporium,BAE87008.1,lactose,NIMS,8,90,<0.1,below reported 0.1 conversion background; not numeric zero,0.1,3,NA,Eukaryota,0.31865761600000003,1,expression_binary=1,true,10.1021/cb500244v,10.1021/cb500244v.s003,cb500244v_si_003.xlsx,Sheet1,38,F,F38
AAA22264.1_Paenibacillus-polymyxa,AAA22264.1,xylobiose,NIMS,5,40,<0.1,below reported 0.1 conversion background; not numeric zero,0.1,3,NA,Bacteria,0.094474616,1,expression_binary=1,true,10.1021/cb500244v,10.1021/cb500244v.s003,cb500244v_si_003.xlsx,Sheet1,39,D,D39
AAA22264.1_Paenibacillus-polymyxa,AAA22264.1,cellobiose,NIMS,5,40,<0.1,below reported 0.1 conversion background; not numeric zero,0.1,3,NA,Bacteria,0.094474616,1,expression_binary=1,true,10.1021/cb500244v,10.1021/cb500244v.s003,cb500244v_si_003.xlsx,Sheet1,39,E,E39
AAA22264.1_Paenibacillus-polymyxa,AAA22264.1,lactose,NIMS,5,40,<0.1,below reported 0.1 conversion background; not numeric zero,0.1,3,NA,Bacteria,0.094474616,1,expression_binary=1,true,10.1021/cb500244v,10.1021/cb500244v.s003,cb500244v_si_003.xlsx,Sheet1,39,F,F39
AAA22264.1_Paenibacillus-polymyxa,AAA22264.1,xylobiose,NIMS,5,60,<0.1,below reported 0.1 conversion background; not numeric zero,0.1,3,NA,Bacteria,0.094474616,1,expression_binary=1,true,10.1021/cb500244v,10.1021/cb500244v.s003,cb500244v_si_003.xlsx,Sheet1,40,D,D40
AAA22264.1_Paenibacillus-polymyxa,AAA22264.1,cellobiose,NIMS,5,60,<0.1,below reported 0.1 conversion background; not numeric zero,0.1,3,NA,Bacteria,0.094474616,1,expression_binary=1,true,10.1021/cb500244v,10.1021/cb500244v.s003,cb500244v_si_003.xlsx,Sheet1,40,E,E40
AAA22264.1_Paenibacillus-polymyxa,AAA22264.1,lactose,NIMS,5,60,<0.1,below reported 0.1 conversion background; not numeric zero,0.1,3,NA,Bacteria,0.094474616,1,expression_binary=1,true,10.1021/cb500244v,10.1021/cb500244v.s003,cb500244v_si_003.xlsx,Sheet1,40,F,F40
AAA22264.1_Paenibacillus-polymyxa,AAA22264.1,xylobiose,NIMS,5,80,<0.1,below reported 0.1 conversion background; not numeric zero,0.1,3,NA,Bacteria,0.094474616,1,expression_binary=1,true,10.1021/cb500244v,10.1021/cb500244v.s003,cb500244v_si_003.xlsx,Sheet1,41,D,D41
AAA22264.1_Paenibacillus-polymyxa,AAA22264.1,cellobiose,NIMS,5,80,<0.1,below reported 0.1 conversion background; not numeric zero,0.1,3,NA,Bacteria,0.094474616,1,expression_binary=1,true,10.1021/cb500244v,10.1021/cb500244v.s003,cb500244v_si_003.xlsx,Sheet1,41,E,E41
AAA22264.1_Paenibacillus-polymyxa,AAA22264.1,lactose,NIMS,5,80,<0.1,below reported 0.1 conversion background; not numeric zero,0.1,3,NA,Bacteria,0.094474616,1,expression_binary=1,true,10.1021/cb500244v,10.1021/cb500244v.s003,cb500244v_si_003.xlsx,Sheet1,41,F,F41
AAA22264.1_Paenibacillus-polymyxa,AAA22264.1,xylobiose,NIMS,5,90,<0.1,below reported 0.1 conversion background; not numeric zero,0.1,3,NA,Bacteria,0.094474616,1,expression_binary=1,true,10.1021/cb500244v,10.1021/cb500244v.s003,cb500244v_si_003.xlsx,Sheet1,42,D,D42
AAA22264.1_Paenibacillus-polymyxa,AAA22264.1,cellobiose,NIMS,5,90,<0.1,below reported 0.1 conversion background; not numeric zero,0.1,3,NA,Bacteria,0.094474616,1,expression_binary=1,true,10.1021/cb500244v,10.1021/cb500244v.s003,cb500244v_si_003.xlsx,Sheet1,42,E,E42
AAA22264.1_Paenibacillus-polymyxa,AAA22264.1,lactose,NIMS,5,90,<0.1,below reported 0.1 conversion background; not numeric zero,0.1,3,NA,Bacteria,0.094474616,1,expression_binary=1,true,10.1021/cb500244v,10.1021/cb500244v.s003,cb500244v_si_003.xlsx,Sheet1,42,F,F42
AAA22264.1_Paenibacillus-polymyxa,AAA22264.1,xylobiose,NIMS,8,40,<0.1,below reported 0.1 conversion background; not numeric zero,0.1,3,NA,Bacteria,0.094474616,1,expression_binary=1,true,10.1021/cb500244v,10.1021/cb500244v.s003,cb500244v_si_003.xlsx,Sheet1,43,D,D43
AAA22264.1_Paenibacillus-polymyxa,AAA22264.1,xylobiose,NIMS,8,60,<0.1,below reported 0.1 conversion background; not numeric zero,0.1,3,NA,Bacteria,0.094474616,1,expression_binary=1,true,10.1021/cb500244v,10.1021/cb500244v.s003,cb500244v_si_003.xlsx,Sheet1,44,D,D44
AAA22264.1_Paenibacillus-polymyxa,AAA22264.1,cellobiose,NIMS,8,60,<0.1,below reported 0.1 conversion background; not numeric zero,0.1,3,NA,Bacteria,0.094474616,1,expression_binary=1,true,10.1021/cb500244v,10.1021/cb500244v.s003,cb500244v_si_003.xlsx,Sheet1,44,E,E44
AAA22264.1_Paenibacillus-polymyxa,AAA22264.1,lactose,NIMS,8,60,<0.1,below reported 0.1 conversion background; not numeric zero,0.1,3,NA,Bacteria,0.094474616,1,expression_binary=1,true,10.1021/cb500244v,10.1021/cb500244v.s003,cb500244v_si_003.xlsx,Sheet1,44,F,F44
AAA22264.1_Paenibacillus-polymyxa,AAA22264.1,xylobiose,NIMS,8,80,<0.1,below reported 0.1 conversion background; not numeric zero,0.1,3,NA,Bacteria,0.094474616,1,expression_binary=1,true,10.1021/cb500244v,10.1021/cb500244v.s003,cb500244v_si_003.xlsx,Sheet1,45,D,D45
AAA22264.1_Paenibacillus-polymyxa,AAA22264.1,cellobiose,NIMS,8,80,<0.1,below reported 0.1 conversion background; not numeric zero,0.1,3,NA,Bacteria,0.094474616,1,expression_binary=1,true,10.1021/cb500244v,10.1021/cb500244v.s003,cb500244v_si_003.xlsx,Sheet1,45,E,E45
AAA22264.1_Paenibacillus-polymyxa,AAA22264.1,lactose,NIMS,8,80,<0.1,below reported 0.1 conversion background; not numeric zero,0.1,3,NA,Bacteria,0.094474616,1,expression_binary=1,true,10.1021/cb500244v,10.1021/cb500244v.s003,cb500244v_si_003.xlsx,Sheet1,45,F,F45
AAA22264.1_Paenibacillus-polymyxa,AAA22264.1,xylobiose,NIMS,8,90,<0.1,below reported 0.1 conversion background; not numeric zero,0.1,3,NA,Bacteria,0.094474616,1,expression_binary=1,true,10.1021/cb500244v,10.1021/cb500244v.s003,cb500244v_si_003.xlsx,Sheet1,46,D,D46
AAA22264.1_Paenibacillus-polymyxa,AAA22264.1,cellobiose,NIMS,8,90,<0.1,below reported 0.1 conversion background; not numeric zero,0.1,3,NA,Bacteria,0.094474616,1,expression_binary=1,true,10.1021/cb500244v,10.1021/cb500244v.s003,cb500244v_si_003.xlsx,Sheet1,46,E,E46
AAA22264.1_Paenibacillus-polymyxa,AAA22264.1,lactose,NIMS,8,90,<0.1,below reported 0.1 conversion background; not numeric zero,0.1,3,NA,Bacteria,0.094474616,1,expression_binary=1,true,10.1021/cb500244v,10.1021/cb500244v.s003,cb500244v_si_003.xlsx,Sheet1,46,F,F46
AAF36392.1_Thermus-nonproteolyticus,AAF36392.1,xylobiose,NIMS,5,40,<0.1,below reported 0.1 conversion background; not numeric zero,0.1,3,NA,Bacteria,0.3325176186666667,1,expression_binary=1,true,10.1021/cb500244v,10.1021/cb500244v.s003,cb500244v_si_003.xlsx,Sheet1,47,D,D47
AAF36392.1_Thermus-nonproteolyticus,AAF36392.1,xylobiose,NIMS,5,60,<0.1,below reported 0.1 conversion background; not numeric zero,0.1,3,NA,Bacteria,0.3325176186666667,1,expression_binary=1,true,10.1021/cb500244v,10.1021/cb500244v.s003,cb500244v_si_003.xlsx,Sheet1,48,D,D48
AAF36392.1_Thermus-nonproteolyticus,AAF36392.1,xylobiose,NIMS,5,80,<0.1,below reported 0.1 conversion background; not numeric zero,0.1,3,NA,Bacteria,0.3325176186666667,1,expression_binary=1,true,10.1021/cb500244v,10.1021/cb500244v.s003,cb500244v_si_003.xlsx,Sheet1,49,D,D49
AAF36392.1_Thermus-nonproteolyticus,AAF36392.1,xylobiose,NIMS,5,90,<0.1,below reported 0.1 conversion background; not numeric zero,0.1,3,NA,Bacteria,0.3325176186666667,1,expression_binary=1,true,10.1021/cb500244v,10.1021/cb500244v.s003,cb500244v_si_003.xlsx,Sheet1,50,D,D50
AAF36392.1_Thermus-nonproteolyticus,AAF36392.1,xylobiose,NIMS,8,40,<0.1,below reported 0.1 conversion background; not numeric zero,0.1,3,NA,Bacteria,0.3325176186666667,1,expression_binary=1,true,10.1021/cb500244v,10.1021/cb500244v.s003,cb500244v_si_003.xlsx,Sheet1,51,D,D51
AAF36392.1_Thermus-nonproteolyticus,AAF36392.1,xylobiose,NIMS,8,60,<0.1,below reported 0.1 conversion background; not numeric zero,0.1,3,NA,Bacteria,0.3325176186666667,1,expression_binary=1,true,10.1021/cb500244v,10.1021/cb500244v.s003,cb500244v_si_003.xlsx,Sheet1,52,D,D52
AAF36392.1_Thermus-nonproteolyticus,AAF36392.1,xylobiose,NIMS,8,80,<0.1,below reported 0.1 conversion background; not numeric zero,0.1,3,NA,Bacteria,0.3325176186666667,1,expression_binary=1,true,10.1021/cb500244v,10.1021/cb500244v.s003,cb500244v_si_003.xlsx,Sheet1,53,D,D53
AAF36392.1_Thermus-nonproteolyticus,AAF36392.1,xylobiose,NIMS,8,90,<0.1,below reported 0.1 conversion background; not numeric zero,0.1,3,NA,Bacteria,0.3325176186666667,1,expression_binary=1,true,10.1021/cb500244v,10.1021/cb500244v.s003,cb500244v_si_003.xlsx,Sheet1,54,D,D54
AAF37730.1_Thermobifida-fusca,AAF37730.1,xylobiose,NIMS,5,40,<0.1,below reported 0.1 conversion background; not numeric zero,0.1,3,NA,Bacteria,0.38292977333333333,1,expression_binary=1,true,10.1021/cb500244v,10.1021/cb500244v.s003,cb500244v_si_003.xlsx,Sheet1,55,D,D55
AAF37730.1_Thermobifida-fusca,AAF37730.1,xylobiose,NIMS,5,60,<0.1,below reported 0.1 conversion background; not numeric zero,0.1,3,NA,Bacteria,0.38292977333333333,1,expression_binary=1,true,10.1021/cb500244v,10.1021/cb500244v.s003,cb500244v_si_003.xlsx,Sheet1,56,D,D56
AAF37730.1_Thermobifida-fusca,AAF37730.1,xylobiose,NIMS,5,80,<0.1,below reported 0.1 conversion background; not numeric zero,0.1,3,NA,Bacteria,0.38292977333333333,1,expression_binary=1,true,10.1021/cb500244v,10.1021/cb500244v.s003,cb500244v_si_003.xlsx,Sheet1,57,D,D57
AAF37730.1_Thermobifida-fusca,AAF37730.1,cellobiose,NIMS,5,80,<0.1,below reported 0.1 conversion background; not numeric zero,0.1,3,NA,Bacteria,0.38292977333333333,1,expression_binary=1,true,10.1021/cb500244v,10.1021/cb500244v.s003,cb500244v_si_003.xlsx,Sheet1,57,E,E57
AAF37730.1_Thermobifida-fusca,AAF37730.1,lactose,NIMS,5,80,<0.1,below reported 0.1 conversion background; not numeric zero,0.1,3,NA,Bacteria,0.38292977333333333,1,expression_binary=1,true,10.1021/cb500244v,10.1021/cb500244v.s003,cb500244v_si_003.xlsx,Sheet1,57,F,F57
AAF37730.1_Thermobifida-fusca,AAF37730.1,xylobiose,NIMS,5,90,<0.1,below reported 0.1 conversion background; not numeric zero,0.1,3,NA,Bacteria,0.38292977333333333,1,expression_binary=1,true,10.1021/cb500244v,10.1021/cb500244v.s003,cb500244v_si_003.xlsx,Sheet1,58,D,D58
AAF37730.1_Thermobifida-fusca,AAF37730.1,cellobiose,NIMS,5,90,<0.1,below reported 0.1 conversion background; not numeric zero,0.1,3,NA,Bacteria,0.38292977333333333,1,expression_binary=1,true,10.1021/cb500244v,10.1021/cb500244v.s003,cb500244v_si_003.xlsx,Sheet1,58,E,E58
AAF37730.1_Thermobifida-fusca,AAF37730.1,lactose,NIMS,5,90,<0.1,below reported 0.1 conversion background; not numeric zero,0.1,3,NA,Bacteria,0.38292977333333333,1,expression_binary=1,true,10.1021/cb500244v,10.1021/cb500244v.s003,cb500244v_si_003.xlsx,Sheet1,58,F,F58
AAF37730.1_Thermobifida-fusca,AAF37730.1,xylobiose,NIMS,8,40,<0.1,below reported 0.1 conversion background; not numeric zero,0.1,3,NA,Bacteria,0.38292977333333333,1,expression_binary=1,true,10.1021/cb500244v,10.1021/cb500244v.s003,cb500244v_si_003.xlsx,Sheet1,59,D,D59
AAF37730.1_Thermobifida-fusca,AAF37730.1,xylobiose,NIMS,8,60,<0.1,below reported 0.1 conversion background; not numeric zero,0.1,3,NA,Bacteria,0.38292977333333333,1,expression_binary=1,true,10.1021/cb500244v,10.1021/cb500244v.s003,cb500244v_si_003.xlsx,Sheet1,60,D,D60
AAF37730.1_Thermobifida-fusca,AAF37730.1,xylobiose,NIMS,8,80,<0.1,below reported 0.1 conversion background; not numeric zero,0.1,3,NA,Bacteria,0.38292977333333333,1,expression_binary=1,true,10.1021/cb500244v,10.1021/cb500244v.s003,cb500244v_si_003.xlsx,Sheet1,61,D,D61
AAF37730.1_Thermobifida-fusca,AAF37730.1,cellobiose,NIMS,8,80,<0.1,below reported 0.1 conversion background; not numeric zero,0.1,3,NA,Bacteria,0.38292977333333333,1,expression_binary=1,true,10.1021/cb500244v,10.1021/cb500244v.s003,cb500244v_si_003.xlsx,Sheet1,61,E,E61
AAF37730.1_Thermobifida-fusca,AAF37730.1,lactose,NIMS,8,80,<0.1,below reported 0.1 conversion background; not numeric zero,0.1,3,NA,Bacteria,0.38292977333333333,1,expression_binary=1,true,10.1021/cb500244v,10.1021/cb500244v.s003,cb500244v_si_003.xlsx,Sheet1,61,F,F61
AAF37730.1_Thermobifida-fusca,AAF37730.1,xylobiose,NIMS,8,90,<0.1,below reported 0.1 conversion background; not numeric zero,0.1,3,NA,Bacteria,0.38292977333333333,1,expression_binary=1,true,10.1021/cb500244v,10.1021/cb500244v.s003,cb500244v_si_003.xlsx,Sheet1,62,D,D62
AAF37730.1_Thermobifida-fusca,AAF37730.1,cellobiose,NIMS,8,90,<0.1,below reported 0.1 conversion background; not numeric zero,0.1,3,NA,Bacteria,0.38292977333333333,1,expression_binary=1,true,10.1021/cb500244v,10.1021/cb500244v.s003,cb500244v_si_003.xlsx,Sheet1,62,E,E62
AAF37730.1_Thermobifida-fusca,AAF37730.1,lactose,NIMS,8,90,<0.1,below reported 0.1 conversion background; not numeric zero,0.1,3,NA,Bacteria,0.38292977333333333,1,expression_binary=1,true,10.1021/cb500244v,10.1021/cb500244v.s003,cb500244v_si_003.xlsx,Sheet1,62,F,F62
AAK78365.1_Clostridium-acetobutylicum-ATCC-824,AAK78365.1,xylobiose,NIMS,5,40,<0.1,below reported 0.1 conversion background; not numeric zero,0.1,3,NA,Bacteria,0.9623849973333334,1,expression_binary=1,true,10.1021/cb500244v,10.1021/cb500244v.s003,cb500244v_si_003.xlsx,Sheet1,63,D,D63
AAK78365.1_Clostridium-acetobutylicum-ATCC-824,AAK78365.1,cellobiose,NIMS,5,40,<0.1,below reported 0.1 conversion background; not numeric zero,0.1,3,NA,Bacteria,0.9623849973333334,1,expression_binary=1,true,10.1021/cb500244v,10.1021/cb500244v.s003,cb500244v_si_003.xlsx,Sheet1,63,E,E63
AAK78365.1_Clostridium-acetobutylicum-ATCC-824,AAK78365.1,lactose,NIMS,5,40,<0.1,below reported 0.1 conversion background; not numeric zero,0.1,3,NA,Bacteria,0.9623849973333334,1,expression_binary=1,true,10.1021/cb500244v,10.1021/cb500244v.s003,cb500244v_si_003.xlsx,Sheet1,63,F,F63
AAK78365.1_Clostridium-acetobutylicum-ATCC-824,AAK78365.1,xylobiose,NIMS,5,60,<0.1,below reported 0.1 conversion background; not numeric zero,0.1,3,NA,Bacteria,0.9623849973333334,1,expression_binary=1,true,10.1021/cb500244v,10.1021/cb500244v.s003,cb500244v_si_003.xlsx,Sheet1,64,D,D64
AAK78365.1_Clostridium-acetobutylicum-ATCC-824,AAK78365.1,cellobiose,NIMS,5,60,<0.1,below reported 0.1 conversion background; not numeric zero,0.1,3,NA,Bacteria,0.9623849973333334,1,expression_binary=1,true,10.1021/cb500244v,10.1021/cb500244v.s003,cb500244v_si_003.xlsx,Sheet1,64,E,E64
AAK78365.1_Clostridium-acetobutylicum-ATCC-824,AAK78365.1,lactose,NIMS,5,60,<0.1,below reported 0.1 conversion background; not numeric zero,0.1,3,NA,Bacteria,0.9623849973333334,1,expression_binary=1,true,10.1021/cb500244v,10.1021/cb500244v.s003,cb500244v_si_003.xlsx,Sheet1,64,F,F64
AAK78365.1_Clostridium-acetobutylicum-ATCC-824,AAK78365.1,xylobiose,NIMS,5,80,<0.1,below reported 0.1 conversion background; not numeric zero,0.1,3,NA,Bacteria,0.9623849973333334,1,expression_binary=1,true,10.1021/cb500244v,10.1021/cb500244v.s003,cb500244v_si_003.xlsx,Sheet1,65,D,D65
AAK78365.1_Clostridium-acetobutylicum-ATCC-824,AAK78365.1,cellobiose,NIMS,5,80,<0.1,below reported 0.1 conversion background; not numeric zero,0.1,3,NA,Bacteria,0.9623849973333334,1,expression_binary=1,true,10.1021/cb500244v,10.1021/cb500244v.s003,cb500244v_si_003.xlsx,Sheet1,65,E,E65
AAK78365.1_Clostridium-acetobutylicum-ATCC-824,AAK78365.1,lactose,NIMS,5,80,<0.1,below reported 0.1 conversion background; not numeric zero,0.1,3,NA,Bacteria,0.9623849973333334,1,expression_binary=1,true,10.1021/cb500244v,10.1021/cb500244v.s003,cb500244v_si_003.xlsx,Sheet1,65,F,F65
AAK78365.1_Clostridium-acetobutylicum-ATCC-824,AAK78365.1,xylobiose,NIMS,5,90,<0.1,below reported 0.1 conversion background; not numeric zero,0.1,3,NA,Bacteria,0.9623849973333334,1,expression_binary=1,true,10.1021/cb500244v,10.1021/cb500244v.s003,cb500244v_si_003.xlsx,Sheet1,66,D,D66
AAK78365.1_Clostridium-acetobutylicum-ATCC-824,AAK78365.1,cellobiose,NIMS,5,90,<0.1,below reported 0.1 conversion background; not numeric zero,0.1,3,NA,Bacteria,0.9623849973333334,1,expression_binary=1,true,10.1021/cb500244v,10.1021/cb500244v.s003,cb500244v_si_003.xlsx,Sheet1,66,E,E66
AAK78365.1_Clostridium-acetobutylicum-ATCC-824,AAK78365.1,lactose,NIMS,5,90,<0.1,below reported 0.1 conversion background; not numeric zero,0.1,3,NA,Bacteria,0.9623849973333334,1,expression_binary=1,true,10.1021/cb500244v,10.1021/cb500244v.s003,cb500244v_si_003.xlsx,Sheet1,66,F,F66
AAK78365.1_Clostridium-acetobutylicum-ATCC-824,AAK78365.1,xylobiose,NIMS,8,40,<0.1,below reported 0.1 conversion background; not numeric zero,0.1,3,NA,Bacteria,0.9623849973333334,1,expression_binary=1,true,10.1021/cb500244v,10.1021/cb500244v.s003,cb500244v_si_003.xlsx,Sheet1,67,D,D67
AAK78365.1_Clostridium-acetobutylicum-ATCC-824,AAK78365.1,cellobiose,NIMS,8,40,<0.1,below reported 0.1 conversion background; not numeric zero,0.1,3,NA,Bacteria,0.9623849973333334,1,expression_binary=1,true,10.1021/cb500244v,10.1021/cb500244v.s003,cb500244v_si_003.xlsx,Sheet1,67,E,E67
AAK78365.1_Clostridium-acetobutylicum-ATCC-824,AAK78365.1,lactose,NIMS,8,40,<0.1,below reported 0.1 conversion background; not numeric zero,0.1,3,NA,Bacteria,0.9623849973333334,1,expression_binary=1,true,10.1021/cb500244v,10.1021/cb500244v.s003,cb500244v_si_003.xlsx,Sheet1,67,F,F67
AAK78365.1_Clostridium-acetobutylicum-ATCC-824,AAK78365.1,xylobiose,NIMS,8,60,<0.1,below reported 0.1 conversion background; not numeric zero,0.1,3,NA,Bacteria,0.9623849973333334,1,expression_binary=1,true,10.1021/cb500244v,10.1021/cb500244v.s003,cb500244v_si_003.xlsx,Sheet1,68,D,D68
AAK78365.1_Clostridium-acetobutylicum-ATCC-824,AAK78365.1,cellobiose,NIMS,8,60,<0.1,below reported 0.1 conversion background; not numeric zero,0.1,3,NA,Bacteria,0.9623849973333334,1,expression_binary=1,true,10.1021/cb500244v,10.1021/cb500244v.s003,cb500244v_si_003.xlsx,Sheet1,68,E,E68
AAK78365.1_Clostridium-acetobutylicum-ATCC-824,AAK78365.1,lactose,NIMS,8,60,<0.1,below reported 0.1 conversion background; not numeric zero,0.1,3,NA,Bacteria,0.9623849973333334,1,expression_binary=1,true,10.1021/cb500244v,10.1021/cb500244v.s003,cb500244v_si_003.xlsx,Sheet1,68,F,F68
AAK78365.1_Clostridium-acetobutylicum-ATCC-824,AAK78365.1,xylobiose,NIMS,8,80,<0.1,below reported 0.1 conversion background; not numeric zero,0.1,3,NA,Bacteria,0.9623849973333334,1,expression_binary=1,true,10.1021/cb500244v,10.1021/cb500244v.s003,cb500244v_si_003.xlsx,Sheet1,69,D,D69
AAK78365.1_Clostridium-acetobutylicum-ATCC-824,AAK78365.1,cellobiose,NIMS,8,80,<0.1,below reported 0.1 conversion background; not numeric zero,0.1,3,NA,Bacteria,0.9623849973333334,1,expression_binary=1,true,10.1021/cb500244v,10.1021/cb500244v.s003,cb500244v_si_003.xlsx,Sheet1,69,E,E69
AAK78365.1_Clostridium-acetobutylicum-ATCC-824,AAK78365.1,lactose,NIMS,8,80,<0.1,below reported 0.1 conversion background; not numeric zero,0.1,3,NA,Bacteria,0.9623849973333334,1,expression_binary=1,true,10.1021/cb500244v,10.1021/cb500244v.s003,cb500244v_si_003.xlsx,Sheet1,69,F,F69
AAK78365.1_Clostridium-acetobutylicum-ATCC-824,AAK78365.1,xylobiose,NIMS,8,90,<0.1,below reported 0.1 conversion background; not numeric zero,0.1,3,NA,Bacteria,0.9623849973333334,1,expression_binary=1,true,10.1021/cb500244v,10.1021/cb500244v.s003,cb500244v_si_003.xlsx,Sheet1,70,D,D70
AAK78365.1_Clostridium-acetobutylicum-ATCC-824,AAK78365.1,cellobiose,NIMS,8,90,<0.1,below reported 0.1 conversion background; not numeric zero,0.1,3,NA,Bacteria,0.9623849973333334,1,expression_binary=1,true,10.1021/cb500244v,10.1021/cb500244v.s003,cb500244v_si_003.xlsx,Sheet1,70,E,E70
AAK78365.1_Clostridium-acetobutylicum-ATCC-824,AAK78365.1,lactose,NIMS,8,90,<0.1,below reported 0.1 conversion background; not numeric zero,0.1,3,NA,Bacteria,0.9623849973333334,1,expression_binary=1,true,10.1021/cb500244v,10.1021/cb500244v.s003,cb500244v_si_003.xlsx,Sheet1,70,F,F70
AAL34084.2_Rasamsonia-emersonii,AAL34084.2,xylobiose,NIMS,5,40,<0.1,below reported 0.1 conversion background; not numeric zero,0.1,3,NA,Eukaryota,0.002,0,expression_binary=0,false,10.1021/cb500244v,10.1021/cb500244v.s003,cb500244v_si_003.xlsx,Sheet1,71,D,D71
AAL34084.2_Rasamsonia-emersonii,AAL34084.2,cellobiose,NIMS,5,40,<0.1,below reported 0.1 conversion background; not numeric zero,0.1,3,NA,Eukaryota,0.002,0,expression_binary=0,false,10.1021/cb500244v,10.1021/cb500244v.s003,cb500244v_si_003.xlsx,Sheet1,71,E,E71
AAL34084.2_Rasamsonia-emersonii,AAL34084.2,lactose,NIMS,5,40,<0.1,below reported 0.1 conversion background; not numeric zero,0.1,3,NA,Eukaryota,0.002,0,expression_binary=0,false,10.1021/cb500244v,10.1021/cb500244v.s003,cb500244v_si_003.xlsx,Sheet1,71,F,F71
AAL34084.2_Rasamsonia-emersonii,AAL34084.2,xylobiose,NIMS,5,60,<0.1,below reported 0.1 conversion background; not numeric zero,0.1,3,NA,Eukaryota,0.002,0,expression_binary=0,false,10.1021/cb500244v,10.1021/cb500244v.s003,cb500244v_si_003.xlsx,Sheet1,72,D,D72
AAL34084.2_Rasamsonia-emersonii,AAL34084.2,cellobiose,NIMS,5,60,<0.1,below reported 0.1 conversion background; not numeric zero,0.1,3,NA,Eukaryota,0.002,0,expression_binary=0,false,10.1021/cb500244v,10.1021/cb500244v.s003,cb500244v_si_003.xlsx,Sheet1,72,E,E72
AAL34084.2_Rasamsonia-emersonii,AAL34084.2,lactose,NIMS,5,60,<0.1,below reported 0.1 conversion background; not numeric zero,0.1,3,NA,Eukaryota,0.002,0,expression_binary=0,false,10.1021/cb500244v,10.1021/cb500244v.s003,cb500244v_si_003.xlsx,Sheet1,72,F,F72
AAL34084.2_Rasamsonia-emersonii,AAL34084.2,xylobiose,NIMS,5,80,<0.1,below reported 0.1 conversion background; not numeric zero,0.1,3,NA,Eukaryota,0.002,0,expression_binary=0,false,10.1021/cb500244v,10.1021/cb500244v.s003,cb500244v_si_003.xlsx,Sheet1,73,D,D73
AAL34084.2_Rasamsonia-emersonii,AAL34084.2,cellobiose,NIMS,5,80,<0.1,below reported 0.1 conversion background; not numeric zero,0.1,3,NA,Eukaryota,0.002,0,expression_binary=0,false,10.1021/cb500244v,10.1021/cb500244v.s003,cb500244v_si_003.xlsx,Sheet1,73,E,E73
AAL34084.2_Rasamsonia-emersonii,AAL34084.2,lactose,NIMS,5,80,<0.1,below reported 0.1 conversion background; not numeric zero,0.1,3,NA,Eukaryota,0.002,0,expression_binary=0,false,10.1021/cb500244v,10.1021/cb500244v.s003,cb500244v_si_003.xlsx,Sheet1,73,F,F73
AAL34084.2_Rasamsonia-emersonii,AAL34084.2,xylobiose,NIMS,5,90,<0.1,below reported 0.1 conversion background; not numeric zero,0.1,3,NA,Eukaryota,0.002,0,expression_binary=0,false,10.1021/cb500244v,10.1021/cb500244v.s003,cb500244v_si_003.xlsx,Sheet1,74,D,D74
AAL34084.2_Rasamsonia-emersonii,AAL34084.2,cellobiose,NIMS,5,90,<0.1,below reported 0.1 conversion background; not numeric zero,0.1,3,NA,Eukaryota,0.002,0,expression_binary=0,false,10.1021/cb500244v,10.1021/cb500244v.s003,cb500244v_si_003.xlsx,Sheet1,74,E,E74
AAL34084.2_Rasamsonia-emersonii,AAL34084.2,lactose,NIMS,5,90,<0.1,below reported 0.1 conversion background; not numeric zero,0.1,3,NA,Eukaryota,0.002,0,expression_binary=0,false,10.1021/cb500244v,10.1021/cb500244v.s003,cb500244v_si_003.xlsx,Sheet1,74,F,F74
AAL34084.2_Rasamsonia-emersonii,AAL34084.2,xylobiose,NIMS,8,40,<0.1,below reported 0.1 conversion background; not numeric zero,0.1,3,NA,Eukaryota,0.002,0,expression_binary=0,false,10.1021/cb500244v,10.1021/cb500244v.s003,cb500244v_si_003.xlsx,Sheet1,75,D,D75
AAL34084.2_Rasamsonia-emersonii,AAL34084.2,cellobiose,NIMS,8,40,<0.1,below reported 0.1 conversion background; not numeric zero,0.1,3,NA,Eukaryota,0.002,0,expression_binary=0,false,10.1021/cb500244v,10.1021/cb500244v.s003,cb500244v_si_003.xlsx,Sheet1,75,E,E75
AAL34084.2_Rasamsonia-emersonii,AAL34084.2,lactose,NIMS,8,40,<0.1,below reported 0.1 conversion background; not numeric zero,0.1,3,NA,Eukaryota,0.002,0,expression_binary=0,false,10.1021/cb500244v,10.1021/cb500244v.s003,cb500244v_si_003.xlsx,Sheet1,75,F,F75
AAL34084.2_Rasamsonia-emersonii,AAL34084.2,xylobiose,NIMS,8,60,<0.1,below reported 0.1 conversion background; not numeric zero,0.1,3,NA,Eukaryota,0.002,0,expression_binary=0,false,10.1021/cb500244v,10.1021/cb500244v.s003,cb500244v_si_003.xlsx,Sheet1,76,D,D76
AAL34084.2_Rasamsonia-emersonii,AAL34084.2,cellobiose,NIMS,8,60,<0.1,below reported 0.1 conversion background; not numeric zero,0.1,3,NA,Eukaryota,0.002,0,expression_binary=0,false,10.1021/cb500244v,10.1021/cb500244v.s003,cb500244v_si_003.xlsx,Sheet1,76,E,E76
AAL34084.2_Rasamsonia-emersonii,AAL34084.2,lactose,NIMS,8,60,<0.1,below reported 0.1 conversion background; not numeric zero,0.1,3,NA,Eukaryota,0.002,0,expression_binary=0,false,10.1021/cb500244v,10.1021/cb500244v.s003,cb500244v_si_003.xlsx,Sheet1,76,F,F76
AAL34084.2_Rasamsonia-emersonii,AAL34084.2,xylobiose,NIMS,8,80,<0.1,below reported 0.1 conversion background; not numeric zero,0.1,3,NA,Eukaryota,0.002,0,expression_binary=0,false,10.1021/cb500244v,10.1021/cb500244v.s003,cb500244v_si_003.xlsx,Sheet1,77,D,D77
AAL34084.2_Rasamsonia-emersonii,AAL34084.2,cellobiose,NIMS,8,80,<0.1,below reported 0.1 conversion background; not numeric zero,0.1,3,NA,Eukaryota,0.002,0,expression_binary=0,false,10.1021/cb500244v,10.1021/cb500244v.s003,cb500244v_si_003.xlsx,Sheet1,77,E,E77
AAL34084.2_Rasamsonia-emersonii,AAL34084.2,lactose,NIMS,8,80,<0.1,below reported 0.1 conversion background; not numeric zero,0.1,3,NA,Eukaryota,0.002,0,expression_binary=0,false,10.1021/cb500244v,10.1021/cb500244v.s003,cb500244v_si_003.xlsx,Sheet1,77,F,F77
AAL34084.2_Rasamsonia-emersonii,AAL34084.2,xylobiose,NIMS,8,90,<0.1,below reported 0.1 conversion background; not numeric zero,0.1,3,NA,Eukaryota,0.002,0,expression_binary=0,false,10.1021/cb500244v,10.1021/cb500244v.s003,cb500244v_si_003.xlsx,Sheet1,78,D,D78
AAL34084.2_Rasamsonia-emersonii,AAL34084.2,cellobiose,NIMS,8,90,<0.1,below reported 0.1 conversion background; not numeric zero,0.1,3,NA,Eukaryota,0.002,0,expression_binary=0,false,10.1021/cb500244v,10.1021/cb500244v.s003,cb500244v_si_003.xlsx,Sheet1,78,E,E78
AAL34084.2_Rasamsonia-emersonii,AAL34084.2,lactose,NIMS,8,90,<0.1,below reported 0.1 conversion background; not numeric zero,0.1,3,NA,Eukaryota,0.002,0,expression_binary=0,false,10.1021/cb500244v,10.1021/cb500244v.s003,cb500244v_si_003.xlsx,Sheet1,78,F,F78
AAL81332.1_Pyrococcus-furiosus-DSM-3638,AAL81332.1,xylobiose,NIMS,5,40,<0.1,below reported 0.1 conversion background; not numeric zero,0.1,3,NA,Archaea,0.324130656,1,expression_binary=1,true,10.1021/cb500244v,10.1021/cb500244v.s003,cb500244v_si_003.xlsx,Sheet1,79,D,D79
AAL81332.1_Pyrococcus-furiosus-DSM-3638,AAL81332.1,xylobiose,NIMS,5,60,<0.1,below reported 0.1 conversion background; not numeric zero,0.1,3,NA,Archaea,0.324130656,1,expression_binary=1,true,10.1021/cb500244v,10.1021/cb500244v.s003,cb500244v_si_003.xlsx,Sheet1,80,D,D80
AAL81332.1_Pyrococcus-furiosus-DSM-3638,AAL81332.1,xylobiose,NIMS,5,80,<0.1,below reported 0.1 conversion background; not numeric zero,0.1,3,NA,Archaea,0.324130656,1,expression_binary=1,true,10.1021/cb500244v,10.1021/cb500244v.s003,cb500244v_si_003.xlsx,Sheet1,81,D,D81
AAL81332.1_Pyrococcus-furiosus-DSM-3638,AAL81332.1,xylobiose,NIMS,5,90,<0.1,below reported 0.1 conversion background; not numeric zero,0.1,3,NA,Archaea,0.324130656,1,expression_binary=1,true,10.1021/cb500244v,10.1021/cb500244v.s003,cb500244v_si_003.xlsx,Sheet1,82,D,D82
AAL81332.1_Pyrococcus-furiosus-DSM-3638,AAL81332.1,xylobiose,NIMS,8,40,<0.1,below reported 0.1 conversion background; not numeric zero,0.1,3,NA,Archaea,0.324130656,1,expression_binary=1,true,10.1021/cb500244v,10.1021/cb500244v.s003,cb500244v_si_003.xlsx,Sheet1,83,D,D83
AAL81332.1_Pyrococcus-furiosus-DSM-3638,AAL81332.1,xylobiose,NIMS,8,60,<0.1,below reported 0.1 conversion background; not numeric zero,0.1,3,NA,Archaea,0.324130656,1,expression_binary=1,true,10.1021/cb500244v,10.1021/cb500244v.s003,cb500244v_si_003.xlsx,Sheet1,84,D,D84
AAL81332.1_Pyrococcus-furiosus-DSM-3638,AAL81332.1,xylobiose,NIMS,8,80,<0.1,below reported 0.1 conversion background; not numeric zero,0.1,3,NA,Archaea,0.324130656,1,expression_binary=1,true,10.1021/cb500244v,10.1021/cb500244v.s003,cb500244v_si_003.xlsx,Sheet1,85,D,D85
AAL81332.1_Pyrococcus-furiosus-DSM-3638,AAL81332.1,xylobiose,NIMS,8,90,<0.1,below reported 0.1 conversion background; not numeric zero,0.1,3,NA,Archaea,0.324130656,1,expression_binary=1,true,10.1021/cb500244v,10.1021/cb500244v.s003,cb500244v_si_003.xlsx,Sheet1,86,D,D86
AAP57758.1_Trichoderma-reesei,AAP57758.1,xylobiose,NIMS,5,40,<0.1,below reported 0.1 conversion background; not numeric zero,0.1,3,NA,Eukaryota,0.15893779200000002,1,expression_binary=1,true,10.1021/cb500244v,10.1021/cb500244v.s003,cb500244v_si_003.xlsx,Sheet1,87,D,D87
AAP57758.1_Trichoderma-reesei,AAP57758.1,cellobiose,NIMS,5,40,<0.1,below reported 0.1 conversion background; not numeric zero,0.1,3,NA,Eukaryota,0.15893779200000002,1,expression_binary=1,true,10.1021/cb500244v,10.1021/cb500244v.s003,cb500244v_si_003.xlsx,Sheet1,87,E,E87
AAP57758.1_Trichoderma-reesei,AAP57758.1,lactose,NIMS,5,40,<0.1,below reported 0.1 conversion background; not numeric zero,0.1,3,NA,Eukaryota,0.15893779200000002,1,expression_binary=1,true,10.1021/cb500244v,10.1021/cb500244v.s003,cb500244v_si_003.xlsx,Sheet1,87,F,F87
AAP57758.1_Trichoderma-reesei,AAP57758.1,xylobiose,NIMS,5,60,<0.1,below reported 0.1 conversion background; not numeric zero,0.1,3,NA,Eukaryota,0.15893779200000002,1,expression_binary=1,true,10.1021/cb500244v,10.1021/cb500244v.s003,cb500244v_si_003.xlsx,Sheet1,88,D,D88
AAP57758.1_Trichoderma-reesei,AAP57758.1,cellobiose,NIMS,5,60,<0.1,below reported 0.1 conversion background; not numeric zero,0.1,3,NA,Eukaryota,0.15893779200000002,1,expression_binary=1,true,10.1021/cb500244v,10.1021/cb500244v.s003,cb500244v_si_003.xlsx,Sheet1,88,E,E88
AAP57758.1_Trichoderma-reesei,AAP57758.1,lactose,NIMS,5,60,<0.1,below reported 0.1 conversion background; not numeric zero,0.1,3,NA,Eukaryota,0.15893779200000002,1,expression_binary=1,true,10.1021/cb500244v,10.1021/cb500244v.s003,cb500244v_si_003.xlsx,Sheet1,88,F,F88
AAP57758.1_Trichoderma-reesei,AAP57758.1,xylobiose,NIMS,5,80,<0.1,below reported 0.1 conversion background; not numeric zero,0.1,3,NA,Eukaryota,0.15893779200000002,1,expression_binary=1,true,10.1021/cb500244v,10.1021/cb500244v.s003,cb500244v_si_003.xlsx,Sheet1,89,D,D89
AAP57758.1_Trichoderma-reesei,AAP57758.1,cellobiose,NIMS,5,80,<0.1,below reported 0.1 conversion background; not numeric zero,0.1,3,NA,Eukaryota,0.15893779200000002,1,expression_binary=1,true,10.1021/cb500244v,10.1021/cb500244v.s003,cb500244v_si_003.xlsx,Sheet1,89,E,E89
AAP57758.1_Trichoderma-reesei,AAP57758.1,lactose,NIMS,5,80,<0.1,below reported 0.1 conversion background; not numeric zero,0.1,3,NA,Eukaryota,0.15893779200000002,1,expression_binary=1,true,10.1021/cb500244v,10.1021/cb500244v.s003,cb500244v_si_003.xlsx,Sheet1,89,F,F89
AAP57758.1_Trichoderma-reesei,AAP57758.1,xylobiose,NIMS,5,90,<0.1,below reported 0.1 conversion background; not numeric zero,0.1,3,NA,Eukaryota,0.15893779200000002,1,expression_binary=1,true,10.1021/cb500244v,10.1021/cb500244v.s003,cb500244v_si_003.xlsx,Sheet1,90,D,D90
AAP57758.1_Trichoderma-reesei,AAP57758.1,cellobiose,NIMS,5,90,<0.1,below reported 0.1 conversion background; not numeric zero,0.1,3,NA,Eukaryota,0.15893779200000002,1,expression_binary=1,true,10.1021/cb500244v,10.1021/cb500244v.s003,cb500244v_si_003.xlsx,Sheet1,90,E,E90
AAP57758.1_Trichoderma-reesei,AAP57758.1,lactose,NIMS,5,90,<0.1,below reported 0.1 conversion background; not numeric zero,0.1,3,NA,Eukaryota,0.15893779200000002,1,expression_binary=1,true,10.1021/cb500244v,10.1021/cb500244v.s003,cb500244v_si_003.xlsx,Sheet1,90,F,F90
AAP57758.1_Trichoderma-reesei,AAP57758.1,xylobiose,NIMS,8,40,<0.1,below reported 0.1 conversion background; not numeric zero,0.1,3,NA,Eukaryota,0.15893779200000002,1,expression_binary=1,true,10.1021/cb500244v,10.1021/cb500244v.s003,cb500244v_si_003.xlsx,Sheet1,91,D,D91
AAP57758.1_Trichoderma-reesei,AAP57758.1,cellobiose,NIMS,8,40,<0.1,below reported 0.1 conversion background; not numeric zero,0.1,3,NA,Eukaryota,0.15893779200000002,1,expression_binary=1,true,10.1021/cb500244v,10.1021/cb500244v.s003,cb500244v_si_003.xlsx,Sheet1,91,E,E91
AAP57758.1_Trichoderma-reesei,AAP57758.1,lactose,NIMS,8,40,<0.1,below reported 0.1 conversion background; not numeric zero,0.1,3,NA,Eukaryota,0.15893779200000002,1,expression_binary=1,true,10.1021/cb500244v,10.1021/cb500244v.s003,cb500244v_si_003.xlsx,Sheet1,91,F,F91
AAP57758.1_Trichoderma-reesei,AAP57758.1,xylobiose,NIMS,8,60,<0.1,below reported 0.1 conversion background; not numeric zero,0.1,3,NA,Eukaryota,0.15893779200000002,1,expression_binary=1,true,10.1021/cb500244v,10.1021/cb500244v.s003,cb500244v_si_003.xlsx,Sheet1,92,D,D92
AAP57758.1_Trichoderma-reesei,AAP57758.1,cellobiose,NIMS,8,60,<0.1,below reported 0.1 conversion background; not numeric zero,0.1,3,NA,Eukaryota,0.15893779200000002,1,expression_binary=1,true,10.1021/cb500244v,10.1021/cb500244v.s003,cb500244v_si_003.xlsx,Sheet1,92,E,E92
AAP57758.1_Trichoderma-reesei,AAP57758.1,lactose,NIMS,8,60,<0.1,below reported 0.1 conversion background; not numeric zero,0.1,3,NA,Eukaryota,0.15893779200000002,1,expression_binary=1,true,10.1021/cb500244v,10.1021/cb500244v.s003,cb500244v_si_003.xlsx,Sheet1,92,F,F92
AAP57758.1_Trichoderma-reesei,AAP57758.1,xylobiose,NIMS,8,80,<0.1,below reported 0.1 conversion background; not numeric zero,0.1,3,NA,Eukaryota,0.15893779200000002,1,expression_binary=1,true,10.1021/cb500244v,10.1021/cb500244v.s003,cb500244v_si_003.xlsx,Sheet1,93,D,D93
AAP57758.1_Trichoderma-reesei,AAP57758.1,cellobiose,NIMS,8,80,<0.1,below reported 0.1 conversion background; not numeric zero,0.1,3,NA,Eukaryota,0.15893779200000002,1,expression_binary=1,true,10.1021/cb500244v,10.1021/cb500244v.s003,cb500244v_si_003.xlsx,Sheet1,93,E,E93
AAP57758.1_Trichoderma-reesei,AAP57758.1,lactose,NIMS,8,80,<0.1,below reported 0.1 conversion background; not numeric zero,0.1,3,NA,Eukaryota,0.15893779200000002,1,expression_binary=1,true,10.1021/cb500244v,10.1021/cb500244v.s003,cb500244v_si_003.xlsx,Sheet1,93,F,F93
AAP57758.1_Trichoderma-reesei,AAP57758.1,xylobiose,NIMS,8,90,<0.1,below reported 0.1 conversion background; not numeric zero,0.1,3,NA,Eukaryota,0.15893779200000002,1,expression_binary=1,true,10.1021/cb500244v,10.1021/cb500244v.s003,cb500244v_si_003.xlsx,Sheet1,94,D,D94
AAP57758.1_Trichoderma-reesei,AAP57758.1,cellobiose,NIMS,8,90,<0.1,below reported 0.1 conversion background; not numeric zero,0.1,3,NA,Eukaryota,0.15893779200000002,1,expression_binary=1,true,10.1021/cb500244v,10.1021/cb500244v.s003,cb500244v_si_003.xlsx,Sheet1,94,E,E94
AAP57758.1_Trichoderma-reesei,AAP57758.1,lactose,NIMS,8,90,<0.1,below reported 0.1 conversion background; not numeric zero,0.1,3,NA,Eukaryota,0.15893779200000002,1,expression_binary=1,true,10.1021/cb500244v,10.1021/cb500244v.s003,cb500244v_si_003.xlsx,Sheet1,94,F,F94
AAQ00997.1_Clostridium-cellulovorans,AAQ00997.1,xylobiose,NIMS,5,40,<0.1,below reported 0.1 conversion background; not numeric zero,0.1,3,NA,Bacteria,0.029,1,expression_binary=1,true,10.1021/cb500244v,10.1021/cb500244v.s003,cb500244v_si_003.xlsx,Sheet1,95,D,D95
AAQ00997.1_Clostridium-cellulovorans,AAQ00997.1,xylobiose,NIMS,5,60,<0.1,below reported 0.1 conversion background; not numeric zero,0.1,3,NA,Bacteria,0.029,1,expression_binary=1,true,10.1021/cb500244v,10.1021/cb500244v.s003,cb500244v_si_003.xlsx,Sheet1,96,D,D96
AAQ00997.1_Clostridium-cellulovorans,AAQ00997.1,xylobiose,NIMS,5,80,<0.1,below reported 0.1 conversion background; not numeric zero,0.1,3,NA,Bacteria,0.029,1,expression_binary=1,true,10.1021/cb500244v,10.1021/cb500244v.s003,cb500244v_si_003.xlsx,Sheet1,97,D,D97
AAQ00997.1_Clostridium-cellulovorans,AAQ00997.1,xylobiose,NIMS,5,90,<0.1,below reported 0.1 conversion background; not numeric zero,0.1,3,NA,Bacteria,0.029,1,expression_binary=1,true,10.1021/cb500244v,10.1021/cb500244v.s003,cb500244v_si_003.xlsx,Sheet1,98,D,D98
AAQ00997.1_Clostridium-cellulovorans,AAQ00997.1,xylobiose,NIMS,8,40,<0.1,below reported 0.1 conversion background; not numeric zero,0.1,3,NA,Bacteria,0.029,1,expression_binary=1,true,10.1021/cb500244v,10.1021/cb500244v.s003,cb500244v_si_003.xlsx,Sheet1,99,D,D99
AAQ00997.1_Clostridium-cellulovorans,AAQ00997.1,xylobiose,NIMS,8,60,<0.1,below reported 0.1 conversion background; not numeric zero,0.1,3,NA,Bacteria,0.029,1,expression_binary=1,true,10.1021/cb500244v,10.1021/cb500244v.s003,cb500244v_si_003.xlsx,Sheet1,100,D,D100
AAQ00997.1_Clostridium-cellulovorans,AAQ00997.1,xylobiose,NIMS,8,80,<0.1,below reported 0.1 conversion background; not numeric zero,0.1,3,NA,Bacteria,0.029,1,expression_binary=1,true,10.1021/cb500244v,10.1021/cb500244v.s003,cb500244v_si_003.xlsx,Sheet1,101,D,D101
AAQ00997.1_Clostridium-cellulovorans,AAQ00997.1,xylobiose,NIMS,8,90,<0.1,below reported 0.1 conversion background; not numeric zero,0.1,3,NA,Bacteria,0.029,1,expression_binary=1,true,10.1021/cb500244v,10.1021/cb500244v.s003,cb500244v_si_003.xlsx,Sheet1,102,D,D102
AAQ00997.1_Clostridium-cellulovorans,AAQ00997.1,cellobiose,NIMS,8,90,<0.1,below reported 0.1 conversion background; not numeric zero,0.1,3,NA,Bacteria,0.029,1,expression_binary=1,true,10.1021/cb500244v,10.1021/cb500244v.s003,cb500244v_si_003.xlsx,Sheet1,102,E,E102
AAT44038.1_Picrophilus-torridus-DSM-9790,AAT44038.1,xylobiose,NIMS,5,40,<0.1,below reported 0.1 conversion background; not numeric zero,0.1,3,NA,Archaea,0.004,0,expression_binary=0,false,10.1021/cb500244v,10.1021/cb500244v.s003,cb500244v_si_003.xlsx,Sheet1,103,D,D103
AAT44038.1_Picrophilus-torridus-DSM-9790,AAT44038.1,cellobiose,NIMS,5,40,<0.1,below reported 0.1 conversion background; not numeric zero,0.1,3,NA,Archaea,0.004,0,expression_binary=0,false,10.1021/cb500244v,10.1021/cb500244v.s003,cb500244v_si_003.xlsx,Sheet1,103,E,E103
AAT44038.1_Picrophilus-torridus-DSM-9790,AAT44038.1,lactose,NIMS,5,40,<0.1,below reported 0.1 conversion background; not numeric zero,0.1,3,NA,Archaea,0.004,0,expression_binary=0,false,10.1021/cb500244v,10.1021/cb500244v.s003,cb500244v_si_003.xlsx,Sheet1,103,F,F103
AAT44038.1_Picrophilus-torridus-DSM-9790,AAT44038.1,xylobiose,NIMS,5,60,<0.1,below reported 0.1 conversion background; not numeric zero,0.1,3,NA,Archaea,0.004,0,expression_binary=0,false,10.1021/cb500244v,10.1021/cb500244v.s003,cb500244v_si_003.xlsx,Sheet1,104,D,D104
AAT44038.1_Picrophilus-torridus-DSM-9790,AAT44038.1,cellobiose,NIMS,5,60,<0.1,below reported 0.1 conversion background; not numeric zero,0.1,3,NA,Archaea,0.004,0,expression_binary=0,false,10.1021/cb500244v,10.1021/cb500244v.s003,cb500244v_si_003.xlsx,Sheet1,104,E,E104
AAT44038.1_Picrophilus-torridus-DSM-9790,AAT44038.1,lactose,NIMS,5,60,<0.1,below reported 0.1 conversion background; not numeric zero,0.1,3,NA,Archaea,0.004,0,expression_binary=0,false,10.1021/cb500244v,10.1021/cb500244v.s003,cb500244v_si_003.xlsx,Sheet1,104,F,F104
AAT44038.1_Picrophilus-torridus-DSM-9790,AAT44038.1,xylobiose,NIMS,5,80,<0.1,below reported 0.1 conversion background; not numeric zero,0.1,3,NA,Archaea,0.004,0,expression_binary=0,false,10.1021/cb500244v,10.1021/cb500244v.s003,cb500244v_si_003.xlsx,Sheet1,105,D,D105
AAT44038.1_Picrophilus-torridus-DSM-9790,AAT44038.1,cellobiose,NIMS,5,80,<0.1,below reported 0.1 conversion background; not numeric zero,0.1,3,NA,Archaea,0.004,0,expression_binary=0,false,10.1021/cb500244v,10.1021/cb500244v.s003,cb500244v_si_003.xlsx,Sheet1,105,E,E105
AAT44038.1_Picrophilus-torridus-DSM-9790,AAT44038.1,lactose,NIMS,5,80,<0.1,below reported 0.1 conversion background; not numeric zero,0.1,3,NA,Archaea,0.004,0,expression_binary=0,false,10.1021/cb500244v,10.1021/cb500244v.s003,cb500244v_si_003.xlsx,Sheet1,105,F,F105
AAT44038.1_Picrophilus-torridus-DSM-9790,AAT44038.1,xylobiose,NIMS,5,90,<0.1,below reported 0.1 conversion background; not numeric zero,0.1,3,NA,Archaea,0.004,0,expression_binary=0,false,10.1021/cb500244v,10.1021/cb500244v.s003,cb500244v_si_003.xlsx,Sheet1,106,D,D106
AAT44038.1_Picrophilus-torridus-DSM-9790,AAT44038.1,cellobiose,NIMS,5,90,<0.1,below reported 0.1 conversion background; not numeric zero,0.1,3,NA,Archaea,0.004,0,expression_binary=0,false,10.1021/cb500244v,10.1021/cb500244v.s003,cb500244v_si_003.xlsx,Sheet1,106,E,E106
AAT44038.1_Picrophilus-torridus-DSM-9790,AAT44038.1,lactose,NIMS,5,90,<0.1,below reported 0.1 conversion background; not numeric zero,0.1,3,NA,Archaea,0.004,0,expression_binary=0,false,10.1021/cb500244v,10.1021/cb500244v.s003,cb500244v_si_003.xlsx,Sheet1,106,F,F106
AAT44038.1_Picrophilus-torridus-DSM-9790,AAT44038.1,xylobiose,NIMS,8,40,<0.1,below reported 0.1 conversion background; not numeric zero,0.1,3,NA,Archaea,0.004,0,expression_binary=0,false,10.1021/cb500244v,10.1021/cb500244v.s003,cb500244v_si_003.xlsx,Sheet1,107,D,D107
AAT44038.1_Picrophilus-torridus-DSM-9790,AAT44038.1,cellobiose,NIMS,8,40,<0.1,below reported 0.1 conversion background; not numeric zero,0.1,3,NA,Archaea,0.004,0,expression_binary=0,false,10.1021/cb500244v,10.1021/cb500244v.s003,cb500244v_si_003.xlsx,Sheet1,107,E,E107
AAT44038.1_Picrophilus-torridus-DSM-9790,AAT44038.1,lactose,NIMS,8,40,<0.1,below reported 0.1 conversion background; not numeric zero,0.1,3,NA,Archaea,0.004,0,expression_binary=0,false,10.1021/cb500244v,10.1021/cb500244v.s003,cb500244v_si_003.xlsx,Sheet1,107,F,F107
AAT44038.1_Picrophilus-torridus-DSM-9790,AAT44038.1,xylobiose,NIMS,8,60,<0.1,below reported 0.1 conversion background; not numeric zero,0.1,3,NA,Archaea,0.004,0,expression_binary=0,false,10.1021/cb500244v,10.1021/cb500244v.s003,cb500244v_si_003.xlsx,Sheet1,108,D,D108
AAT44038.1_Picrophilus-torridus-DSM-9790,AAT44038.1,cellobiose,NIMS,8,60,<0.1,below reported 0.1 conversion background; not numeric zero,0.1,3,NA,Archaea,0.004,0,expression_binary=0,false,10.1021/cb500244v,10.1021/cb500244v.s003,cb500244v_si_003.xlsx,Sheet1,108,E,E108
AAT44038.1_Picrophilus-torridus-DSM-9790,AAT44038.1,lactose,NIMS,8,60,<0.1,below reported 0.1 conversion background; not numeric zero,0.1,3,NA,Archaea,0.004,0,expression_binary=0,false,10.1021/cb500244v,10.1021/cb500244v.s003,cb500244v_si_003.xlsx,Sheet1,108,F,F108
AAT44038.1_Picrophilus-torridus-DSM-9790,AAT44038.1,xylobiose,NIMS,8,80,<0.1,below reported 0.1 conversion background; not numeric zero,0.1,3,NA,Archaea,0.004,0,expression_binary=0,false,10.1021/cb500244v,10.1021/cb500244v.s003,cb500244v_si_003.xlsx,Sheet1,109,D,D109
AAT44038.1_Picrophilus-torridus-DSM-9790,AAT44038.1,cellobiose,NIMS,8,80,<0.1,below reported 0.1 conversion background; not numeric zero,0.1,3,NA,Archaea,0.004,0,expression_binary=0,false,10.1021/cb500244v,10.1021/cb500244v.s003,cb500244v_si_003.xlsx,Sheet1,109,E,E109
AAT44038.1_Picrophilus-torridus-DSM-9790,AAT44038.1,lactose,NIMS,8,80,<0.1,below reported 0.1 conversion background; not numeric zero,0.1,3,NA,Archaea,0.004,0,expression_binary=0,false,10.1021/cb500244v,10.1021/cb500244v.s003,cb500244v_si_003.xlsx,Sheet1,109,F,F109
AAT44038.1_Picrophilus-torridus-DSM-9790,AAT44038.1,xylobiose,NIMS,8,90,<0.1,below reported 0.1 conversion background; not numeric zero,0.1,3,NA,Archaea,0.004,0,expression_binary=0,false,10.1021/cb500244v,10.1021/cb500244v.s003,cb500244v_si_003.xlsx,Sheet1,110,D,D110
AAT44038.1_Picrophilus-torridus-DSM-9790,AAT44038.1,cellobiose,NIMS,8,90,<0.1,below reported 0.1 conversion background; not numeric zero,0.1,3,NA,Archaea,0.004,0,expression_binary=0,false,10.1021/cb500244v,10.1021/cb500244v.s003,cb500244v_si_003.xlsx,Sheet1,110,E,E110
AAT44038.1_Picrophilus-torridus-DSM-9790,AAT44038.1,lactose,NIMS,8,90,<0.1,below reported 0.1 conversion background; not numeric zero,0.1,3,NA,Archaea,0.004,0,expression_binary=0,false,10.1021/cb500244v,10.1021/cb500244v.s003,cb500244v_si_003.xlsx,Sheet1,110,F,F110
AAT59229.1_Bacillus-thuringiensis-serovar-konkukian-str.-97-27,AAT59229.1,xylobiose,NIMS,5,40,<0.1,below reported 0.1 conversion background; not numeric zero,0.1,3,NA,Bacteria,0.49834905333333335,1,expression_binary=1,true,10.1021/cb500244v,10.1021/cb500244v.s003,cb500244v_si_003.xlsx,Sheet1,111,D,D111
AAT59229.1_Bacillus-thuringiensis-serovar-konkukian-str.-97-27,AAT59229.1,cellobiose,NIMS,5,40,<0.1,below reported 0.1 conversion background; not numeric zero,0.1,3,NA,Bacteria,0.49834905333333335,1,expression_binary=1,true,10.1021/cb500244v,10.1021/cb500244v.s003,cb500244v_si_003.xlsx,Sheet1,111,E,E111
AAT59229.1_Bacillus-thuringiensis-serovar-konkukian-str.-97-27,AAT59229.1,lactose,NIMS,5,40,<0.1,below reported 0.1 conversion background; not numeric zero,0.1,3,NA,Bacteria,0.49834905333333335,1,expression_binary=1,true,10.1021/cb500244v,10.1021/cb500244v.s003,cb500244v_si_003.xlsx,Sheet1,111,F,F111
AAT59229.1_Bacillus-thuringiensis-serovar-konkukian-str.-97-27,AAT59229.1,xylobiose,NIMS,5,60,<0.1,below reported 0.1 conversion background; not numeric zero,0.1,3,NA,Bacteria,0.49834905333333335,1,expression_binary=1,true,10.1021/cb500244v,10.1021/cb500244v.s003,cb500244v_si_003.xlsx,Sheet1,112,D,D112
AAT59229.1_Bacillus-thuringiensis-serovar-konkukian-str.-97-27,AAT59229.1,cellobiose,NIMS,5,60,<0.1,below reported 0.1 conversion background; not numeric zero,0.1,3,NA,Bacteria,0.49834905333333335,1,expression_binary=1,true,10.1021/cb500244v,10.1021/cb500244v.s003,cb500244v_si_003.xlsx,Sheet1,112,E,E112
AAT59229.1_Bacillus-thuringiensis-serovar-konkukian-str.-97-27,AAT59229.1,lactose,NIMS,5,60,<0.1,below reported 0.1 conversion background; not numeric zero,0.1,3,NA,Bacteria,0.49834905333333335,1,expression_binary=1,true,10.1021/cb500244v,10.1021/cb500244v.s003,cb500244v_si_003.xlsx,Sheet1,112,F,F112
AAT59229.1_Bacillus-thuringiensis-serovar-konkukian-str.-97-27,AAT59229.1,xylobiose,NIMS,5,80,<0.1,below reported 0.1 conversion background; not numeric zero,0.1,3,NA,Bacteria,0.49834905333333335,1,expression_binary=1,true,10.1021/cb500244v,10.1021/cb500244v.s003,cb500244v_si_003.xlsx,Sheet1,113,D,D113
AAT59229.1_Bacillus-thuringiensis-serovar-konkukian-str.-97-27,AAT59229.1,cellobiose,NIMS,5,80,<0.1,below reported 0.1 conversion background; not numeric zero,0.1,3,NA,Bacteria,0.49834905333333335,1,expression_binary=1,true,10.1021/cb500244v,10.1021/cb500244v.s003,cb500244v_si_003.xlsx,Sheet1,113,E,E113
AAT59229.1_Bacillus-thuringiensis-serovar-konkukian-str.-97-27,AAT59229.1,lactose,NIMS,5,80,<0.1,below reported 0.1 conversion background; not numeric zero,0.1,3,NA,Bacteria,0.49834905333333335,1,expression_binary=1,true,10.1021/cb500244v,10.1021/cb500244v.s003,cb500244v_si_003.xlsx,Sheet1,113,F,F113
AAT59229.1_Bacillus-thuringiensis-serovar-konkukian-str.-97-27,AAT59229.1,xylobiose,NIMS,5,90,<0.1,below reported 0.1 conversion background; not numeric zero,0.1,3,NA,Bacteria,0.49834905333333335,1,expression_binary=1,true,10.1021/cb500244v,10.1021/cb500244v.s003,cb500244v_si_003.xlsx,Sheet1,114,D,D114
AAT59229.1_Bacillus-thuringiensis-serovar-konkukian-str.-97-27,AAT59229.1,cellobiose,NIMS,5,90,<0.1,below reported 0.1 conversion background; not numeric zero,0.1,3,NA,Bacteria,0.49834905333333335,1,expression_binary=1,true,10.1021/cb500244v,10.1021/cb500244v.s003,cb500244v_si_003.xlsx,Sheet1,114,E,E114
AAT59229.1_Bacillus-thuringiensis-serovar-konkukian-str.-97-27,AAT59229.1,lactose,NIMS,5,90,<0.1,below reported 0.1 conversion background; not numeric zero,0.1,3,NA,Bacteria,0.49834905333333335,1,expression_binary=1,true,10.1021/cb500244v,10.1021/cb500244v.s003,cb500244v_si_003.xlsx,Sheet1,114,F,F114
AAT59229.1_Bacillus-thuringiensis-serovar-konkukian-str.-97-27,AAT59229.1,xylobiose,NIMS,8,40,<0.1,below reported 0.1 conversion background; not numeric zero,0.1,3,NA,Bacteria,0.49834905333333335,1,expression_binary=1,true,10.1021/cb500244v,10.1021/cb500244v.s003,cb500244v_si_003.xlsx,Sheet1,115,D,D115
AAT59229.1_Bacillus-thuringiensis-serovar-konkukian-str.-97-27,AAT59229.1,cellobiose,NIMS,8,40,<0.1,below reported 0.1 conversion background; not numeric zero,0.1,3,NA,Bacteria,0.49834905333333335,1,expression_binary=1,true,10.1021/cb500244v,10.1021/cb500244v.s003,cb500244v_si_003.xlsx,Sheet1,115,E,E115
AAT59229.1_Bacillus-thuringiensis-serovar-konkukian-str.-97-27,AAT59229.1,lactose,NIMS,8,40,<0.1,below reported 0.1 conversion background; not numeric zero,0.1,3,NA,Bacteria,0.49834905333333335,1,expression_binary=1,true,10.1021/cb500244v,10.1021/cb500244v.s003,cb500244v_si_003.xlsx,Sheet1,115,F,F115
AAT59229.1_Bacillus-thuringiensis-serovar-konkukian-str.-97-27,AAT59229.1,xylobiose,NIMS,8,60,<0.1,below reported 0.1 conversion background; not numeric zero,0.1,3,NA,Bacteria,0.49834905333333335,1,expression_binary=1,true,10.1021/cb500244v,10.1021/cb500244v.s003,cb500244v_si_003.xlsx,Sheet1,116,D,D116
AAT59229.1_Bacillus-thuringiensis-serovar-konkukian-str.-97-27,AAT59229.1,cellobiose,NIMS,8,60,<0.1,below reported 0.1 conversion background; not numeric zero,0.1,3,NA,Bacteria,0.49834905333333335,1,expression_binary=1,true,10.1021/cb500244v,10.1021/cb500244v.s003,cb500244v_si_003.xlsx,Sheet1,116,E,E116
AAT59229.1_Bacillus-thuringiensis-serovar-konkukian-str.-97-27,AAT59229.1,lactose,NIMS,8,60,<0.1,below reported 0.1 conversion background; not numeric zero,0.1,3,NA,Bacteria,0.49834905333333335,1,expression_binary=1,true,10.1021/cb500244v,10.1021/cb500244v.s003,cb500244v_si_003.xlsx,Sheet1,116,F,F116
AAT59229.1_Bacillus-thuringiensis-serovar-konkukian-str.-97-27,AAT59229.1,xylobiose,NIMS,8,80,<0.1,below reported 0.1 conversion background; not numeric zero,0.1,3,NA,Bacteria,0.49834905333333335,1,expression_binary=1,true,10.1021/cb500244v,10.1021/cb500244v.s003,cb500244v_si_003.xlsx,Sheet1,117,D,D117
AAT59229.1_Bacillus-thuringiensis-serovar-konkukian-str.-97-27,AAT59229.1,cellobiose,NIMS,8,80,<0.1,below reported 0.1 conversion background; not numeric zero,0.1,3,NA,Bacteria,0.49834905333333335,1,expression_binary=1,true,10.1021/cb500244v,10.1021/cb500244v.s003,cb500244v_si_003.xlsx,Sheet1,117,E,E117
AAT59229.1_Bacillus-thuringiensis-serovar-konkukian-str.-97-27,AAT59229.1,lactose,NIMS,8,80,<0.1,below reported 0.1 conversion background; not numeric zero,0.1,3,NA,Bacteria,0.49834905333333335,1,expression_binary=1,true,10.1021/cb500244v,10.1021/cb500244v.s003,cb500244v_si_003.xlsx,Sheet1,117,F,F117
AAT59229.1_Bacillus-thuringiensis-serovar-konkukian-str.-97-27,AAT59229.1,xylobiose,NIMS,8,90,<0.1,below reported 0.1 conversion background; not numeric zero,0.1,3,NA,Bacteria,0.49834905333333335,1,expression_binary=1,true,10.1021/cb500244v,10.1021/cb500244v.s003,cb500244v_si_003.xlsx,Sheet1,118,D,D118
AAT59229.1_Bacillus-thuringiensis-serovar-konkukian-str.-97-27,AAT59229.1,cellobiose,NIMS,8,90,<0.1,below reported 0.1 conversion background; not numeric zero,0.1,3,NA,Bacteria,0.49834905333333335,1,expression_binary=1,true,10.1021/cb500244v,10.1021/cb500244v.s003,cb500244v_si_003.xlsx,Sheet1,118,E,E118
AAT59229.1_Bacillus-thuringiensis-serovar-konkukian-str.-97-27,AAT59229.1,lactose,NIMS,8,90,<0.1,below reported 0.1 conversion background; not numeric zero,0.1,3,NA,Bacteria,0.49834905333333335,1,expression_binary=1,true,10.1021/cb500244v,10.1021/cb500244v.s003,cb500244v_si_003.xlsx,Sheet1,118,F,F118
AAU43012.1_Bacillus-licheniformis-DSM-13-=-ATCC-14580,AAU43012.1,xylobiose,NIMS,5,40,<0.1,below reported 0.1 conversion background; not numeric zero,0.1,3,NA,Bacteria,0.49012380533333333,1,expression_binary=1,true,10.1021/cb500244v,10.1021/cb500244v.s003,cb500244v_si_003.xlsx,Sheet1,119,D,D119
AAU43012.1_Bacillus-licheniformis-DSM-13-=-ATCC-14580,AAU43012.1,cellobiose,NIMS,5,40,<0.1,below reported 0.1 conversion background; not numeric zero,0.1,3,NA,Bacteria,0.49012380533333333,1,expression_binary=1,true,10.1021/cb500244v,10.1021/cb500244v.s003,cb500244v_si_003.xlsx,Sheet1,119,E,E119
AAU43012.1_Bacillus-licheniformis-DSM-13-=-ATCC-14580,AAU43012.1,lactose,NIMS,5,40,<0.1,below reported 0.1 conversion background; not numeric zero,0.1,3,NA,Bacteria,0.49012380533333333,1,expression_binary=1,true,10.1021/cb500244v,10.1021/cb500244v.s003,cb500244v_si_003.xlsx,Sheet1,119,F,F119
AAU43012.1_Bacillus-licheniformis-DSM-13-=-ATCC-14580,AAU43012.1,xylobiose,NIMS,5,60,<0.1,below reported 0.1 conversion background; not numeric zero,0.1,3,NA,Bacteria,0.49012380533333333,1,expression_binary=1,true,10.1021/cb500244v,10.1021/cb500244v.s003,cb500244v_si_003.xlsx,Sheet1,120,D,D120
AAU43012.1_Bacillus-licheniformis-DSM-13-=-ATCC-14580,AAU43012.1,cellobiose,NIMS,5,60,<0.1,below reported 0.1 conversion background; not numeric zero,0.1,3,NA,Bacteria,0.49012380533333333,1,expression_binary=1,true,10.1021/cb500244v,10.1021/cb500244v.s003,cb500244v_si_003.xlsx,Sheet1,120,E,E120
AAU43012.1_Bacillus-licheniformis-DSM-13-=-ATCC-14580,AAU43012.1,lactose,NIMS,5,60,<0.1,below reported 0.1 conversion background; not numeric zero,0.1,3,NA,Bacteria,0.49012380533333333,1,expression_binary=1,true,10.1021/cb500244v,10.1021/cb500244v.s003,cb500244v_si_003.xlsx,Sheet1,120,F,F120
AAU43012.1_Bacillus-licheniformis-DSM-13-=-ATCC-14580,AAU43012.1,xylobiose,NIMS,5,80,<0.1,below reported 0.1 conversion background; not numeric zero,0.1,3,NA,Bacteria,0.49012380533333333,1,expression_binary=1,true,10.1021/cb500244v,10.1021/cb500244v.s003,cb500244v_si_003.xlsx,Sheet1,121,D,D121
AAU43012.1_Bacillus-licheniformis-DSM-13-=-ATCC-14580,AAU43012.1,cellobiose,NIMS,5,80,<0.1,below reported 0.1 conversion background; not numeric zero,0.1,3,NA,Bacteria,0.49012380533333333,1,expression_binary=1,true,10.1021/cb500244v,10.1021/cb500244v.s003,cb500244v_si_003.xlsx,Sheet1,121,E,E121
AAU43012.1_Bacillus-licheniformis-DSM-13-=-ATCC-14580,AAU43012.1,lactose,NIMS,5,80,<0.1,below reported 0.1 conversion background; not numeric zero,0.1,3,NA,Bacteria,0.49012380533333333,1,expression_binary=1,true,10.1021/cb500244v,10.1021/cb500244v.s003,cb500244v_si_003.xlsx,Sheet1,121,F,F121
AAU43012.1_Bacillus-licheniformis-DSM-13-=-ATCC-14580,AAU43012.1,xylobiose,NIMS,5,90,<0.1,below reported 0.1 conversion background; not numeric zero,0.1,3,NA,Bacteria,0.49012380533333333,1,expression_binary=1,true,10.1021/cb500244v,10.1021/cb500244v.s003,cb500244v_si_003.xlsx,Sheet1,122,D,D122
AAU43012.1_Bacillus-licheniformis-DSM-13-=-ATCC-14580,AAU43012.1,cellobiose,NIMS,5,90,<0.1,below reported 0.1 conversion background; not numeric zero,0.1,3,NA,Bacteria,0.49012380533333333,1,expression_binary=1,true,10.1021/cb500244v,10.1021/cb500244v.s003,cb500244v_si_003.xlsx,Sheet1,122,E,E122
AAU43012.1_Bacillus-licheniformis-DSM-13-=-ATCC-14580,AAU43012.1,lactose,NIMS,5,90,<0.1,below reported 0.1 conversion background; not numeric zero,0.1,3,NA,Bacteria,0.49012380533333333,1,expression_binary=1,true,10.1021/cb500244v,10.1021/cb500244v.s003,cb500244v_si_003.xlsx,Sheet1,122,F,F122
AAU43012.1_Bacillus-licheniformis-DSM-13-=-ATCC-14580,AAU43012.1,xylobiose,NIMS,8,40,<0.1,below reported 0.1 conversion background; not numeric zero,0.1,3,NA,Bacteria,0.49012380533333333,1,expression_binary=1,true,10.1021/cb500244v,10.1021/cb500244v.s003,cb500244v_si_003.xlsx,Sheet1,123,D,D123
AAU43012.1_Bacillus-licheniformis-DSM-13-=-ATCC-14580,AAU43012.1,cellobiose,NIMS,8,40,<0.1,below reported 0.1 conversion background; not numeric zero,0.1,3,NA,Bacteria,0.49012380533333333,1,expression_binary=1,true,10.1021/cb500244v,10.1021/cb500244v.s003,cb500244v_si_003.xlsx,Sheet1,123,E,E123
AAU43012.1_Bacillus-licheniformis-DSM-13-=-ATCC-14580,AAU43012.1,lactose,NIMS,8,40,<0.1,below reported 0.1 conversion background; not numeric zero,0.1,3,NA,Bacteria,0.49012380533333333,1,expression_binary=1,true,10.1021/cb500244v,10.1021/cb500244v.s003,cb500244v_si_003.xlsx,Sheet1,123,F,F123
AAU43012.1_Bacillus-licheniformis-DSM-13-=-ATCC-14580,AAU43012.1,xylobiose,NIMS,8,60,<0.1,below reported 0.1 conversion background; not numeric zero,0.1,3,NA,Bacteria,0.49012380533333333,1,expression_binary=1,true,10.1021/cb500244v,10.1021/cb500244v.s003,cb500244v_si_003.xlsx,Sheet1,124,D,D124
AAU43012.1_Bacillus-licheniformis-DSM-13-=-ATCC-14580,AAU43012.1,cellobiose,NIMS,8,60,<0.1,below reported 0.1 conversion background; not numeric zero,0.1,3,NA,Bacteria,0.49012380533333333,1,expression_binary=1,true,10.1021/cb500244v,10.1021/cb500244v.s003,cb500244v_si_003.xlsx,Sheet1,124,E,E124
AAU43012.1_Bacillus-licheniformis-DSM-13-=-ATCC-14580,AAU43012.1,lactose,NIMS,8,60,<0.1,below reported 0.1 conversion background; not numeric zero,0.1,3,NA,Bacteria,0.49012380533333333,1,expression_binary=1,true,10.1021/cb500244v,10.1021/cb500244v.s003,cb500244v_si_003.xlsx,Sheet1,124,F,F124
AAU43012.1_Bacillus-licheniformis-DSM-13-=-ATCC-14580,AAU43012.1,xylobiose,NIMS,8,80,<0.1,below reported 0.1 conversion background; not numeric zero,0.1,3,NA,Bacteria,0.49012380533333333,1,expression_binary=1,true,10.1021/cb500244v,10.1021/cb500244v.s003,cb500244v_si_003.xlsx,Sheet1,125,D,D125
AAU43012.1_Bacillus-licheniformis-DSM-13-=-ATCC-14580,AAU43012.1,cellobiose,NIMS,8,80,<0.1,below reported 0.1 conversion background; not numeric zero,0.1,3,NA,Bacteria,0.49012380533333333,1,expression_binary=1,true,10.1021/cb500244v,10.1021/cb500244v.s003,cb500244v_si_003.xlsx,Sheet1,125,E,E125
AAU43012.1_Bacillus-licheniformis-DSM-13-=-ATCC-14580,AAU43012.1,lactose,NIMS,8,80,<0.1,below reported 0.1 conversion background; not numeric zero,0.1,3,NA,Bacteria,0.49012380533333333,1,expression_binary=1,true,10.1021/cb500244v,10.1021/cb500244v.s003,cb500244v_si_003.xlsx,Sheet1,125,F,F125
AAU43012.1_Bacillus-licheniformis-DSM-13-=-ATCC-14580,AAU43012.1,xylobiose,NIMS,8,90,<0.1,below reported 0.1 conversion background; not numeric zero,0.1,3,NA,Bacteria,0.49012380533333333,1,expression_binary=1,true,10.1021/cb500244v,10.1021/cb500244v.s003,cb500244v_si_003.xlsx,Sheet1,126,D,D126
AAU43012.1_Bacillus-licheniformis-DSM-13-=-ATCC-14580,AAU43012.1,cellobiose,NIMS,8,90,<0.1,below reported 0.1 conversion background; not numeric zero,0.1,3,NA,Bacteria,0.49012380533333333,1,expression_binary=1,true,10.1021/cb500244v,10.1021/cb500244v.s003,cb500244v_si_003.xlsx,Sheet1,126,E,E126
AAU43012.1_Bacillus-licheniformis-DSM-13-=-ATCC-14580,AAU43012.1,lactose,NIMS,8,90,<0.1,below reported 0.1 conversion background; not numeric zero,0.1,3,NA,Bacteria,0.49012380533333333,1,expression_binary=1,true,10.1021/cb500244v,10.1021/cb500244v.s003,cb500244v_si_003.xlsx,Sheet1,126,F,F126
AAU92142.1_Methylococcus-capsulatus-str.-Bath,AAU92142.1,xylobiose,NIMS,5,40,<0.1,below reported 0.1 conversion background; not numeric zero,0.1,3,NA,Bacteria,0.15334802933333333,1,expression_binary=1,true,10.1021/cb500244v,10.1021/cb500244v.s003,cb500244v_si_003.xlsx,Sheet1,127,D,D127
AAU92142.1_Methylococcus-capsulatus-str.-Bath,AAU92142.1,cellobiose,NIMS,5,40,<0.1,below reported 0.1 conversion background; not numeric zero,0.1,3,NA,Bacteria,0.15334802933333333,1,expression_binary=1,true,10.1021/cb500244v,10.1021/cb500244v.s003,cb500244v_si_003.xlsx,Sheet1,127,E,E127
AAU92142.1_Methylococcus-capsulatus-str.-Bath,AAU92142.1,lactose,NIMS,5,40,<0.1,below reported 0.1 conversion background; not numeric zero,0.1,3,NA,Bacteria,0.15334802933333333,1,expression_binary=1,true,10.1021/cb500244v,10.1021/cb500244v.s003,cb500244v_si_003.xlsx,Sheet1,127,F,F127
AAU92142.1_Methylococcus-capsulatus-str.-Bath,AAU92142.1,xylobiose,NIMS,5,60,<0.1,below reported 0.1 conversion background; not numeric zero,0.1,3,NA,Bacteria,0.15334802933333333,1,expression_binary=1,true,10.1021/cb500244v,10.1021/cb500244v.s003,cb500244v_si_003.xlsx,Sheet1,128,D,D128
AAU92142.1_Methylococcus-capsulatus-str.-Bath,AAU92142.1,cellobiose,NIMS,5,60,<0.1,below reported 0.1 conversion background; not numeric zero,0.1,3,NA,Bacteria,0.15334802933333333,1,expression_binary=1,true,10.1021/cb500244v,10.1021/cb500244v.s003,cb500244v_si_003.xlsx,Sheet1,128,E,E128
AAU92142.1_Methylococcus-capsulatus-str.-Bath,AAU92142.1,lactose,NIMS,5,60,<0.1,below reported 0.1 conversion background; not numeric zero,0.1,3,NA,Bacteria,0.15334802933333333,1,expression_binary=1,true,10.1021/cb500244v,10.1021/cb500244v.s003,cb500244v_si_003.xlsx,Sheet1,128,F,F128
AAU92142.1_Methylococcus-capsulatus-str.-Bath,AAU92142.1,xylobiose,NIMS,5,80,<0.1,below reported 0.1 conversion background; not numeric zero,0.1,3,NA,Bacteria,0.15334802933333333,1,expression_binary=1,true,10.1021/cb500244v,10.1021/cb500244v.s003,cb500244v_si_003.xlsx,Sheet1,129,D,D129
AAU92142.1_Methylococcus-capsulatus-str.-Bath,AAU92142.1,cellobiose,NIMS,5,80,<0.1,below reported 0.1 conversion background; not numeric zero,0.1,3,NA,Bacteria,0.15334802933333333,1,expression_binary=1,true,10.1021/cb500244v,10.1021/cb500244v.s003,cb500244v_si_003.xlsx,Sheet1,129,E,E129
AAU92142.1_Methylococcus-capsulatus-str.-Bath,AAU92142.1,lactose,NIMS,5,80,<0.1,below reported 0.1 conversion background; not numeric zero,0.1,3,NA,Bacteria,0.15334802933333333,1,expression_binary=1,true,10.1021/cb500244v,10.1021/cb500244v.s003,cb500244v_si_003.xlsx,Sheet1,129,F,F129
AAU92142.1_Methylococcus-capsulatus-str.-Bath,AAU92142.1,xylobiose,NIMS,5,90,<0.1,below reported 0.1 conversion background; not numeric zero,0.1,3,NA,Bacteria,0.15334802933333333,1,expression_binary=1,true,10.1021/cb500244v,10.1021/cb500244v.s003,cb500244v_si_003.xlsx,Sheet1,130,D,D130
AAU92142.1_Methylococcus-capsulatus-str.-Bath,AAU92142.1,cellobiose,NIMS,5,90,<0.1,below reported 0.1 conversion background; not numeric zero,0.1,3,NA,Bacteria,0.15334802933333333,1,expression_binary=1,true,10.1021/cb500244v,10.1021/cb500244v.s003,cb500244v_si_003.xlsx,Sheet1,130,E,E130
AAU92142.1_Methylococcus-capsulatus-str.-Bath,AAU92142.1,lactose,NIMS,5,90,<0.1,below reported 0.1 conversion background; not numeric zero,0.1,3,NA,Bacteria,0.15334802933333333,1,expression_binary=1,true,10.1021/cb500244v,10.1021/cb500244v.s003,cb500244v_si_003.xlsx,Sheet1,130,F,F130
AAU92142.1_Methylococcus-capsulatus-str.-Bath,AAU92142.1,xylobiose,NIMS,8,40,<0.1,below reported 0.1 conversion background; not numeric zero,0.1,3,NA,Bacteria,0.15334802933333333,1,expression_binary=1,true,10.1021/cb500244v,10.1021/cb500244v.s003,cb500244v_si_003.xlsx,Sheet1,131,D,D131
AAU92142.1_Methylococcus-capsulatus-str.-Bath,AAU92142.1,cellobiose,NIMS,8,40,<0.1,below reported 0.1 conversion background; not numeric zero,0.1,3,NA,Bacteria,0.15334802933333333,1,expression_binary=1,true,10.1021/cb500244v,10.1021/cb500244v.s003,cb500244v_si_003.xlsx,Sheet1,131,E,E131
AAU92142.1_Methylococcus-capsulatus-str.-Bath,AAU92142.1,lactose,NIMS,8,40,<0.1,below reported 0.1 conversion background; not numeric zero,0.1,3,NA,Bacteria,0.15334802933333333,1,expression_binary=1,true,10.1021/cb500244v,10.1021/cb500244v.s003,cb500244v_si_003.xlsx,Sheet1,131,F,F131
AAU92142.1_Methylococcus-capsulatus-str.-Bath,AAU92142.1,xylobiose,NIMS,8,60,<0.1,below reported 0.1 conversion background; not numeric zero,0.1,3,NA,Bacteria,0.15334802933333333,1,expression_binary=1,true,10.1021/cb500244v,10.1021/cb500244v.s003,cb500244v_si_003.xlsx,Sheet1,132,D,D132
AAU92142.1_Methylococcus-capsulatus-str.-Bath,AAU92142.1,cellobiose,NIMS,8,60,<0.1,below reported 0.1 conversion background; not numeric zero,0.1,3,NA,Bacteria,0.15334802933333333,1,expression_binary=1,true,10.1021/cb500244v,10.1021/cb500244v.s003,cb500244v_si_003.xlsx,Sheet1,132,E,E132
AAU92142.1_Methylococcus-capsulatus-str.-Bath,AAU92142.1,lactose,NIMS,8,60,<0.1,below reported 0.1 conversion background; not numeric zero,0.1,3,NA,Bacteria,0.15334802933333333,1,expression_binary=1,true,10.1021/cb500244v,10.1021/cb500244v.s003,cb500244v_si_003.xlsx,Sheet1,132,F,F132
AAU92142.1_Methylococcus-capsulatus-str.-Bath,AAU92142.1,xylobiose,NIMS,8,80,<0.1,below reported 0.1 conversion background; not numeric zero,0.1,3,NA,Bacteria,0.15334802933333333,1,expression_binary=1,true,10.1021/cb500244v,10.1021/cb500244v.s003,cb500244v_si_003.xlsx,Sheet1,133,D,D133
AAU92142.1_Methylococcus-capsulatus-str.-Bath,AAU92142.1,cellobiose,NIMS,8,80,<0.1,below reported 0.1 conversion background; not numeric zero,0.1,3,NA,Bacteria,0.15334802933333333,1,expression_binary=1,true,10.1021/cb500244v,10.1021/cb500244v.s003,cb500244v_si_003.xlsx,Sheet1,133,E,E133
AAU92142.1_Methylococcus-capsulatus-str.-Bath,AAU92142.1,lactose,NIMS,8,80,<0.1,below reported 0.1 conversion background; not numeric zero,0.1,3,NA,Bacteria,0.15334802933333333,1,expression_binary=1,true,10.1021/cb500244v,10.1021/cb500244v.s003,cb500244v_si_003.xlsx,Sheet1,133,F,F133
AAU92142.1_Methylococcus-capsulatus-str.-Bath,AAU92142.1,xylobiose,NIMS,8,90,<0.1,below reported 0.1 conversion background; not numeric zero,0.1,3,NA,Bacteria,0.15334802933333333,1,expression_binary=1,true,10.1021/cb500244v,10.1021/cb500244v.s003,cb500244v_si_003.xlsx,Sheet1,134,D,D134
AAU92142.1_Methylococcus-capsulatus-str.-Bath,AAU92142.1,cellobiose,NIMS,8,90,<0.1,below reported 0.1 conversion background; not numeric zero,0.1,3,NA,Bacteria,0.15334802933333333,1,expression_binary=1,true,10.1021/cb500244v,10.1021/cb500244v.s003,cb500244v_si_003.xlsx,Sheet1,134,E,E134
AAU92142.1_Methylococcus-capsulatus-str.-Bath,AAU92142.1,lactose,NIMS,8,90,<0.1,below reported 0.1 conversion background; not numeric zero,0.1,3,NA,Bacteria,0.15334802933333333,1,expression_binary=1,true,10.1021/cb500244v,10.1021/cb500244v.s003,cb500244v_si_003.xlsx,Sheet1,134,F,F134
AAX07701.1_Magnaporthe-grisea,AAX07701.1,xylobiose,NIMS,5,40,<0.1,below reported 0.1 conversion background; not numeric zero,0.1,3,NA,Eukaryota,0.004,0,expression_binary=0,false,10.1021/cb500244v,10.1021/cb500244v.s003,cb500244v_si_003.xlsx,Sheet1,135,D,D135
AAX07701.1_Magnaporthe-grisea,AAX07701.1,cellobiose,NIMS,5,40,<0.1,below reported 0.1 conversion background; not numeric zero,0.1,3,NA,Eukaryota,0.004,0,expression_binary=0,false,10.1021/cb500244v,10.1021/cb500244v.s003,cb500244v_si_003.xlsx,Sheet1,135,E,E135
AAX07701.1_Magnaporthe-grisea,AAX07701.1,lactose,NIMS,5,40,<0.1,below reported 0.1 conversion background; not numeric zero,0.1,3,NA,Eukaryota,0.004,0,expression_binary=0,false,10.1021/cb500244v,10.1021/cb500244v.s003,cb500244v_si_003.xlsx,Sheet1,135,F,F135
AAX07701.1_Magnaporthe-grisea,AAX07701.1,xylobiose,NIMS,5,60,<0.1,below reported 0.1 conversion background; not numeric zero,0.1,3,NA,Eukaryota,0.004,0,expression_binary=0,false,10.1021/cb500244v,10.1021/cb500244v.s003,cb500244v_si_003.xlsx,Sheet1,136,D,D136
AAX07701.1_Magnaporthe-grisea,AAX07701.1,cellobiose,NIMS,5,60,<0.1,below reported 0.1 conversion background; not numeric zero,0.1,3,NA,Eukaryota,0.004,0,expression_binary=0,false,10.1021/cb500244v,10.1021/cb500244v.s003,cb500244v_si_003.xlsx,Sheet1,136,E,E136
AAX07701.1_Magnaporthe-grisea,AAX07701.1,lactose,NIMS,5,60,<0.1,below reported 0.1 conversion background; not numeric zero,0.1,3,NA,Eukaryota,0.004,0,expression_binary=0,false,10.1021/cb500244v,10.1021/cb500244v.s003,cb500244v_si_003.xlsx,Sheet1,136,F,F136
AAX07701.1_Magnaporthe-grisea,AAX07701.1,xylobiose,NIMS,5,80,<0.1,below reported 0.1 conversion background; not numeric zero,0.1,3,NA,Eukaryota,0.004,0,expression_binary=0,false,10.1021/cb500244v,10.1021/cb500244v.s003,cb500244v_si_003.xlsx,Sheet1,137,D,D137
AAX07701.1_Magnaporthe-grisea,AAX07701.1,cellobiose,NIMS,5,80,<0.1,below reported 0.1 conversion background; not numeric zero,0.1,3,NA,Eukaryota,0.004,0,expression_binary=0,false,10.1021/cb500244v,10.1021/cb500244v.s003,cb500244v_si_003.xlsx,Sheet1,137,E,E137
AAX07701.1_Magnaporthe-grisea,AAX07701.1,lactose,NIMS,5,80,<0.1,below reported 0.1 conversion background; not numeric zero,0.1,3,NA,Eukaryota,0.004,0,expression_binary=0,false,10.1021/cb500244v,10.1021/cb500244v.s003,cb500244v_si_003.xlsx,Sheet1,137,F,F137
AAX07701.1_Magnaporthe-grisea,AAX07701.1,xylobiose,NIMS,5,90,<0.1,below reported 0.1 conversion background; not numeric zero,0.1,3,NA,Eukaryota,0.004,0,expression_binary=0,false,10.1021/cb500244v,10.1021/cb500244v.s003,cb500244v_si_003.xlsx,Sheet1,138,D,D138
AAX07701.1_Magnaporthe-grisea,AAX07701.1,cellobiose,NIMS,5,90,<0.1,below reported 0.1 conversion background; not numeric zero,0.1,3,NA,Eukaryota,0.004,0,expression_binary=0,false,10.1021/cb500244v,10.1021/cb500244v.s003,cb500244v_si_003.xlsx,Sheet1,138,E,E138
AAX07701.1_Magnaporthe-grisea,AAX07701.1,lactose,NIMS,5,90,<0.1,below reported 0.1 conversion background; not numeric zero,0.1,3,NA,Eukaryota,0.004,0,expression_binary=0,false,10.1021/cb500244v,10.1021/cb500244v.s003,cb500244v_si_003.xlsx,Sheet1,138,F,F138
AAX07701.1_Magnaporthe-grisea,AAX07701.1,xylobiose,NIMS,8,40,<0.1,below reported 0.1 conversion background; not numeric zero,0.1,3,NA,Eukaryota,0.004,0,expression_binary=0,false,10.1021/cb500244v,10.1021/cb500244v.s003,cb500244v_si_003.xlsx,Sheet1,139,D,D139
AAX07701.1_Magnaporthe-grisea,AAX07701.1,cellobiose,NIMS,8,40,<0.1,below reported 0.1 conversion background; not numeric zero,0.1,3,NA,Eukaryota,0.004,0,expression_binary=0,false,10.1021/cb500244v,10.1021/cb500244v.s003,cb500244v_si_003.xlsx,Sheet1,139,E,E139
AAX07701.1_Magnaporthe-grisea,AAX07701.1,lactose,NIMS,8,40,<0.1,below reported 0.1 conversion background; not numeric zero,0.1,3,NA,Eukaryota,0.004,0,expression_binary=0,false,10.1021/cb500244v,10.1021/cb500244v.s003,cb500244v_si_003.xlsx,Sheet1,139,F,F139
AAX07701.1_Magnaporthe-grisea,AAX07701.1,xylobiose,NIMS,8,60,<0.1,below reported 0.1 conversion background; not numeric zero,0.1,3,NA,Eukaryota,0.004,0,expression_binary=0,false,10.1021/cb500244v,10.1021/cb500244v.s003,cb500244v_si_003.xlsx,Sheet1,140,D,D140
AAX07701.1_Magnaporthe-grisea,AAX07701.1,cellobiose,NIMS,8,60,<0.1,below reported 0.1 conversion background; not numeric zero,0.1,3,NA,Eukaryota,0.004,0,expression_binary=0,false,10.1021/cb500244v,10.1021/cb500244v.s003,cb500244v_si_003.xlsx,Sheet1,140,E,E140
AAX07701.1_Magnaporthe-grisea,AAX07701.1,lactose,NIMS,8,60,<0.1,below reported 0.1 conversion background; not numeric zero,0.1,3,NA,Eukaryota,0.004,0,expression_binary=0,false,10.1021/cb500244v,10.1021/cb500244v.s003,cb500244v_si_003.xlsx,Sheet1,140,F,F140
AAX07701.1_Magnaporthe-grisea,AAX07701.1,xylobiose,NIMS,8,80,<0.1,below reported 0.1 conversion background; not numeric zero,0.1,3,NA,Eukaryota,0.004,0,expression_binary=0,false,10.1021/cb500244v,10.1021/cb500244v.s003,cb500244v_si_003.xlsx,Sheet1,141,D,D141
AAX07701.1_Magnaporthe-grisea,AAX07701.1,cellobiose,NIMS,8,80,<0.1,below reported 0.1 conversion background; not numeric zero,0.1,3,NA,Eukaryota,0.004,0,expression_binary=0,false,10.1021/cb500244v,10.1021/cb500244v.s003,cb500244v_si_003.xlsx,Sheet1,141,E,E141
AAX07701.1_Magnaporthe-grisea,AAX07701.1,lactose,NIMS,8,80,<0.1,below reported 0.1 conversion background; not numeric zero,0.1,3,NA,Eukaryota,0.004,0,expression_binary=0,false,10.1021/cb500244v,10.1021/cb500244v.s003,cb500244v_si_003.xlsx,Sheet1,141,F,F141
AAX07701.1_Magnaporthe-grisea,AAX07701.1,xylobiose,NIMS,8,90,<0.1,below reported 0.1 conversion background; not numeric zero,0.1,3,NA,Eukaryota,0.004,0,expression_binary=0,false,10.1021/cb500244v,10.1021/cb500244v.s003,cb500244v_si_003.xlsx,Sheet1,142,D,D142
AAX07701.1_Magnaporthe-grisea,AAX07701.1,cellobiose,NIMS,8,90,<0.1,below reported 0.1 conversion background; not numeric zero,0.1,3,NA,Eukaryota,0.004,0,expression_binary=0,false,10.1021/cb500244v,10.1021/cb500244v.s003,cb500244v_si_003.xlsx,Sheet1,142,E,E142
AAX07701.1_Magnaporthe-grisea,AAX07701.1,lactose,NIMS,8,90,<0.1,below reported 0.1 conversion background; not numeric zero,0.1,3,NA,Eukaryota,0.004,0,expression_binary=0,false,10.1021/cb500244v,10.1021/cb500244v.s003,cb500244v_si_003.xlsx,Sheet1,142,F,F142
AAY81155.1_Sulfolobus-acidocaldarius-DSM-639,AAY81155.1,xylobiose,NIMS,5,40,<0.1,below reported 0.1 conversion background; not numeric zero,0.1,3,NA,Archaea,0.41724939466666666,1,expression_binary=1,true,10.1021/cb500244v,10.1021/cb500244v.s003,cb500244v_si_003.xlsx,Sheet1,143,D,D143
AAY81155.1_Sulfolobus-acidocaldarius-DSM-639,AAY81155.1,xylobiose,NIMS,5,60,<0.1,below reported 0.1 conversion background; not numeric zero,0.1,3,NA,Archaea,0.41724939466666666,1,expression_binary=1,true,10.1021/cb500244v,10.1021/cb500244v.s003,cb500244v_si_003.xlsx,Sheet1,144,D,D144
AAY81155.1_Sulfolobus-acidocaldarius-DSM-639,AAY81155.1,xylobiose,NIMS,5,80,<0.1,below reported 0.1 conversion background; not numeric zero,0.1,3,NA,Archaea,0.41724939466666666,1,expression_binary=1,true,10.1021/cb500244v,10.1021/cb500244v.s003,cb500244v_si_003.xlsx,Sheet1,145,D,D145
AAY81155.1_Sulfolobus-acidocaldarius-DSM-639,AAY81155.1,xylobiose,NIMS,5,90,<0.1,below reported 0.1 conversion background; not numeric zero,0.1,3,NA,Archaea,0.41724939466666666,1,expression_binary=1,true,10.1021/cb500244v,10.1021/cb500244v.s003,cb500244v_si_003.xlsx,Sheet1,146,D,D146
AAY81155.1_Sulfolobus-acidocaldarius-DSM-639,AAY81155.1,cellobiose,NIMS,5,90,<0.1,below reported 0.1 conversion background; not numeric zero,0.1,3,NA,Archaea,0.41724939466666666,1,expression_binary=1,true,10.1021/cb500244v,10.1021/cb500244v.s003,cb500244v_si_003.xlsx,Sheet1,146,E,E146
AAY81155.1_Sulfolobus-acidocaldarius-DSM-639,AAY81155.1,lactose,NIMS,5,90,<0.1,below reported 0.1 conversion background; not numeric zero,0.1,3,NA,Archaea,0.41724939466666666,1,expression_binary=1,true,10.1021/cb500244v,10.1021/cb500244v.s003,cb500244v_si_003.xlsx,Sheet1,146,F,F146
AAY81155.1_Sulfolobus-acidocaldarius-DSM-639,AAY81155.1,xylobiose,NIMS,8,40,<0.1,below reported 0.1 conversion background; not numeric zero,0.1,3,NA,Archaea,0.41724939466666666,1,expression_binary=1,true,10.1021/cb500244v,10.1021/cb500244v.s003,cb500244v_si_003.xlsx,Sheet1,147,D,D147
AAY81155.1_Sulfolobus-acidocaldarius-DSM-639,AAY81155.1,xylobiose,NIMS,8,60,<0.1,below reported 0.1 conversion background; not numeric zero,0.1,3,NA,Archaea,0.41724939466666666,1,expression_binary=1,true,10.1021/cb500244v,10.1021/cb500244v.s003,cb500244v_si_003.xlsx,Sheet1,148,D,D148
AAY81155.1_Sulfolobus-acidocaldarius-DSM-639,AAY81155.1,xylobiose,NIMS,8,80,<0.1,below reported 0.1 conversion background; not numeric zero,0.1,3,NA,Archaea,0.41724939466666666,1,expression_binary=1,true,10.1021/cb500244v,10.1021/cb500244v.s003,cb500244v_si_003.xlsx,Sheet1,149,D,D149
AAY81155.1_Sulfolobus-acidocaldarius-DSM-639,AAY81155.1,xylobiose,NIMS,8,90,<0.1,below reported 0.1 conversion background; not numeric zero,0.1,3,NA,Archaea,0.41724939466666666,1,expression_binary=1,true,10.1021/cb500244v,10.1021/cb500244v.s003,cb500244v_si_003.xlsx,Sheet1,150,D,D150
AAY81155.1_Sulfolobus-acidocaldarius-DSM-639,AAY81155.1,cellobiose,NIMS,8,90,<0.1,below reported 0.1 conversion background; not numeric zero,0.1,3,NA,Archaea,0.41724939466666666,1,expression_binary=1,true,10.1021/cb500244v,10.1021/cb500244v.s003,cb500244v_si_003.xlsx,Sheet1,150,E,E150
AAY81155.1_Sulfolobus-acidocaldarius-DSM-639,AAY81155.1,lactose,NIMS,8,90,<0.1,below reported 0.1 conversion background; not numeric zero,0.1,3,NA,Archaea,0.41724939466666666,1,expression_binary=1,true,10.1021/cb500244v,10.1021/cb500244v.s003,cb500244v_si_003.xlsx,Sheet1,150,F,F150
AAZ81839.1_Alicyclobacillus-acidocaldarius,AAZ81839.1,xylobiose,NIMS,5,80,<0.1,below reported 0.1 conversion background; not numeric zero,0.1,3,NA,Bacteria,0.13115187733333333,1,expression_binary=1,true,10.1021/cb500244v,10.1021/cb500244v.s003,cb500244v_si_003.xlsx,Sheet1,153,D,D153
AAZ81839.1_Alicyclobacillus-acidocaldarius,AAZ81839.1,xylobiose,NIMS,5,90,<0.1,below reported 0.1 conversion background; not numeric zero,0.1,3,NA,Bacteria,0.13115187733333333,1,expression_binary=1,true,10.1021/cb500244v,10.1021/cb500244v.s003,cb500244v_si_003.xlsx,Sheet1,154,D,D154
AAZ81839.1_Alicyclobacillus-acidocaldarius,AAZ81839.1,cellobiose,NIMS,5,90,<0.1,below reported 0.1 conversion background; not numeric zero,0.1,3,NA,Bacteria,0.13115187733333333,1,expression_binary=1,true,10.1021/cb500244v,10.1021/cb500244v.s003,cb500244v_si_003.xlsx,Sheet1,154,E,E154
AAZ81839.1_Alicyclobacillus-acidocaldarius,AAZ81839.1,lactose,NIMS,5,90,<0.1,below reported 0.1 conversion background; not numeric zero,0.1,3,NA,Bacteria,0.13115187733333333,1,expression_binary=1,true,10.1021/cb500244v,10.1021/cb500244v.s003,cb500244v_si_003.xlsx,Sheet1,154,F,F154
AAZ81839.1_Alicyclobacillus-acidocaldarius,AAZ81839.1,xylobiose,NIMS,8,40,<0.1,below reported 0.1 conversion background; not numeric zero,0.1,3,NA,Bacteria,0.13115187733333333,1,expression_binary=1,true,10.1021/cb500244v,10.1021/cb500244v.s003,cb500244v_si_003.xlsx,Sheet1,155,D,D155
AAZ81839.1_Alicyclobacillus-acidocaldarius,AAZ81839.1,xylobiose,NIMS,8,80,<0.1,below reported 0.1 conversion background; not numeric zero,0.1,3,NA,Bacteria,0.13115187733333333,1,expression_binary=1,true,10.1021/cb500244v,10.1021/cb500244v.s003,cb500244v_si_003.xlsx,Sheet1,157,D,D157
AAZ81839.1_Alicyclobacillus-acidocaldarius,AAZ81839.1,xylobiose,NIMS,8,90,<0.1,below reported 0.1 conversion background; not numeric zero,0.1,3,NA,Bacteria,0.13115187733333333,1,expression_binary=1,true,10.1021/cb500244v,10.1021/cb500244v.s003,cb500244v_si_003.xlsx,Sheet1,158,D,D158
AAZ81839.1_Alicyclobacillus-acidocaldarius,AAZ81839.1,cellobiose,NIMS,8,90,<0.1,below reported 0.1 conversion background; not numeric zero,0.1,3,NA,Bacteria,0.13115187733333333,1,expression_binary=1,true,10.1021/cb500244v,10.1021/cb500244v.s003,cb500244v_si_003.xlsx,Sheet1,158,E,E158
AAZ81839.1_Alicyclobacillus-acidocaldarius,AAZ81839.1,lactose,NIMS,8,90,<0.1,below reported 0.1 conversion background; not numeric zero,0.1,3,NA,Bacteria,0.13115187733333333,1,expression_binary=1,true,10.1021/cb500244v,10.1021/cb500244v.s003,cb500244v_si_003.xlsx,Sheet1,158,F,F158
ABC33525.1_Hahella-chejuensis-KCTC-2396,ABC33525.1,xylobiose,NIMS,5,40,<0.1,below reported 0.1 conversion background; not numeric zero,0.1,3,NA,Bacteria,0.127,1,expression_binary=1,true,10.1021/cb500244v,10.1021/cb500244v.s003,cb500244v_si_003.xlsx,Sheet1,159,D,D159
ABC33525.1_Hahella-chejuensis-KCTC-2396,ABC33525.1,xylobiose,NIMS,5,60,<0.1,below reported 0.1 conversion background; not numeric zero,0.1,3,NA,Bacteria,0.127,1,expression_binary=1,true,10.1021/cb500244v,10.1021/cb500244v.s003,cb500244v_si_003.xlsx,Sheet1,160,D,D160
ABC33525.1_Hahella-chejuensis-KCTC-2396,ABC33525.1,xylobiose,NIMS,5,80,<0.1,below reported 0.1 conversion background; not numeric zero,0.1,3,NA,Bacteria,0.127,1,expression_binary=1,true,10.1021/cb500244v,10.1021/cb500244v.s003,cb500244v_si_003.xlsx,Sheet1,161,D,D161
ABC33525.1_Hahella-chejuensis-KCTC-2396,ABC33525.1,cellobiose,NIMS,5,80,<0.1,below reported 0.1 conversion background; not numeric zero,0.1,3,NA,Bacteria,0.127,1,expression_binary=1,true,10.1021/cb500244v,10.1021/cb500244v.s003,cb500244v_si_003.xlsx,Sheet1,161,E,E161
ABC33525.1_Hahella-chejuensis-KCTC-2396,ABC33525.1,lactose,NIMS,5,80,<0.1,below reported 0.1 conversion background; not numeric zero,0.1,3,NA,Bacteria,0.127,1,expression_binary=1,true,10.1021/cb500244v,10.1021/cb500244v.s003,cb500244v_si_003.xlsx,Sheet1,161,F,F161
ABC33525.1_Hahella-chejuensis-KCTC-2396,ABC33525.1,xylobiose,NIMS,5,90,<0.1,below reported 0.1 conversion background; not numeric zero,0.1,3,NA,Bacteria,0.127,1,expression_binary=1,true,10.1021/cb500244v,10.1021/cb500244v.s003,cb500244v_si_003.xlsx,Sheet1,162,D,D162
ABC33525.1_Hahella-chejuensis-KCTC-2396,ABC33525.1,cellobiose,NIMS,5,90,<0.1,below reported 0.1 conversion background; not numeric zero,0.1,3,NA,Bacteria,0.127,1,expression_binary=1,true,10.1021/cb500244v,10.1021/cb500244v.s003,cb500244v_si_003.xlsx,Sheet1,162,E,E162
ABC33525.1_Hahella-chejuensis-KCTC-2396,ABC33525.1,lactose,NIMS,5,90,<0.1,below reported 0.1 conversion background; not numeric zero,0.1,3,NA,Bacteria,0.127,1,expression_binary=1,true,10.1021/cb500244v,10.1021/cb500244v.s003,cb500244v_si_003.xlsx,Sheet1,162,F,F162
ABC33525.1_Hahella-chejuensis-KCTC-2396,ABC33525.1,xylobiose,NIMS,8,40,<0.1,below reported 0.1 conversion background; not numeric zero,0.1,3,NA,Bacteria,0.127,1,expression_binary=1,true,10.1021/cb500244v,10.1021/cb500244v.s003,cb500244v_si_003.xlsx,Sheet1,163,D,D163
ABC33525.1_Hahella-chejuensis-KCTC-2396,ABC33525.1,xylobiose,NIMS,8,60,<0.1,below reported 0.1 conversion background; not numeric zero,0.1,3,NA,Bacteria,0.127,1,expression_binary=1,true,10.1021/cb500244v,10.1021/cb500244v.s003,cb500244v_si_003.xlsx,Sheet1,164,D,D164
ABC33525.1_Hahella-chejuensis-KCTC-2396,ABC33525.1,cellobiose,NIMS,8,60,<0.1,below reported 0.1 conversion background; not numeric zero,0.1,3,NA,Bacteria,0.127,1,expression_binary=1,true,10.1021/cb500244v,10.1021/cb500244v.s003,cb500244v_si_003.xlsx,Sheet1,164,E,E164
ABC33525.1_Hahella-chejuensis-KCTC-2396,ABC33525.1,lactose,NIMS,8,60,<0.1,below reported 0.1 conversion background; not numeric zero,0.1,3,NA,Bacteria,0.127,1,expression_binary=1,true,10.1021/cb500244v,10.1021/cb500244v.s003,cb500244v_si_003.xlsx,Sheet1,164,F,F164
ABC33525.1_Hahella-chejuensis-KCTC-2396,ABC33525.1,xylobiose,NIMS,8,80,<0.1,below reported 0.1 conversion background; not numeric zero,0.1,3,NA,Bacteria,0.127,1,expression_binary=1,true,10.1021/cb500244v,10.1021/cb500244v.s003,cb500244v_si_003.xlsx,Sheet1,165,D,D165
ABC33525.1_Hahella-chejuensis-KCTC-2396,ABC33525.1,cellobiose,NIMS,8,80,<0.1,below reported 0.1 conversion background; not numeric zero,0.1,3,NA,Bacteria,0.127,1,expression_binary=1,true,10.1021/cb500244v,10.1021/cb500244v.s003,cb500244v_si_003.xlsx,Sheet1,165,E,E165
ABC33525.1_Hahella-chejuensis-KCTC-2396,ABC33525.1,lactose,NIMS,8,80,<0.1,below reported 0.1 conversion background; not numeric zero,0.1,3,NA,Bacteria,0.127,1,expression_binary=1,true,10.1021/cb500244v,10.1021/cb500244v.s003,cb500244v_si_003.xlsx,Sheet1,165,F,F165
ABC33525.1_Hahella-chejuensis-KCTC-2396,ABC33525.1,xylobiose,NIMS,8,90,<0.1,below reported 0.1 conversion background; not numeric zero,0.1,3,NA,Bacteria,0.127,1,expression_binary=1,true,10.1021/cb500244v,10.1021/cb500244v.s003,cb500244v_si_003.xlsx,Sheet1,166,D,D166
ABC33525.1_Hahella-chejuensis-KCTC-2396,ABC33525.1,cellobiose,NIMS,8,90,<0.1,below reported 0.1 conversion background; not numeric zero,0.1,3,NA,Bacteria,0.127,1,expression_binary=1,true,10.1021/cb500244v,10.1021/cb500244v.s003,cb500244v_si_003.xlsx,Sheet1,166,E,E166
ABC33525.1_Hahella-chejuensis-KCTC-2396,ABC33525.1,lactose,NIMS,8,90,<0.1,below reported 0.1 conversion background; not numeric zero,0.1,3,NA,Bacteria,0.127,1,expression_binary=1,true,10.1021/cb500244v,10.1021/cb500244v.s003,cb500244v_si_003.xlsx,Sheet1,166,F,F166
ABC92395.1_Rhizobium-etli-CFN-42,ABC92395.1,xylobiose,NIMS,5,40,<0.1,below reported 0.1 conversion background; not numeric zero,0.1,3,NA,Bacteria,0.039918954666666666,1,expression_binary=1,true,10.1021/cb500244v,10.1021/cb500244v.s003,cb500244v_si_003.xlsx,Sheet1,167,D,D167
ABC92395.1_Rhizobium-etli-CFN-42,ABC92395.1,cellobiose,NIMS,5,40,<0.1,below reported 0.1 conversion background; not numeric zero,0.1,3,NA,Bacteria,0.039918954666666666,1,expression_binary=1,true,10.1021/cb500244v,10.1021/cb500244v.s003,cb500244v_si_003.xlsx,Sheet1,167,E,E167
ABC92395.1_Rhizobium-etli-CFN-42,ABC92395.1,lactose,NIMS,5,40,<0.1,below reported 0.1 conversion background; not numeric zero,0.1,3,NA,Bacteria,0.039918954666666666,1,expression_binary=1,true,10.1021/cb500244v,10.1021/cb500244v.s003,cb500244v_si_003.xlsx,Sheet1,167,F,F167
ABC92395.1_Rhizobium-etli-CFN-42,ABC92395.1,xylobiose,NIMS,5,60,<0.1,below reported 0.1 conversion background; not numeric zero,0.1,3,NA,Bacteria,0.039918954666666666,1,expression_binary=1,true,10.1021/cb500244v,10.1021/cb500244v.s003,cb500244v_si_003.xlsx,Sheet1,168,D,D168
ABC92395.1_Rhizobium-etli-CFN-42,ABC92395.1,cellobiose,NIMS,5,60,<0.1,below reported 0.1 conversion background; not numeric zero,0.1,3,NA,Bacteria,0.039918954666666666,1,expression_binary=1,true,10.1021/cb500244v,10.1021/cb500244v.s003,cb500244v_si_003.xlsx,Sheet1,168,E,E168
ABC92395.1_Rhizobium-etli-CFN-42,ABC92395.1,lactose,NIMS,5,60,<0.1,below reported 0.1 conversion background; not numeric zero,0.1,3,NA,Bacteria,0.039918954666666666,1,expression_binary=1,true,10.1021/cb500244v,10.1021/cb500244v.s003,cb500244v_si_003.xlsx,Sheet1,168,F,F168
ABC92395.1_Rhizobium-etli-CFN-42,ABC92395.1,xylobiose,NIMS,5,80,<0.1,below reported 0.1 conversion background; not numeric zero,0.1,3,NA,Bacteria,0.039918954666666666,1,expression_binary=1,true,10.1021/cb500244v,10.1021/cb500244v.s003,cb500244v_si_003.xlsx,Sheet1,169,D,D169
ABC92395.1_Rhizobium-etli-CFN-42,ABC92395.1,cellobiose,NIMS,5,80,<0.1,below reported 0.1 conversion background; not numeric zero,0.1,3,NA,Bacteria,0.039918954666666666,1,expression_binary=1,true,10.1021/cb500244v,10.1021/cb500244v.s003,cb500244v_si_003.xlsx,Sheet1,169,E,E169
ABC92395.1_Rhizobium-etli-CFN-42,ABC92395.1,lactose,NIMS,5,80,<0.1,below reported 0.1 conversion background; not numeric zero,0.1,3,NA,Bacteria,0.039918954666666666,1,expression_binary=1,true,10.1021/cb500244v,10.1021/cb500244v.s003,cb500244v_si_003.xlsx,Sheet1,169,F,F169
ABC92395.1_Rhizobium-etli-CFN-42,ABC92395.1,xylobiose,NIMS,5,90,<0.1,below reported 0.1 conversion background; not numeric zero,0.1,3,NA,Bacteria,0.039918954666666666,1,expression_binary=1,true,10.1021/cb500244v,10.1021/cb500244v.s003,cb500244v_si_003.xlsx,Sheet1,170,D,D170
ABC92395.1_Rhizobium-etli-CFN-42,ABC92395.1,cellobiose,NIMS,5,90,<0.1,below reported 0.1 conversion background; not numeric zero,0.1,3,NA,Bacteria,0.039918954666666666,1,expression_binary=1,true,10.1021/cb500244v,10.1021/cb500244v.s003,cb500244v_si_003.xlsx,Sheet1,170,E,E170
ABC92395.1_Rhizobium-etli-CFN-42,ABC92395.1,lactose,NIMS,5,90,<0.1,below reported 0.1 conversion background; not numeric zero,0.1,3,NA,Bacteria,0.039918954666666666,1,expression_binary=1,true,10.1021/cb500244v,10.1021/cb500244v.s003,cb500244v_si_003.xlsx,Sheet1,170,F,F170
ABC92395.1_Rhizobium-etli-CFN-42,ABC92395.1,xylobiose,NIMS,8,40,<0.1,below reported 0.1 conversion background; not numeric zero,0.1,3,NA,Bacteria,0.039918954666666666,1,expression_binary=1,true,10.1021/cb500244v,10.1021/cb500244v.s003,cb500244v_si_003.xlsx,Sheet1,171,D,D171
ABC92395.1_Rhizobium-etli-CFN-42,ABC92395.1,cellobiose,NIMS,8,40,<0.1,below reported 0.1 conversion background; not numeric zero,0.1,3,NA,Bacteria,0.039918954666666666,1,expression_binary=1,true,10.1021/cb500244v,10.1021/cb500244v.s003,cb500244v_si_003.xlsx,Sheet1,171,E,E171
ABC92395.1_Rhizobium-etli-CFN-42,ABC92395.1,lactose,NIMS,8,40,<0.1,below reported 0.1 conversion background; not numeric zero,0.1,3,NA,Bacteria,0.039918954666666666,1,expression_binary=1,true,10.1021/cb500244v,10.1021/cb500244v.s003,cb500244v_si_003.xlsx,Sheet1,171,F,F171
ABC92395.1_Rhizobium-etli-CFN-42,ABC92395.1,xylobiose,NIMS,8,60,<0.1,below reported 0.1 conversion background; not numeric zero,0.1,3,NA,Bacteria,0.039918954666666666,1,expression_binary=1,true,10.1021/cb500244v,10.1021/cb500244v.s003,cb500244v_si_003.xlsx,Sheet1,172,D,D172
ABC92395.1_Rhizobium-etli-CFN-42,ABC92395.1,cellobiose,NIMS,8,60,<0.1,below reported 0.1 conversion background; not numeric zero,0.1,3,NA,Bacteria,0.039918954666666666,1,expression_binary=1,true,10.1021/cb500244v,10.1021/cb500244v.s003,cb500244v_si_003.xlsx,Sheet1,172,E,E172
ABC92395.1_Rhizobium-etli-CFN-42,ABC92395.1,lactose,NIMS,8,60,<0.1,below reported 0.1 conversion background; not numeric zero,0.1,3,NA,Bacteria,0.039918954666666666,1,expression_binary=1,true,10.1021/cb500244v,10.1021/cb500244v.s003,cb500244v_si_003.xlsx,Sheet1,172,F,F172
ABC92395.1_Rhizobium-etli-CFN-42,ABC92395.1,xylobiose,NIMS,8,80,<0.1,below reported 0.1 conversion background; not numeric zero,0.1,3,NA,Bacteria,0.039918954666666666,1,expression_binary=1,true,10.1021/cb500244v,10.1021/cb500244v.s003,cb500244v_si_003.xlsx,Sheet1,173,D,D173
ABC92395.1_Rhizobium-etli-CFN-42,ABC92395.1,cellobiose,NIMS,8,80,<0.1,below reported 0.1 conversion background; not numeric zero,0.1,3,NA,Bacteria,0.039918954666666666,1,expression_binary=1,true,10.1021/cb500244v,10.1021/cb500244v.s003,cb500244v_si_003.xlsx,Sheet1,173,E,E173
ABC92395.1_Rhizobium-etli-CFN-42,ABC92395.1,lactose,NIMS,8,80,<0.1,below reported 0.1 conversion background; not numeric zero,0.1,3,NA,Bacteria,0.039918954666666666,1,expression_binary=1,true,10.1021/cb500244v,10.1021/cb500244v.s003,cb500244v_si_003.xlsx,Sheet1,173,F,F173
ABC92395.1_Rhizobium-etli-CFN-42,ABC92395.1,xylobiose,NIMS,8,90,<0.1,below reported 0.1 conversion background; not numeric zero,0.1,3,NA,Bacteria,0.039918954666666666,1,expression_binary=1,true,10.1021/cb500244v,10.1021/cb500244v.s003,cb500244v_si_003.xlsx,Sheet1,174,D,D174
ABC92395.1_Rhizobium-etli-CFN-42,ABC92395.1,cellobiose,NIMS,8,90,<0.1,below reported 0.1 conversion background; not numeric zero,0.1,3,NA,Bacteria,0.039918954666666666,1,expression_binary=1,true,10.1021/cb500244v,10.1021/cb500244v.s003,cb500244v_si_003.xlsx,Sheet1,174,E,E174
ABC92395.1_Rhizobium-etli-CFN-42,ABC92395.1,lactose,NIMS,8,90,<0.1,below reported 0.1 conversion background; not numeric zero,0.1,3,NA,Bacteria,0.039918954666666666,1,expression_binary=1,true,10.1021/cb500244v,10.1021/cb500244v.s003,cb500244v_si_003.xlsx,Sheet1,174,F,F174
ABD80656.1_Saccharophagus-degradans-2-40,ABD80656.1,xylobiose,NIMS,5,40,<0.1,below reported 0.1 conversion background; not numeric zero,0.1,3,NA,Bacteria,0.2815071493333334,1,expression_binary=1,true,10.1021/cb500244v,10.1021/cb500244v.s003,cb500244v_si_003.xlsx,Sheet1,175,D,D175
ABD80656.1_Saccharophagus-degradans-2-40,ABD80656.1,xylobiose,NIMS,5,60,<0.1,below reported 0.1 conversion background; not numeric zero,0.1,3,NA,Bacteria,0.2815071493333334,1,expression_binary=1,true,10.1021/cb500244v,10.1021/cb500244v.s003,cb500244v_si_003.xlsx,Sheet1,176,D,D176
ABD80656.1_Saccharophagus-degradans-2-40,ABD80656.1,cellobiose,NIMS,5,60,<0.1,below reported 0.1 conversion background; not numeric zero,0.1,3,NA,Bacteria,0.2815071493333334,1,expression_binary=1,true,10.1021/cb500244v,10.1021/cb500244v.s003,cb500244v_si_003.xlsx,Sheet1,176,E,E176
ABD80656.1_Saccharophagus-degradans-2-40,ABD80656.1,lactose,NIMS,5,60,<0.1,below reported 0.1 conversion background; not numeric zero,0.1,3,NA,Bacteria,0.2815071493333334,1,expression_binary=1,true,10.1021/cb500244v,10.1021/cb500244v.s003,cb500244v_si_003.xlsx,Sheet1,176,F,F176
ABD80656.1_Saccharophagus-degradans-2-40,ABD80656.1,xylobiose,NIMS,5,80,<0.1,below reported 0.1 conversion background; not numeric zero,0.1,3,NA,Bacteria,0.2815071493333334,1,expression_binary=1,true,10.1021/cb500244v,10.1021/cb500244v.s003,cb500244v_si_003.xlsx,Sheet1,177,D,D177
ABD80656.1_Saccharophagus-degradans-2-40,ABD80656.1,cellobiose,NIMS,5,80,<0.1,below reported 0.1 conversion background; not numeric zero,0.1,3,NA,Bacteria,0.2815071493333334,1,expression_binary=1,true,10.1021/cb500244v,10.1021/cb500244v.s003,cb500244v_si_003.xlsx,Sheet1,177,E,E177
ABD80656.1_Saccharophagus-degradans-2-40,ABD80656.1,lactose,NIMS,5,80,<0.1,below reported 0.1 conversion background; not numeric zero,0.1,3,NA,Bacteria,0.2815071493333334,1,expression_binary=1,true,10.1021/cb500244v,10.1021/cb500244v.s003,cb500244v_si_003.xlsx,Sheet1,177,F,F177
ABD80656.1_Saccharophagus-degradans-2-40,ABD80656.1,xylobiose,NIMS,5,90,<0.1,below reported 0.1 conversion background; not numeric zero,0.1,3,NA,Bacteria,0.2815071493333334,1,expression_binary=1,true,10.1021/cb500244v,10.1021/cb500244v.s003,cb500244v_si_003.xlsx,Sheet1,178,D,D178
ABD80656.1_Saccharophagus-degradans-2-40,ABD80656.1,cellobiose,NIMS,5,90,<0.1,below reported 0.1 conversion background; not numeric zero,0.1,3,NA,Bacteria,0.2815071493333334,1,expression_binary=1,true,10.1021/cb500244v,10.1021/cb500244v.s003,cb500244v_si_003.xlsx,Sheet1,178,E,E178
ABD80656.1_Saccharophagus-degradans-2-40,ABD80656.1,lactose,NIMS,5,90,<0.1,below reported 0.1 conversion background; not numeric zero,0.1,3,NA,Bacteria,0.2815071493333334,1,expression_binary=1,true,10.1021/cb500244v,10.1021/cb500244v.s003,cb500244v_si_003.xlsx,Sheet1,178,F,F178
ABD80656.1_Saccharophagus-degradans-2-40,ABD80656.1,xylobiose,NIMS,8,40,<0.1,below reported 0.1 conversion background; not numeric zero,0.1,3,NA,Bacteria,0.2815071493333334,1,expression_binary=1,true,10.1021/cb500244v,10.1021/cb500244v.s003,cb500244v_si_003.xlsx,Sheet1,179,D,D179
ABD80656.1_Saccharophagus-degradans-2-40,ABD80656.1,xylobiose,NIMS,8,60,<0.1,below reported 0.1 conversion background; not numeric zero,0.1,3,NA,Bacteria,0.2815071493333334,1,expression_binary=1,true,10.1021/cb500244v,10.1021/cb500244v.s003,cb500244v_si_003.xlsx,Sheet1,180,D,D180
ABD80656.1_Saccharophagus-degradans-2-40,ABD80656.1,cellobiose,NIMS,8,60,<0.1,below reported 0.1 conversion background; not numeric zero,0.1,3,NA,Bacteria,0.2815071493333334,1,expression_binary=1,true,10.1021/cb500244v,10.1021/cb500244v.s003,cb500244v_si_003.xlsx,Sheet1,180,E,E180
ABD80656.1_Saccharophagus-degradans-2-40,ABD80656.1,lactose,NIMS,8,60,<0.1,below reported 0.1 conversion background; not numeric zero,0.1,3,NA,Bacteria,0.2815071493333334,1,expression_binary=1,true,10.1021/cb500244v,10.1021/cb500244v.s003,cb500244v_si_003.xlsx,Sheet1,180,F,F180
ABD80656.1_Saccharophagus-degradans-2-40,ABD80656.1,xylobiose,NIMS,8,80,<0.1,below reported 0.1 conversion background; not numeric zero,0.1,3,NA,Bacteria,0.2815071493333334,1,expression_binary=1,true,10.1021/cb500244v,10.1021/cb500244v.s003,cb500244v_si_003.xlsx,Sheet1,181,D,D181
ABD80656.1_Saccharophagus-degradans-2-40,ABD80656.1,cellobiose,NIMS,8,80,<0.1,below reported 0.1 conversion background; not numeric zero,0.1,3,NA,Bacteria,0.2815071493333334,1,expression_binary=1,true,10.1021/cb500244v,10.1021/cb500244v.s003,cb500244v_si_003.xlsx,Sheet1,181,E,E181
ABD80656.1_Saccharophagus-degradans-2-40,ABD80656.1,lactose,NIMS,8,80,<0.1,below reported 0.1 conversion background; not numeric zero,0.1,3,NA,Bacteria,0.2815071493333334,1,expression_binary=1,true,10.1021/cb500244v,10.1021/cb500244v.s003,cb500244v_si_003.xlsx,Sheet1,181,F,F181
ABD80656.1_Saccharophagus-degradans-2-40,ABD80656.1,xylobiose,NIMS,8,90,<0.1,below reported 0.1 conversion background; not numeric zero,0.1,3,NA,Bacteria,0.2815071493333334,1,expression_binary=1,true,10.1021/cb500244v,10.1021/cb500244v.s003,cb500244v_si_003.xlsx,Sheet1,182,D,D182
ABD80656.1_Saccharophagus-degradans-2-40,ABD80656.1,cellobiose,NIMS,8,90,<0.1,below reported 0.1 conversion background; not numeric zero,0.1,3,NA,Bacteria,0.2815071493333334,1,expression_binary=1,true,10.1021/cb500244v,10.1021/cb500244v.s003,cb500244v_si_003.xlsx,Sheet1,182,E,E182
ABD80656.1_Saccharophagus-degradans-2-40,ABD80656.1,lactose,NIMS,8,90,<0.1,below reported 0.1 conversion background; not numeric zero,0.1,3,NA,Bacteria,0.2815071493333334,1,expression_binary=1,true,10.1021/cb500244v,10.1021/cb500244v.s003,cb500244v_si_003.xlsx,Sheet1,182,F,F182
ABD82858.1_Saccharophagus-degradans-2-40,ABD82858.1,xylobiose,NIMS,5,40,<0.1,below reported 0.1 conversion background; not numeric zero,0.1,3,NA,Bacteria,0.4793588773333333,1,expression_binary=1,true,10.1021/cb500244v,10.1021/cb500244v.s003,cb500244v_si_003.xlsx,Sheet1,183,D,D183
ABD82858.1_Saccharophagus-degradans-2-40,ABD82858.1,xylobiose,NIMS,5,60,<0.1,below reported 0.1 conversion background; not numeric zero,0.1,3,NA,Bacteria,0.4793588773333333,1,expression_binary=1,true,10.1021/cb500244v,10.1021/cb500244v.s003,cb500244v_si_003.xlsx,Sheet1,184,D,D184
ABD82858.1_Saccharophagus-degradans-2-40,ABD82858.1,cellobiose,NIMS,5,60,<0.1,below reported 0.1 conversion background; not numeric zero,0.1,3,NA,Bacteria,0.4793588773333333,1,expression_binary=1,true,10.1021/cb500244v,10.1021/cb500244v.s003,cb500244v_si_003.xlsx,Sheet1,184,E,E184
ABD82858.1_Saccharophagus-degradans-2-40,ABD82858.1,lactose,NIMS,5,60,<0.1,below reported 0.1 conversion background; not numeric zero,0.1,3,NA,Bacteria,0.4793588773333333,1,expression_binary=1,true,10.1021/cb500244v,10.1021/cb500244v.s003,cb500244v_si_003.xlsx,Sheet1,184,F,F184
ABD82858.1_Saccharophagus-degradans-2-40,ABD82858.1,xylobiose,NIMS,5,80,<0.1,below reported 0.1 conversion background; not numeric zero,0.1,3,NA,Bacteria,0.4793588773333333,1,expression_binary=1,true,10.1021/cb500244v,10.1021/cb500244v.s003,cb500244v_si_003.xlsx,Sheet1,185,D,D185
ABD82858.1_Saccharophagus-degradans-2-40,ABD82858.1,cellobiose,NIMS,5,80,<0.1,below reported 0.1 conversion background; not numeric zero,0.1,3,NA,Bacteria,0.4793588773333333,1,expression_binary=1,true,10.1021/cb500244v,10.1021/cb500244v.s003,cb500244v_si_003.xlsx,Sheet1,185,E,E185
ABD82858.1_Saccharophagus-degradans-2-40,ABD82858.1,lactose,NIMS,5,80,<0.1,below reported 0.1 conversion background; not numeric zero,0.1,3,NA,Bacteria,0.4793588773333333,1,expression_binary=1,true,10.1021/cb500244v,10.1021/cb500244v.s003,cb500244v_si_003.xlsx,Sheet1,185,F,F185
ABD82858.1_Saccharophagus-degradans-2-40,ABD82858.1,xylobiose,NIMS,5,90,<0.1,below reported 0.1 conversion background; not numeric zero,0.1,3,NA,Bacteria,0.4793588773333333,1,expression_binary=1,true,10.1021/cb500244v,10.1021/cb500244v.s003,cb500244v_si_003.xlsx,Sheet1,186,D,D186
ABD82858.1_Saccharophagus-degradans-2-40,ABD82858.1,cellobiose,NIMS,5,90,<0.1,below reported 0.1 conversion background; not numeric zero,0.1,3,NA,Bacteria,0.4793588773333333,1,expression_binary=1,true,10.1021/cb500244v,10.1021/cb500244v.s003,cb500244v_si_003.xlsx,Sheet1,186,E,E186
ABD82858.1_Saccharophagus-degradans-2-40,ABD82858.1,lactose,NIMS,5,90,<0.1,below reported 0.1 conversion background; not numeric zero,0.1,3,NA,Bacteria,0.4793588773333333,1,expression_binary=1,true,10.1021/cb500244v,10.1021/cb500244v.s003,cb500244v_si_003.xlsx,Sheet1,186,F,F186
ABD82858.1_Saccharophagus-degradans-2-40,ABD82858.1,xylobiose,NIMS,8,40,<0.1,below reported 0.1 conversion background; not numeric zero,0.1,3,NA,Bacteria,0.4793588773333333,1,expression_binary=1,true,10.1021/cb500244v,10.1021/cb500244v.s003,cb500244v_si_003.xlsx,Sheet1,187,D,D187
ABD82858.1_Saccharophagus-degradans-2-40,ABD82858.1,xylobiose,NIMS,8,60,<0.1,below reported 0.1 conversion background; not numeric zero,0.1,3,NA,Bacteria,0.4793588773333333,1,expression_binary=1,true,10.1021/cb500244v,10.1021/cb500244v.s003,cb500244v_si_003.xlsx,Sheet1,188,D,D188
ABD82858.1_Saccharophagus-degradans-2-40,ABD82858.1,xylobiose,NIMS,8,80,<0.1,below reported 0.1 conversion background; not numeric zero,0.1,3,NA,Bacteria,0.4793588773333333,1,expression_binary=1,true,10.1021/cb500244v,10.1021/cb500244v.s003,cb500244v_si_003.xlsx,Sheet1,189,D,D189
ABD82858.1_Saccharophagus-degradans-2-40,ABD82858.1,cellobiose,NIMS,8,80,<0.1,below reported 0.1 conversion background; not numeric zero,0.1,3,NA,Bacteria,0.4793588773333333,1,expression_binary=1,true,10.1021/cb500244v,10.1021/cb500244v.s003,cb500244v_si_003.xlsx,Sheet1,189,E,E189
ABD82858.1_Saccharophagus-degradans-2-40,ABD82858.1,lactose,NIMS,8,80,<0.1,below reported 0.1 conversion background; not numeric zero,0.1,3,NA,Bacteria,0.4793588773333333,1,expression_binary=1,true,10.1021/cb500244v,10.1021/cb500244v.s003,cb500244v_si_003.xlsx,Sheet1,189,F,F189
ABD82858.1_Saccharophagus-degradans-2-40,ABD82858.1,xylobiose,NIMS,8,90,<0.1,below reported 0.1 conversion background; not numeric zero,0.1,3,NA,Bacteria,0.4793588773333333,1,expression_binary=1,true,10.1021/cb500244v,10.1021/cb500244v.s003,cb500244v_si_003.xlsx,Sheet1,190,D,D190
ABD82858.1_Saccharophagus-degradans-2-40,ABD82858.1,cellobiose,NIMS,8,90,<0.1,below reported 0.1 conversion background; not numeric zero,0.1,3,NA,Bacteria,0.4793588773333333,1,expression_binary=1,true,10.1021/cb500244v,10.1021/cb500244v.s003,cb500244v_si_003.xlsx,Sheet1,190,E,E190
ABD82858.1_Saccharophagus-degradans-2-40,ABD82858.1,lactose,NIMS,8,90,<0.1,below reported 0.1 conversion background; not numeric zero,0.1,3,NA,Bacteria,0.4793588773333333,1,expression_binary=1,true,10.1021/cb500244v,10.1021/cb500244v.s003,cb500244v_si_003.xlsx,Sheet1,190,F,F190
ABF87202.1_Myxococcus-xanthus-DK-1622,ABF87202.1,xylobiose,NIMS,5,40,<0.1,below reported 0.1 conversion background; not numeric zero,0.1,3,NA,Bacteria,0.15760825866666667,1,expression_binary=1,true,10.1021/cb500244v,10.1021/cb500244v.s003,cb500244v_si_003.xlsx,Sheet1,191,D,D191
ABF87202.1_Myxococcus-xanthus-DK-1622,ABF87202.1,xylobiose,NIMS,5,60,<0.1,below reported 0.1 conversion background; not numeric zero,0.1,3,NA,Bacteria,0.15760825866666667,1,expression_binary=1,true,10.1021/cb500244v,10.1021/cb500244v.s003,cb500244v_si_003.xlsx,Sheet1,192,D,D192
ABF87202.1_Myxococcus-xanthus-DK-1622,ABF87202.1,cellobiose,NIMS,5,60,<0.1,below reported 0.1 conversion background; not numeric zero,0.1,3,NA,Bacteria,0.15760825866666667,1,expression_binary=1,true,10.1021/cb500244v,10.1021/cb500244v.s003,cb500244v_si_003.xlsx,Sheet1,192,E,E192
ABF87202.1_Myxococcus-xanthus-DK-1622,ABF87202.1,xylobiose,NIMS,5,80,<0.1,below reported 0.1 conversion background; not numeric zero,0.1,3,NA,Bacteria,0.15760825866666667,1,expression_binary=1,true,10.1021/cb500244v,10.1021/cb500244v.s003,cb500244v_si_003.xlsx,Sheet1,193,D,D193
ABF87202.1_Myxococcus-xanthus-DK-1622,ABF87202.1,cellobiose,NIMS,5,80,<0.1,below reported 0.1 conversion background; not numeric zero,0.1,3,NA,Bacteria,0.15760825866666667,1,expression_binary=1,true,10.1021/cb500244v,10.1021/cb500244v.s003,cb500244v_si_003.xlsx,Sheet1,193,E,E193
ABF87202.1_Myxococcus-xanthus-DK-1622,ABF87202.1,lactose,NIMS,5,80,<0.1,below reported 0.1 conversion background; not numeric zero,0.1,3,NA,Bacteria,0.15760825866666667,1,expression_binary=1,true,10.1021/cb500244v,10.1021/cb500244v.s003,cb500244v_si_003.xlsx,Sheet1,193,F,F193
ABF87202.1_Myxococcus-xanthus-DK-1622,ABF87202.1,xylobiose,NIMS,5,90,<0.1,below reported 0.1 conversion background; not numeric zero,0.1,3,NA,Bacteria,0.15760825866666667,1,expression_binary=1,true,10.1021/cb500244v,10.1021/cb500244v.s003,cb500244v_si_003.xlsx,Sheet1,194,D,D194
ABF87202.1_Myxococcus-xanthus-DK-1622,ABF87202.1,cellobiose,NIMS,5,90,<0.1,below reported 0.1 conversion background; not numeric zero,0.1,3,NA,Bacteria,0.15760825866666667,1,expression_binary=1,true,10.1021/cb500244v,10.1021/cb500244v.s003,cb500244v_si_003.xlsx,Sheet1,194,E,E194
ABF87202.1_Myxococcus-xanthus-DK-1622,ABF87202.1,lactose,NIMS,5,90,<0.1,below reported 0.1 conversion background; not numeric zero,0.1,3,NA,Bacteria,0.15760825866666667,1,expression_binary=1,true,10.1021/cb500244v,10.1021/cb500244v.s003,cb500244v_si_003.xlsx,Sheet1,194,F,F194
ABF87202.1_Myxococcus-xanthus-DK-1622,ABF87202.1,xylobiose,NIMS,8,40,<0.1,below reported 0.1 conversion background; not numeric zero,0.1,3,NA,Bacteria,0.15760825866666667,1,expression_binary=1,true,10.1021/cb500244v,10.1021/cb500244v.s003,cb500244v_si_003.xlsx,Sheet1,195,D,D195
ABF87202.1_Myxococcus-xanthus-DK-1622,ABF87202.1,xylobiose,NIMS,8,60,<0.1,below reported 0.1 conversion background; not numeric zero,0.1,3,NA,Bacteria,0.15760825866666667,1,expression_binary=1,true,10.1021/cb500244v,10.1021/cb500244v.s003,cb500244v_si_003.xlsx,Sheet1,196,D,D196
ABF87202.1_Myxococcus-xanthus-DK-1622,ABF87202.1,cellobiose,NIMS,8,60,<0.1,below reported 0.1 conversion background; not numeric zero,0.1,3,NA,Bacteria,0.15760825866666667,1,expression_binary=1,true,10.1021/cb500244v,10.1021/cb500244v.s003,cb500244v_si_003.xlsx,Sheet1,196,E,E196
ABF87202.1_Myxococcus-xanthus-DK-1622,ABF87202.1,lactose,NIMS,8,60,<0.1,below reported 0.1 conversion background; not numeric zero,0.1,3,NA,Bacteria,0.15760825866666667,1,expression_binary=1,true,10.1021/cb500244v,10.1021/cb500244v.s003,cb500244v_si_003.xlsx,Sheet1,196,F,F196
ABF87202.1_Myxococcus-xanthus-DK-1622,ABF87202.1,xylobiose,NIMS,8,80,<0.1,below reported 0.1 conversion background; not numeric zero,0.1,3,NA,Bacteria,0.15760825866666667,1,expression_binary=1,true,10.1021/cb500244v,10.1021/cb500244v.s003,cb500244v_si_003.xlsx,Sheet1,197,D,D197
ABF87202.1_Myxococcus-xanthus-DK-1622,ABF87202.1,cellobiose,NIMS,8,80,<0.1,below reported 0.1 conversion background; not numeric zero,0.1,3,NA,Bacteria,0.15760825866666667,1,expression_binary=1,true,10.1021/cb500244v,10.1021/cb500244v.s003,cb500244v_si_003.xlsx,Sheet1,197,E,E197
ABF87202.1_Myxococcus-xanthus-DK-1622,ABF87202.1,lactose,NIMS,8,80,<0.1,below reported 0.1 conversion background; not numeric zero,0.1,3,NA,Bacteria,0.15760825866666667,1,expression_binary=1,true,10.1021/cb500244v,10.1021/cb500244v.s003,cb500244v_si_003.xlsx,Sheet1,197,F,F197
ABF87202.1_Myxococcus-xanthus-DK-1622,ABF87202.1,xylobiose,NIMS,8,90,<0.1,below reported 0.1 conversion background; not numeric zero,0.1,3,NA,Bacteria,0.15760825866666667,1,expression_binary=1,true,10.1021/cb500244v,10.1021/cb500244v.s003,cb500244v_si_003.xlsx,Sheet1,198,D,D198
ABF87202.1_Myxococcus-xanthus-DK-1622,ABF87202.1,cellobiose,NIMS,8,90,<0.1,below reported 0.1 conversion background; not numeric zero,0.1,3,NA,Bacteria,0.15760825866666667,1,expression_binary=1,true,10.1021/cb500244v,10.1021/cb500244v.s003,cb500244v_si_003.xlsx,Sheet1,198,E,E198
ABF87202.1_Myxococcus-xanthus-DK-1622,ABF87202.1,lactose,NIMS,8,90,<0.1,below reported 0.1 conversion background; not numeric zero,0.1,3,NA,Bacteria,0.15760825866666667,1,expression_binary=1,true,10.1021/cb500244v,10.1021/cb500244v.s003,cb500244v_si_003.xlsx,Sheet1,198,F,F198
ABK51908.1_Acidothermus-cellulolyticus-11B,ABK51908.1,xylobiose,NIMS,5,40,<0.1,below reported 0.1 conversion background; not numeric zero,0.1,3,NA,Bacteria,0.09507677866666667,1,expression_binary=1,true,10.1021/cb500244v,10.1021/cb500244v.s003,cb500244v_si_003.xlsx,Sheet1,199,D,D199
ABK51908.1_Acidothermus-cellulolyticus-11B,ABK51908.1,xylobiose,NIMS,5,60,<0.1,below reported 0.1 conversion background; not numeric zero,0.1,3,NA,Bacteria,0.09507677866666667,1,expression_binary=1,true,10.1021/cb500244v,10.1021/cb500244v.s003,cb500244v_si_003.xlsx,Sheet1,200,D,D200
ABK51908.1_Acidothermus-cellulolyticus-11B,ABK51908.1,xylobiose,NIMS,5,80,<0.1,below reported 0.1 conversion background; not numeric zero,0.1,3,NA,Bacteria,0.09507677866666667,1,expression_binary=1,true,10.1021/cb500244v,10.1021/cb500244v.s003,cb500244v_si_003.xlsx,Sheet1,201,D,D201
ABK51908.1_Acidothermus-cellulolyticus-11B,ABK51908.1,cellobiose,NIMS,5,80,<0.1,below reported 0.1 conversion background; not numeric zero,0.1,3,NA,Bacteria,0.09507677866666667,1,expression_binary=1,true,10.1021/cb500244v,10.1021/cb500244v.s003,cb500244v_si_003.xlsx,Sheet1,201,E,E201
ABK51908.1_Acidothermus-cellulolyticus-11B,ABK51908.1,lactose,NIMS,5,80,<0.1,below reported 0.1 conversion background; not numeric zero,0.1,3,NA,Bacteria,0.09507677866666667,1,expression_binary=1,true,10.1021/cb500244v,10.1021/cb500244v.s003,cb500244v_si_003.xlsx,Sheet1,201,F,F201
ABK51908.1_Acidothermus-cellulolyticus-11B,ABK51908.1,xylobiose,NIMS,5,90,<0.1,below reported 0.1 conversion background; not numeric zero,0.1,3,NA,Bacteria,0.09507677866666667,1,expression_binary=1,true,10.1021/cb500244v,10.1021/cb500244v.s003,cb500244v_si_003.xlsx,Sheet1,202,D,D202
ABK51908.1_Acidothermus-cellulolyticus-11B,ABK51908.1,cellobiose,NIMS,5,90,<0.1,below reported 0.1 conversion background; not numeric zero,0.1,3,NA,Bacteria,0.09507677866666667,1,expression_binary=1,true,10.1021/cb500244v,10.1021/cb500244v.s003,cb500244v_si_003.xlsx,Sheet1,202,E,E202
ABK51908.1_Acidothermus-cellulolyticus-11B,ABK51908.1,lactose,NIMS,5,90,<0.1,below reported 0.1 conversion background; not numeric zero,0.1,3,NA,Bacteria,0.09507677866666667,1,expression_binary=1,true,10.1021/cb500244v,10.1021/cb500244v.s003,cb500244v_si_003.xlsx,Sheet1,202,F,F202
ABK51908.1_Acidothermus-cellulolyticus-11B,ABK51908.1,xylobiose,NIMS,8,40,<0.1,below reported 0.1 conversion background; not numeric zero,0.1,3,NA,Bacteria,0.09507677866666667,1,expression_binary=1,true,10.1021/cb500244v,10.1021/cb500244v.s003,cb500244v_si_003.xlsx,Sheet1,203,D,D203
ABK51908.1_Acidothermus-cellulolyticus-11B,ABK51908.1,xylobiose,NIMS,8,60,<0.1,below reported 0.1 conversion background; not numeric zero,0.1,3,NA,Bacteria,0.09507677866666667,1,expression_binary=1,true,10.1021/cb500244v,10.1021/cb500244v.s003,cb500244v_si_003.xlsx,Sheet1,204,D,D204
ABK51908.1_Acidothermus-cellulolyticus-11B,ABK51908.1,xylobiose,NIMS,8,80,<0.1,below reported 0.1 conversion background; not numeric zero,0.1,3,NA,Bacteria,0.09507677866666667,1,expression_binary=1,true,10.1021/cb500244v,10.1021/cb500244v.s003,cb500244v_si_003.xlsx,Sheet1,205,D,D205
ABK51908.1_Acidothermus-cellulolyticus-11B,ABK51908.1,cellobiose,NIMS,8,80,<0.1,below reported 0.1 conversion background; not numeric zero,0.1,3,NA,Bacteria,0.09507677866666667,1,expression_binary=1,true,10.1021/cb500244v,10.1021/cb500244v.s003,cb500244v_si_003.xlsx,Sheet1,205,E,E205
ABK51908.1_Acidothermus-cellulolyticus-11B,ABK51908.1,lactose,NIMS,8,80,<0.1,below reported 0.1 conversion background; not numeric zero,0.1,3,NA,Bacteria,0.09507677866666667,1,expression_binary=1,true,10.1021/cb500244v,10.1021/cb500244v.s003,cb500244v_si_003.xlsx,Sheet1,205,F,F205
ABK51908.1_Acidothermus-cellulolyticus-11B,ABK51908.1,xylobiose,NIMS,8,90,<0.1,below reported 0.1 conversion background; not numeric zero,0.1,3,NA,Bacteria,0.09507677866666667,1,expression_binary=1,true,10.1021/cb500244v,10.1021/cb500244v.s003,cb500244v_si_003.xlsx,Sheet1,206,D,D206
ABK51908.1_Acidothermus-cellulolyticus-11B,ABK51908.1,cellobiose,NIMS,8,90,<0.1,below reported 0.1 conversion background; not numeric zero,0.1,3,NA,Bacteria,0.09507677866666667,1,expression_binary=1,true,10.1021/cb500244v,10.1021/cb500244v.s003,cb500244v_si_003.xlsx,Sheet1,206,E,E206
ABK51908.1_Acidothermus-cellulolyticus-11B,ABK51908.1,lactose,NIMS,8,90,<0.1,below reported 0.1 conversion background; not numeric zero,0.1,3,NA,Bacteria,0.09507677866666667,1,expression_binary=1,true,10.1021/cb500244v,10.1021/cb500244v.s003,cb500244v_si_003.xlsx,Sheet1,206,F,F206
ABK71329.1_Mycobacterium-smegmatis-str.-MC2-155,ABK71329.1,xylobiose,NIMS,5,40,<0.1,below reported 0.1 conversion background; not numeric zero,0.1,3,NA,Bacteria,0.062,1,expression_binary=1,true,10.1021/cb500244v,10.1021/cb500244v.s003,cb500244v_si_003.xlsx,Sheet1,207,D,D207
ABK71329.1_Mycobacterium-smegmatis-str.-MC2-155,ABK71329.1,lactose,NIMS,5,40,<0.1,below reported 0.1 conversion background; not numeric zero,0.1,3,NA,Bacteria,0.062,1,expression_binary=1,true,10.1021/cb500244v,10.1021/cb500244v.s003,cb500244v_si_003.xlsx,Sheet1,207,F,F207
ABK71329.1_Mycobacterium-smegmatis-str.-MC2-155,ABK71329.1,xylobiose,NIMS,5,60,<0.1,below reported 0.1 conversion background; not numeric zero,0.1,3,NA,Bacteria,0.062,1,expression_binary=1,true,10.1021/cb500244v,10.1021/cb500244v.s003,cb500244v_si_003.xlsx,Sheet1,208,D,D208
ABK71329.1_Mycobacterium-smegmatis-str.-MC2-155,ABK71329.1,cellobiose,NIMS,5,60,<0.1,below reported 0.1 conversion background; not numeric zero,0.1,3,NA,Bacteria,0.062,1,expression_binary=1,true,10.1021/cb500244v,10.1021/cb500244v.s003,cb500244v_si_003.xlsx,Sheet1,208,E,E208
ABK71329.1_Mycobacterium-smegmatis-str.-MC2-155,ABK71329.1,lactose,NIMS,5,60,<0.1,below reported 0.1 conversion background; not numeric zero,0.1,3,NA,Bacteria,0.062,1,expression_binary=1,true,10.1021/cb500244v,10.1021/cb500244v.s003,cb500244v_si_003.xlsx,Sheet1,208,F,F208
ABK71329.1_Mycobacterium-smegmatis-str.-MC2-155,ABK71329.1,xylobiose,NIMS,5,80,<0.1,below reported 0.1 conversion background; not numeric zero,0.1,3,NA,Bacteria,0.062,1,expression_binary=1,true,10.1021/cb500244v,10.1021/cb500244v.s003,cb500244v_si_003.xlsx,Sheet1,209,D,D209
ABK71329.1_Mycobacterium-smegmatis-str.-MC2-155,ABK71329.1,cellobiose,NIMS,5,80,<0.1,below reported 0.1 conversion background; not numeric zero,0.1,3,NA,Bacteria,0.062,1,expression_binary=1,true,10.1021/cb500244v,10.1021/cb500244v.s003,cb500244v_si_003.xlsx,Sheet1,209,E,E209
ABK71329.1_Mycobacterium-smegmatis-str.-MC2-155,ABK71329.1,lactose,NIMS,5,80,<0.1,below reported 0.1 conversion background; not numeric zero,0.1,3,NA,Bacteria,0.062,1,expression_binary=1,true,10.1021/cb500244v,10.1021/cb500244v.s003,cb500244v_si_003.xlsx,Sheet1,209,F,F209
ABK71329.1_Mycobacterium-smegmatis-str.-MC2-155,ABK71329.1,xylobiose,NIMS,5,90,<0.1,below reported 0.1 conversion background; not numeric zero,0.1,3,NA,Bacteria,0.062,1,expression_binary=1,true,10.1021/cb500244v,10.1021/cb500244v.s003,cb500244v_si_003.xlsx,Sheet1,210,D,D210
ABK71329.1_Mycobacterium-smegmatis-str.-MC2-155,ABK71329.1,cellobiose,NIMS,5,90,<0.1,below reported 0.1 conversion background; not numeric zero,0.1,3,0.01788,Bacteria,0.062,1,expression_binary=1,true,10.1021/cb500244v,10.1021/cb500244v.s003,cb500244v_si_003.xlsx,Sheet1,210,E,E210
ABK71329.1_Mycobacterium-smegmatis-str.-MC2-155,ABK71329.1,lactose,NIMS,5,90,<0.1,below reported 0.1 conversion background; not numeric zero,0.1,3,NA,Bacteria,0.062,1,expression_binary=1,true,10.1021/cb500244v,10.1021/cb500244v.s003,cb500244v_si_003.xlsx,Sheet1,210,F,F210
ABK71329.1_Mycobacterium-smegmatis-str.-MC2-155,ABK71329.1,xylobiose,NIMS,8,40,<0.1,below reported 0.1 conversion background; not numeric zero,0.1,3,NA,Bacteria,0.062,1,expression_binary=1,true,10.1021/cb500244v,10.1021/cb500244v.s003,cb500244v_si_003.xlsx,Sheet1,211,D,D211
ABK71329.1_Mycobacterium-smegmatis-str.-MC2-155,ABK71329.1,lactose,NIMS,8,40,<0.1,below reported 0.1 conversion background; not numeric zero,0.1,3,NA,Bacteria,0.062,1,expression_binary=1,true,10.1021/cb500244v,10.1021/cb500244v.s003,cb500244v_si_003.xlsx,Sheet1,211,F,F211
ABK71329.1_Mycobacterium-smegmatis-str.-MC2-155,ABK71329.1,xylobiose,NIMS,8,60,<0.1,below reported 0.1 conversion background; not numeric zero,0.1,3,NA,Bacteria,0.062,1,expression_binary=1,true,10.1021/cb500244v,10.1021/cb500244v.s003,cb500244v_si_003.xlsx,Sheet1,212,D,D212
ABK71329.1_Mycobacterium-smegmatis-str.-MC2-155,ABK71329.1,cellobiose,NIMS,8,60,<0.1,below reported 0.1 conversion background; not numeric zero,0.1,3,NA,Bacteria,0.062,1,expression_binary=1,true,10.1021/cb500244v,10.1021/cb500244v.s003,cb500244v_si_003.xlsx,Sheet1,212,E,E212
ABK71329.1_Mycobacterium-smegmatis-str.-MC2-155,ABK71329.1,lactose,NIMS,8,60,<0.1,below reported 0.1 conversion background; not numeric zero,0.1,3,NA,Bacteria,0.062,1,expression_binary=1,true,10.1021/cb500244v,10.1021/cb500244v.s003,cb500244v_si_003.xlsx,Sheet1,212,F,F212
ABK71329.1_Mycobacterium-smegmatis-str.-MC2-155,ABK71329.1,xylobiose,NIMS,8,80,<0.1,below reported 0.1 conversion background; not numeric zero,0.1,3,NA,Bacteria,0.062,1,expression_binary=1,true,10.1021/cb500244v,10.1021/cb500244v.s003,cb500244v_si_003.xlsx,Sheet1,213,D,D213
ABK71329.1_Mycobacterium-smegmatis-str.-MC2-155,ABK71329.1,cellobiose,NIMS,8,80,<0.1,below reported 0.1 conversion background; not numeric zero,0.1,3,NA,Bacteria,0.062,1,expression_binary=1,true,10.1021/cb500244v,10.1021/cb500244v.s003,cb500244v_si_003.xlsx,Sheet1,213,E,E213
ABK71329.1_Mycobacterium-smegmatis-str.-MC2-155,ABK71329.1,lactose,NIMS,8,80,<0.1,below reported 0.1 conversion background; not numeric zero,0.1,3,NA,Bacteria,0.062,1,expression_binary=1,true,10.1021/cb500244v,10.1021/cb500244v.s003,cb500244v_si_003.xlsx,Sheet1,213,F,F213
ABK71329.1_Mycobacterium-smegmatis-str.-MC2-155,ABK71329.1,xylobiose,NIMS,8,90,<0.1,below reported 0.1 conversion background; not numeric zero,0.1,3,NA,Bacteria,0.062,1,expression_binary=1,true,10.1021/cb500244v,10.1021/cb500244v.s003,cb500244v_si_003.xlsx,Sheet1,214,D,D214
ABK71329.1_Mycobacterium-smegmatis-str.-MC2-155,ABK71329.1,cellobiose,NIMS,8,90,<0.1,below reported 0.1 conversion background; not numeric zero,0.1,3,NA,Bacteria,0.062,1,expression_binary=1,true,10.1021/cb500244v,10.1021/cb500244v.s003,cb500244v_si_003.xlsx,Sheet1,214,E,E214
ABK71329.1_Mycobacterium-smegmatis-str.-MC2-155,ABK71329.1,lactose,NIMS,8,90,<0.1,below reported 0.1 conversion background; not numeric zero,0.1,3,NA,Bacteria,0.062,1,expression_binary=1,true,10.1021/cb500244v,10.1021/cb500244v.s003,cb500244v_si_003.xlsx,Sheet1,214,F,F214
ABL78509.1_Thermofilum-pendens-Hrk-5,ABL78509.1,xylobiose,NIMS,5,40,<0.1,below reported 0.1 conversion background; not numeric zero,0.1,3,NA,Archaea,0.004,0,expression_binary=0,false,10.1021/cb500244v,10.1021/cb500244v.s003,cb500244v_si_003.xlsx,Sheet1,215,D,D215
ABL78509.1_Thermofilum-pendens-Hrk-5,ABL78509.1,cellobiose,NIMS,5,40,<0.1,below reported 0.1 conversion background; not numeric zero,0.1,3,NA,Archaea,0.004,0,expression_binary=0,false,10.1021/cb500244v,10.1021/cb500244v.s003,cb500244v_si_003.xlsx,Sheet1,215,E,E215
ABL78509.1_Thermofilum-pendens-Hrk-5,ABL78509.1,xylobiose,NIMS,5,60,<0.1,below reported 0.1 conversion background; not numeric zero,0.1,3,NA,Archaea,0.004,0,expression_binary=0,false,10.1021/cb500244v,10.1021/cb500244v.s003,cb500244v_si_003.xlsx,Sheet1,216,D,D216
ABL78509.1_Thermofilum-pendens-Hrk-5,ABL78509.1,cellobiose,NIMS,5,60,<0.1,below reported 0.1 conversion background; not numeric zero,0.1,3,NA,Archaea,0.004,0,expression_binary=0,false,10.1021/cb500244v,10.1021/cb500244v.s003,cb500244v_si_003.xlsx,Sheet1,216,E,E216
ABL78509.1_Thermofilum-pendens-Hrk-5,ABL78509.1,xylobiose,NIMS,5,80,<0.1,below reported 0.1 conversion background; not numeric zero,0.1,3,NA,Archaea,0.004,0,expression_binary=0,false,10.1021/cb500244v,10.1021/cb500244v.s003,cb500244v_si_003.xlsx,Sheet1,217,D,D217
ABL78509.1_Thermofilum-pendens-Hrk-5,ABL78509.1,cellobiose,NIMS,5,80,<0.1,below reported 0.1 conversion background; not numeric zero,0.1,3,NA,Archaea,0.004,0,expression_binary=0,false,10.1021/cb500244v,10.1021/cb500244v.s003,cb500244v_si_003.xlsx,Sheet1,217,E,E217
ABL78509.1_Thermofilum-pendens-Hrk-5,ABL78509.1,lactose,NIMS,5,80,<0.1,below reported 0.1 conversion background; not numeric zero,0.1,3,NA,Archaea,0.004,0,expression_binary=0,false,10.1021/cb500244v,10.1021/cb500244v.s003,cb500244v_si_003.xlsx,Sheet1,217,F,F217
ABL78509.1_Thermofilum-pendens-Hrk-5,ABL78509.1,xylobiose,NIMS,5,90,<0.1,below reported 0.1 conversion background; not numeric zero,0.1,3,NA,Archaea,0.004,0,expression_binary=0,false,10.1021/cb500244v,10.1021/cb500244v.s003,cb500244v_si_003.xlsx,Sheet1,218,D,D218
ABL78509.1_Thermofilum-pendens-Hrk-5,ABL78509.1,cellobiose,NIMS,5,90,<0.1,below reported 0.1 conversion background; not numeric zero,0.1,3,NA,Archaea,0.004,0,expression_binary=0,false,10.1021/cb500244v,10.1021/cb500244v.s003,cb500244v_si_003.xlsx,Sheet1,218,E,E218
ABL78509.1_Thermofilum-pendens-Hrk-5,ABL78509.1,lactose,NIMS,5,90,<0.1,below reported 0.1 conversion background; not numeric zero,0.1,3,NA,Archaea,0.004,0,expression_binary=0,false,10.1021/cb500244v,10.1021/cb500244v.s003,cb500244v_si_003.xlsx,Sheet1,218,F,F218
ABL78509.1_Thermofilum-pendens-Hrk-5,ABL78509.1,xylobiose,NIMS,8,40,<0.1,below reported 0.1 conversion background; not numeric zero,0.1,3,NA,Archaea,0.004,0,expression_binary=0,false,10.1021/cb500244v,10.1021/cb500244v.s003,cb500244v_si_003.xlsx,Sheet1,219,D,D219
ABL78509.1_Thermofilum-pendens-Hrk-5,ABL78509.1,cellobiose,NIMS,8,40,<0.1,below reported 0.1 conversion background; not numeric zero,0.1,3,NA,Archaea,0.004,0,expression_binary=0,false,10.1021/cb500244v,10.1021/cb500244v.s003,cb500244v_si_003.xlsx,Sheet1,219,E,E219
ABL78509.1_Thermofilum-pendens-Hrk-5,ABL78509.1,lactose,NIMS,8,40,<0.1,below reported 0.1 conversion background; not numeric zero,0.1,3,NA,Archaea,0.004,0,expression_binary=0,false,10.1021/cb500244v,10.1021/cb500244v.s003,cb500244v_si_003.xlsx,Sheet1,219,F,F219
ABL78509.1_Thermofilum-pendens-Hrk-5,ABL78509.1,xylobiose,NIMS,8,60,<0.1,below reported 0.1 conversion background; not numeric zero,0.1,3,NA,Archaea,0.004,0,expression_binary=0,false,10.1021/cb500244v,10.1021/cb500244v.s003,cb500244v_si_003.xlsx,Sheet1,220,D,D220
ABL78509.1_Thermofilum-pendens-Hrk-5,ABL78509.1,cellobiose,NIMS,8,60,<0.1,below reported 0.1 conversion background; not numeric zero,0.1,3,NA,Archaea,0.004,0,expression_binary=0,false,10.1021/cb500244v,10.1021/cb500244v.s003,cb500244v_si_003.xlsx,Sheet1,220,E,E220
ABL78509.1_Thermofilum-pendens-Hrk-5,ABL78509.1,lactose,NIMS,8,60,<0.1,below reported 0.1 conversion background; not numeric zero,0.1,3,NA,Archaea,0.004,0,expression_binary=0,false,10.1021/cb500244v,10.1021/cb500244v.s003,cb500244v_si_003.xlsx,Sheet1,220,F,F220
ABL78509.1_Thermofilum-pendens-Hrk-5,ABL78509.1,xylobiose,NIMS,8,80,<0.1,below reported 0.1 conversion background; not numeric zero,0.1,3,NA,Archaea,0.004,0,expression_binary=0,false,10.1021/cb500244v,10.1021/cb500244v.s003,cb500244v_si_003.xlsx,Sheet1,221,D,D221
ABL78509.1_Thermofilum-pendens-Hrk-5,ABL78509.1,cellobiose,NIMS,8,80,<0.1,below reported 0.1 conversion background; not numeric zero,0.1,3,NA,Archaea,0.004,0,expression_binary=0,false,10.1021/cb500244v,10.1021/cb500244v.s003,cb500244v_si_003.xlsx,Sheet1,221,E,E221
ABL78509.1_Thermofilum-pendens-Hrk-5,ABL78509.1,lactose,NIMS,8,80,<0.1,below reported 0.1 conversion background; not numeric zero,0.1,3,NA,Archaea,0.004,0,expression_binary=0,false,10.1021/cb500244v,10.1021/cb500244v.s003,cb500244v_si_003.xlsx,Sheet1,221,F,F221
ABL78509.1_Thermofilum-pendens-Hrk-5,ABL78509.1,xylobiose,NIMS,8,90,<0.1,below reported 0.1 conversion background; not numeric zero,0.1,3,NA,Archaea,0.004,0,expression_binary=0,false,10.1021/cb500244v,10.1021/cb500244v.s003,cb500244v_si_003.xlsx,Sheet1,222,D,D222
ABL78509.1_Thermofilum-pendens-Hrk-5,ABL78509.1,cellobiose,NIMS,8,90,<0.1,below reported 0.1 conversion background; not numeric zero,0.1,3,NA,Archaea,0.004,0,expression_binary=0,false,10.1021/cb500244v,10.1021/cb500244v.s003,cb500244v_si_003.xlsx,Sheet1,222,E,E222
ABL78509.1_Thermofilum-pendens-Hrk-5,ABL78509.1,lactose,NIMS,8,90,<0.1,below reported 0.1 conversion background; not numeric zero,0.1,3,NA,Archaea,0.004,0,expression_binary=0,false,10.1021/cb500244v,10.1021/cb500244v.s003,cb500244v_si_003.xlsx,Sheet1,222,F,F222
ABN70482.1_Staphylothermus-marinus-F1,ABN70482.1,xylobiose,NIMS,5,40,<0.1,below reported 0.1 conversion background; not numeric zero,0.1,3,NA,Archaea,0.009,0,expression_binary=0,false,10.1021/cb500244v,10.1021/cb500244v.s003,cb500244v_si_003.xlsx,Sheet1,223,D,D223
ABN70482.1_Staphylothermus-marinus-F1,ABN70482.1,cellobiose,NIMS,5,40,<0.1,below reported 0.1 conversion background; not numeric zero,0.1,3,NA,Archaea,0.009,0,expression_binary=0,false,10.1021/cb500244v,10.1021/cb500244v.s003,cb500244v_si_003.xlsx,Sheet1,223,E,E223
ABN70482.1_Staphylothermus-marinus-F1,ABN70482.1,lactose,NIMS,5,40,<0.1,below reported 0.1 conversion background; not numeric zero,0.1,3,NA,Archaea,0.009,0,expression_binary=0,false,10.1021/cb500244v,10.1021/cb500244v.s003,cb500244v_si_003.xlsx,Sheet1,223,F,F223
ABN70482.1_Staphylothermus-marinus-F1,ABN70482.1,xylobiose,NIMS,5,60,<0.1,below reported 0.1 conversion background; not numeric zero,0.1,3,NA,Archaea,0.009,0,expression_binary=0,false,10.1021/cb500244v,10.1021/cb500244v.s003,cb500244v_si_003.xlsx,Sheet1,224,D,D224
ABN70482.1_Staphylothermus-marinus-F1,ABN70482.1,cellobiose,NIMS,5,60,<0.1,below reported 0.1 conversion background; not numeric zero,0.1,3,NA,Archaea,0.009,0,expression_binary=0,false,10.1021/cb500244v,10.1021/cb500244v.s003,cb500244v_si_003.xlsx,Sheet1,224,E,E224
ABN70482.1_Staphylothermus-marinus-F1,ABN70482.1,lactose,NIMS,5,60,<0.1,below reported 0.1 conversion background; not numeric zero,0.1,3,NA,Archaea,0.009,0,expression_binary=0,false,10.1021/cb500244v,10.1021/cb500244v.s003,cb500244v_si_003.xlsx,Sheet1,224,F,F224
ABN70482.1_Staphylothermus-marinus-F1,ABN70482.1,xylobiose,NIMS,5,80,<0.1,below reported 0.1 conversion background; not numeric zero,0.1,3,NA,Archaea,0.009,0,expression_binary=0,false,10.1021/cb500244v,10.1021/cb500244v.s003,cb500244v_si_003.xlsx,Sheet1,225,D,D225
ABN70482.1_Staphylothermus-marinus-F1,ABN70482.1,cellobiose,NIMS,5,80,<0.1,below reported 0.1 conversion background; not numeric zero,0.1,3,NA,Archaea,0.009,0,expression_binary=0,false,10.1021/cb500244v,10.1021/cb500244v.s003,cb500244v_si_003.xlsx,Sheet1,225,E,E225
ABN70482.1_Staphylothermus-marinus-F1,ABN70482.1,lactose,NIMS,5,80,<0.1,below reported 0.1 conversion background; not numeric zero,0.1,3,NA,Archaea,0.009,0,expression_binary=0,false,10.1021/cb500244v,10.1021/cb500244v.s003,cb500244v_si_003.xlsx,Sheet1,225,F,F225
ABN70482.1_Staphylothermus-marinus-F1,ABN70482.1,xylobiose,NIMS,5,90,<0.1,below reported 0.1 conversion background; not numeric zero,0.1,3,NA,Archaea,0.009,0,expression_binary=0,false,10.1021/cb500244v,10.1021/cb500244v.s003,cb500244v_si_003.xlsx,Sheet1,226,D,D226
ABN70482.1_Staphylothermus-marinus-F1,ABN70482.1,cellobiose,NIMS,5,90,<0.1,below reported 0.1 conversion background; not numeric zero,0.1,3,NA,Archaea,0.009,0,expression_binary=0,false,10.1021/cb500244v,10.1021/cb500244v.s003,cb500244v_si_003.xlsx,Sheet1,226,E,E226
ABN70482.1_Staphylothermus-marinus-F1,ABN70482.1,lactose,NIMS,5,90,<0.1,below reported 0.1 conversion background; not numeric zero,0.1,3,NA,Archaea,0.009,0,expression_binary=0,false,10.1021/cb500244v,10.1021/cb500244v.s003,cb500244v_si_003.xlsx,Sheet1,226,F,F226
ABN70482.1_Staphylothermus-marinus-F1,ABN70482.1,xylobiose,NIMS,8,40,<0.1,below reported 0.1 conversion background; not numeric zero,0.1,3,NA,Archaea,0.009,0,expression_binary=0,false,10.1021/cb500244v,10.1021/cb500244v.s003,cb500244v_si_003.xlsx,Sheet1,227,D,D227
ABN70482.1_Staphylothermus-marinus-F1,ABN70482.1,cellobiose,NIMS,8,40,<0.1,below reported 0.1 conversion background; not numeric zero,0.1,3,NA,Archaea,0.009,0,expression_binary=0,false,10.1021/cb500244v,10.1021/cb500244v.s003,cb500244v_si_003.xlsx,Sheet1,227,E,E227
ABN70482.1_Staphylothermus-marinus-F1,ABN70482.1,lactose,NIMS,8,40,<0.1,below reported 0.1 conversion background; not numeric zero,0.1,3,NA,Archaea,0.009,0,expression_binary=0,false,10.1021/cb500244v,10.1021/cb500244v.s003,cb500244v_si_003.xlsx,Sheet1,227,F,F227
ABN70482.1_Staphylothermus-marinus-F1,ABN70482.1,xylobiose,NIMS,8,60,<0.1,below reported 0.1 conversion background; not numeric zero,0.1,3,NA,Archaea,0.009,0,expression_binary=0,false,10.1021/cb500244v,10.1021/cb500244v.s003,cb500244v_si_003.xlsx,Sheet1,228,D,D228
ABN70482.1_Staphylothermus-marinus-F1,ABN70482.1,cellobiose,NIMS,8,60,<0.1,below reported 0.1 conversion background; not numeric zero,0.1,3,NA,Archaea,0.009,0,expression_binary=0,false,10.1021/cb500244v,10.1021/cb500244v.s003,cb500244v_si_003.xlsx,Sheet1,228,E,E228
ABN70482.1_Staphylothermus-marinus-F1,ABN70482.1,lactose,NIMS,8,60,<0.1,below reported 0.1 conversion background; not numeric zero,0.1,3,NA,Archaea,0.009,0,expression_binary=0,false,10.1021/cb500244v,10.1021/cb500244v.s003,cb500244v_si_003.xlsx,Sheet1,228,F,F228
ABN70482.1_Staphylothermus-marinus-F1,ABN70482.1,xylobiose,NIMS,8,80,<0.1,below reported 0.1 conversion background; not numeric zero,0.1,3,NA,Archaea,0.009,0,expression_binary=0,false,10.1021/cb500244v,10.1021/cb500244v.s003,cb500244v_si_003.xlsx,Sheet1,229,D,D229
ABN70482.1_Staphylothermus-marinus-F1,ABN70482.1,cellobiose,NIMS,8,80,<0.1,below reported 0.1 conversion background; not numeric zero,0.1,3,NA,Archaea,0.009,0,expression_binary=0,false,10.1021/cb500244v,10.1021/cb500244v.s003,cb500244v_si_003.xlsx,Sheet1,229,E,E229
ABN70482.1_Staphylothermus-marinus-F1,ABN70482.1,lactose,NIMS,8,80,<0.1,below reported 0.1 conversion background; not numeric zero,0.1,3,NA,Archaea,0.009,0,expression_binary=0,false,10.1021/cb500244v,10.1021/cb500244v.s003,cb500244v_si_003.xlsx,Sheet1,229,F,F229
ABN70482.1_Staphylothermus-marinus-F1,ABN70482.1,xylobiose,NIMS,8,90,<0.1,below reported 0.1 conversion background; not numeric zero,0.1,3,NA,Archaea,0.009,0,expression_binary=0,false,10.1021/cb500244v,10.1021/cb500244v.s003,cb500244v_si_003.xlsx,Sheet1,230,D,D230
ABN70482.1_Staphylothermus-marinus-F1,ABN70482.1,cellobiose,NIMS,8,90,<0.1,below reported 0.1 conversion background; not numeric zero,0.1,3,NA,Archaea,0.009,0,expression_binary=0,false,10.1021/cb500244v,10.1021/cb500244v.s003,cb500244v_si_003.xlsx,Sheet1,230,E,E230
ABN70482.1_Staphylothermus-marinus-F1,ABN70482.1,lactose,NIMS,8,90,<0.1,below reported 0.1 conversion background; not numeric zero,0.1,3,NA,Archaea,0.009,0,expression_binary=0,false,10.1021/cb500244v,10.1021/cb500244v.s003,cb500244v_si_003.xlsx,Sheet1,230,F,F230
ABP70047.1_Rhodobacter-sphaeroides-ATCC-17025,ABP70047.1,xylobiose,NIMS,5,40,<0.1,below reported 0.1 conversion background; not numeric zero,0.1,3,NA,Bacteria,0.05527869066666667,1,expression_binary=1,true,10.1021/cb500244v,10.1021/cb500244v.s003,cb500244v_si_003.xlsx,Sheet1,231,D,D231
ABP70047.1_Rhodobacter-sphaeroides-ATCC-17025,ABP70047.1,xylobiose,NIMS,5,80,<0.1,below reported 0.1 conversion background; not numeric zero,0.1,3,NA,Bacteria,0.05527869066666667,1,expression_binary=1,true,10.1021/cb500244v,10.1021/cb500244v.s003,cb500244v_si_003.xlsx,Sheet1,233,D,D233
ABP70047.1_Rhodobacter-sphaeroides-ATCC-17025,ABP70047.1,cellobiose,NIMS,5,80,<0.1,below reported 0.1 conversion background; not numeric zero,0.1,3,NA,Bacteria,0.05527869066666667,1,expression_binary=1,true,10.1021/cb500244v,10.1021/cb500244v.s003,cb500244v_si_003.xlsx,Sheet1,233,E,E233
ABP70047.1_Rhodobacter-sphaeroides-ATCC-17025,ABP70047.1,lactose,NIMS,5,80,<0.1,below reported 0.1 conversion background; not numeric zero,0.1,3,NA,Bacteria,0.05527869066666667,1,expression_binary=1,true,10.1021/cb500244v,10.1021/cb500244v.s003,cb500244v_si_003.xlsx,Sheet1,233,F,F233
ABP70047.1_Rhodobacter-sphaeroides-ATCC-17025,ABP70047.1,xylobiose,NIMS,5,90,<0.1,below reported 0.1 conversion background; not numeric zero,0.1,3,NA,Bacteria,0.05527869066666667,1,expression_binary=1,true,10.1021/cb500244v,10.1021/cb500244v.s003,cb500244v_si_003.xlsx,Sheet1,234,D,D234
ABP70047.1_Rhodobacter-sphaeroides-ATCC-17025,ABP70047.1,cellobiose,NIMS,5,90,<0.1,below reported 0.1 conversion background; not numeric zero,0.1,3,NA,Bacteria,0.05527869066666667,1,expression_binary=1,true,10.1021/cb500244v,10.1021/cb500244v.s003,cb500244v_si_003.xlsx,Sheet1,234,E,E234
ABP70047.1_Rhodobacter-sphaeroides-ATCC-17025,ABP70047.1,lactose,NIMS,5,90,<0.1,below reported 0.1 conversion background; not numeric zero,0.1,3,NA,Bacteria,0.05527869066666667,1,expression_binary=1,true,10.1021/cb500244v,10.1021/cb500244v.s003,cb500244v_si_003.xlsx,Sheet1,234,F,F234
ABP70047.1_Rhodobacter-sphaeroides-ATCC-17025,ABP70047.1,xylobiose,NIMS,8,40,<0.1,below reported 0.1 conversion background; not numeric zero,0.1,3,NA,Bacteria,0.05527869066666667,1,expression_binary=1,true,10.1021/cb500244v,10.1021/cb500244v.s003,cb500244v_si_003.xlsx,Sheet1,235,D,D235
ABP70047.1_Rhodobacter-sphaeroides-ATCC-17025,ABP70047.1,xylobiose,NIMS,8,60,<0.1,below reported 0.1 conversion background; not numeric zero,0.1,3,NA,Bacteria,0.05527869066666667,1,expression_binary=1,true,10.1021/cb500244v,10.1021/cb500244v.s003,cb500244v_si_003.xlsx,Sheet1,236,D,D236
ABP70047.1_Rhodobacter-sphaeroides-ATCC-17025,ABP70047.1,xylobiose,NIMS,8,80,<0.1,below reported 0.1 conversion background; not numeric zero,0.1,3,NA,Bacteria,0.05527869066666667,1,expression_binary=1,true,10.1021/cb500244v,10.1021/cb500244v.s003,cb500244v_si_003.xlsx,Sheet1,237,D,D237
ABP70047.1_Rhodobacter-sphaeroides-ATCC-17025,ABP70047.1,cellobiose,NIMS,8,80,<0.1,below reported 0.1 conversion background; not numeric zero,0.1,3,NA,Bacteria,0.05527869066666667,1,expression_binary=1,true,10.1021/cb500244v,10.1021/cb500244v.s003,cb500244v_si_003.xlsx,Sheet1,237,E,E237
ABP70047.1_Rhodobacter-sphaeroides-ATCC-17025,ABP70047.1,lactose,NIMS,8,80,<0.1,below reported 0.1 conversion background; not numeric zero,0.1,3,NA,Bacteria,0.05527869066666667,1,expression_binary=1,true,10.1021/cb500244v,10.1021/cb500244v.s003,cb500244v_si_003.xlsx,Sheet1,237,F,F237
ABP70047.1_Rhodobacter-sphaeroides-ATCC-17025,ABP70047.1,xylobiose,NIMS,8,90,<0.1,below reported 0.1 conversion background; not numeric zero,0.1,3,NA,Bacteria,0.05527869066666667,1,expression_binary=1,true,10.1021/cb500244v,10.1021/cb500244v.s003,cb500244v_si_003.xlsx,Sheet1,238,D,D238
ABP70047.1_Rhodobacter-sphaeroides-ATCC-17025,ABP70047.1,cellobiose,NIMS,8,90,<0.1,below reported 0.1 conversion background; not numeric zero,0.1,3,NA,Bacteria,0.05527869066666667,1,expression_binary=1,true,10.1021/cb500244v,10.1021/cb500244v.s003,cb500244v_si_003.xlsx,Sheet1,238,E,E238
ABP70047.1_Rhodobacter-sphaeroides-ATCC-17025,ABP70047.1,lactose,NIMS,8,90,<0.1,below reported 0.1 conversion background; not numeric zero,0.1,3,NA,Bacteria,0.05527869066666667,1,expression_binary=1,true,10.1021/cb500244v,10.1021/cb500244v.s003,cb500244v_si_003.xlsx,Sheet1,238,F,F238
ABS61401.1_Fervidobacterium-nodosum-Rt17-B1,ABS61401.1,xylobiose,NIMS,5,40,<0.1,below reported 0.1 conversion background; not numeric zero,0.1,3,NA,Bacteria,0.3353387946666666,1,expression_binary=1,true,10.1021/cb500244v,10.1021/cb500244v.s003,cb500244v_si_003.xlsx,Sheet1,239,D,D239
ABS61401.1_Fervidobacterium-nodosum-Rt17-B1,ABS61401.1,xylobiose,NIMS,5,60,<0.1,below reported 0.1 conversion background; not numeric zero,0.1,3,NA,Bacteria,0.3353387946666666,1,expression_binary=1,true,10.1021/cb500244v,10.1021/cb500244v.s003,cb500244v_si_003.xlsx,Sheet1,240,D,D240
ABS61401.1_Fervidobacterium-nodosum-Rt17-B1,ABS61401.1,xylobiose,NIMS,5,80,<0.1,below reported 0.1 conversion background; not numeric zero,0.1,3,NA,Bacteria,0.3353387946666666,1,expression_binary=1,true,10.1021/cb500244v,10.1021/cb500244v.s003,cb500244v_si_003.xlsx,Sheet1,241,D,D241
ABS61401.1_Fervidobacterium-nodosum-Rt17-B1,ABS61401.1,xylobiose,NIMS,5,90,<0.1,below reported 0.1 conversion background; not numeric zero,0.1,3,NA,Bacteria,0.3353387946666666,1,expression_binary=1,true,10.1021/cb500244v,10.1021/cb500244v.s003,cb500244v_si_003.xlsx,Sheet1,242,D,D242
ABS61401.1_Fervidobacterium-nodosum-Rt17-B1,ABS61401.1,xylobiose,NIMS,8,40,<0.1,below reported 0.1 conversion background; not numeric zero,0.1,3,NA,Bacteria,0.3353387946666666,1,expression_binary=1,true,10.1021/cb500244v,10.1021/cb500244v.s003,cb500244v_si_003.xlsx,Sheet1,243,D,D243
ABS61401.1_Fervidobacterium-nodosum-Rt17-B1,ABS61401.1,xylobiose,NIMS,8,60,<0.1,below reported 0.1 conversion background; not numeric zero,0.1,3,NA,Bacteria,0.3353387946666666,1,expression_binary=1,true,10.1021/cb500244v,10.1021/cb500244v.s003,cb500244v_si_003.xlsx,Sheet1,244,D,D244
ABS61401.1_Fervidobacterium-nodosum-Rt17-B1,ABS61401.1,xylobiose,NIMS,8,80,<0.1,below reported 0.1 conversion background; not numeric zero,0.1,3,NA,Bacteria,0.3353387946666666,1,expression_binary=1,true,10.1021/cb500244v,10.1021/cb500244v.s003,cb500244v_si_003.xlsx,Sheet1,245,D,D245
ABS61401.1_Fervidobacterium-nodosum-Rt17-B1,ABS61401.1,xylobiose,NIMS,8,90,<0.1,below reported 0.1 conversion background; not numeric zero,0.1,3,NA,Bacteria,0.3353387946666666,1,expression_binary=1,true,10.1021/cb500244v,10.1021/cb500244v.s003,cb500244v_si_003.xlsx,Sheet1,246,D,D246
ABS61401.1_Fervidobacterium-nodosum-Rt17-B1,ABS61401.1,lactose,NIMS,8,90,<0.1,below reported 0.1 conversion background; not numeric zero,0.1,3,NA,Bacteria,0.3353387946666666,1,expression_binary=1,true,10.1021/cb500244v,10.1021/cb500244v.s003,cb500244v_si_003.xlsx,Sheet1,246,F,F246
ABS74298.1_Bacillus-amyloliquefaciens-FZB42,ABS74298.1,xylobiose,NIMS,5,40,<0.1,below reported 0.1 conversion background; not numeric zero,0.1,3,NA,Bacteria,0.08048851733333331,1,expression_binary=1,true,10.1021/cb500244v,10.1021/cb500244v.s003,cb500244v_si_003.xlsx,Sheet1,247,D,D247
ABS74298.1_Bacillus-amyloliquefaciens-FZB42,ABS74298.1,cellobiose,NIMS,5,40,<0.1,below reported 0.1 conversion background; not numeric zero,0.1,3,NA,Bacteria,0.08048851733333331,1,expression_binary=1,true,10.1021/cb500244v,10.1021/cb500244v.s003,cb500244v_si_003.xlsx,Sheet1,247,E,E247
ABS74298.1_Bacillus-amyloliquefaciens-FZB42,ABS74298.1,lactose,NIMS,5,40,<0.1,below reported 0.1 conversion background; not numeric zero,0.1,3,NA,Bacteria,0.08048851733333331,1,expression_binary=1,true,10.1021/cb500244v,10.1021/cb500244v.s003,cb500244v_si_003.xlsx,Sheet1,247,F,F247
ABS74298.1_Bacillus-amyloliquefaciens-FZB42,ABS74298.1,xylobiose,NIMS,5,60,<0.1,below reported 0.1 conversion background; not numeric zero,0.1,3,NA,Bacteria,0.08048851733333331,1,expression_binary=1,true,10.1021/cb500244v,10.1021/cb500244v.s003,cb500244v_si_003.xlsx,Sheet1,248,D,D248
ABS74298.1_Bacillus-amyloliquefaciens-FZB42,ABS74298.1,cellobiose,NIMS,5,60,<0.1,below reported 0.1 conversion background; not numeric zero,0.1,3,NA,Bacteria,0.08048851733333331,1,expression_binary=1,true,10.1021/cb500244v,10.1021/cb500244v.s003,cb500244v_si_003.xlsx,Sheet1,248,E,E248
ABS74298.1_Bacillus-amyloliquefaciens-FZB42,ABS74298.1,lactose,NIMS,5,60,<0.1,below reported 0.1 conversion background; not numeric zero,0.1,3,NA,Bacteria,0.08048851733333331,1,expression_binary=1,true,10.1021/cb500244v,10.1021/cb500244v.s003,cb500244v_si_003.xlsx,Sheet1,248,F,F248
ABS74298.1_Bacillus-amyloliquefaciens-FZB42,ABS74298.1,xylobiose,NIMS,5,80,<0.1,below reported 0.1 conversion background; not numeric zero,0.1,3,NA,Bacteria,0.08048851733333331,1,expression_binary=1,true,10.1021/cb500244v,10.1021/cb500244v.s003,cb500244v_si_003.xlsx,Sheet1,249,D,D249
ABS74298.1_Bacillus-amyloliquefaciens-FZB42,ABS74298.1,cellobiose,NIMS,5,80,<0.1,below reported 0.1 conversion background; not numeric zero,0.1,3,NA,Bacteria,0.08048851733333331,1,expression_binary=1,true,10.1021/cb500244v,10.1021/cb500244v.s003,cb500244v_si_003.xlsx,Sheet1,249,E,E249
ABS74298.1_Bacillus-amyloliquefaciens-FZB42,ABS74298.1,lactose,NIMS,5,80,<0.1,below reported 0.1 conversion background; not numeric zero,0.1,3,NA,Bacteria,0.08048851733333331,1,expression_binary=1,true,10.1021/cb500244v,10.1021/cb500244v.s003,cb500244v_si_003.xlsx,Sheet1,249,F,F249
ABS74298.1_Bacillus-amyloliquefaciens-FZB42,ABS74298.1,xylobiose,NIMS,5,90,<0.1,below reported 0.1 conversion background; not numeric zero,0.1,3,NA,Bacteria,0.08048851733333331,1,expression_binary=1,true,10.1021/cb500244v,10.1021/cb500244v.s003,cb500244v_si_003.xlsx,Sheet1,250,D,D250
ABS74298.1_Bacillus-amyloliquefaciens-FZB42,ABS74298.1,cellobiose,NIMS,5,90,<0.1,below reported 0.1 conversion background; not numeric zero,0.1,3,NA,Bacteria,0.08048851733333331,1,expression_binary=1,true,10.1021/cb500244v,10.1021/cb500244v.s003,cb500244v_si_003.xlsx,Sheet1,250,E,E250
ABS74298.1_Bacillus-amyloliquefaciens-FZB42,ABS74298.1,lactose,NIMS,5,90,<0.1,below reported 0.1 conversion background; not numeric zero,0.1,3,NA,Bacteria,0.08048851733333331,1,expression_binary=1,true,10.1021/cb500244v,10.1021/cb500244v.s003,cb500244v_si_003.xlsx,Sheet1,250,F,F250
ABS74298.1_Bacillus-amyloliquefaciens-FZB42,ABS74298.1,xylobiose,NIMS,8,40,<0.1,below reported 0.1 conversion background; not numeric zero,0.1,3,NA,Bacteria,0.08048851733333331,1,expression_binary=1,true,10.1021/cb500244v,10.1021/cb500244v.s003,cb500244v_si_003.xlsx,Sheet1,251,D,D251
ABS74298.1_Bacillus-amyloliquefaciens-FZB42,ABS74298.1,cellobiose,NIMS,8,40,<0.1,below reported 0.1 conversion background; not numeric zero,0.1,3,NA,Bacteria,0.08048851733333331,1,expression_binary=1,true,10.1021/cb500244v,10.1021/cb500244v.s003,cb500244v_si_003.xlsx,Sheet1,251,E,E251
ABS74298.1_Bacillus-amyloliquefaciens-FZB42,ABS74298.1,lactose,NIMS,8,40,<0.1,below reported 0.1 conversion background; not numeric zero,0.1,3,NA,Bacteria,0.08048851733333331,1,expression_binary=1,true,10.1021/cb500244v,10.1021/cb500244v.s003,cb500244v_si_003.xlsx,Sheet1,251,F,F251
ABS74298.1_Bacillus-amyloliquefaciens-FZB42,ABS74298.1,xylobiose,NIMS,8,60,<0.1,below reported 0.1 conversion background; not numeric zero,0.1,3,NA,Bacteria,0.08048851733333331,1,expression_binary=1,true,10.1021/cb500244v,10.1021/cb500244v.s003,cb500244v_si_003.xlsx,Sheet1,252,D,D252
ABS74298.1_Bacillus-amyloliquefaciens-FZB42,ABS74298.1,cellobiose,NIMS,8,60,<0.1,below reported 0.1 conversion background; not numeric zero,0.1,3,NA,Bacteria,0.08048851733333331,1,expression_binary=1,true,10.1021/cb500244v,10.1021/cb500244v.s003,cb500244v_si_003.xlsx,Sheet1,252,E,E252
ABS74298.1_Bacillus-amyloliquefaciens-FZB42,ABS74298.1,lactose,NIMS,8,60,<0.1,below reported 0.1 conversion background; not numeric zero,0.1,3,NA,Bacteria,0.08048851733333331,1,expression_binary=1,true,10.1021/cb500244v,10.1021/cb500244v.s003,cb500244v_si_003.xlsx,Sheet1,252,F,F252
ABS74298.1_Bacillus-amyloliquefaciens-FZB42,ABS74298.1,xylobiose,NIMS,8,80,<0.1,below reported 0.1 conversion background; not numeric zero,0.1,3,NA,Bacteria,0.08048851733333331,1,expression_binary=1,true,10.1021/cb500244v,10.1021/cb500244v.s003,cb500244v_si_003.xlsx,Sheet1,253,D,D253
ABS74298.1_Bacillus-amyloliquefaciens-FZB42,ABS74298.1,cellobiose,NIMS,8,80,<0.1,below reported 0.1 conversion background; not numeric zero,0.1,3,NA,Bacteria,0.08048851733333331,1,expression_binary=1,true,10.1021/cb500244v,10.1021/cb500244v.s003,cb500244v_si_003.xlsx,Sheet1,253,E,E253
ABS74298.1_Bacillus-amyloliquefaciens-FZB42,ABS74298.1,lactose,NIMS,8,80,<0.1,below reported 0.1 conversion background; not numeric zero,0.1,3,NA,Bacteria,0.08048851733333331,1,expression_binary=1,true,10.1021/cb500244v,10.1021/cb500244v.s003,cb500244v_si_003.xlsx,Sheet1,253,F,F253
ABS74298.1_Bacillus-amyloliquefaciens-FZB42,ABS74298.1,xylobiose,NIMS,8,90,<0.1,below reported 0.1 conversion background; not numeric zero,0.1,3,NA,Bacteria,0.08048851733333331,1,expression_binary=1,true,10.1021/cb500244v,10.1021/cb500244v.s003,cb500244v_si_003.xlsx,Sheet1,254,D,D254
ABS74298.1_Bacillus-amyloliquefaciens-FZB42,ABS74298.1,cellobiose,NIMS,8,90,<0.1,below reported 0.1 conversion background; not numeric zero,0.1,3,NA,Bacteria,0.08048851733333331,1,expression_binary=1,true,10.1021/cb500244v,10.1021/cb500244v.s003,cb500244v_si_003.xlsx,Sheet1,254,E,E254
ABS74298.1_Bacillus-amyloliquefaciens-FZB42,ABS74298.1,lactose,NIMS,8,90,<0.1,below reported 0.1 conversion background; not numeric zero,0.1,3,NA,Bacteria,0.08048851733333331,1,expression_binary=1,true,10.1021/cb500244v,10.1021/cb500244v.s003,cb500244v_si_003.xlsx,Sheet1,254,F,F254
ABU56651.1_Roseiflexus-castenholzii-DSM-13941,ABU56651.1,xylobiose,NIMS,5,40,<0.1,below reported 0.1 conversion background; not numeric zero,0.1,3,NA,Bacteria,0.03,1,expression_binary=1,true,10.1021/cb500244v,10.1021/cb500244v.s003,cb500244v_si_003.xlsx,Sheet1,255,D,D255
ABU56651.1_Roseiflexus-castenholzii-DSM-13941,ABU56651.1,cellobiose,NIMS,5,40,<0.1,below reported 0.1 conversion background; not numeric zero,0.1,3,NA,Bacteria,0.03,1,expression_binary=1,true,10.1021/cb500244v,10.1021/cb500244v.s003,cb500244v_si_003.xlsx,Sheet1,255,E,E255
ABU56651.1_Roseiflexus-castenholzii-DSM-13941,ABU56651.1,lactose,NIMS,5,40,<0.1,below reported 0.1 conversion background; not numeric zero,0.1,3,NA,Bacteria,0.03,1,expression_binary=1,true,10.1021/cb500244v,10.1021/cb500244v.s003,cb500244v_si_003.xlsx,Sheet1,255,F,F255
ABU56651.1_Roseiflexus-castenholzii-DSM-13941,ABU56651.1,xylobiose,NIMS,5,60,<0.1,below reported 0.1 conversion background; not numeric zero,0.1,3,NA,Bacteria,0.03,1,expression_binary=1,true,10.1021/cb500244v,10.1021/cb500244v.s003,cb500244v_si_003.xlsx,Sheet1,256,D,D256
ABU56651.1_Roseiflexus-castenholzii-DSM-13941,ABU56651.1,xylobiose,NIMS,5,80,<0.1,below reported 0.1 conversion background; not numeric zero,0.1,3,NA,Bacteria,0.03,1,expression_binary=1,true,10.1021/cb500244v,10.1021/cb500244v.s003,cb500244v_si_003.xlsx,Sheet1,257,D,D257
ABU56651.1_Roseiflexus-castenholzii-DSM-13941,ABU56651.1,xylobiose,NIMS,5,90,<0.1,below reported 0.1 conversion background; not numeric zero,0.1,3,NA,Bacteria,0.03,1,expression_binary=1,true,10.1021/cb500244v,10.1021/cb500244v.s003,cb500244v_si_003.xlsx,Sheet1,258,D,D258
ABU56651.1_Roseiflexus-castenholzii-DSM-13941,ABU56651.1,cellobiose,NIMS,5,90,<0.1,below reported 0.1 conversion background; not numeric zero,0.1,3,NA,Bacteria,0.03,1,expression_binary=1,true,10.1021/cb500244v,10.1021/cb500244v.s003,cb500244v_si_003.xlsx,Sheet1,258,E,E258
ABU56651.1_Roseiflexus-castenholzii-DSM-13941,ABU56651.1,lactose,NIMS,5,90,<0.1,below reported 0.1 conversion background; not numeric zero,0.1,3,NA,Bacteria,0.03,1,expression_binary=1,true,10.1021/cb500244v,10.1021/cb500244v.s003,cb500244v_si_003.xlsx,Sheet1,258,F,F258
ABU56651.1_Roseiflexus-castenholzii-DSM-13941,ABU56651.1,xylobiose,NIMS,8,40,<0.1,below reported 0.1 conversion background; not numeric zero,0.1,3,NA,Bacteria,0.03,1,expression_binary=1,true,10.1021/cb500244v,10.1021/cb500244v.s003,cb500244v_si_003.xlsx,Sheet1,259,D,D259
ABU56651.1_Roseiflexus-castenholzii-DSM-13941,ABU56651.1,cellobiose,NIMS,8,40,<0.1,below reported 0.1 conversion background; not numeric zero,0.1,3,NA,Bacteria,0.03,1,expression_binary=1,true,10.1021/cb500244v,10.1021/cb500244v.s003,cb500244v_si_003.xlsx,Sheet1,259,E,E259
ABU56651.1_Roseiflexus-castenholzii-DSM-13941,ABU56651.1,lactose,NIMS,8,40,<0.1,below reported 0.1 conversion background; not numeric zero,0.1,3,NA,Bacteria,0.03,1,expression_binary=1,true,10.1021/cb500244v,10.1021/cb500244v.s003,cb500244v_si_003.xlsx,Sheet1,259,F,F259
ABU56651.1_Roseiflexus-castenholzii-DSM-13941,ABU56651.1,xylobiose,NIMS,8,60,<0.1,below reported 0.1 conversion background; not numeric zero,0.1,3,NA,Bacteria,0.03,1,expression_binary=1,true,10.1021/cb500244v,10.1021/cb500244v.s003,cb500244v_si_003.xlsx,Sheet1,260,D,D260
ABU56651.1_Roseiflexus-castenholzii-DSM-13941,ABU56651.1,xylobiose,NIMS,8,80,<0.1,below reported 0.1 conversion background; not numeric zero,0.1,3,NA,Bacteria,0.03,1,expression_binary=1,true,10.1021/cb500244v,10.1021/cb500244v.s003,cb500244v_si_003.xlsx,Sheet1,261,D,D261
ABU56651.1_Roseiflexus-castenholzii-DSM-13941,ABU56651.1,xylobiose,NIMS,8,90,<0.1,below reported 0.1 conversion background; not numeric zero,0.1,3,NA,Bacteria,0.03,1,expression_binary=1,true,10.1021/cb500244v,10.1021/cb500244v.s003,cb500244v_si_003.xlsx,Sheet1,262,D,D262
ABU56651.1_Roseiflexus-castenholzii-DSM-13941,ABU56651.1,cellobiose,NIMS,8,90,<0.1,below reported 0.1 conversion background; not numeric zero,0.1,3,NA,Bacteria,0.03,1,expression_binary=1,true,10.1021/cb500244v,10.1021/cb500244v.s003,cb500244v_si_003.xlsx,Sheet1,262,E,E262
ABU56651.1_Roseiflexus-castenholzii-DSM-13941,ABU56651.1,lactose,NIMS,8,90,<0.1,below reported 0.1 conversion background; not numeric zero,0.1,3,NA,Bacteria,0.03,1,expression_binary=1,true,10.1021/cb500244v,10.1021/cb500244v.s003,cb500244v_si_003.xlsx,Sheet1,262,F,F262
ABW01253.1_Caldivirga-maquilingensis-IC-167,ABW01253.1,xylobiose,NIMS,5,40,<0.1,below reported 0.1 conversion background; not numeric zero,0.1,3,NA,Archaea,0.2752815786666667,1,expression_binary=1,true,10.1021/cb500244v,10.1021/cb500244v.s003,cb500244v_si_003.xlsx,Sheet1,263,D,D263
ABW01253.1_Caldivirga-maquilingensis-IC-167,ABW01253.1,cellobiose,NIMS,5,40,<0.1,below reported 0.1 conversion background; not numeric zero,0.1,3,NA,Archaea,0.2752815786666667,1,expression_binary=1,true,10.1021/cb500244v,10.1021/cb500244v.s003,cb500244v_si_003.xlsx,Sheet1,263,E,E263
ABW01253.1_Caldivirga-maquilingensis-IC-167,ABW01253.1,lactose,NIMS,5,40,<0.1,below reported 0.1 conversion background; not numeric zero,0.1,3,NA,Archaea,0.2752815786666667,1,expression_binary=1,true,10.1021/cb500244v,10.1021/cb500244v.s003,cb500244v_si_003.xlsx,Sheet1,263,F,F263
ABW01253.1_Caldivirga-maquilingensis-IC-167,ABW01253.1,xylobiose,NIMS,8,40,<0.1,below reported 0.1 conversion background; not numeric zero,0.1,3,NA,Archaea,0.2752815786666667,1,expression_binary=1,true,10.1021/cb500244v,10.1021/cb500244v.s003,cb500244v_si_003.xlsx,Sheet1,267,D,D267
ABW01492.1_Caldivirga-maquilingensis-IC-167,ABW01492.1,xylobiose,NIMS,5,40,<0.1,below reported 0.1 conversion background; not numeric zero,0.1,3,NA,Archaea,0.18712685866666665,1,expression_binary=1,true,10.1021/cb500244v,10.1021/cb500244v.s003,cb500244v_si_003.xlsx,Sheet1,271,D,D271
ABW01492.1_Caldivirga-maquilingensis-IC-167,ABW01492.1,lactose,NIMS,5,40,<0.1,below reported 0.1 conversion background; not numeric zero,0.1,3,NA,Archaea,0.18712685866666665,1,expression_binary=1,true,10.1021/cb500244v,10.1021/cb500244v.s003,cb500244v_si_003.xlsx,Sheet1,271,F,F271
ABW01492.1_Caldivirga-maquilingensis-IC-167,ABW01492.1,xylobiose,NIMS,5,60,<0.1,below reported 0.1 conversion background; not numeric zero,0.1,3,NA,Archaea,0.18712685866666665,1,expression_binary=1,true,10.1021/cb500244v,10.1021/cb500244v.s003,cb500244v_si_003.xlsx,Sheet1,272,D,D272
ABW01492.1_Caldivirga-maquilingensis-IC-167,ABW01492.1,xylobiose,NIMS,5,80,<0.1,below reported 0.1 conversion background; not numeric zero,0.1,3,NA,Archaea,0.18712685866666665,1,expression_binary=1,true,10.1021/cb500244v,10.1021/cb500244v.s003,cb500244v_si_003.xlsx,Sheet1,273,D,D273
ABW01492.1_Caldivirga-maquilingensis-IC-167,ABW01492.1,xylobiose,NIMS,5,90,<0.1,below reported 0.1 conversion background; not numeric zero,0.1,3,NA,Archaea,0.18712685866666665,1,expression_binary=1,true,10.1021/cb500244v,10.1021/cb500244v.s003,cb500244v_si_003.xlsx,Sheet1,274,D,D274
ABW01492.1_Caldivirga-maquilingensis-IC-167,ABW01492.1,xylobiose,NIMS,8,40,<0.1,below reported 0.1 conversion background; not numeric zero,0.1,3,NA,Archaea,0.18712685866666665,1,expression_binary=1,true,10.1021/cb500244v,10.1021/cb500244v.s003,cb500244v_si_003.xlsx,Sheet1,275,D,D275
ABW01492.1_Caldivirga-maquilingensis-IC-167,ABW01492.1,lactose,NIMS,8,40,<0.1,below reported 0.1 conversion background; not numeric zero,0.1,3,NA,Archaea,0.18712685866666665,1,expression_binary=1,true,10.1021/cb500244v,10.1021/cb500244v.s003,cb500244v_si_003.xlsx,Sheet1,275,F,F275
ABW01492.1_Caldivirga-maquilingensis-IC-167,ABW01492.1,xylobiose,NIMS,8,60,<0.1,below reported 0.1 conversion background; not numeric zero,0.1,3,NA,Archaea,0.18712685866666665,1,expression_binary=1,true,10.1021/cb500244v,10.1021/cb500244v.s003,cb500244v_si_003.xlsx,Sheet1,276,D,D276
ABW01492.1_Caldivirga-maquilingensis-IC-167,ABW01492.1,lactose,NIMS,8,60,<0.1,below reported 0.1 conversion background; not numeric zero,0.1,3,NA,Archaea,0.18712685866666665,1,expression_binary=1,true,10.1021/cb500244v,10.1021/cb500244v.s003,cb500244v_si_003.xlsx,Sheet1,276,F,F276
ABW01492.1_Caldivirga-maquilingensis-IC-167,ABW01492.1,xylobiose,NIMS,8,80,<0.1,below reported 0.1 conversion background; not numeric zero,0.1,3,NA,Archaea,0.18712685866666665,1,expression_binary=1,true,10.1021/cb500244v,10.1021/cb500244v.s003,cb500244v_si_003.xlsx,Sheet1,277,D,D277
ABW01492.1_Caldivirga-maquilingensis-IC-167,ABW01492.1,lactose,NIMS,8,80,<0.1,below reported 0.1 conversion background; not numeric zero,0.1,3,NA,Archaea,0.18712685866666665,1,expression_binary=1,true,10.1021/cb500244v,10.1021/cb500244v.s003,cb500244v_si_003.xlsx,Sheet1,277,F,F277
ABW01492.1_Caldivirga-maquilingensis-IC-167,ABW01492.1,xylobiose,NIMS,8,90,<0.1,below reported 0.1 conversion background; not numeric zero,0.1,3,NA,Archaea,0.18712685866666665,1,expression_binary=1,true,10.1021/cb500244v,10.1021/cb500244v.s003,cb500244v_si_003.xlsx,Sheet1,278,D,D278
ABW01492.1_Caldivirga-maquilingensis-IC-167,ABW01492.1,lactose,NIMS,8,90,<0.1,below reported 0.1 conversion background; not numeric zero,0.1,3,NA,Archaea,0.18712685866666665,1,expression_binary=1,true,10.1021/cb500244v,10.1021/cb500244v.s003,cb500244v_si_003.xlsx,Sheet1,278,F,F278
ABX31229.1_Petrotoga-mobilis-SJ95,ABX31229.1,xylobiose,NIMS,5,40,<0.1,below reported 0.1 conversion background; not numeric zero,0.1,3,NA,Bacteria,0.07155494133333333,1,expression_binary=1,true,10.1021/cb500244v,10.1021/cb500244v.s003,cb500244v_si_003.xlsx,Sheet1,279,D,D279
ABX31229.1_Petrotoga-mobilis-SJ95,ABX31229.1,lactose,NIMS,5,60,<0.1,below reported 0.1 conversion background; not numeric zero,0.1,3,NA,Bacteria,0.07155494133333333,1,expression_binary=1,true,10.1021/cb500244v,10.1021/cb500244v.s003,cb500244v_si_003.xlsx,Sheet1,280,F,F280
ABX31229.1_Petrotoga-mobilis-SJ95,ABX31229.1,xylobiose,NIMS,5,90,<0.1,below reported 0.1 conversion background; not numeric zero,0.1,3,NA,Bacteria,0.07155494133333333,1,expression_binary=1,true,10.1021/cb500244v,10.1021/cb500244v.s003,cb500244v_si_003.xlsx,Sheet1,282,D,D282
ABX31229.1_Petrotoga-mobilis-SJ95,ABX31229.1,cellobiose,NIMS,5,90,<0.1,below reported 0.1 conversion background; not numeric zero,0.1,3,NA,Bacteria,0.07155494133333333,1,expression_binary=1,true,10.1021/cb500244v,10.1021/cb500244v.s003,cb500244v_si_003.xlsx,Sheet1,282,E,E282
ABX31229.1_Petrotoga-mobilis-SJ95,ABX31229.1,lactose,NIMS,5,90,<0.1,below reported 0.1 conversion background; not numeric zero,0.1,3,NA,Bacteria,0.07155494133333333,1,expression_binary=1,true,10.1021/cb500244v,10.1021/cb500244v.s003,cb500244v_si_003.xlsx,Sheet1,282,F,F282
ABX31229.1_Petrotoga-mobilis-SJ95,ABX31229.1,xylobiose,NIMS,8,40,<0.1,below reported 0.1 conversion background; not numeric zero,0.1,3,NA,Bacteria,0.07155494133333333,1,expression_binary=1,true,10.1021/cb500244v,10.1021/cb500244v.s003,cb500244v_si_003.xlsx,Sheet1,283,D,D283
ABX31229.1_Petrotoga-mobilis-SJ95,ABX31229.1,xylobiose,NIMS,8,60,<0.1,below reported 0.1 conversion background; not numeric zero,0.1,3,NA,Bacteria,0.07155494133333333,1,expression_binary=1,true,10.1021/cb500244v,10.1021/cb500244v.s003,cb500244v_si_003.xlsx,Sheet1,284,D,D284
ABX31229.1_Petrotoga-mobilis-SJ95,ABX31229.1,cellobiose,NIMS,8,60,<0.1,below reported 0.1 conversion background; not numeric zero,0.1,3,NA,Bacteria,0.07155494133333333,1,expression_binary=1,true,10.1021/cb500244v,10.1021/cb500244v.s003,cb500244v_si_003.xlsx,Sheet1,284,E,E284
ABX31229.1_Petrotoga-mobilis-SJ95,ABX31229.1,xylobiose,NIMS,8,80,<0.1,below reported 0.1 conversion background; not numeric zero,0.1,3,NA,Bacteria,0.07155494133333333,1,expression_binary=1,true,10.1021/cb500244v,10.1021/cb500244v.s003,cb500244v_si_003.xlsx,Sheet1,285,D,D285
ABX31229.1_Petrotoga-mobilis-SJ95,ABX31229.1,xylobiose,NIMS,8,90,<0.1,below reported 0.1 conversion background; not numeric zero,0.1,3,NA,Bacteria,0.07155494133333333,1,expression_binary=1,true,10.1021/cb500244v,10.1021/cb500244v.s003,cb500244v_si_003.xlsx,Sheet1,286,D,D286
ABX31229.1_Petrotoga-mobilis-SJ95,ABX31229.1,cellobiose,NIMS,8,90,<0.1,below reported 0.1 conversion background; not numeric zero,0.1,3,NA,Bacteria,0.07155494133333333,1,expression_binary=1,true,10.1021/cb500244v,10.1021/cb500244v.s003,cb500244v_si_003.xlsx,Sheet1,286,E,E286
ABX31229.1_Petrotoga-mobilis-SJ95,ABX31229.1,lactose,NIMS,8,90,<0.1,below reported 0.1 conversion background; not numeric zero,0.1,3,NA,Bacteria,0.07155494133333333,1,expression_binary=1,true,10.1021/cb500244v,10.1021/cb500244v.s003,cb500244v_si_003.xlsx,Sheet1,286,F,F286
ABY33610.1_Chloroflexus-aurantiacus-J-10-fl,ABY33610.1,xylobiose,NIMS,5,40,<0.1,below reported 0.1 conversion background; not numeric zero,0.1,3,NA,Bacteria,0.287223008,1,expression_binary=1,true,10.1021/cb500244v,10.1021/cb500244v.s003,cb500244v_si_003.xlsx,Sheet1,287,D,D287
ABY33610.1_Chloroflexus-aurantiacus-J-10-fl,ABY33610.1,cellobiose,NIMS,5,40,<0.1,below reported 0.1 conversion background; not numeric zero,0.1,3,NA,Bacteria,0.287223008,1,expression_binary=1,true,10.1021/cb500244v,10.1021/cb500244v.s003,cb500244v_si_003.xlsx,Sheet1,287,E,E287
ABY33610.1_Chloroflexus-aurantiacus-J-10-fl,ABY33610.1,lactose,NIMS,5,40,<0.1,below reported 0.1 conversion background; not numeric zero,0.1,3,NA,Bacteria,0.287223008,1,expression_binary=1,true,10.1021/cb500244v,10.1021/cb500244v.s003,cb500244v_si_003.xlsx,Sheet1,287,F,F287
ABY33610.1_Chloroflexus-aurantiacus-J-10-fl,ABY33610.1,xylobiose,NIMS,5,60,<0.1,below reported 0.1 conversion background; not numeric zero,0.1,3,NA,Bacteria,0.287223008,1,expression_binary=1,true,10.1021/cb500244v,10.1021/cb500244v.s003,cb500244v_si_003.xlsx,Sheet1,288,D,D288
ABY33610.1_Chloroflexus-aurantiacus-J-10-fl,ABY33610.1,cellobiose,NIMS,5,60,<0.1,below reported 0.1 conversion background; not numeric zero,0.1,3,NA,Bacteria,0.287223008,1,expression_binary=1,true,10.1021/cb500244v,10.1021/cb500244v.s003,cb500244v_si_003.xlsx,Sheet1,288,E,E288
ABY33610.1_Chloroflexus-aurantiacus-J-10-fl,ABY33610.1,lactose,NIMS,5,60,<0.1,below reported 0.1 conversion background; not numeric zero,0.1,3,NA,Bacteria,0.287223008,1,expression_binary=1,true,10.1021/cb500244v,10.1021/cb500244v.s003,cb500244v_si_003.xlsx,Sheet1,288,F,F288
ABY33610.1_Chloroflexus-aurantiacus-J-10-fl,ABY33610.1,xylobiose,NIMS,5,80,<0.1,below reported 0.1 conversion background; not numeric zero,0.1,3,NA,Bacteria,0.287223008,1,expression_binary=1,true,10.1021/cb500244v,10.1021/cb500244v.s003,cb500244v_si_003.xlsx,Sheet1,289,D,D289
ABY33610.1_Chloroflexus-aurantiacus-J-10-fl,ABY33610.1,cellobiose,NIMS,5,80,<0.1,below reported 0.1 conversion background; not numeric zero,0.1,3,NA,Bacteria,0.287223008,1,expression_binary=1,true,10.1021/cb500244v,10.1021/cb500244v.s003,cb500244v_si_003.xlsx,Sheet1,289,E,E289
ABY33610.1_Chloroflexus-aurantiacus-J-10-fl,ABY33610.1,lactose,NIMS,5,80,<0.1,below reported 0.1 conversion background; not numeric zero,0.1,3,NA,Bacteria,0.287223008,1,expression_binary=1,true,10.1021/cb500244v,10.1021/cb500244v.s003,cb500244v_si_003.xlsx,Sheet1,289,F,F289
ABY33610.1_Chloroflexus-aurantiacus-J-10-fl,ABY33610.1,xylobiose,NIMS,5,90,<0.1,below reported 0.1 conversion background; not numeric zero,0.1,3,NA,Bacteria,0.287223008,1,expression_binary=1,true,10.1021/cb500244v,10.1021/cb500244v.s003,cb500244v_si_003.xlsx,Sheet1,290,D,D290
ABY33610.1_Chloroflexus-aurantiacus-J-10-fl,ABY33610.1,cellobiose,NIMS,5,90,<0.1,below reported 0.1 conversion background; not numeric zero,0.1,3,NA,Bacteria,0.287223008,1,expression_binary=1,true,10.1021/cb500244v,10.1021/cb500244v.s003,cb500244v_si_003.xlsx,Sheet1,290,E,E290
ABY33610.1_Chloroflexus-aurantiacus-J-10-fl,ABY33610.1,lactose,NIMS,5,90,<0.1,below reported 0.1 conversion background; not numeric zero,0.1,3,NA,Bacteria,0.287223008,1,expression_binary=1,true,10.1021/cb500244v,10.1021/cb500244v.s003,cb500244v_si_003.xlsx,Sheet1,290,F,F290
ABY33610.1_Chloroflexus-aurantiacus-J-10-fl,ABY33610.1,xylobiose,NIMS,8,40,<0.1,below reported 0.1 conversion background; not numeric zero,0.1,3,NA,Bacteria,0.287223008,1,expression_binary=1,true,10.1021/cb500244v,10.1021/cb500244v.s003,cb500244v_si_003.xlsx,Sheet1,291,D,D291
ABY33610.1_Chloroflexus-aurantiacus-J-10-fl,ABY33610.1,cellobiose,NIMS,8,40,<0.1,below reported 0.1 conversion background; not numeric zero,0.1,3,NA,Bacteria,0.287223008,1,expression_binary=1,true,10.1021/cb500244v,10.1021/cb500244v.s003,cb500244v_si_003.xlsx,Sheet1,291,E,E291
ABY33610.1_Chloroflexus-aurantiacus-J-10-fl,ABY33610.1,lactose,NIMS,8,40,<0.1,below reported 0.1 conversion background; not numeric zero,0.1,3,NA,Bacteria,0.287223008,1,expression_binary=1,true,10.1021/cb500244v,10.1021/cb500244v.s003,cb500244v_si_003.xlsx,Sheet1,291,F,F291
ABY33610.1_Chloroflexus-aurantiacus-J-10-fl,ABY33610.1,xylobiose,NIMS,8,60,<0.1,below reported 0.1 conversion background; not numeric zero,0.1,3,NA,Bacteria,0.287223008,1,expression_binary=1,true,10.1021/cb500244v,10.1021/cb500244v.s003,cb500244v_si_003.xlsx,Sheet1,292,D,D292
ABY33610.1_Chloroflexus-aurantiacus-J-10-fl,ABY33610.1,cellobiose,NIMS,8,60,<0.1,below reported 0.1 conversion background; not numeric zero,0.1,3,NA,Bacteria,0.287223008,1,expression_binary=1,true,10.1021/cb500244v,10.1021/cb500244v.s003,cb500244v_si_003.xlsx,Sheet1,292,E,E292
ABY33610.1_Chloroflexus-aurantiacus-J-10-fl,ABY33610.1,lactose,NIMS,8,60,<0.1,below reported 0.1 conversion background; not numeric zero,0.1,3,NA,Bacteria,0.287223008,1,expression_binary=1,true,10.1021/cb500244v,10.1021/cb500244v.s003,cb500244v_si_003.xlsx,Sheet1,292,F,F292
ABY33610.1_Chloroflexus-aurantiacus-J-10-fl,ABY33610.1,xylobiose,NIMS,8,80,<0.1,below reported 0.1 conversion background; not numeric zero,0.1,3,NA,Bacteria,0.287223008,1,expression_binary=1,true,10.1021/cb500244v,10.1021/cb500244v.s003,cb500244v_si_003.xlsx,Sheet1,293,D,D293
ABY33610.1_Chloroflexus-aurantiacus-J-10-fl,ABY33610.1,cellobiose,NIMS,8,80,<0.1,below reported 0.1 conversion background; not numeric zero,0.1,3,NA,Bacteria,0.287223008,1,expression_binary=1,true,10.1021/cb500244v,10.1021/cb500244v.s003,cb500244v_si_003.xlsx,Sheet1,293,E,E293
ABY33610.1_Chloroflexus-aurantiacus-J-10-fl,ABY33610.1,lactose,NIMS,8,80,<0.1,below reported 0.1 conversion background; not numeric zero,0.1,3,NA,Bacteria,0.287223008,1,expression_binary=1,true,10.1021/cb500244v,10.1021/cb500244v.s003,cb500244v_si_003.xlsx,Sheet1,293,F,F293
ABY33610.1_Chloroflexus-aurantiacus-J-10-fl,ABY33610.1,xylobiose,NIMS,8,90,<0.1,below reported 0.1 conversion background; not numeric zero,0.1,3,NA,Bacteria,0.287223008,1,expression_binary=1,true,10.1021/cb500244v,10.1021/cb500244v.s003,cb500244v_si_003.xlsx,Sheet1,294,D,D294
ABY33610.1_Chloroflexus-aurantiacus-J-10-fl,ABY33610.1,cellobiose,NIMS,8,90,<0.1,below reported 0.1 conversion background; not numeric zero,0.1,3,NA,Bacteria,0.287223008,1,expression_binary=1,true,10.1021/cb500244v,10.1021/cb500244v.s003,cb500244v_si_003.xlsx,Sheet1,294,E,E294
ABY33610.1_Chloroflexus-aurantiacus-J-10-fl,ABY33610.1,lactose,NIMS,8,90,<0.1,below reported 0.1 conversion background; not numeric zero,0.1,3,NA,Bacteria,0.287223008,1,expression_binary=1,true,10.1021/cb500244v,10.1021/cb500244v.s003,cb500244v_si_003.xlsx,Sheet1,294,F,F294
ACF00459.1_Rhodopseudomonas-palustris-TIE-1,ACF00459.1,xylobiose,NIMS,5,40,<0.1,below reported 0.1 conversion background; not numeric zero,0.1,3,NA,Bacteria,0.16487653866666668,1,expression_binary=1,true,10.1021/cb500244v,10.1021/cb500244v.s003,cb500244v_si_003.xlsx,Sheet1,295,D,D295
ACF00459.1_Rhodopseudomonas-palustris-TIE-1,ACF00459.1,lactose,NIMS,5,40,<0.1,below reported 0.1 conversion background; not numeric zero,0.1,3,NA,Bacteria,0.16487653866666668,1,expression_binary=1,true,10.1021/cb500244v,10.1021/cb500244v.s003,cb500244v_si_003.xlsx,Sheet1,295,F,F295
ACF00459.1_Rhodopseudomonas-palustris-TIE-1,ACF00459.1,xylobiose,NIMS,5,60,<0.1,below reported 0.1 conversion background; not numeric zero,0.1,3,NA,Bacteria,0.16487653866666668,1,expression_binary=1,true,10.1021/cb500244v,10.1021/cb500244v.s003,cb500244v_si_003.xlsx,Sheet1,296,D,D296
ACF00459.1_Rhodopseudomonas-palustris-TIE-1,ACF00459.1,cellobiose,NIMS,5,60,<0.1,below reported 0.1 conversion background; not numeric zero,0.1,3,NA,Bacteria,0.16487653866666668,1,expression_binary=1,true,10.1021/cb500244v,10.1021/cb500244v.s003,cb500244v_si_003.xlsx,Sheet1,296,E,E296
ACF00459.1_Rhodopseudomonas-palustris-TIE-1,ACF00459.1,lactose,NIMS,5,60,<0.1,below reported 0.1 conversion background; not numeric zero,0.1,3,NA,Bacteria,0.16487653866666668,1,expression_binary=1,true,10.1021/cb500244v,10.1021/cb500244v.s003,cb500244v_si_003.xlsx,Sheet1,296,F,F296
ACF00459.1_Rhodopseudomonas-palustris-TIE-1,ACF00459.1,xylobiose,NIMS,5,80,<0.1,below reported 0.1 conversion background; not numeric zero,0.1,3,NA,Bacteria,0.16487653866666668,1,expression_binary=1,true,10.1021/cb500244v,10.1021/cb500244v.s003,cb500244v_si_003.xlsx,Sheet1,297,D,D297
ACF00459.1_Rhodopseudomonas-palustris-TIE-1,ACF00459.1,cellobiose,NIMS,5,80,<0.1,below reported 0.1 conversion background; not numeric zero,0.1,3,NA,Bacteria,0.16487653866666668,1,expression_binary=1,true,10.1021/cb500244v,10.1021/cb500244v.s003,cb500244v_si_003.xlsx,Sheet1,297,E,E297
ACF00459.1_Rhodopseudomonas-palustris-TIE-1,ACF00459.1,lactose,NIMS,5,80,<0.1,below reported 0.1 conversion background; not numeric zero,0.1,3,NA,Bacteria,0.16487653866666668,1,expression_binary=1,true,10.1021/cb500244v,10.1021/cb500244v.s003,cb500244v_si_003.xlsx,Sheet1,297,F,F297
ACF00459.1_Rhodopseudomonas-palustris-TIE-1,ACF00459.1,xylobiose,NIMS,5,90,<0.1,below reported 0.1 conversion background; not numeric zero,0.1,3,NA,Bacteria,0.16487653866666668,1,expression_binary=1,true,10.1021/cb500244v,10.1021/cb500244v.s003,cb500244v_si_003.xlsx,Sheet1,298,D,D298
ACF00459.1_Rhodopseudomonas-palustris-TIE-1,ACF00459.1,cellobiose,NIMS,5,90,<0.1,below reported 0.1 conversion background; not numeric zero,0.1,3,NA,Bacteria,0.16487653866666668,1,expression_binary=1,true,10.1021/cb500244v,10.1021/cb500244v.s003,cb500244v_si_003.xlsx,Sheet1,298,E,E298
ACF00459.1_Rhodopseudomonas-palustris-TIE-1,ACF00459.1,lactose,NIMS,5,90,<0.1,below reported 0.1 conversion background; not numeric zero,0.1,3,NA,Bacteria,0.16487653866666668,1,expression_binary=1,true,10.1021/cb500244v,10.1021/cb500244v.s003,cb500244v_si_003.xlsx,Sheet1,298,F,F298
ACF00459.1_Rhodopseudomonas-palustris-TIE-1,ACF00459.1,xylobiose,NIMS,8,40,<0.1,below reported 0.1 conversion background; not numeric zero,0.1,3,NA,Bacteria,0.16487653866666668,1,expression_binary=1,true,10.1021/cb500244v,10.1021/cb500244v.s003,cb500244v_si_003.xlsx,Sheet1,299,D,D299
ACF00459.1_Rhodopseudomonas-palustris-TIE-1,ACF00459.1,lactose,NIMS,8,40,<0.1,below reported 0.1 conversion background; not numeric zero,0.1,3,NA,Bacteria,0.16487653866666668,1,expression_binary=1,true,10.1021/cb500244v,10.1021/cb500244v.s003,cb500244v_si_003.xlsx,Sheet1,299,F,F299
ACF00459.1_Rhodopseudomonas-palustris-TIE-1,ACF00459.1,xylobiose,NIMS,8,60,<0.1,below reported 0.1 conversion background; not numeric zero,0.1,3,NA,Bacteria,0.16487653866666668,1,expression_binary=1,true,10.1021/cb500244v,10.1021/cb500244v.s003,cb500244v_si_003.xlsx,Sheet1,300,D,D300
ACF00459.1_Rhodopseudomonas-palustris-TIE-1,ACF00459.1,cellobiose,NIMS,8,60,<0.1,below reported 0.1 conversion background; not numeric zero,0.1,3,NA,Bacteria,0.16487653866666668,1,expression_binary=1,true,10.1021/cb500244v,10.1021/cb500244v.s003,cb500244v_si_003.xlsx,Sheet1,300,E,E300
ACF00459.1_Rhodopseudomonas-palustris-TIE-1,ACF00459.1,lactose,NIMS,8,60,<0.1,below reported 0.1 conversion background; not numeric zero,0.1,3,NA,Bacteria,0.16487653866666668,1,expression_binary=1,true,10.1021/cb500244v,10.1021/cb500244v.s003,cb500244v_si_003.xlsx,Sheet1,300,F,F300
ACF00459.1_Rhodopseudomonas-palustris-TIE-1,ACF00459.1,xylobiose,NIMS,8,80,<0.1,below reported 0.1 conversion background; not numeric zero,0.1,3,NA,Bacteria,0.16487653866666668,1,expression_binary=1,true,10.1021/cb500244v,10.1021/cb500244v.s003,cb500244v_si_003.xlsx,Sheet1,301,D,D301
ACF00459.1_Rhodopseudomonas-palustris-TIE-1,ACF00459.1,cellobiose,NIMS,8,80,<0.1,below reported 0.1 conversion background; not numeric zero,0.1,3,NA,Bacteria,0.16487653866666668,1,expression_binary=1,true,10.1021/cb500244v,10.1021/cb500244v.s003,cb500244v_si_003.xlsx,Sheet1,301,E,E301
ACF00459.1_Rhodopseudomonas-palustris-TIE-1,ACF00459.1,lactose,NIMS,8,80,<0.1,below reported 0.1 conversion background; not numeric zero,0.1,3,NA,Bacteria,0.16487653866666668,1,expression_binary=1,true,10.1021/cb500244v,10.1021/cb500244v.s003,cb500244v_si_003.xlsx,Sheet1,301,F,F301
ACF00459.1_Rhodopseudomonas-palustris-TIE-1,ACF00459.1,xylobiose,NIMS,8,90,<0.1,below reported 0.1 conversion background; not numeric zero,0.1,3,NA,Bacteria,0.16487653866666668,1,expression_binary=1,true,10.1021/cb500244v,10.1021/cb500244v.s003,cb500244v_si_003.xlsx,Sheet1,302,D,D302
ACF00459.1_Rhodopseudomonas-palustris-TIE-1,ACF00459.1,cellobiose,NIMS,8,90,<0.1,below reported 0.1 conversion background; not numeric zero,0.1,3,NA,Bacteria,0.16487653866666668,1,expression_binary=1,true,10.1021/cb500244v,10.1021/cb500244v.s003,cb500244v_si_003.xlsx,Sheet1,302,E,E302
ACF00459.1_Rhodopseudomonas-palustris-TIE-1,ACF00459.1,lactose,NIMS,8,90,<0.1,below reported 0.1 conversion background; not numeric zero,0.1,3,NA,Bacteria,0.16487653866666668,1,expression_binary=1,true,10.1021/cb500244v,10.1021/cb500244v.s003,cb500244v_si_003.xlsx,Sheet1,302,F,F302
ACI21065.1_Thermodesulfovibrio-yellowstonii-DSM-11347,ACI21065.1,xylobiose,NIMS,5,40,<0.1,below reported 0.1 conversion background; not numeric zero,0.1,3,NA,Bacteria,0.004,0,expression_binary=0,false,10.1021/cb500244v,10.1021/cb500244v.s003,cb500244v_si_003.xlsx,Sheet1,303,D,D303
ACI21065.1_Thermodesulfovibrio-yellowstonii-DSM-11347,ACI21065.1,cellobiose,NIMS,5,40,<0.1,below reported 0.1 conversion background; not numeric zero,0.1,3,NA,Bacteria,0.004,0,expression_binary=0,false,10.1021/cb500244v,10.1021/cb500244v.s003,cb500244v_si_003.xlsx,Sheet1,303,E,E303
ACI21065.1_Thermodesulfovibrio-yellowstonii-DSM-11347,ACI21065.1,lactose,NIMS,5,40,<0.1,below reported 0.1 conversion background; not numeric zero,0.1,3,NA,Bacteria,0.004,0,expression_binary=0,false,10.1021/cb500244v,10.1021/cb500244v.s003,cb500244v_si_003.xlsx,Sheet1,303,F,F303
ACI21065.1_Thermodesulfovibrio-yellowstonii-DSM-11347,ACI21065.1,xylobiose,NIMS,5,60,<0.1,below reported 0.1 conversion background; not numeric zero,0.1,3,NA,Bacteria,0.004,0,expression_binary=0,false,10.1021/cb500244v,10.1021/cb500244v.s003,cb500244v_si_003.xlsx,Sheet1,304,D,D304
ACI21065.1_Thermodesulfovibrio-yellowstonii-DSM-11347,ACI21065.1,cellobiose,NIMS,5,60,<0.1,below reported 0.1 conversion background; not numeric zero,0.1,3,NA,Bacteria,0.004,0,expression_binary=0,false,10.1021/cb500244v,10.1021/cb500244v.s003,cb500244v_si_003.xlsx,Sheet1,304,E,E304
ACI21065.1_Thermodesulfovibrio-yellowstonii-DSM-11347,ACI21065.1,lactose,NIMS,5,60,<0.1,below reported 0.1 conversion background; not numeric zero,0.1,3,NA,Bacteria,0.004,0,expression_binary=0,false,10.1021/cb500244v,10.1021/cb500244v.s003,cb500244v_si_003.xlsx,Sheet1,304,F,F304
ACI21065.1_Thermodesulfovibrio-yellowstonii-DSM-11347,ACI21065.1,xylobiose,NIMS,5,80,<0.1,below reported 0.1 conversion background; not numeric zero,0.1,3,NA,Bacteria,0.004,0,expression_binary=0,false,10.1021/cb500244v,10.1021/cb500244v.s003,cb500244v_si_003.xlsx,Sheet1,305,D,D305
ACI21065.1_Thermodesulfovibrio-yellowstonii-DSM-11347,ACI21065.1,cellobiose,NIMS,5,80,<0.1,below reported 0.1 conversion background; not numeric zero,0.1,3,NA,Bacteria,0.004,0,expression_binary=0,false,10.1021/cb500244v,10.1021/cb500244v.s003,cb500244v_si_003.xlsx,Sheet1,305,E,E305
ACI21065.1_Thermodesulfovibrio-yellowstonii-DSM-11347,ACI21065.1,lactose,NIMS,5,80,<0.1,below reported 0.1 conversion background; not numeric zero,0.1,3,NA,Bacteria,0.004,0,expression_binary=0,false,10.1021/cb500244v,10.1021/cb500244v.s003,cb500244v_si_003.xlsx,Sheet1,305,F,F305
ACI21065.1_Thermodesulfovibrio-yellowstonii-DSM-11347,ACI21065.1,xylobiose,NIMS,5,90,<0.1,below reported 0.1 conversion background; not numeric zero,0.1,3,NA,Bacteria,0.004,0,expression_binary=0,false,10.1021/cb500244v,10.1021/cb500244v.s003,cb500244v_si_003.xlsx,Sheet1,306,D,D306
ACI21065.1_Thermodesulfovibrio-yellowstonii-DSM-11347,ACI21065.1,cellobiose,NIMS,5,90,<0.1,below reported 0.1 conversion background; not numeric zero,0.1,3,NA,Bacteria,0.004,0,expression_binary=0,false,10.1021/cb500244v,10.1021/cb500244v.s003,cb500244v_si_003.xlsx,Sheet1,306,E,E306
ACI21065.1_Thermodesulfovibrio-yellowstonii-DSM-11347,ACI21065.1,lactose,NIMS,5,90,<0.1,below reported 0.1 conversion background; not numeric zero,0.1,3,NA,Bacteria,0.004,0,expression_binary=0,false,10.1021/cb500244v,10.1021/cb500244v.s003,cb500244v_si_003.xlsx,Sheet1,306,F,F306
ACI21065.1_Thermodesulfovibrio-yellowstonii-DSM-11347,ACI21065.1,xylobiose,NIMS,8,40,<0.1,below reported 0.1 conversion background; not numeric zero,0.1,3,NA,Bacteria,0.004,0,expression_binary=0,false,10.1021/cb500244v,10.1021/cb500244v.s003,cb500244v_si_003.xlsx,Sheet1,307,D,D307
ACI21065.1_Thermodesulfovibrio-yellowstonii-DSM-11347,ACI21065.1,cellobiose,NIMS,8,40,<0.1,below reported 0.1 conversion background; not numeric zero,0.1,3,NA,Bacteria,0.004,0,expression_binary=0,false,10.1021/cb500244v,10.1021/cb500244v.s003,cb500244v_si_003.xlsx,Sheet1,307,E,E307
ACI21065.1_Thermodesulfovibrio-yellowstonii-DSM-11347,ACI21065.1,lactose,NIMS,8,40,<0.1,below reported 0.1 conversion background; not numeric zero,0.1,3,NA,Bacteria,0.004,0,expression_binary=0,false,10.1021/cb500244v,10.1021/cb500244v.s003,cb500244v_si_003.xlsx,Sheet1,307,F,F307
ACI21065.1_Thermodesulfovibrio-yellowstonii-DSM-11347,ACI21065.1,xylobiose,NIMS,8,60,<0.1,below reported 0.1 conversion background; not numeric zero,0.1,3,NA,Bacteria,0.004,0,expression_binary=0,false,10.1021/cb500244v,10.1021/cb500244v.s003,cb500244v_si_003.xlsx,Sheet1,308,D,D308
ACI21065.1_Thermodesulfovibrio-yellowstonii-DSM-11347,ACI21065.1,cellobiose,NIMS,8,60,<0.1,below reported 0.1 conversion background; not numeric zero,0.1,3,NA,Bacteria,0.004,0,expression_binary=0,false,10.1021/cb500244v,10.1021/cb500244v.s003,cb500244v_si_003.xlsx,Sheet1,308,E,E308
ACI21065.1_Thermodesulfovibrio-yellowstonii-DSM-11347,ACI21065.1,lactose,NIMS,8,60,<0.1,below reported 0.1 conversion background; not numeric zero,0.1,3,NA,Bacteria,0.004,0,expression_binary=0,false,10.1021/cb500244v,10.1021/cb500244v.s003,cb500244v_si_003.xlsx,Sheet1,308,F,F308
ACI21065.1_Thermodesulfovibrio-yellowstonii-DSM-11347,ACI21065.1,xylobiose,NIMS,8,80,<0.1,below reported 0.1 conversion background; not numeric zero,0.1,3,NA,Bacteria,0.004,0,expression_binary=0,false,10.1021/cb500244v,10.1021/cb500244v.s003,cb500244v_si_003.xlsx,Sheet1,309,D,D309
ACI21065.1_Thermodesulfovibrio-yellowstonii-DSM-11347,ACI21065.1,cellobiose,NIMS,8,80,<0.1,below reported 0.1 conversion background; not numeric zero,0.1,3,NA,Bacteria,0.004,0,expression_binary=0,false,10.1021/cb500244v,10.1021/cb500244v.s003,cb500244v_si_003.xlsx,Sheet1,309,E,E309
ACI21065.1_Thermodesulfovibrio-yellowstonii-DSM-11347,ACI21065.1,lactose,NIMS,8,80,<0.1,below reported 0.1 conversion background; not numeric zero,0.1,3,NA,Bacteria,0.004,0,expression_binary=0,false,10.1021/cb500244v,10.1021/cb500244v.s003,cb500244v_si_003.xlsx,Sheet1,309,F,F309
ACI21065.1_Thermodesulfovibrio-yellowstonii-DSM-11347,ACI21065.1,xylobiose,NIMS,8,90,<0.1,below reported 0.1 conversion background; not numeric zero,0.1,3,NA,Bacteria,0.004,0,expression_binary=0,false,10.1021/cb500244v,10.1021/cb500244v.s003,cb500244v_si_003.xlsx,Sheet1,310,D,D310
ACI21065.1_Thermodesulfovibrio-yellowstonii-DSM-11347,ACI21065.1,cellobiose,NIMS,8,90,<0.1,below reported 0.1 conversion background; not numeric zero,0.1,3,NA,Bacteria,0.004,0,expression_binary=0,false,10.1021/cb500244v,10.1021/cb500244v.s003,cb500244v_si_003.xlsx,Sheet1,310,E,E310
ACI21065.1_Thermodesulfovibrio-yellowstonii-DSM-11347,ACI21065.1,lactose,NIMS,8,90,<0.1,below reported 0.1 conversion background; not numeric zero,0.1,3,NA,Bacteria,0.004,0,expression_binary=0,false,10.1021/cb500244v,10.1021/cb500244v.s003,cb500244v_si_003.xlsx,Sheet1,310,F,F310
ACJ34717.1_Anoxybacillus-flavithermus-WK1,ACJ34717.1,xylobiose,NIMS,5,40,<0.1,below reported 0.1 conversion background; not numeric zero,0.1,3,NA,Bacteria,0.19931475733333334,1,expression_binary=1,true,10.1021/cb500244v,10.1021/cb500244v.s003,cb500244v_si_003.xlsx,Sheet1,311,D,D311
ACJ34717.1_Anoxybacillus-flavithermus-WK1,ACJ34717.1,lactose,NIMS,5,40,<0.1,below reported 0.1 conversion background; not numeric zero,0.1,3,NA,Bacteria,0.19931475733333334,1,expression_binary=1,true,10.1021/cb500244v,10.1021/cb500244v.s003,cb500244v_si_003.xlsx,Sheet1,311,F,F311
ACJ34717.1_Anoxybacillus-flavithermus-WK1,ACJ34717.1,xylobiose,NIMS,5,60,<0.1,below reported 0.1 conversion background; not numeric zero,0.1,3,NA,Bacteria,0.19931475733333334,1,expression_binary=1,true,10.1021/cb500244v,10.1021/cb500244v.s003,cb500244v_si_003.xlsx,Sheet1,312,D,D312
ACJ34717.1_Anoxybacillus-flavithermus-WK1,ACJ34717.1,lactose,NIMS,5,60,<0.1,below reported 0.1 conversion background; not numeric zero,0.1,3,NA,Bacteria,0.19931475733333334,1,expression_binary=1,true,10.1021/cb500244v,10.1021/cb500244v.s003,cb500244v_si_003.xlsx,Sheet1,312,F,F312
ACJ34717.1_Anoxybacillus-flavithermus-WK1,ACJ34717.1,xylobiose,NIMS,5,80,<0.1,below reported 0.1 conversion background; not numeric zero,0.1,3,NA,Bacteria,0.19931475733333334,1,expression_binary=1,true,10.1021/cb500244v,10.1021/cb500244v.s003,cb500244v_si_003.xlsx,Sheet1,313,D,D313
ACJ34717.1_Anoxybacillus-flavithermus-WK1,ACJ34717.1,cellobiose,NIMS,5,80,<0.1,below reported 0.1 conversion background; not numeric zero,0.1,3,NA,Bacteria,0.19931475733333334,1,expression_binary=1,true,10.1021/cb500244v,10.1021/cb500244v.s003,cb500244v_si_003.xlsx,Sheet1,313,E,E313
ACJ34717.1_Anoxybacillus-flavithermus-WK1,ACJ34717.1,lactose,NIMS,5,80,<0.1,below reported 0.1 conversion background; not numeric zero,0.1,3,NA,Bacteria,0.19931475733333334,1,expression_binary=1,true,10.1021/cb500244v,10.1021/cb500244v.s003,cb500244v_si_003.xlsx,Sheet1,313,F,F313
ACJ34717.1_Anoxybacillus-flavithermus-WK1,ACJ34717.1,xylobiose,NIMS,5,90,<0.1,below reported 0.1 conversion background; not numeric zero,0.1,3,NA,Bacteria,0.19931475733333334,1,expression_binary=1,true,10.1021/cb500244v,10.1021/cb500244v.s003,cb500244v_si_003.xlsx,Sheet1,314,D,D314
ACJ34717.1_Anoxybacillus-flavithermus-WK1,ACJ34717.1,cellobiose,NIMS,5,90,<0.1,below reported 0.1 conversion background; not numeric zero,0.1,3,NA,Bacteria,0.19931475733333334,1,expression_binary=1,true,10.1021/cb500244v,10.1021/cb500244v.s003,cb500244v_si_003.xlsx,Sheet1,314,E,E314
ACJ34717.1_Anoxybacillus-flavithermus-WK1,ACJ34717.1,lactose,NIMS,5,90,<0.1,below reported 0.1 conversion background; not numeric zero,0.1,3,NA,Bacteria,0.19931475733333334,1,expression_binary=1,true,10.1021/cb500244v,10.1021/cb500244v.s003,cb500244v_si_003.xlsx,Sheet1,314,F,F314
ACJ34717.1_Anoxybacillus-flavithermus-WK1,ACJ34717.1,xylobiose,NIMS,8,40,<0.1,below reported 0.1 conversion background; not numeric zero,0.1,3,NA,Bacteria,0.19931475733333334,1,expression_binary=1,true,10.1021/cb500244v,10.1021/cb500244v.s003,cb500244v_si_003.xlsx,Sheet1,315,D,D315
ACJ34717.1_Anoxybacillus-flavithermus-WK1,ACJ34717.1,xylobiose,NIMS,8,60,<0.1,below reported 0.1 conversion background; not numeric zero,0.1,3,NA,Bacteria,0.19931475733333334,1,expression_binary=1,true,10.1021/cb500244v,10.1021/cb500244v.s003,cb500244v_si_003.xlsx,Sheet1,316,D,D316
ACJ34717.1_Anoxybacillus-flavithermus-WK1,ACJ34717.1,lactose,NIMS,8,60,<0.1,below reported 0.1 conversion background; not numeric zero,0.1,3,NA,Bacteria,0.19931475733333334,1,expression_binary=1,true,10.1021/cb500244v,10.1021/cb500244v.s003,cb500244v_si_003.xlsx,Sheet1,316,F,F316
ACJ34717.1_Anoxybacillus-flavithermus-WK1,ACJ34717.1,xylobiose,NIMS,8,80,<0.1,below reported 0.1 conversion background; not numeric zero,0.1,3,NA,Bacteria,0.19931475733333334,1,expression_binary=1,true,10.1021/cb500244v,10.1021/cb500244v.s003,cb500244v_si_003.xlsx,Sheet1,317,D,D317
ACJ34717.1_Anoxybacillus-flavithermus-WK1,ACJ34717.1,cellobiose,NIMS,8,80,<0.1,below reported 0.1 conversion background; not numeric zero,0.1,3,NA,Bacteria,0.19931475733333334,1,expression_binary=1,true,10.1021/cb500244v,10.1021/cb500244v.s003,cb500244v_si_003.xlsx,Sheet1,317,E,E317
ACJ34717.1_Anoxybacillus-flavithermus-WK1,ACJ34717.1,lactose,NIMS,8,80,<0.1,below reported 0.1 conversion background; not numeric zero,0.1,3,NA,Bacteria,0.19931475733333334,1,expression_binary=1,true,10.1021/cb500244v,10.1021/cb500244v.s003,cb500244v_si_003.xlsx,Sheet1,317,F,F317
ACJ34717.1_Anoxybacillus-flavithermus-WK1,ACJ34717.1,xylobiose,NIMS,8,90,<0.1,below reported 0.1 conversion background; not numeric zero,0.1,3,NA,Bacteria,0.19931475733333334,1,expression_binary=1,true,10.1021/cb500244v,10.1021/cb500244v.s003,cb500244v_si_003.xlsx,Sheet1,318,D,D318
ACJ34717.1_Anoxybacillus-flavithermus-WK1,ACJ34717.1,cellobiose,NIMS,8,90,<0.1,below reported 0.1 conversion background; not numeric zero,0.1,3,NA,Bacteria,0.19931475733333334,1,expression_binary=1,true,10.1021/cb500244v,10.1021/cb500244v.s003,cb500244v_si_003.xlsx,Sheet1,318,E,E318
ACJ34717.1_Anoxybacillus-flavithermus-WK1,ACJ34717.1,lactose,NIMS,8,90,<0.1,below reported 0.1 conversion background; not numeric zero,0.1,3,NA,Bacteria,0.19931475733333334,1,expression_binary=1,true,10.1021/cb500244v,10.1021/cb500244v.s003,cb500244v_si_003.xlsx,Sheet1,318,F,F318
ACJ75238.1_Thermosipho-africanus-TCF52B,ACJ75238.1,xylobiose,NIMS,5,80,<0.1,below reported 0.1 conversion background; not numeric zero,0.1,3,NA,Bacteria,0.4415469493333333,1,expression_binary=1,true,10.1021/cb500244v,10.1021/cb500244v.s003,cb500244v_si_003.xlsx,Sheet1,321,D,D321
ACJ75238.1_Thermosipho-africanus-TCF52B,ACJ75238.1,xylobiose,NIMS,5,90,<0.1,below reported 0.1 conversion background; not numeric zero,0.1,3,NA,Bacteria,0.4415469493333333,1,expression_binary=1,true,10.1021/cb500244v,10.1021/cb500244v.s003,cb500244v_si_003.xlsx,Sheet1,322,D,D322
ACJ75238.1_Thermosipho-africanus-TCF52B,ACJ75238.1,xylobiose,NIMS,8,40,<0.1,below reported 0.1 conversion background; not numeric zero,0.1,3,NA,Bacteria,0.4415469493333333,1,expression_binary=1,true,10.1021/cb500244v,10.1021/cb500244v.s003,cb500244v_si_003.xlsx,Sheet1,323,D,D323
ACJ75238.1_Thermosipho-africanus-TCF52B,ACJ75238.1,xylobiose,NIMS,8,80,<0.1,below reported 0.1 conversion background; not numeric zero,0.1,3,NA,Bacteria,0.4415469493333333,1,expression_binary=1,true,10.1021/cb500244v,10.1021/cb500244v.s003,cb500244v_si_003.xlsx,Sheet1,325,D,D325
ACJ75238.1_Thermosipho-africanus-TCF52B,ACJ75238.1,xylobiose,NIMS,8,90,<0.1,below reported 0.1 conversion background; not numeric zero,0.1,3,NA,Bacteria,0.4415469493333333,1,expression_binary=1,true,10.1021/cb500244v,10.1021/cb500244v.s003,cb500244v_si_003.xlsx,Sheet1,326,D,D326
ACJ76349.1_Thermosipho-africanus-TCF52B,ACJ76349.1,lactose,NIMS,5,60,<0.1,below reported 0.1 conversion background; not numeric zero,0.1,3,NA,Bacteria,0.08912905333333333,1,expression_binary=1,true,10.1021/cb500244v,10.1021/cb500244v.s003,cb500244v_si_003.xlsx,Sheet1,328,F,F328
ACJ76349.1_Thermosipho-africanus-TCF52B,ACJ76349.1,xylobiose,NIMS,5,90,<0.1,below reported 0.1 conversion background; not numeric zero,0.1,3,NA,Bacteria,0.08912905333333333,1,expression_binary=1,true,10.1021/cb500244v,10.1021/cb500244v.s003,cb500244v_si_003.xlsx,Sheet1,330,D,D330
ACJ76349.1_Thermosipho-africanus-TCF52B,ACJ76349.1,cellobiose,NIMS,5,90,<0.1,below reported 0.1 conversion background; not numeric zero,0.1,3,NA,Bacteria,0.08912905333333333,1,expression_binary=1,true,10.1021/cb500244v,10.1021/cb500244v.s003,cb500244v_si_003.xlsx,Sheet1,330,E,E330
ACJ76349.1_Thermosipho-africanus-TCF52B,ACJ76349.1,lactose,NIMS,5,90,<0.1,below reported 0.1 conversion background; not numeric zero,0.1,3,NA,Bacteria,0.08912905333333333,1,expression_binary=1,true,10.1021/cb500244v,10.1021/cb500244v.s003,cb500244v_si_003.xlsx,Sheet1,330,F,F330
ACJ76349.1_Thermosipho-africanus-TCF52B,ACJ76349.1,cellobiose,NIMS,8,60,<0.1,below reported 0.1 conversion background; not numeric zero,0.1,3,NA,Bacteria,0.08912905333333333,1,expression_binary=1,true,10.1021/cb500244v,10.1021/cb500244v.s003,cb500244v_si_003.xlsx,Sheet1,332,E,E332
ACJ76349.1_Thermosipho-africanus-TCF52B,ACJ76349.1,xylobiose,NIMS,8,80,<0.1,below reported 0.1 conversion background; not numeric zero,0.1,3,NA,Bacteria,0.08912905333333333,1,expression_binary=1,true,10.1021/cb500244v,10.1021/cb500244v.s003,cb500244v_si_003.xlsx,Sheet1,333,D,D333
ACJ76349.1_Thermosipho-africanus-TCF52B,ACJ76349.1,xylobiose,NIMS,8,90,<0.1,below reported 0.1 conversion background; not numeric zero,0.1,3,NA,Bacteria,0.08912905333333333,1,expression_binary=1,true,10.1021/cb500244v,10.1021/cb500244v.s003,cb500244v_si_003.xlsx,Sheet1,334,D,D334
ACJ76349.1_Thermosipho-africanus-TCF52B,ACJ76349.1,cellobiose,NIMS,8,90,<0.1,below reported 0.1 conversion background; not numeric zero,0.1,3,NA,Bacteria,0.08912905333333333,1,expression_binary=1,true,10.1021/cb500244v,10.1021/cb500244v.s003,cb500244v_si_003.xlsx,Sheet1,334,E,E334
ACJ76349.1_Thermosipho-africanus-TCF52B,ACJ76349.1,lactose,NIMS,8,90,<0.1,below reported 0.1 conversion background; not numeric zero,0.1,3,NA,Bacteria,0.08912905333333333,1,expression_binary=1,true,10.1021/cb500244v,10.1021/cb500244v.s003,cb500244v_si_003.xlsx,Sheet1,334,F,F334
ACK43071.1_Dictyoglomus-turgidum-DSM-6724,ACK43071.1,xylobiose,NIMS,5,40,<0.1,below reported 0.1 conversion background; not numeric zero,0.1,3,NA,Bacteria,0.005375754666666666,0,expression_binary=0,false,10.1021/cb500244v,10.1021/cb500244v.s003,cb500244v_si_003.xlsx,Sheet1,335,D,D335
ACK43071.1_Dictyoglomus-turgidum-DSM-6724,ACK43071.1,xylobiose,NIMS,5,60,<0.1,below reported 0.1 conversion background; not numeric zero,0.1,3,NA,Bacteria,0.005375754666666666,0,expression_binary=0,false,10.1021/cb500244v,10.1021/cb500244v.s003,cb500244v_si_003.xlsx,Sheet1,336,D,D336
ACK43071.1_Dictyoglomus-turgidum-DSM-6724,ACK43071.1,xylobiose,NIMS,5,80,<0.1,below reported 0.1 conversion background; not numeric zero,0.1,3,NA,Bacteria,0.005375754666666666,0,expression_binary=0,false,10.1021/cb500244v,10.1021/cb500244v.s003,cb500244v_si_003.xlsx,Sheet1,337,D,D337
ACK43071.1_Dictyoglomus-turgidum-DSM-6724,ACK43071.1,cellobiose,NIMS,5,80,<0.1,below reported 0.1 conversion background; not numeric zero,0.1,3,NA,Bacteria,0.005375754666666666,0,expression_binary=0,false,10.1021/cb500244v,10.1021/cb500244v.s003,cb500244v_si_003.xlsx,Sheet1,337,E,E337
ACK43071.1_Dictyoglomus-turgidum-DSM-6724,ACK43071.1,lactose,NIMS,5,80,<0.1,below reported 0.1 conversion background; not numeric zero,0.1,3,NA,Bacteria,0.005375754666666666,0,expression_binary=0,false,10.1021/cb500244v,10.1021/cb500244v.s003,cb500244v_si_003.xlsx,Sheet1,337,F,F337
ACK43071.1_Dictyoglomus-turgidum-DSM-6724,ACK43071.1,xylobiose,NIMS,5,90,<0.1,below reported 0.1 conversion background; not numeric zero,0.1,3,NA,Bacteria,0.005375754666666666,0,expression_binary=0,false,10.1021/cb500244v,10.1021/cb500244v.s003,cb500244v_si_003.xlsx,Sheet1,338,D,D338
ACK43071.1_Dictyoglomus-turgidum-DSM-6724,ACK43071.1,cellobiose,NIMS,5,90,<0.1,below reported 0.1 conversion background; not numeric zero,0.1,3,NA,Bacteria,0.005375754666666666,0,expression_binary=0,false,10.1021/cb500244v,10.1021/cb500244v.s003,cb500244v_si_003.xlsx,Sheet1,338,E,E338
ACK43071.1_Dictyoglomus-turgidum-DSM-6724,ACK43071.1,lactose,NIMS,5,90,<0.1,below reported 0.1 conversion background; not numeric zero,0.1,3,NA,Bacteria,0.005375754666666666,0,expression_binary=0,false,10.1021/cb500244v,10.1021/cb500244v.s003,cb500244v_si_003.xlsx,Sheet1,338,F,F338
ACK43071.1_Dictyoglomus-turgidum-DSM-6724,ACK43071.1,xylobiose,NIMS,8,40,<0.1,below reported 0.1 conversion background; not numeric zero,0.1,3,NA,Bacteria,0.005375754666666666,0,expression_binary=0,false,10.1021/cb500244v,10.1021/cb500244v.s003,cb500244v_si_003.xlsx,Sheet1,339,D,D339
ACK43071.1_Dictyoglomus-turgidum-DSM-6724,ACK43071.1,xylobiose,NIMS,8,60,<0.1,below reported 0.1 conversion background; not numeric zero,0.1,3,NA,Bacteria,0.005375754666666666,0,expression_binary=0,false,10.1021/cb500244v,10.1021/cb500244v.s003,cb500244v_si_003.xlsx,Sheet1,340,D,D340
ACK43071.1_Dictyoglomus-turgidum-DSM-6724,ACK43071.1,xylobiose,NIMS,8,80,<0.1,below reported 0.1 conversion background; not numeric zero,0.1,3,NA,Bacteria,0.005375754666666666,0,expression_binary=0,false,10.1021/cb500244v,10.1021/cb500244v.s003,cb500244v_si_003.xlsx,Sheet1,341,D,D341
ACK43071.1_Dictyoglomus-turgidum-DSM-6724,ACK43071.1,cellobiose,NIMS,8,80,<0.1,below reported 0.1 conversion background; not numeric zero,0.1,3,NA,Bacteria,0.005375754666666666,0,expression_binary=0,false,10.1021/cb500244v,10.1021/cb500244v.s003,cb500244v_si_003.xlsx,Sheet1,341,E,E341
ACK43071.1_Dictyoglomus-turgidum-DSM-6724,ACK43071.1,lactose,NIMS,8,80,<0.1,below reported 0.1 conversion background; not numeric zero,0.1,3,NA,Bacteria,0.005375754666666666,0,expression_binary=0,false,10.1021/cb500244v,10.1021/cb500244v.s003,cb500244v_si_003.xlsx,Sheet1,341,F,F341
ACK43071.1_Dictyoglomus-turgidum-DSM-6724,ACK43071.1,xylobiose,NIMS,8,90,<0.1,below reported 0.1 conversion background; not numeric zero,0.1,3,NA,Bacteria,0.005375754666666666,0,expression_binary=0,false,10.1021/cb500244v,10.1021/cb500244v.s003,cb500244v_si_003.xlsx,Sheet1,342,D,D342
ACK43071.1_Dictyoglomus-turgidum-DSM-6724,ACK43071.1,cellobiose,NIMS,8,90,<0.1,below reported 0.1 conversion background; not numeric zero,0.1,3,NA,Bacteria,0.005375754666666666,0,expression_binary=0,false,10.1021/cb500244v,10.1021/cb500244v.s003,cb500244v_si_003.xlsx,Sheet1,342,E,E342
ACK43071.1_Dictyoglomus-turgidum-DSM-6724,ACK43071.1,lactose,NIMS,8,90,<0.1,below reported 0.1 conversion background; not numeric zero,0.1,3,NA,Bacteria,0.005375754666666666,0,expression_binary=0,false,10.1021/cb500244v,10.1021/cb500244v.s003,cb500244v_si_003.xlsx,Sheet1,342,F,F342
ACL10579.1_Desulfurococcus-kamchatkensis-1221n,ACL10579.1,xylobiose,NIMS,5,40,<0.1,below reported 0.1 conversion background; not numeric zero,0.1,3,NA,Archaea,0.004,0,expression_binary=0,false,10.1021/cb500244v,10.1021/cb500244v.s003,cb500244v_si_003.xlsx,Sheet1,343,D,D343
ACL10579.1_Desulfurococcus-kamchatkensis-1221n,ACL10579.1,cellobiose,NIMS,5,40,<0.1,below reported 0.1 conversion background; not numeric zero,0.1,3,NA,Archaea,0.004,0,expression_binary=0,false,10.1021/cb500244v,10.1021/cb500244v.s003,cb500244v_si_003.xlsx,Sheet1,343,E,E343
ACL10579.1_Desulfurococcus-kamchatkensis-1221n,ACL10579.1,lactose,NIMS,5,40,<0.1,below reported 0.1 conversion background; not numeric zero,0.1,3,NA,Archaea,0.004,0,expression_binary=0,false,10.1021/cb500244v,10.1021/cb500244v.s003,cb500244v_si_003.xlsx,Sheet1,343,F,F343
ACL10579.1_Desulfurococcus-kamchatkensis-1221n,ACL10579.1,xylobiose,NIMS,5,60,<0.1,below reported 0.1 conversion background; not numeric zero,0.1,3,NA,Archaea,0.004,0,expression_binary=0,false,10.1021/cb500244v,10.1021/cb500244v.s003,cb500244v_si_003.xlsx,Sheet1,344,D,D344
ACL10579.1_Desulfurococcus-kamchatkensis-1221n,ACL10579.1,cellobiose,NIMS,5,60,<0.1,below reported 0.1 conversion background; not numeric zero,0.1,3,NA,Archaea,0.004,0,expression_binary=0,false,10.1021/cb500244v,10.1021/cb500244v.s003,cb500244v_si_003.xlsx,Sheet1,344,E,E344
ACL10579.1_Desulfurococcus-kamchatkensis-1221n,ACL10579.1,lactose,NIMS,5,60,<0.1,below reported 0.1 conversion background; not numeric zero,0.1,3,NA,Archaea,0.004,0,expression_binary=0,false,10.1021/cb500244v,10.1021/cb500244v.s003,cb500244v_si_003.xlsx,Sheet1,344,F,F344
ACL10579.1_Desulfurococcus-kamchatkensis-1221n,ACL10579.1,xylobiose,NIMS,5,80,<0.1,below reported 0.1 conversion background; not numeric zero,0.1,3,NA,Archaea,0.004,0,expression_binary=0,false,10.1021/cb500244v,10.1021/cb500244v.s003,cb500244v_si_003.xlsx,Sheet1,345,D,D345
ACL10579.1_Desulfurococcus-kamchatkensis-1221n,ACL10579.1,cellobiose,NIMS,5,80,<0.1,below reported 0.1 conversion background; not numeric zero,0.1,3,NA,Archaea,0.004,0,expression_binary=0,false,10.1021/cb500244v,10.1021/cb500244v.s003,cb500244v_si_003.xlsx,Sheet1,345,E,E345
ACL10579.1_Desulfurococcus-kamchatkensis-1221n,ACL10579.1,lactose,NIMS,5,80,<0.1,below reported 0.1 conversion background; not numeric zero,0.1,3,NA,Archaea,0.004,0,expression_binary=0,false,10.1021/cb500244v,10.1021/cb500244v.s003,cb500244v_si_003.xlsx,Sheet1,345,F,F345
ACL10579.1_Desulfurococcus-kamchatkensis-1221n,ACL10579.1,xylobiose,NIMS,5,90,<0.1,below reported 0.1 conversion background; not numeric zero,0.1,3,NA,Archaea,0.004,0,expression_binary=0,false,10.1021/cb500244v,10.1021/cb500244v.s003,cb500244v_si_003.xlsx,Sheet1,346,D,D346
ACL10579.1_Desulfurococcus-kamchatkensis-1221n,ACL10579.1,cellobiose,NIMS,5,90,<0.1,below reported 0.1 conversion background; not numeric zero,0.1,3,NA,Archaea,0.004,0,expression_binary=0,false,10.1021/cb500244v,10.1021/cb500244v.s003,cb500244v_si_003.xlsx,Sheet1,346,E,E346
ACL10579.1_Desulfurococcus-kamchatkensis-1221n,ACL10579.1,lactose,NIMS,5,90,<0.1,below reported 0.1 conversion background; not numeric zero,0.1,3,NA,Archaea,0.004,0,expression_binary=0,false,10.1021/cb500244v,10.1021/cb500244v.s003,cb500244v_si_003.xlsx,Sheet1,346,F,F346
ACL10579.1_Desulfurococcus-kamchatkensis-1221n,ACL10579.1,xylobiose,NIMS,8,40,<0.1,below reported 0.1 conversion background; not numeric zero,0.1,3,NA,Archaea,0.004,0,expression_binary=0,false,10.1021/cb500244v,10.1021/cb500244v.s003,cb500244v_si_003.xlsx,Sheet1,347,D,D347
ACL10579.1_Desulfurococcus-kamchatkensis-1221n,ACL10579.1,cellobiose,NIMS,8,40,<0.1,below reported 0.1 conversion background; not numeric zero,0.1,3,NA,Archaea,0.004,0,expression_binary=0,false,10.1021/cb500244v,10.1021/cb500244v.s003,cb500244v_si_003.xlsx,Sheet1,347,E,E347
ACL10579.1_Desulfurococcus-kamchatkensis-1221n,ACL10579.1,lactose,NIMS,8,40,<0.1,below reported 0.1 conversion background; not numeric zero,0.1,3,NA,Archaea,0.004,0,expression_binary=0,false,10.1021/cb500244v,10.1021/cb500244v.s003,cb500244v_si_003.xlsx,Sheet1,347,F,F347
ACL10579.1_Desulfurococcus-kamchatkensis-1221n,ACL10579.1,xylobiose,NIMS,8,60,<0.1,below reported 0.1 conversion background; not numeric zero,0.1,3,NA,Archaea,0.004,0,expression_binary=0,false,10.1021/cb500244v,10.1021/cb500244v.s003,cb500244v_si_003.xlsx,Sheet1,348,D,D348
ACL10579.1_Desulfurococcus-kamchatkensis-1221n,ACL10579.1,cellobiose,NIMS,8,60,<0.1,below reported 0.1 conversion background; not numeric zero,0.1,3,NA,Archaea,0.004,0,expression_binary=0,false,10.1021/cb500244v,10.1021/cb500244v.s003,cb500244v_si_003.xlsx,Sheet1,348,E,E348
ACL10579.1_Desulfurococcus-kamchatkensis-1221n,ACL10579.1,lactose,NIMS,8,60,<0.1,below reported 0.1 conversion background; not numeric zero,0.1,3,NA,Archaea,0.004,0,expression_binary=0,false,10.1021/cb500244v,10.1021/cb500244v.s003,cb500244v_si_003.xlsx,Sheet1,348,F,F348
ACL10579.1_Desulfurococcus-kamchatkensis-1221n,ACL10579.1,xylobiose,NIMS,8,80,<0.1,below reported 0.1 conversion background; not numeric zero,0.1,3,NA,Archaea,0.004,0,expression_binary=0,false,10.1021/cb500244v,10.1021/cb500244v.s003,cb500244v_si_003.xlsx,Sheet1,349,D,D349
ACL10579.1_Desulfurococcus-kamchatkensis-1221n,ACL10579.1,cellobiose,NIMS,8,80,<0.1,below reported 0.1 conversion background; not numeric zero,0.1,3,NA,Archaea,0.004,0,expression_binary=0,false,10.1021/cb500244v,10.1021/cb500244v.s003,cb500244v_si_003.xlsx,Sheet1,349,E,E349
ACL10579.1_Desulfurococcus-kamchatkensis-1221n,ACL10579.1,lactose,NIMS,8,80,<0.1,below reported 0.1 conversion background; not numeric zero,0.1,3,NA,Archaea,0.004,0,expression_binary=0,false,10.1021/cb500244v,10.1021/cb500244v.s003,cb500244v_si_003.xlsx,Sheet1,349,F,F349
ACL10579.1_Desulfurococcus-kamchatkensis-1221n,ACL10579.1,xylobiose,NIMS,8,90,<0.1,below reported 0.1 conversion background; not numeric zero,0.1,3,NA,Archaea,0.004,0,expression_binary=0,false,10.1021/cb500244v,10.1021/cb500244v.s003,cb500244v_si_003.xlsx,Sheet1,350,D,D350
ACL10579.1_Desulfurococcus-kamchatkensis-1221n,ACL10579.1,cellobiose,NIMS,8,90,<0.1,below reported 0.1 conversion background; not numeric zero,0.1,3,NA,Archaea,0.004,0,expression_binary=0,false,10.1021/cb500244v,10.1021/cb500244v.s003,cb500244v_si_003.xlsx,Sheet1,350,E,E350
ACL10579.1_Desulfurococcus-kamchatkensis-1221n,ACL10579.1,lactose,NIMS,8,90,<0.1,below reported 0.1 conversion background; not numeric zero,0.1,3,NA,Archaea,0.004,0,expression_binary=0,false,10.1021/cb500244v,10.1021/cb500244v.s003,cb500244v_si_003.xlsx,Sheet1,350,F,F350
ACL70277.1_Halothermothrix-orenii-H-168,ACL70277.1,xylobiose,NIMS,5,40,<0.1,below reported 0.1 conversion background; not numeric zero,0.1,3,NA,Bacteria,0.35209476266666667,1,expression_binary=1,true,10.1021/cb500244v,10.1021/cb500244v.s003,cb500244v_si_003.xlsx,Sheet1,351,D,D351
ACL70277.1_Halothermothrix-orenii-H-168,ACL70277.1,xylobiose,NIMS,5,80,<0.1,below reported 0.1 conversion background; not numeric zero,0.1,3,NA,Bacteria,0.35209476266666667,1,expression_binary=1,true,10.1021/cb500244v,10.1021/cb500244v.s003,cb500244v_si_003.xlsx,Sheet1,353,D,D353
ACL70277.1_Halothermothrix-orenii-H-168,ACL70277.1,cellobiose,NIMS,5,80,<0.1,below reported 0.1 conversion background; not numeric zero,0.1,3,NA,Bacteria,0.35209476266666667,1,expression_binary=1,true,10.1021/cb500244v,10.1021/cb500244v.s003,cb500244v_si_003.xlsx,Sheet1,353,E,E353
ACL70277.1_Halothermothrix-orenii-H-168,ACL70277.1,lactose,NIMS,5,80,<0.1,below reported 0.1 conversion background; not numeric zero,0.1,3,NA,Bacteria,0.35209476266666667,1,expression_binary=1,true,10.1021/cb500244v,10.1021/cb500244v.s003,cb500244v_si_003.xlsx,Sheet1,353,F,F353
ACL70277.1_Halothermothrix-orenii-H-168,ACL70277.1,xylobiose,NIMS,5,90,<0.1,below reported 0.1 conversion background; not numeric zero,0.1,3,NA,Bacteria,0.35209476266666667,1,expression_binary=1,true,10.1021/cb500244v,10.1021/cb500244v.s003,cb500244v_si_003.xlsx,Sheet1,354,D,D354
ACL70277.1_Halothermothrix-orenii-H-168,ACL70277.1,cellobiose,NIMS,5,90,<0.1,below reported 0.1 conversion background; not numeric zero,0.1,3,NA,Bacteria,0.35209476266666667,1,expression_binary=1,true,10.1021/cb500244v,10.1021/cb500244v.s003,cb500244v_si_003.xlsx,Sheet1,354,E,E354
ACL70277.1_Halothermothrix-orenii-H-168,ACL70277.1,lactose,NIMS,5,90,<0.1,below reported 0.1 conversion background; not numeric zero,0.1,3,NA,Bacteria,0.35209476266666667,1,expression_binary=1,true,10.1021/cb500244v,10.1021/cb500244v.s003,cb500244v_si_003.xlsx,Sheet1,354,F,F354
ACL70277.1_Halothermothrix-orenii-H-168,ACL70277.1,xylobiose,NIMS,8,40,<0.1,below reported 0.1 conversion background; not numeric zero,0.1,3,NA,Bacteria,0.35209476266666667,1,expression_binary=1,true,10.1021/cb500244v,10.1021/cb500244v.s003,cb500244v_si_003.xlsx,Sheet1,355,D,D355
ACL70277.1_Halothermothrix-orenii-H-168,ACL70277.1,xylobiose,NIMS,8,60,<0.1,below reported 0.1 conversion background; not numeric zero,0.1,3,NA,Bacteria,0.35209476266666667,1,expression_binary=1,true,10.1021/cb500244v,10.1021/cb500244v.s003,cb500244v_si_003.xlsx,Sheet1,356,D,D356
ACL70277.1_Halothermothrix-orenii-H-168,ACL70277.1,xylobiose,NIMS,8,80,<0.1,below reported 0.1 conversion background; not numeric zero,0.1,3,NA,Bacteria,0.35209476266666667,1,expression_binary=1,true,10.1021/cb500244v,10.1021/cb500244v.s003,cb500244v_si_003.xlsx,Sheet1,357,D,D357
ACL70277.1_Halothermothrix-orenii-H-168,ACL70277.1,cellobiose,NIMS,8,80,<0.1,below reported 0.1 conversion background; not numeric zero,0.1,3,NA,Bacteria,0.35209476266666667,1,expression_binary=1,true,10.1021/cb500244v,10.1021/cb500244v.s003,cb500244v_si_003.xlsx,Sheet1,357,E,E357
ACL70277.1_Halothermothrix-orenii-H-168,ACL70277.1,lactose,NIMS,8,80,<0.1,below reported 0.1 conversion background; not numeric zero,0.1,3,NA,Bacteria,0.35209476266666667,1,expression_binary=1,true,10.1021/cb500244v,10.1021/cb500244v.s003,cb500244v_si_003.xlsx,Sheet1,357,F,F357
ACL70277.1_Halothermothrix-orenii-H-168,ACL70277.1,xylobiose,NIMS,8,90,<0.1,below reported 0.1 conversion background; not numeric zero,0.1,3,NA,Bacteria,0.35209476266666667,1,expression_binary=1,true,10.1021/cb500244v,10.1021/cb500244v.s003,cb500244v_si_003.xlsx,Sheet1,358,D,D358
ACL70277.1_Halothermothrix-orenii-H-168,ACL70277.1,cellobiose,NIMS,8,90,<0.1,below reported 0.1 conversion background; not numeric zero,0.1,3,NA,Bacteria,0.35209476266666667,1,expression_binary=1,true,10.1021/cb500244v,10.1021/cb500244v.s003,cb500244v_si_003.xlsx,Sheet1,358,E,E358
ACL70277.1_Halothermothrix-orenii-H-168,ACL70277.1,lactose,NIMS,8,90,<0.1,below reported 0.1 conversion background; not numeric zero,0.1,3,NA,Bacteria,0.35209476266666667,1,expression_binary=1,true,10.1021/cb500244v,10.1021/cb500244v.s003,cb500244v_si_003.xlsx,Sheet1,358,F,F358
ACL74759.1_Clostridium-cellulolyticum-H10,ACL74759.1,xylobiose,NIMS,5,40,<0.1,below reported 0.1 conversion background; not numeric zero,0.1,3,NA,Bacteria,0.418059152,1,expression_binary=1,true,10.1021/cb500244v,10.1021/cb500244v.s003,cb500244v_si_003.xlsx,Sheet1,359,D,D359
ACL74759.1_Clostridium-cellulolyticum-H10,ACL74759.1,cellobiose,NIMS,5,60,<0.1,below reported 0.1 conversion background; not numeric zero,0.1,3,NA,Bacteria,0.418059152,1,expression_binary=1,true,10.1021/cb500244v,10.1021/cb500244v.s003,cb500244v_si_003.xlsx,Sheet1,360,E,E360
ACL74759.1_Clostridium-cellulolyticum-H10,ACL74759.1,xylobiose,NIMS,5,80,<0.1,below reported 0.1 conversion background; not numeric zero,0.1,3,NA,Bacteria,0.418059152,1,expression_binary=1,true,10.1021/cb500244v,10.1021/cb500244v.s003,cb500244v_si_003.xlsx,Sheet1,361,D,D361
ACL74759.1_Clostridium-cellulolyticum-H10,ACL74759.1,cellobiose,NIMS,5,80,<0.1,below reported 0.1 conversion background; not numeric zero,0.1,3,NA,Bacteria,0.418059152,1,expression_binary=1,true,10.1021/cb500244v,10.1021/cb500244v.s003,cb500244v_si_003.xlsx,Sheet1,361,E,E361
ACL74759.1_Clostridium-cellulolyticum-H10,ACL74759.1,lactose,NIMS,5,80,<0.1,below reported 0.1 conversion background; not numeric zero,0.1,3,NA,Bacteria,0.418059152,1,expression_binary=1,true,10.1021/cb500244v,10.1021/cb500244v.s003,cb500244v_si_003.xlsx,Sheet1,361,F,F361
ACL74759.1_Clostridium-cellulolyticum-H10,ACL74759.1,xylobiose,NIMS,5,90,<0.1,below reported 0.1 conversion background; not numeric zero,0.1,3,NA,Bacteria,0.418059152,1,expression_binary=1,true,10.1021/cb500244v,10.1021/cb500244v.s003,cb500244v_si_003.xlsx,Sheet1,362,D,D362
ACL74759.1_Clostridium-cellulolyticum-H10,ACL74759.1,cellobiose,NIMS,5,90,<0.1,below reported 0.1 conversion background; not numeric zero,0.1,3,NA,Bacteria,0.418059152,1,expression_binary=1,true,10.1021/cb500244v,10.1021/cb500244v.s003,cb500244v_si_003.xlsx,Sheet1,362,E,E362
ACL74759.1_Clostridium-cellulolyticum-H10,ACL74759.1,lactose,NIMS,5,90,<0.1,below reported 0.1 conversion background; not numeric zero,0.1,3,NA,Bacteria,0.418059152,1,expression_binary=1,true,10.1021/cb500244v,10.1021/cb500244v.s003,cb500244v_si_003.xlsx,Sheet1,362,F,F362
ACL74759.1_Clostridium-cellulolyticum-H10,ACL74759.1,xylobiose,NIMS,8,40,<0.1,below reported 0.1 conversion background; not numeric zero,0.1,3,NA,Bacteria,0.418059152,1,expression_binary=1,true,10.1021/cb500244v,10.1021/cb500244v.s003,cb500244v_si_003.xlsx,Sheet1,363,D,D363
ACL74759.1_Clostridium-cellulolyticum-H10,ACL74759.1,xylobiose,NIMS,8,60,<0.1,below reported 0.1 conversion background; not numeric zero,0.1,3,NA,Bacteria,0.418059152,1,expression_binary=1,true,10.1021/cb500244v,10.1021/cb500244v.s003,cb500244v_si_003.xlsx,Sheet1,364,D,D364
ACL74759.1_Clostridium-cellulolyticum-H10,ACL74759.1,xylobiose,NIMS,8,80,<0.1,below reported 0.1 conversion background; not numeric zero,0.1,3,NA,Bacteria,0.418059152,1,expression_binary=1,true,10.1021/cb500244v,10.1021/cb500244v.s003,cb500244v_si_003.xlsx,Sheet1,365,D,D365
ACL74759.1_Clostridium-cellulolyticum-H10,ACL74759.1,cellobiose,NIMS,8,80,<0.1,below reported 0.1 conversion background; not numeric zero,0.1,3,NA,Bacteria,0.418059152,1,expression_binary=1,true,10.1021/cb500244v,10.1021/cb500244v.s003,cb500244v_si_003.xlsx,Sheet1,365,E,E365
ACL74759.1_Clostridium-cellulolyticum-H10,ACL74759.1,lactose,NIMS,8,80,<0.1,below reported 0.1 conversion background; not numeric zero,0.1,3,NA,Bacteria,0.418059152,1,expression_binary=1,true,10.1021/cb500244v,10.1021/cb500244v.s003,cb500244v_si_003.xlsx,Sheet1,365,F,F365
ACL74759.1_Clostridium-cellulolyticum-H10,ACL74759.1,xylobiose,NIMS,8,90,<0.1,below reported 0.1 conversion background; not numeric zero,0.1,3,NA,Bacteria,0.418059152,1,expression_binary=1,true,10.1021/cb500244v,10.1021/cb500244v.s003,cb500244v_si_003.xlsx,Sheet1,366,D,D366
ACL74759.1_Clostridium-cellulolyticum-H10,ACL74759.1,cellobiose,NIMS,8,90,<0.1,below reported 0.1 conversion background; not numeric zero,0.1,3,NA,Bacteria,0.418059152,1,expression_binary=1,true,10.1021/cb500244v,10.1021/cb500244v.s003,cb500244v_si_003.xlsx,Sheet1,366,E,E366
ACL74759.1_Clostridium-cellulolyticum-H10,ACL74759.1,lactose,NIMS,8,90,<0.1,below reported 0.1 conversion background; not numeric zero,0.1,3,NA,Bacteria,0.418059152,1,expression_binary=1,true,10.1021/cb500244v,10.1021/cb500244v.s003,cb500244v_si_003.xlsx,Sheet1,366,F,F366
ACL95685.1_Caulobacter-crescentus-NA1000,ACL95685.1,xylobiose,NIMS,5,40,<0.1,below reported 0.1 conversion background; not numeric zero,0.1,3,NA,Bacteria,0.06223834133333333,1,expression_binary=1,true,10.1021/cb500244v,10.1021/cb500244v.s003,cb500244v_si_003.xlsx,Sheet1,367,D,D367
ACL95685.1_Caulobacter-crescentus-NA1000,ACL95685.1,lactose,NIMS,5,40,<0.1,below reported 0.1 conversion background; not numeric zero,0.1,3,NA,Bacteria,0.06223834133333333,1,expression_binary=1,true,10.1021/cb500244v,10.1021/cb500244v.s003,cb500244v_si_003.xlsx,Sheet1,367,F,F367
ACL95685.1_Caulobacter-crescentus-NA1000,ACL95685.1,xylobiose,NIMS,5,60,<0.1,below reported 0.1 conversion background; not numeric zero,0.1,3,NA,Bacteria,0.06223834133333333,1,expression_binary=1,true,10.1021/cb500244v,10.1021/cb500244v.s003,cb500244v_si_003.xlsx,Sheet1,368,D,D368
ACL95685.1_Caulobacter-crescentus-NA1000,ACL95685.1,cellobiose,NIMS,5,60,<0.1,below reported 0.1 conversion background; not numeric zero,0.1,3,NA,Bacteria,0.06223834133333333,1,expression_binary=1,true,10.1021/cb500244v,10.1021/cb500244v.s003,cb500244v_si_003.xlsx,Sheet1,368,E,E368
ACL95685.1_Caulobacter-crescentus-NA1000,ACL95685.1,lactose,NIMS,5,60,<0.1,below reported 0.1 conversion background; not numeric zero,0.1,3,NA,Bacteria,0.06223834133333333,1,expression_binary=1,true,10.1021/cb500244v,10.1021/cb500244v.s003,cb500244v_si_003.xlsx,Sheet1,368,F,F368
ACL95685.1_Caulobacter-crescentus-NA1000,ACL95685.1,xylobiose,NIMS,5,80,<0.1,below reported 0.1 conversion background; not numeric zero,0.1,3,NA,Bacteria,0.06223834133333333,1,expression_binary=1,true,10.1021/cb500244v,10.1021/cb500244v.s003,cb500244v_si_003.xlsx,Sheet1,369,D,D369
ACL95685.1_Caulobacter-crescentus-NA1000,ACL95685.1,cellobiose,NIMS,5,80,<0.1,below reported 0.1 conversion background; not numeric zero,0.1,3,NA,Bacteria,0.06223834133333333,1,expression_binary=1,true,10.1021/cb500244v,10.1021/cb500244v.s003,cb500244v_si_003.xlsx,Sheet1,369,E,E369
ACL95685.1_Caulobacter-crescentus-NA1000,ACL95685.1,lactose,NIMS,5,80,<0.1,below reported 0.1 conversion background; not numeric zero,0.1,3,NA,Bacteria,0.06223834133333333,1,expression_binary=1,true,10.1021/cb500244v,10.1021/cb500244v.s003,cb500244v_si_003.xlsx,Sheet1,369,F,F369
ACL95685.1_Caulobacter-crescentus-NA1000,ACL95685.1,xylobiose,NIMS,5,90,<0.1,below reported 0.1 conversion background; not numeric zero,0.1,3,NA,Bacteria,0.06223834133333333,1,expression_binary=1,true,10.1021/cb500244v,10.1021/cb500244v.s003,cb500244v_si_003.xlsx,Sheet1,370,D,D370
ACL95685.1_Caulobacter-crescentus-NA1000,ACL95685.1,cellobiose,NIMS,5,90,<0.1,below reported 0.1 conversion background; not numeric zero,0.1,3,NA,Bacteria,0.06223834133333333,1,expression_binary=1,true,10.1021/cb500244v,10.1021/cb500244v.s003,cb500244v_si_003.xlsx,Sheet1,370,E,E370
ACL95685.1_Caulobacter-crescentus-NA1000,ACL95685.1,lactose,NIMS,5,90,<0.1,below reported 0.1 conversion background; not numeric zero,0.1,3,NA,Bacteria,0.06223834133333333,1,expression_binary=1,true,10.1021/cb500244v,10.1021/cb500244v.s003,cb500244v_si_003.xlsx,Sheet1,370,F,F370
ACL95685.1_Caulobacter-crescentus-NA1000,ACL95685.1,xylobiose,NIMS,8,40,<0.1,below reported 0.1 conversion background; not numeric zero,0.1,3,NA,Bacteria,0.06223834133333333,1,expression_binary=1,true,10.1021/cb500244v,10.1021/cb500244v.s003,cb500244v_si_003.xlsx,Sheet1,371,D,D371
ACL95685.1_Caulobacter-crescentus-NA1000,ACL95685.1,lactose,NIMS,8,40,<0.1,below reported 0.1 conversion background; not numeric zero,0.1,3,NA,Bacteria,0.06223834133333333,1,expression_binary=1,true,10.1021/cb500244v,10.1021/cb500244v.s003,cb500244v_si_003.xlsx,Sheet1,371,F,F371
ACL95685.1_Caulobacter-crescentus-NA1000,ACL95685.1,xylobiose,NIMS,8,60,<0.1,below reported 0.1 conversion background; not numeric zero,0.1,3,NA,Bacteria,0.06223834133333333,1,expression_binary=1,true,10.1021/cb500244v,10.1021/cb500244v.s003,cb500244v_si_003.xlsx,Sheet1,372,D,D372
ACL95685.1_Caulobacter-crescentus-NA1000,ACL95685.1,cellobiose,NIMS,8,60,<0.1,below reported 0.1 conversion background; not numeric zero,0.1,3,NA,Bacteria,0.06223834133333333,1,expression_binary=1,true,10.1021/cb500244v,10.1021/cb500244v.s003,cb500244v_si_003.xlsx,Sheet1,372,E,E372
ACL95685.1_Caulobacter-crescentus-NA1000,ACL95685.1,lactose,NIMS,8,60,<0.1,below reported 0.1 conversion background; not numeric zero,0.1,3,NA,Bacteria,0.06223834133333333,1,expression_binary=1,true,10.1021/cb500244v,10.1021/cb500244v.s003,cb500244v_si_003.xlsx,Sheet1,372,F,F372
ACL95685.1_Caulobacter-crescentus-NA1000,ACL95685.1,xylobiose,NIMS,8,80,<0.1,below reported 0.1 conversion background; not numeric zero,0.1,3,NA,Bacteria,0.06223834133333333,1,expression_binary=1,true,10.1021/cb500244v,10.1021/cb500244v.s003,cb500244v_si_003.xlsx,Sheet1,373,D,D373
ACL95685.1_Caulobacter-crescentus-NA1000,ACL95685.1,cellobiose,NIMS,8,80,<0.1,below reported 0.1 conversion background; not numeric zero,0.1,3,NA,Bacteria,0.06223834133333333,1,expression_binary=1,true,10.1021/cb500244v,10.1021/cb500244v.s003,cb500244v_si_003.xlsx,Sheet1,373,E,E373
ACL95685.1_Caulobacter-crescentus-NA1000,ACL95685.1,lactose,NIMS,8,80,<0.1,below reported 0.1 conversion background; not numeric zero,0.1,3,NA,Bacteria,0.06223834133333333,1,expression_binary=1,true,10.1021/cb500244v,10.1021/cb500244v.s003,cb500244v_si_003.xlsx,Sheet1,373,F,F373
ACL95685.1_Caulobacter-crescentus-NA1000,ACL95685.1,xylobiose,NIMS,8,90,<0.1,below reported 0.1 conversion background; not numeric zero,0.1,3,NA,Bacteria,0.06223834133333333,1,expression_binary=1,true,10.1021/cb500244v,10.1021/cb500244v.s003,cb500244v_si_003.xlsx,Sheet1,374,D,D374
ACL95685.1_Caulobacter-crescentus-NA1000,ACL95685.1,cellobiose,NIMS,8,90,<0.1,below reported 0.1 conversion background; not numeric zero,0.1,3,NA,Bacteria,0.06223834133333333,1,expression_binary=1,true,10.1021/cb500244v,10.1021/cb500244v.s003,cb500244v_si_003.xlsx,Sheet1,374,E,E374
ACL95685.1_Caulobacter-crescentus-NA1000,ACL95685.1,lactose,NIMS,8,90,<0.1,below reported 0.1 conversion background; not numeric zero,0.1,3,NA,Bacteria,0.06223834133333333,1,expression_binary=1,true,10.1021/cb500244v,10.1021/cb500244v.s003,cb500244v_si_003.xlsx,Sheet1,374,F,F374
ACM06095.1_Thermomicrobium-roseum-DSM-5159,ACM06095.1,xylobiose,NIMS,5,40,<0.1,below reported 0.1 conversion background; not numeric zero,0.1,3,NA,Bacteria,0.06763264533333332,1,expression_binary=1,true,10.1021/cb500244v,10.1021/cb500244v.s003,cb500244v_si_003.xlsx,Sheet1,375,D,D375
ACM06095.1_Thermomicrobium-roseum-DSM-5159,ACM06095.1,xylobiose,NIMS,5,60,<0.1,below reported 0.1 conversion background; not numeric zero,0.1,3,NA,Bacteria,0.06763264533333332,1,expression_binary=1,true,10.1021/cb500244v,10.1021/cb500244v.s003,cb500244v_si_003.xlsx,Sheet1,376,D,D376
ACM06095.1_Thermomicrobium-roseum-DSM-5159,ACM06095.1,xylobiose,NIMS,5,80,<0.1,below reported 0.1 conversion background; not numeric zero,0.1,3,NA,Bacteria,0.06763264533333332,1,expression_binary=1,true,10.1021/cb500244v,10.1021/cb500244v.s003,cb500244v_si_003.xlsx,Sheet1,377,D,D377
ACM06095.1_Thermomicrobium-roseum-DSM-5159,ACM06095.1,xylobiose,NIMS,5,90,<0.1,below reported 0.1 conversion background; not numeric zero,0.1,3,NA,Bacteria,0.06763264533333332,1,expression_binary=1,true,10.1021/cb500244v,10.1021/cb500244v.s003,cb500244v_si_003.xlsx,Sheet1,378,D,D378
ACM06095.1_Thermomicrobium-roseum-DSM-5159,ACM06095.1,cellobiose,NIMS,5,90,<0.1,below reported 0.1 conversion background; not numeric zero,0.1,3,NA,Bacteria,0.06763264533333332,1,expression_binary=1,true,10.1021/cb500244v,10.1021/cb500244v.s003,cb500244v_si_003.xlsx,Sheet1,378,E,E378
ACM06095.1_Thermomicrobium-roseum-DSM-5159,ACM06095.1,lactose,NIMS,5,90,<0.1,below reported 0.1 conversion background; not numeric zero,0.1,3,NA,Bacteria,0.06763264533333332,1,expression_binary=1,true,10.1021/cb500244v,10.1021/cb500244v.s003,cb500244v_si_003.xlsx,Sheet1,378,F,F378
ACM06095.1_Thermomicrobium-roseum-DSM-5159,ACM06095.1,xylobiose,NIMS,8,40,<0.1,below reported 0.1 conversion background; not numeric zero,0.1,3,NA,Bacteria,0.06763264533333332,1,expression_binary=1,true,10.1021/cb500244v,10.1021/cb500244v.s003,cb500244v_si_003.xlsx,Sheet1,379,D,D379
ACM06095.1_Thermomicrobium-roseum-DSM-5159,ACM06095.1,xylobiose,NIMS,8,60,<0.1,below reported 0.1 conversion background; not numeric zero,0.1,3,NA,Bacteria,0.06763264533333332,1,expression_binary=1,true,10.1021/cb500244v,10.1021/cb500244v.s003,cb500244v_si_003.xlsx,Sheet1,380,D,D380
ACM06095.1_Thermomicrobium-roseum-DSM-5159,ACM06095.1,xylobiose,NIMS,8,80,<0.1,below reported 0.1 conversion background; not numeric zero,0.1,3,NA,Bacteria,0.06763264533333332,1,expression_binary=1,true,10.1021/cb500244v,10.1021/cb500244v.s003,cb500244v_si_003.xlsx,Sheet1,381,D,D381
ACM06095.1_Thermomicrobium-roseum-DSM-5159,ACM06095.1,xylobiose,NIMS,8,90,<0.1,below reported 0.1 conversion background; not numeric zero,0.1,3,NA,Bacteria,0.06763264533333332,1,expression_binary=1,true,10.1021/cb500244v,10.1021/cb500244v.s003,cb500244v_si_003.xlsx,Sheet1,382,D,D382
ACM06095.1_Thermomicrobium-roseum-DSM-5159,ACM06095.1,cellobiose,NIMS,8,90,<0.1,below reported 0.1 conversion background; not numeric zero,0.1,3,NA,Bacteria,0.06763264533333332,1,expression_binary=1,true,10.1021/cb500244v,10.1021/cb500244v.s003,cb500244v_si_003.xlsx,Sheet1,382,E,E382
ACM06095.1_Thermomicrobium-roseum-DSM-5159,ACM06095.1,lactose,NIMS,8,90,<0.1,below reported 0.1 conversion background; not numeric zero,0.1,3,NA,Bacteria,0.06763264533333332,1,expression_binary=1,true,10.1021/cb500244v,10.1021/cb500244v.s003,cb500244v_si_003.xlsx,Sheet1,382,F,F382
ACM22958.1_Thermotoga-neapolitana-DSM-4359,ACM22958.1,xylobiose,NIMS,5,40,<0.1,below reported 0.1 conversion background; not numeric zero,0.1,3,NA,Bacteria,0.09198249333333333,1,expression_binary=1,true,10.1021/cb500244v,10.1021/cb500244v.s003,cb500244v_si_003.xlsx,Sheet1,383,D,D383
ACM22958.1_Thermotoga-neapolitana-DSM-4359,ACM22958.1,xylobiose,NIMS,8,40,<0.1,below reported 0.1 conversion background; not numeric zero,0.1,3,NA,Bacteria,0.09198249333333333,1,expression_binary=1,true,10.1021/cb500244v,10.1021/cb500244v.s003,cb500244v_si_003.xlsx,Sheet1,387,D,D387
ACO44852.1_Deinococcus-deserti-VCD115,ACO44852.1,xylobiose,NIMS,5,40,<0.1,below reported 0.1 conversion background; not numeric zero,0.1,3,NA,Bacteria,0.3874932053333333,1,expression_binary=1,true,10.1021/cb500244v,10.1021/cb500244v.s003,cb500244v_si_003.xlsx,Sheet1,391,D,D391
ACO44852.1_Deinococcus-deserti-VCD115,ACO44852.1,xylobiose,NIMS,5,60,<0.1,below reported 0.1 conversion background; not numeric zero,0.1,3,NA,Bacteria,0.3874932053333333,1,expression_binary=1,true,10.1021/cb500244v,10.1021/cb500244v.s003,cb500244v_si_003.xlsx,Sheet1,392,D,D392
ACO44852.1_Deinococcus-deserti-VCD115,ACO44852.1,cellobiose,NIMS,5,60,<0.1,below reported 0.1 conversion background; not numeric zero,0.1,3,NA,Bacteria,0.3874932053333333,1,expression_binary=1,true,10.1021/cb500244v,10.1021/cb500244v.s003,cb500244v_si_003.xlsx,Sheet1,392,E,E392
ACO44852.1_Deinococcus-deserti-VCD115,ACO44852.1,lactose,NIMS,5,60,<0.1,below reported 0.1 conversion background; not numeric zero,0.1,3,NA,Bacteria,0.3874932053333333,1,expression_binary=1,true,10.1021/cb500244v,10.1021/cb500244v.s003,cb500244v_si_003.xlsx,Sheet1,392,F,F392
ACO44852.1_Deinococcus-deserti-VCD115,ACO44852.1,xylobiose,NIMS,5,80,<0.1,below reported 0.1 conversion background; not numeric zero,0.1,3,NA,Bacteria,0.3874932053333333,1,expression_binary=1,true,10.1021/cb500244v,10.1021/cb500244v.s003,cb500244v_si_003.xlsx,Sheet1,393,D,D393
ACO44852.1_Deinococcus-deserti-VCD115,ACO44852.1,cellobiose,NIMS,5,80,<0.1,below reported 0.1 conversion background; not numeric zero,0.1,3,NA,Bacteria,0.3874932053333333,1,expression_binary=1,true,10.1021/cb500244v,10.1021/cb500244v.s003,cb500244v_si_003.xlsx,Sheet1,393,E,E393
ACO44852.1_Deinococcus-deserti-VCD115,ACO44852.1,lactose,NIMS,5,80,<0.1,below reported 0.1 conversion background; not numeric zero,0.1,3,NA,Bacteria,0.3874932053333333,1,expression_binary=1,true,10.1021/cb500244v,10.1021/cb500244v.s003,cb500244v_si_003.xlsx,Sheet1,393,F,F393
ACO44852.1_Deinococcus-deserti-VCD115,ACO44852.1,xylobiose,NIMS,5,90,<0.1,below reported 0.1 conversion background; not numeric zero,0.1,3,NA,Bacteria,0.3874932053333333,1,expression_binary=1,true,10.1021/cb500244v,10.1021/cb500244v.s003,cb500244v_si_003.xlsx,Sheet1,394,D,D394
ACO44852.1_Deinococcus-deserti-VCD115,ACO44852.1,cellobiose,NIMS,5,90,<0.1,below reported 0.1 conversion background; not numeric zero,0.1,3,NA,Bacteria,0.3874932053333333,1,expression_binary=1,true,10.1021/cb500244v,10.1021/cb500244v.s003,cb500244v_si_003.xlsx,Sheet1,394,E,E394
ACO44852.1_Deinococcus-deserti-VCD115,ACO44852.1,lactose,NIMS,5,90,<0.1,below reported 0.1 conversion background; not numeric zero,0.1,3,NA,Bacteria,0.3874932053333333,1,expression_binary=1,true,10.1021/cb500244v,10.1021/cb500244v.s003,cb500244v_si_003.xlsx,Sheet1,394,F,F394
ACO44852.1_Deinococcus-deserti-VCD115,ACO44852.1,xylobiose,NIMS,8,40,<0.1,below reported 0.1 conversion background; not numeric zero,0.1,3,NA,Bacteria,0.3874932053333333,1,expression_binary=1,true,10.1021/cb500244v,10.1021/cb500244v.s003,cb500244v_si_003.xlsx,Sheet1,395,D,D395
ACO44852.1_Deinococcus-deserti-VCD115,ACO44852.1,xylobiose,NIMS,8,60,<0.1,below reported 0.1 conversion background; not numeric zero,0.1,3,NA,Bacteria,0.3874932053333333,1,expression_binary=1,true,10.1021/cb500244v,10.1021/cb500244v.s003,cb500244v_si_003.xlsx,Sheet1,396,D,D396
ACO44852.1_Deinococcus-deserti-VCD115,ACO44852.1,lactose,NIMS,8,60,<0.1,below reported 0.1 conversion background; not numeric zero,0.1,3,NA,Bacteria,0.3874932053333333,1,expression_binary=1,true,10.1021/cb500244v,10.1021/cb500244v.s003,cb500244v_si_003.xlsx,Sheet1,396,F,F396
ACO44852.1_Deinococcus-deserti-VCD115,ACO44852.1,xylobiose,NIMS,8,80,<0.1,below reported 0.1 conversion background; not numeric zero,0.1,3,NA,Bacteria,0.3874932053333333,1,expression_binary=1,true,10.1021/cb500244v,10.1021/cb500244v.s003,cb500244v_si_003.xlsx,Sheet1,397,D,D397
ACO44852.1_Deinococcus-deserti-VCD115,ACO44852.1,cellobiose,NIMS,8,80,<0.1,below reported 0.1 conversion background; not numeric zero,0.1,3,NA,Bacteria,0.3874932053333333,1,expression_binary=1,true,10.1021/cb500244v,10.1021/cb500244v.s003,cb500244v_si_003.xlsx,Sheet1,397,E,E397
ACO44852.1_Deinococcus-deserti-VCD115,ACO44852.1,lactose,NIMS,8,80,<0.1,below reported 0.1 conversion background; not numeric zero,0.1,3,NA,Bacteria,0.3874932053333333,1,expression_binary=1,true,10.1021/cb500244v,10.1021/cb500244v.s003,cb500244v_si_003.xlsx,Sheet1,397,F,F397
ACO44852.1_Deinococcus-deserti-VCD115,ACO44852.1,xylobiose,NIMS,8,90,<0.1,below reported 0.1 conversion background; not numeric zero,0.1,3,NA,Bacteria,0.3874932053333333,1,expression_binary=1,true,10.1021/cb500244v,10.1021/cb500244v.s003,cb500244v_si_003.xlsx,Sheet1,398,D,D398
ACO44852.1_Deinococcus-deserti-VCD115,ACO44852.1,cellobiose,NIMS,8,90,<0.1,below reported 0.1 conversion background; not numeric zero,0.1,3,NA,Bacteria,0.3874932053333333,1,expression_binary=1,true,10.1021/cb500244v,10.1021/cb500244v.s003,cb500244v_si_003.xlsx,Sheet1,398,E,E398
ACO44852.1_Deinococcus-deserti-VCD115,ACO44852.1,lactose,NIMS,8,90,<0.1,below reported 0.1 conversion background; not numeric zero,0.1,3,NA,Bacteria,0.3874932053333333,1,expression_binary=1,true,10.1021/cb500244v,10.1021/cb500244v.s003,cb500244v_si_003.xlsx,Sheet1,398,F,F398
ACQ70805.1_Exiguobacterium-sp.-AT1b,ACQ70805.1,xylobiose,NIMS,5,40,<0.1,below reported 0.1 conversion background; not numeric zero,0.1,3,NA,Bacteria,0.15179274666666667,1,expression_binary=1,true,10.1021/cb500244v,10.1021/cb500244v.s003,cb500244v_si_003.xlsx,Sheet1,399,D,D399
ACQ70805.1_Exiguobacterium-sp.-AT1b,ACQ70805.1,cellobiose,NIMS,5,40,<0.1,below reported 0.1 conversion background; not numeric zero,0.1,3,NA,Bacteria,0.15179274666666667,1,expression_binary=1,true,10.1021/cb500244v,10.1021/cb500244v.s003,cb500244v_si_003.xlsx,Sheet1,399,E,E399
ACQ70805.1_Exiguobacterium-sp.-AT1b,ACQ70805.1,lactose,NIMS,5,40,<0.1,below reported 0.1 conversion background; not numeric zero,0.1,3,NA,Bacteria,0.15179274666666667,1,expression_binary=1,true,10.1021/cb500244v,10.1021/cb500244v.s003,cb500244v_si_003.xlsx,Sheet1,399,F,F399
ACQ70805.1_Exiguobacterium-sp.-AT1b,ACQ70805.1,xylobiose,NIMS,5,60,<0.1,below reported 0.1 conversion background; not numeric zero,0.1,3,NA,Bacteria,0.15179274666666667,1,expression_binary=1,true,10.1021/cb500244v,10.1021/cb500244v.s003,cb500244v_si_003.xlsx,Sheet1,400,D,D400
ACQ70805.1_Exiguobacterium-sp.-AT1b,ACQ70805.1,cellobiose,NIMS,5,60,<0.1,below reported 0.1 conversion background; not numeric zero,0.1,3,NA,Bacteria,0.15179274666666667,1,expression_binary=1,true,10.1021/cb500244v,10.1021/cb500244v.s003,cb500244v_si_003.xlsx,Sheet1,400,E,E400
ACQ70805.1_Exiguobacterium-sp.-AT1b,ACQ70805.1,lactose,NIMS,5,60,<0.1,below reported 0.1 conversion background; not numeric zero,0.1,3,NA,Bacteria,0.15179274666666667,1,expression_binary=1,true,10.1021/cb500244v,10.1021/cb500244v.s003,cb500244v_si_003.xlsx,Sheet1,400,F,F400
ACQ70805.1_Exiguobacterium-sp.-AT1b,ACQ70805.1,xylobiose,NIMS,5,80,<0.1,below reported 0.1 conversion background; not numeric zero,0.1,3,NA,Bacteria,0.15179274666666667,1,expression_binary=1,true,10.1021/cb500244v,10.1021/cb500244v.s003,cb500244v_si_003.xlsx,Sheet1,401,D,D401
ACQ70805.1_Exiguobacterium-sp.-AT1b,ACQ70805.1,cellobiose,NIMS,5,80,<0.1,below reported 0.1 conversion background; not numeric zero,0.1,3,NA,Bacteria,0.15179274666666667,1,expression_binary=1,true,10.1021/cb500244v,10.1021/cb500244v.s003,cb500244v_si_003.xlsx,Sheet1,401,E,E401
ACQ70805.1_Exiguobacterium-sp.-AT1b,ACQ70805.1,lactose,NIMS,5,80,<0.1,below reported 0.1 conversion background; not numeric zero,0.1,3,NA,Bacteria,0.15179274666666667,1,expression_binary=1,true,10.1021/cb500244v,10.1021/cb500244v.s003,cb500244v_si_003.xlsx,Sheet1,401,F,F401
ACQ70805.1_Exiguobacterium-sp.-AT1b,ACQ70805.1,xylobiose,NIMS,5,90,<0.1,below reported 0.1 conversion background; not numeric zero,0.1,3,NA,Bacteria,0.15179274666666667,1,expression_binary=1,true,10.1021/cb500244v,10.1021/cb500244v.s003,cb500244v_si_003.xlsx,Sheet1,402,D,D402
ACQ70805.1_Exiguobacterium-sp.-AT1b,ACQ70805.1,cellobiose,NIMS,5,90,<0.1,below reported 0.1 conversion background; not numeric zero,0.1,3,NA,Bacteria,0.15179274666666667,1,expression_binary=1,true,10.1021/cb500244v,10.1021/cb500244v.s003,cb500244v_si_003.xlsx,Sheet1,402,E,E402
ACQ70805.1_Exiguobacterium-sp.-AT1b,ACQ70805.1,lactose,NIMS,5,90,<0.1,below reported 0.1 conversion background; not numeric zero,0.1,3,NA,Bacteria,0.15179274666666667,1,expression_binary=1,true,10.1021/cb500244v,10.1021/cb500244v.s003,cb500244v_si_003.xlsx,Sheet1,402,F,F402
ACQ70805.1_Exiguobacterium-sp.-AT1b,ACQ70805.1,xylobiose,NIMS,8,40,<0.1,below reported 0.1 conversion background; not numeric zero,0.1,3,NA,Bacteria,0.15179274666666667,1,expression_binary=1,true,10.1021/cb500244v,10.1021/cb500244v.s003,cb500244v_si_003.xlsx,Sheet1,403,D,D403
ACQ70805.1_Exiguobacterium-sp.-AT1b,ACQ70805.1,cellobiose,NIMS,8,40,<0.1,below reported 0.1 conversion background; not numeric zero,0.1,3,NA,Bacteria,0.15179274666666667,1,expression_binary=1,true,10.1021/cb500244v,10.1021/cb500244v.s003,cb500244v_si_003.xlsx,Sheet1,403,E,E403
ACQ70805.1_Exiguobacterium-sp.-AT1b,ACQ70805.1,lactose,NIMS,8,40,<0.1,below reported 0.1 conversion background; not numeric zero,0.1,3,NA,Bacteria,0.15179274666666667,1,expression_binary=1,true,10.1021/cb500244v,10.1021/cb500244v.s003,cb500244v_si_003.xlsx,Sheet1,403,F,F403
ACQ70805.1_Exiguobacterium-sp.-AT1b,ACQ70805.1,xylobiose,NIMS,8,60,<0.1,below reported 0.1 conversion background; not numeric zero,0.1,3,NA,Bacteria,0.15179274666666667,1,expression_binary=1,true,10.1021/cb500244v,10.1021/cb500244v.s003,cb500244v_si_003.xlsx,Sheet1,404,D,D404
ACQ70805.1_Exiguobacterium-sp.-AT1b,ACQ70805.1,cellobiose,NIMS,8,60,<0.1,below reported 0.1 conversion background; not numeric zero,0.1,3,NA,Bacteria,0.15179274666666667,1,expression_binary=1,true,10.1021/cb500244v,10.1021/cb500244v.s003,cb500244v_si_003.xlsx,Sheet1,404,E,E404
ACQ70805.1_Exiguobacterium-sp.-AT1b,ACQ70805.1,lactose,NIMS,8,60,<0.1,below reported 0.1 conversion background; not numeric zero,0.1,3,NA,Bacteria,0.15179274666666667,1,expression_binary=1,true,10.1021/cb500244v,10.1021/cb500244v.s003,cb500244v_si_003.xlsx,Sheet1,404,F,F404
ACQ70805.1_Exiguobacterium-sp.-AT1b,ACQ70805.1,xylobiose,NIMS,8,80,<0.1,below reported 0.1 conversion background; not numeric zero,0.1,3,NA,Bacteria,0.15179274666666667,1,expression_binary=1,true,10.1021/cb500244v,10.1021/cb500244v.s003,cb500244v_si_003.xlsx,Sheet1,405,D,D405
ACQ70805.1_Exiguobacterium-sp.-AT1b,ACQ70805.1,cellobiose,NIMS,8,80,<0.1,below reported 0.1 conversion background; not numeric zero,0.1,3,NA,Bacteria,0.15179274666666667,1,expression_binary=1,true,10.1021/cb500244v,10.1021/cb500244v.s003,cb500244v_si_003.xlsx,Sheet1,405,E,E405
ACQ70805.1_Exiguobacterium-sp.-AT1b,ACQ70805.1,lactose,NIMS,8,80,<0.1,below reported 0.1 conversion background; not numeric zero,0.1,3,NA,Bacteria,0.15179274666666667,1,expression_binary=1,true,10.1021/cb500244v,10.1021/cb500244v.s003,cb500244v_si_003.xlsx,Sheet1,405,F,F405
ACQ70805.1_Exiguobacterium-sp.-AT1b,ACQ70805.1,xylobiose,NIMS,8,90,<0.1,below reported 0.1 conversion background; not numeric zero,0.1,3,NA,Bacteria,0.15179274666666667,1,expression_binary=1,true,10.1021/cb500244v,10.1021/cb500244v.s003,cb500244v_si_003.xlsx,Sheet1,406,D,D406
ACQ70805.1_Exiguobacterium-sp.-AT1b,ACQ70805.1,cellobiose,NIMS,8,90,<0.1,below reported 0.1 conversion background; not numeric zero,0.1,3,NA,Bacteria,0.15179274666666667,1,expression_binary=1,true,10.1021/cb500244v,10.1021/cb500244v.s003,cb500244v_si_003.xlsx,Sheet1,406,E,E406
ACQ70805.1_Exiguobacterium-sp.-AT1b,ACQ70805.1,lactose,NIMS,8,90,<0.1,below reported 0.1 conversion background; not numeric zero,0.1,3,NA,Bacteria,0.15179274666666667,1,expression_binary=1,true,10.1021/cb500244v,10.1021/cb500244v.s003,cb500244v_si_003.xlsx,Sheet1,406,F,F406
ACQ71106.1_Exiguobacterium-sp.-AT1b,ACQ71106.1,xylobiose,NIMS,5,40,<0.1,below reported 0.1 conversion background; not numeric zero,0.1,3,NA,Bacteria,0.074,1,expression_binary=1,true,10.1021/cb500244v,10.1021/cb500244v.s003,cb500244v_si_003.xlsx,Sheet1,407,D,D407
ACQ71106.1_Exiguobacterium-sp.-AT1b,ACQ71106.1,cellobiose,NIMS,5,40,<0.1,below reported 0.1 conversion background; not numeric zero,0.1,3,NA,Bacteria,0.074,1,expression_binary=1,true,10.1021/cb500244v,10.1021/cb500244v.s003,cb500244v_si_003.xlsx,Sheet1,407,E,E407
ACQ71106.1_Exiguobacterium-sp.-AT1b,ACQ71106.1,lactose,NIMS,5,40,<0.1,below reported 0.1 conversion background; not numeric zero,0.1,3,NA,Bacteria,0.074,1,expression_binary=1,true,10.1021/cb500244v,10.1021/cb500244v.s003,cb500244v_si_003.xlsx,Sheet1,407,F,F407
ACQ71106.1_Exiguobacterium-sp.-AT1b,ACQ71106.1,xylobiose,NIMS,5,60,<0.1,below reported 0.1 conversion background; not numeric zero,0.1,3,NA,Bacteria,0.074,1,expression_binary=1,true,10.1021/cb500244v,10.1021/cb500244v.s003,cb500244v_si_003.xlsx,Sheet1,408,D,D408
ACQ71106.1_Exiguobacterium-sp.-AT1b,ACQ71106.1,cellobiose,NIMS,5,60,<0.1,below reported 0.1 conversion background; not numeric zero,0.1,3,NA,Bacteria,0.074,1,expression_binary=1,true,10.1021/cb500244v,10.1021/cb500244v.s003,cb500244v_si_003.xlsx,Sheet1,408,E,E408
ACQ71106.1_Exiguobacterium-sp.-AT1b,ACQ71106.1,lactose,NIMS,5,60,<0.1,below reported 0.1 conversion background; not numeric zero,0.1,3,NA,Bacteria,0.074,1,expression_binary=1,true,10.1021/cb500244v,10.1021/cb500244v.s003,cb500244v_si_003.xlsx,Sheet1,408,F,F408
ACQ71106.1_Exiguobacterium-sp.-AT1b,ACQ71106.1,xylobiose,NIMS,5,80,<0.1,below reported 0.1 conversion background; not numeric zero,0.1,3,NA,Bacteria,0.074,1,expression_binary=1,true,10.1021/cb500244v,10.1021/cb500244v.s003,cb500244v_si_003.xlsx,Sheet1,409,D,D409
ACQ71106.1_Exiguobacterium-sp.-AT1b,ACQ71106.1,cellobiose,NIMS,5,80,<0.1,below reported 0.1 conversion background; not numeric zero,0.1,3,NA,Bacteria,0.074,1,expression_binary=1,true,10.1021/cb500244v,10.1021/cb500244v.s003,cb500244v_si_003.xlsx,Sheet1,409,E,E409
ACQ71106.1_Exiguobacterium-sp.-AT1b,ACQ71106.1,lactose,NIMS,5,80,<0.1,below reported 0.1 conversion background; not numeric zero,0.1,3,NA,Bacteria,0.074,1,expression_binary=1,true,10.1021/cb500244v,10.1021/cb500244v.s003,cb500244v_si_003.xlsx,Sheet1,409,F,F409
ACQ71106.1_Exiguobacterium-sp.-AT1b,ACQ71106.1,xylobiose,NIMS,5,90,<0.1,below reported 0.1 conversion background; not numeric zero,0.1,3,NA,Bacteria,0.074,1,expression_binary=1,true,10.1021/cb500244v,10.1021/cb500244v.s003,cb500244v_si_003.xlsx,Sheet1,410,D,D410
ACQ71106.1_Exiguobacterium-sp.-AT1b,ACQ71106.1,cellobiose,NIMS,5,90,<0.1,below reported 0.1 conversion background; not numeric zero,0.1,3,NA,Bacteria,0.074,1,expression_binary=1,true,10.1021/cb500244v,10.1021/cb500244v.s003,cb500244v_si_003.xlsx,Sheet1,410,E,E410
ACQ71106.1_Exiguobacterium-sp.-AT1b,ACQ71106.1,lactose,NIMS,5,90,<0.1,below reported 0.1 conversion background; not numeric zero,0.1,3,NA,Bacteria,0.074,1,expression_binary=1,true,10.1021/cb500244v,10.1021/cb500244v.s003,cb500244v_si_003.xlsx,Sheet1,410,F,F410
ACQ71106.1_Exiguobacterium-sp.-AT1b,ACQ71106.1,xylobiose,NIMS,8,40,<0.1,below reported 0.1 conversion background; not numeric zero,0.1,3,NA,Bacteria,0.074,1,expression_binary=1,true,10.1021/cb500244v,10.1021/cb500244v.s003,cb500244v_si_003.xlsx,Sheet1,411,D,D411
ACQ71106.1_Exiguobacterium-sp.-AT1b,ACQ71106.1,cellobiose,NIMS,8,40,<0.1,below reported 0.1 conversion background; not numeric zero,0.1,3,NA,Bacteria,0.074,1,expression_binary=1,true,10.1021/cb500244v,10.1021/cb500244v.s003,cb500244v_si_003.xlsx,Sheet1,411,E,E411
ACQ71106.1_Exiguobacterium-sp.-AT1b,ACQ71106.1,lactose,NIMS,8,40,<0.1,below reported 0.1 conversion background; not numeric zero,0.1,3,NA,Bacteria,0.074,1,expression_binary=1,true,10.1021/cb500244v,10.1021/cb500244v.s003,cb500244v_si_003.xlsx,Sheet1,411,F,F411
ACQ71106.1_Exiguobacterium-sp.-AT1b,ACQ71106.1,xylobiose,NIMS,8,60,<0.1,below reported 0.1 conversion background; not numeric zero,0.1,3,NA,Bacteria,0.074,1,expression_binary=1,true,10.1021/cb500244v,10.1021/cb500244v.s003,cb500244v_si_003.xlsx,Sheet1,412,D,D412
ACQ71106.1_Exiguobacterium-sp.-AT1b,ACQ71106.1,cellobiose,NIMS,8,60,<0.1,below reported 0.1 conversion background; not numeric zero,0.1,3,NA,Bacteria,0.074,1,expression_binary=1,true,10.1021/cb500244v,10.1021/cb500244v.s003,cb500244v_si_003.xlsx,Sheet1,412,E,E412
ACQ71106.1_Exiguobacterium-sp.-AT1b,ACQ71106.1,lactose,NIMS,8,60,<0.1,below reported 0.1 conversion background; not numeric zero,0.1,3,NA,Bacteria,0.074,1,expression_binary=1,true,10.1021/cb500244v,10.1021/cb500244v.s003,cb500244v_si_003.xlsx,Sheet1,412,F,F412
ACQ71106.1_Exiguobacterium-sp.-AT1b,ACQ71106.1,xylobiose,NIMS,8,80,<0.1,below reported 0.1 conversion background; not numeric zero,0.1,3,NA,Bacteria,0.074,1,expression_binary=1,true,10.1021/cb500244v,10.1021/cb500244v.s003,cb500244v_si_003.xlsx,Sheet1,413,D,D413
ACQ71106.1_Exiguobacterium-sp.-AT1b,ACQ71106.1,cellobiose,NIMS,8,80,<0.1,below reported 0.1 conversion background; not numeric zero,0.1,3,NA,Bacteria,0.074,1,expression_binary=1,true,10.1021/cb500244v,10.1021/cb500244v.s003,cb500244v_si_003.xlsx,Sheet1,413,E,E413
ACQ71106.1_Exiguobacterium-sp.-AT1b,ACQ71106.1,lactose,NIMS,8,80,<0.1,below reported 0.1 conversion background; not numeric zero,0.1,3,NA,Bacteria,0.074,1,expression_binary=1,true,10.1021/cb500244v,10.1021/cb500244v.s003,cb500244v_si_003.xlsx,Sheet1,413,F,F413
ACQ71106.1_Exiguobacterium-sp.-AT1b,ACQ71106.1,xylobiose,NIMS,8,90,<0.1,below reported 0.1 conversion background; not numeric zero,0.1,3,NA,Bacteria,0.074,1,expression_binary=1,true,10.1021/cb500244v,10.1021/cb500244v.s003,cb500244v_si_003.xlsx,Sheet1,414,D,D414
ACQ71106.1_Exiguobacterium-sp.-AT1b,ACQ71106.1,cellobiose,NIMS,8,90,<0.1,below reported 0.1 conversion background; not numeric zero,0.1,3,NA,Bacteria,0.074,1,expression_binary=1,true,10.1021/cb500244v,10.1021/cb500244v.s003,cb500244v_si_003.xlsx,Sheet1,414,E,E414
ACQ71106.1_Exiguobacterium-sp.-AT1b,ACQ71106.1,lactose,NIMS,8,90,<0.1,below reported 0.1 conversion background; not numeric zero,0.1,3,NA,Bacteria,0.074,1,expression_binary=1,true,10.1021/cb500244v,10.1021/cb500244v.s003,cb500244v_si_003.xlsx,Sheet1,414,F,F414
ACX80029.1_Geobacillus-sp.-Y412MC61,ACX80029.1,xylobiose,NIMS,5,40,<0.1,below reported 0.1 conversion background; not numeric zero,0.1,3,NA,Bacteria,0.6089029813333333,1,expression_binary=1,true,10.1021/cb500244v,10.1021/cb500244v.s003,cb500244v_si_003.xlsx,Sheet1,415,D,D415
ACX80029.1_Geobacillus-sp.-Y412MC61,ACX80029.1,cellobiose,NIMS,5,40,<0.1,below reported 0.1 conversion background; not numeric zero,0.1,3,NA,Bacteria,0.6089029813333333,1,expression_binary=1,true,10.1021/cb500244v,10.1021/cb500244v.s003,cb500244v_si_003.xlsx,Sheet1,415,E,E415
ACX80029.1_Geobacillus-sp.-Y412MC61,ACX80029.1,lactose,NIMS,5,40,<0.1,below reported 0.1 conversion background; not numeric zero,0.1,3,NA,Bacteria,0.6089029813333333,1,expression_binary=1,true,10.1021/cb500244v,10.1021/cb500244v.s003,cb500244v_si_003.xlsx,Sheet1,415,F,F415
ACX80029.1_Geobacillus-sp.-Y412MC61,ACX80029.1,xylobiose,NIMS,5,60,<0.1,below reported 0.1 conversion background; not numeric zero,0.1,3,NA,Bacteria,0.6089029813333333,1,expression_binary=1,true,10.1021/cb500244v,10.1021/cb500244v.s003,cb500244v_si_003.xlsx,Sheet1,416,D,D416
ACX80029.1_Geobacillus-sp.-Y412MC61,ACX80029.1,cellobiose,NIMS,5,60,<0.1,below reported 0.1 conversion background; not numeric zero,0.1,3,NA,Bacteria,0.6089029813333333,1,expression_binary=1,true,10.1021/cb500244v,10.1021/cb500244v.s003,cb500244v_si_003.xlsx,Sheet1,416,E,E416
ACX80029.1_Geobacillus-sp.-Y412MC61,ACX80029.1,lactose,NIMS,5,60,<0.1,below reported 0.1 conversion background; not numeric zero,0.1,3,NA,Bacteria,0.6089029813333333,1,expression_binary=1,true,10.1021/cb500244v,10.1021/cb500244v.s003,cb500244v_si_003.xlsx,Sheet1,416,F,F416
ACX80029.1_Geobacillus-sp.-Y412MC61,ACX80029.1,xylobiose,NIMS,5,80,<0.1,below reported 0.1 conversion background; not numeric zero,0.1,3,NA,Bacteria,0.6089029813333333,1,expression_binary=1,true,10.1021/cb500244v,10.1021/cb500244v.s003,cb500244v_si_003.xlsx,Sheet1,417,D,D417
ACX80029.1_Geobacillus-sp.-Y412MC61,ACX80029.1,cellobiose,NIMS,5,80,<0.1,below reported 0.1 conversion background; not numeric zero,0.1,3,NA,Bacteria,0.6089029813333333,1,expression_binary=1,true,10.1021/cb500244v,10.1021/cb500244v.s003,cb500244v_si_003.xlsx,Sheet1,417,E,E417
ACX80029.1_Geobacillus-sp.-Y412MC61,ACX80029.1,lactose,NIMS,5,80,<0.1,below reported 0.1 conversion background; not numeric zero,0.1,3,NA,Bacteria,0.6089029813333333,1,expression_binary=1,true,10.1021/cb500244v,10.1021/cb500244v.s003,cb500244v_si_003.xlsx,Sheet1,417,F,F417
ACX80029.1_Geobacillus-sp.-Y412MC61,ACX80029.1,xylobiose,NIMS,5,90,<0.1,below reported 0.1 conversion background; not numeric zero,0.1,3,NA,Bacteria,0.6089029813333333,1,expression_binary=1,true,10.1021/cb500244v,10.1021/cb500244v.s003,cb500244v_si_003.xlsx,Sheet1,418,D,D418
ACX80029.1_Geobacillus-sp.-Y412MC61,ACX80029.1,cellobiose,NIMS,5,90,<0.1,below reported 0.1 conversion background; not numeric zero,0.1,3,NA,Bacteria,0.6089029813333333,1,expression_binary=1,true,10.1021/cb500244v,10.1021/cb500244v.s003,cb500244v_si_003.xlsx,Sheet1,418,E,E418
ACX80029.1_Geobacillus-sp.-Y412MC61,ACX80029.1,lactose,NIMS,5,90,<0.1,below reported 0.1 conversion background; not numeric zero,0.1,3,NA,Bacteria,0.6089029813333333,1,expression_binary=1,true,10.1021/cb500244v,10.1021/cb500244v.s003,cb500244v_si_003.xlsx,Sheet1,418,F,F418
ACX80029.1_Geobacillus-sp.-Y412MC61,ACX80029.1,xylobiose,NIMS,8,40,<0.1,below reported 0.1 conversion background; not numeric zero,0.1,3,NA,Bacteria,0.6089029813333333,1,expression_binary=1,true,10.1021/cb500244v,10.1021/cb500244v.s003,cb500244v_si_003.xlsx,Sheet1,419,D,D419
ACX80029.1_Geobacillus-sp.-Y412MC61,ACX80029.1,cellobiose,NIMS,8,40,<0.1,below reported 0.1 conversion background; not numeric zero,0.1,3,NA,Bacteria,0.6089029813333333,1,expression_binary=1,true,10.1021/cb500244v,10.1021/cb500244v.s003,cb500244v_si_003.xlsx,Sheet1,419,E,E419
ACX80029.1_Geobacillus-sp.-Y412MC61,ACX80029.1,lactose,NIMS,8,40,<0.1,below reported 0.1 conversion background; not numeric zero,0.1,3,NA,Bacteria,0.6089029813333333,1,expression_binary=1,true,10.1021/cb500244v,10.1021/cb500244v.s003,cb500244v_si_003.xlsx,Sheet1,419,F,F419
ACX80029.1_Geobacillus-sp.-Y412MC61,ACX80029.1,xylobiose,NIMS,8,60,<0.1,below reported 0.1 conversion background; not numeric zero,0.1,3,NA,Bacteria,0.6089029813333333,1,expression_binary=1,true,10.1021/cb500244v,10.1021/cb500244v.s003,cb500244v_si_003.xlsx,Sheet1,420,D,D420
ACX80029.1_Geobacillus-sp.-Y412MC61,ACX80029.1,cellobiose,NIMS,8,60,<0.1,below reported 0.1 conversion background; not numeric zero,0.1,3,NA,Bacteria,0.6089029813333333,1,expression_binary=1,true,10.1021/cb500244v,10.1021/cb500244v.s003,cb500244v_si_003.xlsx,Sheet1,420,E,E420
ACX80029.1_Geobacillus-sp.-Y412MC61,ACX80029.1,lactose,NIMS,8,60,<0.1,below reported 0.1 conversion background; not numeric zero,0.1,3,NA,Bacteria,0.6089029813333333,1,expression_binary=1,true,10.1021/cb500244v,10.1021/cb500244v.s003,cb500244v_si_003.xlsx,Sheet1,420,F,F420
ACX80029.1_Geobacillus-sp.-Y412MC61,ACX80029.1,xylobiose,NIMS,8,80,<0.1,below reported 0.1 conversion background; not numeric zero,0.1,3,NA,Bacteria,0.6089029813333333,1,expression_binary=1,true,10.1021/cb500244v,10.1021/cb500244v.s003,cb500244v_si_003.xlsx,Sheet1,421,D,D421
ACX80029.1_Geobacillus-sp.-Y412MC61,ACX80029.1,cellobiose,NIMS,8,80,<0.1,below reported 0.1 conversion background; not numeric zero,0.1,3,NA,Bacteria,0.6089029813333333,1,expression_binary=1,true,10.1021/cb500244v,10.1021/cb500244v.s003,cb500244v_si_003.xlsx,Sheet1,421,E,E421
ACX80029.1_Geobacillus-sp.-Y412MC61,ACX80029.1,lactose,NIMS,8,80,<0.1,below reported 0.1 conversion background; not numeric zero,0.1,3,NA,Bacteria,0.6089029813333333,1,expression_binary=1,true,10.1021/cb500244v,10.1021/cb500244v.s003,cb500244v_si_003.xlsx,Sheet1,421,F,F421
ACX80029.1_Geobacillus-sp.-Y412MC61,ACX80029.1,xylobiose,NIMS,8,90,<0.1,below reported 0.1 conversion background; not numeric zero,0.1,3,NA,Bacteria,0.6089029813333333,1,expression_binary=1,true,10.1021/cb500244v,10.1021/cb500244v.s003,cb500244v_si_003.xlsx,Sheet1,422,D,D422
ACX80029.1_Geobacillus-sp.-Y412MC61,ACX80029.1,cellobiose,NIMS,8,90,<0.1,below reported 0.1 conversion background; not numeric zero,0.1,3,NA,Bacteria,0.6089029813333333,1,expression_binary=1,true,10.1021/cb500244v,10.1021/cb500244v.s003,cb500244v_si_003.xlsx,Sheet1,422,E,E422
ACX80029.1_Geobacillus-sp.-Y412MC61,ACX80029.1,lactose,NIMS,8,90,<0.1,below reported 0.1 conversion background; not numeric zero,0.1,3,NA,Bacteria,0.6089029813333333,1,expression_binary=1,true,10.1021/cb500244v,10.1021/cb500244v.s003,cb500244v_si_003.xlsx,Sheet1,422,F,F422
ACY97307.1_Thermomonospora-curvata-DSM-43183,ACY97307.1,xylobiose,NIMS,5,40,<0.1,below reported 0.1 conversion background; not numeric zero,0.1,3,NA,Bacteria,0.043,1,expression_binary=1,true,10.1021/cb500244v,10.1021/cb500244v.s003,cb500244v_si_003.xlsx,Sheet1,423,D,D423
ACY97307.1_Thermomonospora-curvata-DSM-43183,ACY97307.1,xylobiose,NIMS,5,60,<0.1,below reported 0.1 conversion background; not numeric zero,0.1,3,NA,Bacteria,0.043,1,expression_binary=1,true,10.1021/cb500244v,10.1021/cb500244v.s003,cb500244v_si_003.xlsx,Sheet1,424,D,D424
ACY97307.1_Thermomonospora-curvata-DSM-43183,ACY97307.1,xylobiose,NIMS,5,80,<0.1,below reported 0.1 conversion background; not numeric zero,0.1,3,NA,Bacteria,0.043,1,expression_binary=1,true,10.1021/cb500244v,10.1021/cb500244v.s003,cb500244v_si_003.xlsx,Sheet1,425,D,D425
ACY97307.1_Thermomonospora-curvata-DSM-43183,ACY97307.1,cellobiose,NIMS,5,80,<0.1,below reported 0.1 conversion background; not numeric zero,0.1,3,NA,Bacteria,0.043,1,expression_binary=1,true,10.1021/cb500244v,10.1021/cb500244v.s003,cb500244v_si_003.xlsx,Sheet1,425,E,E425
ACY97307.1_Thermomonospora-curvata-DSM-43183,ACY97307.1,lactose,NIMS,5,80,<0.1,below reported 0.1 conversion background; not numeric zero,0.1,3,NA,Bacteria,0.043,1,expression_binary=1,true,10.1021/cb500244v,10.1021/cb500244v.s003,cb500244v_si_003.xlsx,Sheet1,425,F,F425
ACY97307.1_Thermomonospora-curvata-DSM-43183,ACY97307.1,xylobiose,NIMS,5,90,<0.1,below reported 0.1 conversion background; not numeric zero,0.1,3,NA,Bacteria,0.043,1,expression_binary=1,true,10.1021/cb500244v,10.1021/cb500244v.s003,cb500244v_si_003.xlsx,Sheet1,426,D,D426
ACY97307.1_Thermomonospora-curvata-DSM-43183,ACY97307.1,cellobiose,NIMS,5,90,<0.1,below reported 0.1 conversion background; not numeric zero,0.1,3,NA,Bacteria,0.043,1,expression_binary=1,true,10.1021/cb500244v,10.1021/cb500244v.s003,cb500244v_si_003.xlsx,Sheet1,426,E,E426
ACY97307.1_Thermomonospora-curvata-DSM-43183,ACY97307.1,lactose,NIMS,5,90,<0.1,below reported 0.1 conversion background; not numeric zero,0.1,3,NA,Bacteria,0.043,1,expression_binary=1,true,10.1021/cb500244v,10.1021/cb500244v.s003,cb500244v_si_003.xlsx,Sheet1,426,F,F426
ACY97307.1_Thermomonospora-curvata-DSM-43183,ACY97307.1,xylobiose,NIMS,8,40,<0.1,below reported 0.1 conversion background; not numeric zero,0.1,3,NA,Bacteria,0.043,1,expression_binary=1,true,10.1021/cb500244v,10.1021/cb500244v.s003,cb500244v_si_003.xlsx,Sheet1,427,D,D427
ACY97307.1_Thermomonospora-curvata-DSM-43183,ACY97307.1,xylobiose,NIMS,8,60,<0.1,below reported 0.1 conversion background; not numeric zero,0.1,3,NA,Bacteria,0.043,1,expression_binary=1,true,10.1021/cb500244v,10.1021/cb500244v.s003,cb500244v_si_003.xlsx,Sheet1,428,D,D428
ACY97307.1_Thermomonospora-curvata-DSM-43183,ACY97307.1,xylobiose,NIMS,8,80,<0.1,below reported 0.1 conversion background; not numeric zero,0.1,3,NA,Bacteria,0.043,1,expression_binary=1,true,10.1021/cb500244v,10.1021/cb500244v.s003,cb500244v_si_003.xlsx,Sheet1,429,D,D429
ACY97307.1_Thermomonospora-curvata-DSM-43183,ACY97307.1,cellobiose,NIMS,8,80,<0.1,below reported 0.1 conversion background; not numeric zero,0.1,3,NA,Bacteria,0.043,1,expression_binary=1,true,10.1021/cb500244v,10.1021/cb500244v.s003,cb500244v_si_003.xlsx,Sheet1,429,E,E429
ACY97307.1_Thermomonospora-curvata-DSM-43183,ACY97307.1,lactose,NIMS,8,80,<0.1,below reported 0.1 conversion background; not numeric zero,0.1,3,NA,Bacteria,0.043,1,expression_binary=1,true,10.1021/cb500244v,10.1021/cb500244v.s003,cb500244v_si_003.xlsx,Sheet1,429,F,F429
ACY97307.1_Thermomonospora-curvata-DSM-43183,ACY97307.1,xylobiose,NIMS,8,90,<0.1,below reported 0.1 conversion background; not numeric zero,0.1,3,NA,Bacteria,0.043,1,expression_binary=1,true,10.1021/cb500244v,10.1021/cb500244v.s003,cb500244v_si_003.xlsx,Sheet1,430,D,D430
ACY97307.1_Thermomonospora-curvata-DSM-43183,ACY97307.1,cellobiose,NIMS,8,90,<0.1,below reported 0.1 conversion background; not numeric zero,0.1,3,NA,Bacteria,0.043,1,expression_binary=1,true,10.1021/cb500244v,10.1021/cb500244v.s003,cb500244v_si_003.xlsx,Sheet1,430,E,E430
ACY97307.1_Thermomonospora-curvata-DSM-43183,ACY97307.1,lactose,NIMS,8,90,<0.1,below reported 0.1 conversion background; not numeric zero,0.1,3,NA,Bacteria,0.043,1,expression_binary=1,true,10.1021/cb500244v,10.1021/cb500244v.s003,cb500244v_si_003.xlsx,Sheet1,430,F,F430
ACZ00292.1_Thermomonospora-curvata-DSM-43183,ACZ00292.1,xylobiose,NIMS,5,40,<0.1,below reported 0.1 conversion background; not numeric zero,0.1,3,NA,Bacteria,0.4668993493333334,1,expression_binary=1,true,10.1021/cb500244v,10.1021/cb500244v.s003,cb500244v_si_003.xlsx,Sheet1,431,D,D431
ACZ00292.1_Thermomonospora-curvata-DSM-43183,ACZ00292.1,cellobiose,NIMS,5,40,<0.1,below reported 0.1 conversion background; not numeric zero,0.1,3,NA,Bacteria,0.4668993493333334,1,expression_binary=1,true,10.1021/cb500244v,10.1021/cb500244v.s003,cb500244v_si_003.xlsx,Sheet1,431,E,E431
ACZ00292.1_Thermomonospora-curvata-DSM-43183,ACZ00292.1,lactose,NIMS,5,40,<0.1,below reported 0.1 conversion background; not numeric zero,0.1,3,NA,Bacteria,0.4668993493333334,1,expression_binary=1,true,10.1021/cb500244v,10.1021/cb500244v.s003,cb500244v_si_003.xlsx,Sheet1,431,F,F431
ACZ00292.1_Thermomonospora-curvata-DSM-43183,ACZ00292.1,xylobiose,NIMS,5,60,<0.1,below reported 0.1 conversion background; not numeric zero,0.1,3,NA,Bacteria,0.4668993493333334,1,expression_binary=1,true,10.1021/cb500244v,10.1021/cb500244v.s003,cb500244v_si_003.xlsx,Sheet1,432,D,D432
ACZ00292.1_Thermomonospora-curvata-DSM-43183,ACZ00292.1,cellobiose,NIMS,5,60,<0.1,below reported 0.1 conversion background; not numeric zero,0.1,3,NA,Bacteria,0.4668993493333334,1,expression_binary=1,true,10.1021/cb500244v,10.1021/cb500244v.s003,cb500244v_si_003.xlsx,Sheet1,432,E,E432
ACZ00292.1_Thermomonospora-curvata-DSM-43183,ACZ00292.1,lactose,NIMS,5,60,<0.1,below reported 0.1 conversion background; not numeric zero,0.1,3,NA,Bacteria,0.4668993493333334,1,expression_binary=1,true,10.1021/cb500244v,10.1021/cb500244v.s003,cb500244v_si_003.xlsx,Sheet1,432,F,F432
ACZ00292.1_Thermomonospora-curvata-DSM-43183,ACZ00292.1,xylobiose,NIMS,5,80,<0.1,below reported 0.1 conversion background; not numeric zero,0.1,3,NA,Bacteria,0.4668993493333334,1,expression_binary=1,true,10.1021/cb500244v,10.1021/cb500244v.s003,cb500244v_si_003.xlsx,Sheet1,433,D,D433
ACZ00292.1_Thermomonospora-curvata-DSM-43183,ACZ00292.1,cellobiose,NIMS,5,80,<0.1,below reported 0.1 conversion background; not numeric zero,0.1,3,NA,Bacteria,0.4668993493333334,1,expression_binary=1,true,10.1021/cb500244v,10.1021/cb500244v.s003,cb500244v_si_003.xlsx,Sheet1,433,E,E433
ACZ00292.1_Thermomonospora-curvata-DSM-43183,ACZ00292.1,lactose,NIMS,5,80,<0.1,below reported 0.1 conversion background; not numeric zero,0.1,3,NA,Bacteria,0.4668993493333334,1,expression_binary=1,true,10.1021/cb500244v,10.1021/cb500244v.s003,cb500244v_si_003.xlsx,Sheet1,433,F,F433
ACZ00292.1_Thermomonospora-curvata-DSM-43183,ACZ00292.1,xylobiose,NIMS,5,90,<0.1,below reported 0.1 conversion background; not numeric zero,0.1,3,NA,Bacteria,0.4668993493333334,1,expression_binary=1,true,10.1021/cb500244v,10.1021/cb500244v.s003,cb500244v_si_003.xlsx,Sheet1,434,D,D434
ACZ00292.1_Thermomonospora-curvata-DSM-43183,ACZ00292.1,cellobiose,NIMS,5,90,<0.1,below reported 0.1 conversion background; not numeric zero,0.1,3,NA,Bacteria,0.4668993493333334,1,expression_binary=1,true,10.1021/cb500244v,10.1021/cb500244v.s003,cb500244v_si_003.xlsx,Sheet1,434,E,E434
ACZ00292.1_Thermomonospora-curvata-DSM-43183,ACZ00292.1,lactose,NIMS,5,90,<0.1,below reported 0.1 conversion background; not numeric zero,0.1,3,NA,Bacteria,0.4668993493333334,1,expression_binary=1,true,10.1021/cb500244v,10.1021/cb500244v.s003,cb500244v_si_003.xlsx,Sheet1,434,F,F434
ACZ00292.1_Thermomonospora-curvata-DSM-43183,ACZ00292.1,xylobiose,NIMS,8,40,<0.1,below reported 0.1 conversion background; not numeric zero,0.1,3,NA,Bacteria,0.4668993493333334,1,expression_binary=1,true,10.1021/cb500244v,10.1021/cb500244v.s003,cb500244v_si_003.xlsx,Sheet1,435,D,D435
ACZ00292.1_Thermomonospora-curvata-DSM-43183,ACZ00292.1,cellobiose,NIMS,8,40,<0.1,below reported 0.1 conversion background; not numeric zero,0.1,3,NA,Bacteria,0.4668993493333334,1,expression_binary=1,true,10.1021/cb500244v,10.1021/cb500244v.s003,cb500244v_si_003.xlsx,Sheet1,435,E,E435
ACZ00292.1_Thermomonospora-curvata-DSM-43183,ACZ00292.1,lactose,NIMS,8,40,<0.1,below reported 0.1 conversion background; not numeric zero,0.1,3,NA,Bacteria,0.4668993493333334,1,expression_binary=1,true,10.1021/cb500244v,10.1021/cb500244v.s003,cb500244v_si_003.xlsx,Sheet1,435,F,F435
ACZ00292.1_Thermomonospora-curvata-DSM-43183,ACZ00292.1,xylobiose,NIMS,8,60,<0.1,below reported 0.1 conversion background; not numeric zero,0.1,3,NA,Bacteria,0.4668993493333334,1,expression_binary=1,true,10.1021/cb500244v,10.1021/cb500244v.s003,cb500244v_si_003.xlsx,Sheet1,436,D,D436
ACZ00292.1_Thermomonospora-curvata-DSM-43183,ACZ00292.1,cellobiose,NIMS,8,60,<0.1,below reported 0.1 conversion background; not numeric zero,0.1,3,NA,Bacteria,0.4668993493333334,1,expression_binary=1,true,10.1021/cb500244v,10.1021/cb500244v.s003,cb500244v_si_003.xlsx,Sheet1,436,E,E436
ACZ00292.1_Thermomonospora-curvata-DSM-43183,ACZ00292.1,lactose,NIMS,8,60,<0.1,below reported 0.1 conversion background; not numeric zero,0.1,3,NA,Bacteria,0.4668993493333334,1,expression_binary=1,true,10.1021/cb500244v,10.1021/cb500244v.s003,cb500244v_si_003.xlsx,Sheet1,436,F,F436
ACZ00292.1_Thermomonospora-curvata-DSM-43183,ACZ00292.1,xylobiose,NIMS,8,80,<0.1,below reported 0.1 conversion background; not numeric zero,0.1,3,NA,Bacteria,0.4668993493333334,1,expression_binary=1,true,10.1021/cb500244v,10.1021/cb500244v.s003,cb500244v_si_003.xlsx,Sheet1,437,D,D437
ACZ00292.1_Thermomonospora-curvata-DSM-43183,ACZ00292.1,cellobiose,NIMS,8,80,<0.1,below reported 0.1 conversion background; not numeric zero,0.1,3,NA,Bacteria,0.4668993493333334,1,expression_binary=1,true,10.1021/cb500244v,10.1021/cb500244v.s003,cb500244v_si_003.xlsx,Sheet1,437,E,E437
ACZ00292.1_Thermomonospora-curvata-DSM-43183,ACZ00292.1,lactose,NIMS,8,80,<0.1,below reported 0.1 conversion background; not numeric zero,0.1,3,NA,Bacteria,0.4668993493333334,1,expression_binary=1,true,10.1021/cb500244v,10.1021/cb500244v.s003,cb500244v_si_003.xlsx,Sheet1,437,F,F437
ACZ00292.1_Thermomonospora-curvata-DSM-43183,ACZ00292.1,xylobiose,NIMS,8,90,<0.1,below reported 0.1 conversion background; not numeric zero,0.1,3,NA,Bacteria,0.4668993493333334,1,expression_binary=1,true,10.1021/cb500244v,10.1021/cb500244v.s003,cb500244v_si_003.xlsx,Sheet1,438,D,D438
ACZ00292.1_Thermomonospora-curvata-DSM-43183,ACZ00292.1,cellobiose,NIMS,8,90,<0.1,below reported 0.1 conversion background; not numeric zero,0.1,3,NA,Bacteria,0.4668993493333334,1,expression_binary=1,true,10.1021/cb500244v,10.1021/cb500244v.s003,cb500244v_si_003.xlsx,Sheet1,438,E,E438
ACZ00292.1_Thermomonospora-curvata-DSM-43183,ACZ00292.1,lactose,NIMS,8,90,<0.1,below reported 0.1 conversion background; not numeric zero,0.1,3,NA,Bacteria,0.4668993493333334,1,expression_binary=1,true,10.1021/cb500244v,10.1021/cb500244v.s003,cb500244v_si_003.xlsx,Sheet1,438,F,F438
ACZ10298.1_Sebaldella-termitidis-ATCC-33386,ACZ10298.1,xylobiose,NIMS,5,40,<0.1,below reported 0.1 conversion background; not numeric zero,0.1,3,NA,Bacteria,0.6521144426666667,1,expression_binary=1,true,10.1021/cb500244v,10.1021/cb500244v.s003,cb500244v_si_003.xlsx,Sheet1,439,D,D439
ACZ10298.1_Sebaldella-termitidis-ATCC-33386,ACZ10298.1,cellobiose,NIMS,5,40,<0.1,below reported 0.1 conversion background; not numeric zero,0.1,3,NA,Bacteria,0.6521144426666667,1,expression_binary=1,true,10.1021/cb500244v,10.1021/cb500244v.s003,cb500244v_si_003.xlsx,Sheet1,439,E,E439
ACZ10298.1_Sebaldella-termitidis-ATCC-33386,ACZ10298.1,lactose,NIMS,5,40,<0.1,below reported 0.1 conversion background; not numeric zero,0.1,3,NA,Bacteria,0.6521144426666667,1,expression_binary=1,true,10.1021/cb500244v,10.1021/cb500244v.s003,cb500244v_si_003.xlsx,Sheet1,439,F,F439
ACZ10298.1_Sebaldella-termitidis-ATCC-33386,ACZ10298.1,xylobiose,NIMS,5,60,<0.1,below reported 0.1 conversion background; not numeric zero,0.1,3,NA,Bacteria,0.6521144426666667,1,expression_binary=1,true,10.1021/cb500244v,10.1021/cb500244v.s003,cb500244v_si_003.xlsx,Sheet1,440,D,D440
ACZ10298.1_Sebaldella-termitidis-ATCC-33386,ACZ10298.1,cellobiose,NIMS,5,60,<0.1,below reported 0.1 conversion background; not numeric zero,0.1,3,NA,Bacteria,0.6521144426666667,1,expression_binary=1,true,10.1021/cb500244v,10.1021/cb500244v.s003,cb500244v_si_003.xlsx,Sheet1,440,E,E440
ACZ10298.1_Sebaldella-termitidis-ATCC-33386,ACZ10298.1,lactose,NIMS,5,60,<0.1,below reported 0.1 conversion background; not numeric zero,0.1,3,NA,Bacteria,0.6521144426666667,1,expression_binary=1,true,10.1021/cb500244v,10.1021/cb500244v.s003,cb500244v_si_003.xlsx,Sheet1,440,F,F440
ACZ10298.1_Sebaldella-termitidis-ATCC-33386,ACZ10298.1,xylobiose,NIMS,5,80,<0.1,below reported 0.1 conversion background; not numeric zero,0.1,3,NA,Bacteria,0.6521144426666667,1,expression_binary=1,true,10.1021/cb500244v,10.1021/cb500244v.s003,cb500244v_si_003.xlsx,Sheet1,441,D,D441
ACZ10298.1_Sebaldella-termitidis-ATCC-33386,ACZ10298.1,cellobiose,NIMS,5,80,<0.1,below reported 0.1 conversion background; not numeric zero,0.1,3,NA,Bacteria,0.6521144426666667,1,expression_binary=1,true,10.1021/cb500244v,10.1021/cb500244v.s003,cb500244v_si_003.xlsx,Sheet1,441,E,E441
ACZ10298.1_Sebaldella-termitidis-ATCC-33386,ACZ10298.1,lactose,NIMS,5,80,<0.1,below reported 0.1 conversion background; not numeric zero,0.1,3,NA,Bacteria,0.6521144426666667,1,expression_binary=1,true,10.1021/cb500244v,10.1021/cb500244v.s003,cb500244v_si_003.xlsx,Sheet1,441,F,F441
ACZ10298.1_Sebaldella-termitidis-ATCC-33386,ACZ10298.1,xylobiose,NIMS,5,90,<0.1,below reported 0.1 conversion background; not numeric zero,0.1,3,NA,Bacteria,0.6521144426666667,1,expression_binary=1,true,10.1021/cb500244v,10.1021/cb500244v.s003,cb500244v_si_003.xlsx,Sheet1,442,D,D442
ACZ10298.1_Sebaldella-termitidis-ATCC-33386,ACZ10298.1,cellobiose,NIMS,5,90,<0.1,below reported 0.1 conversion background; not numeric zero,0.1,3,NA,Bacteria,0.6521144426666667,1,expression_binary=1,true,10.1021/cb500244v,10.1021/cb500244v.s003,cb500244v_si_003.xlsx,Sheet1,442,E,E442
ACZ10298.1_Sebaldella-termitidis-ATCC-33386,ACZ10298.1,lactose,NIMS,5,90,<0.1,below reported 0.1 conversion background; not numeric zero,0.1,3,NA,Bacteria,0.6521144426666667,1,expression_binary=1,true,10.1021/cb500244v,10.1021/cb500244v.s003,cb500244v_si_003.xlsx,Sheet1,442,F,F442
ACZ10298.1_Sebaldella-termitidis-ATCC-33386,ACZ10298.1,xylobiose,NIMS,8,40,<0.1,below reported 0.1 conversion background; not numeric zero,0.1,3,NA,Bacteria,0.6521144426666667,1,expression_binary=1,true,10.1021/cb500244v,10.1021/cb500244v.s003,cb500244v_si_003.xlsx,Sheet1,443,D,D443
ACZ10298.1_Sebaldella-termitidis-ATCC-33386,ACZ10298.1,cellobiose,NIMS,8,40,<0.1,below reported 0.1 conversion background; not numeric zero,0.1,3,NA,Bacteria,0.6521144426666667,1,expression_binary=1,true,10.1021/cb500244v,10.1021/cb500244v.s003,cb500244v_si_003.xlsx,Sheet1,443,E,E443
ACZ10298.1_Sebaldella-termitidis-ATCC-33386,ACZ10298.1,lactose,NIMS,8,40,<0.1,below reported 0.1 conversion background; not numeric zero,0.1,3,NA,Bacteria,0.6521144426666667,1,expression_binary=1,true,10.1021/cb500244v,10.1021/cb500244v.s003,cb500244v_si_003.xlsx,Sheet1,443,F,F443
ACZ10298.1_Sebaldella-termitidis-ATCC-33386,ACZ10298.1,xylobiose,NIMS,8,60,<0.1,below reported 0.1 conversion background; not numeric zero,0.1,3,NA,Bacteria,0.6521144426666667,1,expression_binary=1,true,10.1021/cb500244v,10.1021/cb500244v.s003,cb500244v_si_003.xlsx,Sheet1,444,D,D444
ACZ10298.1_Sebaldella-termitidis-ATCC-33386,ACZ10298.1,cellobiose,NIMS,8,60,<0.1,below reported 0.1 conversion background; not numeric zero,0.1,3,NA,Bacteria,0.6521144426666667,1,expression_binary=1,true,10.1021/cb500244v,10.1021/cb500244v.s003,cb500244v_si_003.xlsx,Sheet1,444,E,E444
ACZ10298.1_Sebaldella-termitidis-ATCC-33386,ACZ10298.1,lactose,NIMS,8,60,<0.1,below reported 0.1 conversion background; not numeric zero,0.1,3,NA,Bacteria,0.6521144426666667,1,expression_binary=1,true,10.1021/cb500244v,10.1021/cb500244v.s003,cb500244v_si_003.xlsx,Sheet1,444,F,F444
ACZ10298.1_Sebaldella-termitidis-ATCC-33386,ACZ10298.1,xylobiose,NIMS,8,80,<0.1,below reported 0.1 conversion background; not numeric zero,0.1,3,NA,Bacteria,0.6521144426666667,1,expression_binary=1,true,10.1021/cb500244v,10.1021/cb500244v.s003,cb500244v_si_003.xlsx,Sheet1,445,D,D445
ACZ10298.1_Sebaldella-termitidis-ATCC-33386,ACZ10298.1,cellobiose,NIMS,8,80,<0.1,below reported 0.1 conversion background; not numeric zero,0.1,3,NA,Bacteria,0.6521144426666667,1,expression_binary=1,true,10.1021/cb500244v,10.1021/cb500244v.s003,cb500244v_si_003.xlsx,Sheet1,445,E,E445
ACZ10298.1_Sebaldella-termitidis-ATCC-33386,ACZ10298.1,lactose,NIMS,8,80,<0.1,below reported 0.1 conversion background; not numeric zero,0.1,3,NA,Bacteria,0.6521144426666667,1,expression_binary=1,true,10.1021/cb500244v,10.1021/cb500244v.s003,cb500244v_si_003.xlsx,Sheet1,445,F,F445
ACZ10298.1_Sebaldella-termitidis-ATCC-33386,ACZ10298.1,xylobiose,NIMS,8,90,<0.1,below reported 0.1 conversion background; not numeric zero,0.1,3,NA,Bacteria,0.6521144426666667,1,expression_binary=1,true,10.1021/cb500244v,10.1021/cb500244v.s003,cb500244v_si_003.xlsx,Sheet1,446,D,D446
ACZ10298.1_Sebaldella-termitidis-ATCC-33386,ACZ10298.1,cellobiose,NIMS,8,90,<0.1,below reported 0.1 conversion background; not numeric zero,0.1,3,NA,Bacteria,0.6521144426666667,1,expression_binary=1,true,10.1021/cb500244v,10.1021/cb500244v.s003,cb500244v_si_003.xlsx,Sheet1,446,E,E446
ACZ10298.1_Sebaldella-termitidis-ATCC-33386,ACZ10298.1,lactose,NIMS,8,90,<0.1,below reported 0.1 conversion background; not numeric zero,0.1,3,NA,Bacteria,0.6521144426666667,1,expression_binary=1,true,10.1021/cb500244v,10.1021/cb500244v.s003,cb500244v_si_003.xlsx,Sheet1,446,F,F446
ACZ37931.1_Sphaerobacter-thermophilus-DSM-20745,ACZ37931.1,xylobiose,NIMS,5,40,<0.1,below reported 0.1 conversion background; not numeric zero,0.1,3,NA,Bacteria,0.014,0,expression_binary=0,false,10.1021/cb500244v,10.1021/cb500244v.s003,cb500244v_si_003.xlsx,Sheet1,447,D,D447
ACZ37931.1_Sphaerobacter-thermophilus-DSM-20745,ACZ37931.1,xylobiose,NIMS,5,60,<0.1,below reported 0.1 conversion background; not numeric zero,0.1,3,NA,Bacteria,0.014,0,expression_binary=0,false,10.1021/cb500244v,10.1021/cb500244v.s003,cb500244v_si_003.xlsx,Sheet1,448,D,D448
ACZ37931.1_Sphaerobacter-thermophilus-DSM-20745,ACZ37931.1,cellobiose,NIMS,5,60,<0.1,below reported 0.1 conversion background; not numeric zero,0.1,3,NA,Bacteria,0.014,0,expression_binary=0,false,10.1021/cb500244v,10.1021/cb500244v.s003,cb500244v_si_003.xlsx,Sheet1,448,E,E448
ACZ37931.1_Sphaerobacter-thermophilus-DSM-20745,ACZ37931.1,lactose,NIMS,5,60,<0.1,below reported 0.1 conversion background; not numeric zero,0.1,3,NA,Bacteria,0.014,0,expression_binary=0,false,10.1021/cb500244v,10.1021/cb500244v.s003,cb500244v_si_003.xlsx,Sheet1,448,F,F448
ACZ37931.1_Sphaerobacter-thermophilus-DSM-20745,ACZ37931.1,xylobiose,NIMS,5,80,<0.1,below reported 0.1 conversion background; not numeric zero,0.1,3,NA,Bacteria,0.014,0,expression_binary=0,false,10.1021/cb500244v,10.1021/cb500244v.s003,cb500244v_si_003.xlsx,Sheet1,449,D,D449
ACZ37931.1_Sphaerobacter-thermophilus-DSM-20745,ACZ37931.1,cellobiose,NIMS,5,80,<0.1,below reported 0.1 conversion background; not numeric zero,0.1,3,NA,Bacteria,0.014,0,expression_binary=0,false,10.1021/cb500244v,10.1021/cb500244v.s003,cb500244v_si_003.xlsx,Sheet1,449,E,E449
ACZ37931.1_Sphaerobacter-thermophilus-DSM-20745,ACZ37931.1,lactose,NIMS,5,80,<0.1,below reported 0.1 conversion background; not numeric zero,0.1,3,NA,Bacteria,0.014,0,expression_binary=0,false,10.1021/cb500244v,10.1021/cb500244v.s003,cb500244v_si_003.xlsx,Sheet1,449,F,F449
ACZ37931.1_Sphaerobacter-thermophilus-DSM-20745,ACZ37931.1,xylobiose,NIMS,5,90,<0.1,below reported 0.1 conversion background; not numeric zero,0.1,3,NA,Bacteria,0.014,0,expression_binary=0,false,10.1021/cb500244v,10.1021/cb500244v.s003,cb500244v_si_003.xlsx,Sheet1,450,D,D450
ACZ37931.1_Sphaerobacter-thermophilus-DSM-20745,ACZ37931.1,cellobiose,NIMS,5,90,<0.1,below reported 0.1 conversion background; not numeric zero,0.1,3,NA,Bacteria,0.014,0,expression_binary=0,false,10.1021/cb500244v,10.1021/cb500244v.s003,cb500244v_si_003.xlsx,Sheet1,450,E,E450
ACZ37931.1_Sphaerobacter-thermophilus-DSM-20745,ACZ37931.1,lactose,NIMS,5,90,<0.1,below reported 0.1 conversion background; not numeric zero,0.1,3,NA,Bacteria,0.014,0,expression_binary=0,false,10.1021/cb500244v,10.1021/cb500244v.s003,cb500244v_si_003.xlsx,Sheet1,450,F,F450
ACZ37931.1_Sphaerobacter-thermophilus-DSM-20745,ACZ37931.1,xylobiose,NIMS,8,40,<0.1,below reported 0.1 conversion background; not numeric zero,0.1,3,NA,Bacteria,0.014,0,expression_binary=0,false,10.1021/cb500244v,10.1021/cb500244v.s003,cb500244v_si_003.xlsx,Sheet1,451,D,D451
ACZ37931.1_Sphaerobacter-thermophilus-DSM-20745,ACZ37931.1,cellobiose,NIMS,8,40,<0.1,below reported 0.1 conversion background; not numeric zero,0.1,3,NA,Bacteria,0.014,0,expression_binary=0,false,10.1021/cb500244v,10.1021/cb500244v.s003,cb500244v_si_003.xlsx,Sheet1,451,E,E451
ACZ37931.1_Sphaerobacter-thermophilus-DSM-20745,ACZ37931.1,lactose,NIMS,8,40,<0.1,below reported 0.1 conversion background; not numeric zero,0.1,3,NA,Bacteria,0.014,0,expression_binary=0,false,10.1021/cb500244v,10.1021/cb500244v.s003,cb500244v_si_003.xlsx,Sheet1,451,F,F451
ACZ37931.1_Sphaerobacter-thermophilus-DSM-20745,ACZ37931.1,xylobiose,NIMS,8,60,<0.1,below reported 0.1 conversion background; not numeric zero,0.1,3,NA,Bacteria,0.014,0,expression_binary=0,false,10.1021/cb500244v,10.1021/cb500244v.s003,cb500244v_si_003.xlsx,Sheet1,452,D,D452
ACZ37931.1_Sphaerobacter-thermophilus-DSM-20745,ACZ37931.1,cellobiose,NIMS,8,60,<0.1,below reported 0.1 conversion background; not numeric zero,0.1,3,NA,Bacteria,0.014,0,expression_binary=0,false,10.1021/cb500244v,10.1021/cb500244v.s003,cb500244v_si_003.xlsx,Sheet1,452,E,E452
ACZ37931.1_Sphaerobacter-thermophilus-DSM-20745,ACZ37931.1,lactose,NIMS,8,60,<0.1,below reported 0.1 conversion background; not numeric zero,0.1,3,NA,Bacteria,0.014,0,expression_binary=0,false,10.1021/cb500244v,10.1021/cb500244v.s003,cb500244v_si_003.xlsx,Sheet1,452,F,F452
ACZ37931.1_Sphaerobacter-thermophilus-DSM-20745,ACZ37931.1,xylobiose,NIMS,8,80,<0.1,below reported 0.1 conversion background; not numeric zero,0.1,3,NA,Bacteria,0.014,0,expression_binary=0,false,10.1021/cb500244v,10.1021/cb500244v.s003,cb500244v_si_003.xlsx,Sheet1,453,D,D453
ACZ37931.1_Sphaerobacter-thermophilus-DSM-20745,ACZ37931.1,cellobiose,NIMS,8,80,<0.1,below reported 0.1 conversion background; not numeric zero,0.1,3,NA,Bacteria,0.014,0,expression_binary=0,false,10.1021/cb500244v,10.1021/cb500244v.s003,cb500244v_si_003.xlsx,Sheet1,453,E,E453
ACZ37931.1_Sphaerobacter-thermophilus-DSM-20745,ACZ37931.1,lactose,NIMS,8,80,<0.1,below reported 0.1 conversion background; not numeric zero,0.1,3,NA,Bacteria,0.014,0,expression_binary=0,false,10.1021/cb500244v,10.1021/cb500244v.s003,cb500244v_si_003.xlsx,Sheet1,453,F,F453
ACZ37931.1_Sphaerobacter-thermophilus-DSM-20745,ACZ37931.1,xylobiose,NIMS,8,90,<0.1,below reported 0.1 conversion background; not numeric zero,0.1,3,NA,Bacteria,0.014,0,expression_binary=0,false,10.1021/cb500244v,10.1021/cb500244v.s003,cb500244v_si_003.xlsx,Sheet1,454,D,D454
ACZ37931.1_Sphaerobacter-thermophilus-DSM-20745,ACZ37931.1,cellobiose,NIMS,8,90,<0.1,below reported 0.1 conversion background; not numeric zero,0.1,3,NA,Bacteria,0.014,0,expression_binary=0,false,10.1021/cb500244v,10.1021/cb500244v.s003,cb500244v_si_003.xlsx,Sheet1,454,E,E454
ACZ37931.1_Sphaerobacter-thermophilus-DSM-20745,ACZ37931.1,lactose,NIMS,8,90,<0.1,below reported 0.1 conversion background; not numeric zero,0.1,3,NA,Bacteria,0.014,0,expression_binary=0,false,10.1021/cb500244v,10.1021/cb500244v.s003,cb500244v_si_003.xlsx,Sheet1,454,F,F454
ACZ42845.1_Thermobaculum-terrenum-ATCC-BAA-798,ACZ42845.1,xylobiose,NIMS,5,90,<0.1,below reported 0.1 conversion background; not numeric zero,0.1,3,NA,Bacteria,0.2906652906666667,1,expression_binary=1,true,10.1021/cb500244v,10.1021/cb500244v.s003,cb500244v_si_003.xlsx,Sheet1,458,D,D458
ACZ42845.1_Thermobaculum-terrenum-ATCC-BAA-798,ACZ42845.1,cellobiose,NIMS,5,90,<0.1,below reported 0.1 conversion background; not numeric zero,0.1,3,NA,Bacteria,0.2906652906666667,1,expression_binary=1,true,10.1021/cb500244v,10.1021/cb500244v.s003,cb500244v_si_003.xlsx,Sheet1,458,E,E458
ACZ42845.1_Thermobaculum-terrenum-ATCC-BAA-798,ACZ42845.1,lactose,NIMS,5,90,<0.1,below reported 0.1 conversion background; not numeric zero,0.1,3,NA,Bacteria,0.2906652906666667,1,expression_binary=1,true,10.1021/cb500244v,10.1021/cb500244v.s003,cb500244v_si_003.xlsx,Sheet1,458,F,F458
ACZ42845.1_Thermobaculum-terrenum-ATCC-BAA-798,ACZ42845.1,xylobiose,NIMS,8,80,<0.1,below reported 0.1 conversion background; not numeric zero,0.1,3,NA,Bacteria,0.2906652906666667,1,expression_binary=1,true,10.1021/cb500244v,10.1021/cb500244v.s003,cb500244v_si_003.xlsx,Sheet1,461,D,D461
ACZ42845.1_Thermobaculum-terrenum-ATCC-BAA-798,ACZ42845.1,xylobiose,NIMS,8,90,<0.1,below reported 0.1 conversion background; not numeric zero,0.1,3,NA,Bacteria,0.2906652906666667,1,expression_binary=1,true,10.1021/cb500244v,10.1021/cb500244v.s003,cb500244v_si_003.xlsx,Sheet1,462,D,D462
ACZ42845.1_Thermobaculum-terrenum-ATCC-BAA-798,ACZ42845.1,cellobiose,NIMS,8,90,<0.1,below reported 0.1 conversion background; not numeric zero,0.1,3,NA,Bacteria,0.2906652906666667,1,expression_binary=1,true,10.1021/cb500244v,10.1021/cb500244v.s003,cb500244v_si_003.xlsx,Sheet1,462,E,E462
ACZ42845.1_Thermobaculum-terrenum-ATCC-BAA-798,ACZ42845.1,lactose,NIMS,8,90,<0.1,below reported 0.1 conversion background; not numeric zero,0.1,3,NA,Bacteria,0.2906652906666667,1,expression_binary=1,true,10.1021/cb500244v,10.1021/cb500244v.s003,cb500244v_si_003.xlsx,Sheet1,462,F,F462
ADB09596.1_Bifidobacterium-dentium-Bd1,ADB09596.1,xylobiose,NIMS,5,40,<0.1,below reported 0.1 conversion background; not numeric zero,0.1,3,NA,Bacteria,0.2589731626666667,1,expression_binary=1,true,10.1021/cb500244v,10.1021/cb500244v.s003,cb500244v_si_003.xlsx,Sheet1,463,D,D463
ADB09596.1_Bifidobacterium-dentium-Bd1,ADB09596.1,cellobiose,NIMS,5,40,<0.1,below reported 0.1 conversion background; not numeric zero,0.1,3,NA,Bacteria,0.2589731626666667,1,expression_binary=1,true,10.1021/cb500244v,10.1021/cb500244v.s003,cb500244v_si_003.xlsx,Sheet1,463,E,E463
ADB09596.1_Bifidobacterium-dentium-Bd1,ADB09596.1,lactose,NIMS,5,40,<0.1,below reported 0.1 conversion background; not numeric zero,0.1,3,NA,Bacteria,0.2589731626666667,1,expression_binary=1,true,10.1021/cb500244v,10.1021/cb500244v.s003,cb500244v_si_003.xlsx,Sheet1,463,F,F463
ADB09596.1_Bifidobacterium-dentium-Bd1,ADB09596.1,xylobiose,NIMS,5,60,<0.1,below reported 0.1 conversion background; not numeric zero,0.1,3,NA,Bacteria,0.2589731626666667,1,expression_binary=1,true,10.1021/cb500244v,10.1021/cb500244v.s003,cb500244v_si_003.xlsx,Sheet1,464,D,D464
ADB09596.1_Bifidobacterium-dentium-Bd1,ADB09596.1,cellobiose,NIMS,5,60,<0.1,below reported 0.1 conversion background; not numeric zero,0.1,3,NA,Bacteria,0.2589731626666667,1,expression_binary=1,true,10.1021/cb500244v,10.1021/cb500244v.s003,cb500244v_si_003.xlsx,Sheet1,464,E,E464
ADB09596.1_Bifidobacterium-dentium-Bd1,ADB09596.1,lactose,NIMS,5,60,<0.1,below reported 0.1 conversion background; not numeric zero,0.1,3,NA,Bacteria,0.2589731626666667,1,expression_binary=1,true,10.1021/cb500244v,10.1021/cb500244v.s003,cb500244v_si_003.xlsx,Sheet1,464,F,F464
ADB09596.1_Bifidobacterium-dentium-Bd1,ADB09596.1,xylobiose,NIMS,5,80,<0.1,below reported 0.1 conversion background; not numeric zero,0.1,3,NA,Bacteria,0.2589731626666667,1,expression_binary=1,true,10.1021/cb500244v,10.1021/cb500244v.s003,cb500244v_si_003.xlsx,Sheet1,465,D,D465
ADB09596.1_Bifidobacterium-dentium-Bd1,ADB09596.1,cellobiose,NIMS,5,80,<0.1,below reported 0.1 conversion background; not numeric zero,0.1,3,NA,Bacteria,0.2589731626666667,1,expression_binary=1,true,10.1021/cb500244v,10.1021/cb500244v.s003,cb500244v_si_003.xlsx,Sheet1,465,E,E465
ADB09596.1_Bifidobacterium-dentium-Bd1,ADB09596.1,lactose,NIMS,5,80,<0.1,below reported 0.1 conversion background; not numeric zero,0.1,3,NA,Bacteria,0.2589731626666667,1,expression_binary=1,true,10.1021/cb500244v,10.1021/cb500244v.s003,cb500244v_si_003.xlsx,Sheet1,465,F,F465
ADB09596.1_Bifidobacterium-dentium-Bd1,ADB09596.1,xylobiose,NIMS,5,90,<0.1,below reported 0.1 conversion background; not numeric zero,0.1,3,NA,Bacteria,0.2589731626666667,1,expression_binary=1,true,10.1021/cb500244v,10.1021/cb500244v.s003,cb500244v_si_003.xlsx,Sheet1,466,D,D466
ADB09596.1_Bifidobacterium-dentium-Bd1,ADB09596.1,cellobiose,NIMS,5,90,<0.1,below reported 0.1 conversion background; not numeric zero,0.1,3,NA,Bacteria,0.2589731626666667,1,expression_binary=1,true,10.1021/cb500244v,10.1021/cb500244v.s003,cb500244v_si_003.xlsx,Sheet1,466,E,E466
ADB09596.1_Bifidobacterium-dentium-Bd1,ADB09596.1,lactose,NIMS,5,90,<0.1,below reported 0.1 conversion background; not numeric zero,0.1,3,NA,Bacteria,0.2589731626666667,1,expression_binary=1,true,10.1021/cb500244v,10.1021/cb500244v.s003,cb500244v_si_003.xlsx,Sheet1,466,F,F466
ADB09596.1_Bifidobacterium-dentium-Bd1,ADB09596.1,xylobiose,NIMS,8,40,<0.1,below reported 0.1 conversion background; not numeric zero,0.1,3,NA,Bacteria,0.2589731626666667,1,expression_binary=1,true,10.1021/cb500244v,10.1021/cb500244v.s003,cb500244v_si_003.xlsx,Sheet1,467,D,D467
ADB09596.1_Bifidobacterium-dentium-Bd1,ADB09596.1,lactose,NIMS,8,40,<0.1,below reported 0.1 conversion background; not numeric zero,0.1,3,NA,Bacteria,0.2589731626666667,1,expression_binary=1,true,10.1021/cb500244v,10.1021/cb500244v.s003,cb500244v_si_003.xlsx,Sheet1,467,F,F467
ADB09596.1_Bifidobacterium-dentium-Bd1,ADB09596.1,xylobiose,NIMS,8,60,<0.1,below reported 0.1 conversion background; not numeric zero,0.1,3,NA,Bacteria,0.2589731626666667,1,expression_binary=1,true,10.1021/cb500244v,10.1021/cb500244v.s003,cb500244v_si_003.xlsx,Sheet1,468,D,D468
ADB09596.1_Bifidobacterium-dentium-Bd1,ADB09596.1,lactose,NIMS,8,60,<0.1,below reported 0.1 conversion background; not numeric zero,0.1,3,NA,Bacteria,0.2589731626666667,1,expression_binary=1,true,10.1021/cb500244v,10.1021/cb500244v.s003,cb500244v_si_003.xlsx,Sheet1,468,F,F468
ADB09596.1_Bifidobacterium-dentium-Bd1,ADB09596.1,xylobiose,NIMS,8,80,<0.1,below reported 0.1 conversion background; not numeric zero,0.1,3,NA,Bacteria,0.2589731626666667,1,expression_binary=1,true,10.1021/cb500244v,10.1021/cb500244v.s003,cb500244v_si_003.xlsx,Sheet1,469,D,D469
ADB09596.1_Bifidobacterium-dentium-Bd1,ADB09596.1,cellobiose,NIMS,8,80,<0.1,below reported 0.1 conversion background; not numeric zero,0.1,3,NA,Bacteria,0.2589731626666667,1,expression_binary=1,true,10.1021/cb500244v,10.1021/cb500244v.s003,cb500244v_si_003.xlsx,Sheet1,469,E,E469
ADB09596.1_Bifidobacterium-dentium-Bd1,ADB09596.1,lactose,NIMS,8,80,<0.1,below reported 0.1 conversion background; not numeric zero,0.1,3,NA,Bacteria,0.2589731626666667,1,expression_binary=1,true,10.1021/cb500244v,10.1021/cb500244v.s003,cb500244v_si_003.xlsx,Sheet1,469,F,F469
ADB09596.1_Bifidobacterium-dentium-Bd1,ADB09596.1,xylobiose,NIMS,8,90,<0.1,below reported 0.1 conversion background; not numeric zero,0.1,3,NA,Bacteria,0.2589731626666667,1,expression_binary=1,true,10.1021/cb500244v,10.1021/cb500244v.s003,cb500244v_si_003.xlsx,Sheet1,470,D,D470
ADB09596.1_Bifidobacterium-dentium-Bd1,ADB09596.1,cellobiose,NIMS,8,90,<0.1,below reported 0.1 conversion background; not numeric zero,0.1,3,NA,Bacteria,0.2589731626666667,1,expression_binary=1,true,10.1021/cb500244v,10.1021/cb500244v.s003,cb500244v_si_003.xlsx,Sheet1,470,E,E470
ADB09596.1_Bifidobacterium-dentium-Bd1,ADB09596.1,lactose,NIMS,8,90,<0.1,below reported 0.1 conversion background; not numeric zero,0.1,3,NA,Bacteria,0.2589731626666667,1,expression_binary=1,true,10.1021/cb500244v,10.1021/cb500244v.s003,cb500244v_si_003.xlsx,Sheet1,470,F,F470
ADD01617.1_Thermoanaerobacter-italicus-Ab9,ADD01617.1,xylobiose,NIMS,5,40,<0.1,below reported 0.1 conversion background; not numeric zero,0.1,3,NA,Bacteria,1.03,1,expression_binary=1,true,10.1021/cb500244v,10.1021/cb500244v.s003,cb500244v_si_003.xlsx,Sheet1,471,D,D471
ADD01617.1_Thermoanaerobacter-italicus-Ab9,ADD01617.1,cellobiose,NIMS,5,40,<0.1,below reported 0.1 conversion background; not numeric zero,0.1,3,NA,Bacteria,1.03,1,expression_binary=1,true,10.1021/cb500244v,10.1021/cb500244v.s003,cb500244v_si_003.xlsx,Sheet1,471,E,E471
ADD01617.1_Thermoanaerobacter-italicus-Ab9,ADD01617.1,xylobiose,NIMS,5,60,<0.1,below reported 0.1 conversion background; not numeric zero,0.1,3,NA,Bacteria,1.03,1,expression_binary=1,true,10.1021/cb500244v,10.1021/cb500244v.s003,cb500244v_si_003.xlsx,Sheet1,472,D,D472
ADD01617.1_Thermoanaerobacter-italicus-Ab9,ADD01617.1,xylobiose,NIMS,5,80,<0.1,below reported 0.1 conversion background; not numeric zero,0.1,3,NA,Bacteria,1.03,1,expression_binary=1,true,10.1021/cb500244v,10.1021/cb500244v.s003,cb500244v_si_003.xlsx,Sheet1,473,D,D473
ADD01617.1_Thermoanaerobacter-italicus-Ab9,ADD01617.1,cellobiose,NIMS,5,80,<0.1,below reported 0.1 conversion background; not numeric zero,0.1,3,NA,Bacteria,1.03,1,expression_binary=1,true,10.1021/cb500244v,10.1021/cb500244v.s003,cb500244v_si_003.xlsx,Sheet1,473,E,E473
ADD01617.1_Thermoanaerobacter-italicus-Ab9,ADD01617.1,lactose,NIMS,5,80,<0.1,below reported 0.1 conversion background; not numeric zero,0.1,3,NA,Bacteria,1.03,1,expression_binary=1,true,10.1021/cb500244v,10.1021/cb500244v.s003,cb500244v_si_003.xlsx,Sheet1,473,F,F473
ADD01617.1_Thermoanaerobacter-italicus-Ab9,ADD01617.1,xylobiose,NIMS,5,90,<0.1,below reported 0.1 conversion background; not numeric zero,0.1,3,NA,Bacteria,1.03,1,expression_binary=1,true,10.1021/cb500244v,10.1021/cb500244v.s003,cb500244v_si_003.xlsx,Sheet1,474,D,D474
ADD01617.1_Thermoanaerobacter-italicus-Ab9,ADD01617.1,cellobiose,NIMS,5,90,<0.1,below reported 0.1 conversion background; not numeric zero,0.1,3,NA,Bacteria,1.03,1,expression_binary=1,true,10.1021/cb500244v,10.1021/cb500244v.s003,cb500244v_si_003.xlsx,Sheet1,474,E,E474
ADD01617.1_Thermoanaerobacter-italicus-Ab9,ADD01617.1,lactose,NIMS,5,90,<0.1,below reported 0.1 conversion background; not numeric zero,0.1,3,NA,Bacteria,1.03,1,expression_binary=1,true,10.1021/cb500244v,10.1021/cb500244v.s003,cb500244v_si_003.xlsx,Sheet1,474,F,F474
ADD01617.1_Thermoanaerobacter-italicus-Ab9,ADD01617.1,xylobiose,NIMS,8,40,<0.1,below reported 0.1 conversion background; not numeric zero,0.1,3,NA,Bacteria,1.03,1,expression_binary=1,true,10.1021/cb500244v,10.1021/cb500244v.s003,cb500244v_si_003.xlsx,Sheet1,475,D,D475
ADD01617.1_Thermoanaerobacter-italicus-Ab9,ADD01617.1,cellobiose,NIMS,8,40,<0.1,below reported 0.1 conversion background; not numeric zero,0.1,3,NA,Bacteria,1.03,1,expression_binary=1,true,10.1021/cb500244v,10.1021/cb500244v.s003,cb500244v_si_003.xlsx,Sheet1,475,E,E475
ADD01617.1_Thermoanaerobacter-italicus-Ab9,ADD01617.1,lactose,NIMS,8,40,<0.1,below reported 0.1 conversion background; not numeric zero,0.1,3,NA,Bacteria,1.03,1,expression_binary=1,true,10.1021/cb500244v,10.1021/cb500244v.s003,cb500244v_si_003.xlsx,Sheet1,475,F,F475
ADD01617.1_Thermoanaerobacter-italicus-Ab9,ADD01617.1,xylobiose,NIMS,8,60,<0.1,below reported 0.1 conversion background; not numeric zero,0.1,3,NA,Bacteria,1.03,1,expression_binary=1,true,10.1021/cb500244v,10.1021/cb500244v.s003,cb500244v_si_003.xlsx,Sheet1,476,D,D476
ADD01617.1_Thermoanaerobacter-italicus-Ab9,ADD01617.1,cellobiose,NIMS,8,60,<0.1,below reported 0.1 conversion background; not numeric zero,0.1,3,NA,Bacteria,1.03,1,expression_binary=1,true,10.1021/cb500244v,10.1021/cb500244v.s003,cb500244v_si_003.xlsx,Sheet1,476,E,E476
ADD01617.1_Thermoanaerobacter-italicus-Ab9,ADD01617.1,lactose,NIMS,8,60,<0.1,below reported 0.1 conversion background; not numeric zero,0.1,3,NA,Bacteria,1.03,1,expression_binary=1,true,10.1021/cb500244v,10.1021/cb500244v.s003,cb500244v_si_003.xlsx,Sheet1,476,F,F476
ADD01617.1_Thermoanaerobacter-italicus-Ab9,ADD01617.1,xylobiose,NIMS,8,80,<0.1,below reported 0.1 conversion background; not numeric zero,0.1,3,NA,Bacteria,1.03,1,expression_binary=1,true,10.1021/cb500244v,10.1021/cb500244v.s003,cb500244v_si_003.xlsx,Sheet1,477,D,D477
ADD01617.1_Thermoanaerobacter-italicus-Ab9,ADD01617.1,cellobiose,NIMS,8,80,<0.1,below reported 0.1 conversion background; not numeric zero,0.1,3,NA,Bacteria,1.03,1,expression_binary=1,true,10.1021/cb500244v,10.1021/cb500244v.s003,cb500244v_si_003.xlsx,Sheet1,477,E,E477
ADD01617.1_Thermoanaerobacter-italicus-Ab9,ADD01617.1,lactose,NIMS,8,80,<0.1,below reported 0.1 conversion background; not numeric zero,0.1,3,NA,Bacteria,1.03,1,expression_binary=1,true,10.1021/cb500244v,10.1021/cb500244v.s003,cb500244v_si_003.xlsx,Sheet1,477,F,F477
ADD01617.1_Thermoanaerobacter-italicus-Ab9,ADD01617.1,xylobiose,NIMS,8,90,<0.1,below reported 0.1 conversion background; not numeric zero,0.1,3,NA,Bacteria,1.03,1,expression_binary=1,true,10.1021/cb500244v,10.1021/cb500244v.s003,cb500244v_si_003.xlsx,Sheet1,478,D,D478
ADD01617.1_Thermoanaerobacter-italicus-Ab9,ADD01617.1,cellobiose,NIMS,8,90,<0.1,below reported 0.1 conversion background; not numeric zero,0.1,3,NA,Bacteria,1.03,1,expression_binary=1,true,10.1021/cb500244v,10.1021/cb500244v.s003,cb500244v_si_003.xlsx,Sheet1,478,E,E478
ADD01617.1_Thermoanaerobacter-italicus-Ab9,ADD01617.1,lactose,NIMS,8,90,<0.1,below reported 0.1 conversion background; not numeric zero,0.1,3,NA,Bacteria,1.03,1,expression_binary=1,true,10.1021/cb500244v,10.1021/cb500244v.s003,cb500244v_si_003.xlsx,Sheet1,478,F,F478
ADD27066.1_Meiothermus-ruber-DSM-1279,ADD27066.1,xylobiose,NIMS,5,40,<0.1,below reported 0.1 conversion background; not numeric zero,0.1,3,NA,Bacteria,0.170385296,1,expression_binary=1,true,10.1021/cb500244v,10.1021/cb500244v.s003,cb500244v_si_003.xlsx,Sheet1,479,D,D479
ADD27066.1_Meiothermus-ruber-DSM-1279,ADD27066.1,xylobiose,NIMS,5,60,<0.1,below reported 0.1 conversion background; not numeric zero,0.1,3,NA,Bacteria,0.170385296,1,expression_binary=1,true,10.1021/cb500244v,10.1021/cb500244v.s003,cb500244v_si_003.xlsx,Sheet1,480,D,D480
ADD27066.1_Meiothermus-ruber-DSM-1279,ADD27066.1,xylobiose,NIMS,5,80,<0.1,below reported 0.1 conversion background; not numeric zero,0.1,3,NA,Bacteria,0.170385296,1,expression_binary=1,true,10.1021/cb500244v,10.1021/cb500244v.s003,cb500244v_si_003.xlsx,Sheet1,481,D,D481
ADD27066.1_Meiothermus-ruber-DSM-1279,ADD27066.1,xylobiose,NIMS,5,90,<0.1,below reported 0.1 conversion background; not numeric zero,0.1,3,NA,Bacteria,0.170385296,1,expression_binary=1,true,10.1021/cb500244v,10.1021/cb500244v.s003,cb500244v_si_003.xlsx,Sheet1,482,D,D482
ADD27066.1_Meiothermus-ruber-DSM-1279,ADD27066.1,cellobiose,NIMS,5,90,<0.1,below reported 0.1 conversion background; not numeric zero,0.1,3,NA,Bacteria,0.170385296,1,expression_binary=1,true,10.1021/cb500244v,10.1021/cb500244v.s003,cb500244v_si_003.xlsx,Sheet1,482,E,E482
ADD27066.1_Meiothermus-ruber-DSM-1279,ADD27066.1,lactose,NIMS,5,90,<0.1,below reported 0.1 conversion background; not numeric zero,0.1,3,NA,Bacteria,0.170385296,1,expression_binary=1,true,10.1021/cb500244v,10.1021/cb500244v.s003,cb500244v_si_003.xlsx,Sheet1,482,F,F482
ADD27066.1_Meiothermus-ruber-DSM-1279,ADD27066.1,xylobiose,NIMS,8,40,<0.1,below reported 0.1 conversion background; not numeric zero,0.1,3,NA,Bacteria,0.170385296,1,expression_binary=1,true,10.1021/cb500244v,10.1021/cb500244v.s003,cb500244v_si_003.xlsx,Sheet1,483,D,D483
ADD27066.1_Meiothermus-ruber-DSM-1279,ADD27066.1,xylobiose,NIMS,8,60,<0.1,below reported 0.1 conversion background; not numeric zero,0.1,3,NA,Bacteria,0.170385296,1,expression_binary=1,true,10.1021/cb500244v,10.1021/cb500244v.s003,cb500244v_si_003.xlsx,Sheet1,484,D,D484
ADD27066.1_Meiothermus-ruber-DSM-1279,ADD27066.1,xylobiose,NIMS,8,80,<0.1,below reported 0.1 conversion background; not numeric zero,0.1,3,NA,Bacteria,0.170385296,1,expression_binary=1,true,10.1021/cb500244v,10.1021/cb500244v.s003,cb500244v_si_003.xlsx,Sheet1,485,D,D485
ADD27066.1_Meiothermus-ruber-DSM-1279,ADD27066.1,xylobiose,NIMS,8,90,<0.1,below reported 0.1 conversion background; not numeric zero,0.1,3,NA,Bacteria,0.170385296,1,expression_binary=1,true,10.1021/cb500244v,10.1021/cb500244v.s003,cb500244v_si_003.xlsx,Sheet1,486,D,D486
ADD27066.1_Meiothermus-ruber-DSM-1279,ADD27066.1,cellobiose,NIMS,8,90,<0.1,below reported 0.1 conversion background; not numeric zero,0.1,3,NA,Bacteria,0.170385296,1,expression_binary=1,true,10.1021/cb500244v,10.1021/cb500244v.s003,cb500244v_si_003.xlsx,Sheet1,486,E,E486
ADD27066.1_Meiothermus-ruber-DSM-1279,ADD27066.1,lactose,NIMS,8,90,<0.1,below reported 0.1 conversion background; not numeric zero,0.1,3,NA,Bacteria,0.170385296,1,expression_binary=1,true,10.1021/cb500244v,10.1021/cb500244v.s003,cb500244v_si_003.xlsx,Sheet1,486,F,F486
ADD27846.1_Meiothermus-ruber-DSM-1279,ADD27846.1,xylobiose,NIMS,5,40,<0.1,below reported 0.1 conversion background; not numeric zero,0.1,3,NA,Bacteria,0.14874374933333334,1,expression_binary=1,true,10.1021/cb500244v,10.1021/cb500244v.s003,cb500244v_si_003.xlsx,Sheet1,487,D,D487
ADD27846.1_Meiothermus-ruber-DSM-1279,ADD27846.1,xylobiose,NIMS,5,60,<0.1,below reported 0.1 conversion background; not numeric zero,0.1,3,NA,Bacteria,0.14874374933333334,1,expression_binary=1,true,10.1021/cb500244v,10.1021/cb500244v.s003,cb500244v_si_003.xlsx,Sheet1,488,D,D488
ADD27846.1_Meiothermus-ruber-DSM-1279,ADD27846.1,xylobiose,NIMS,5,80,<0.1,below reported 0.1 conversion background; not numeric zero,0.1,3,NA,Bacteria,0.14874374933333334,1,expression_binary=1,true,10.1021/cb500244v,10.1021/cb500244v.s003,cb500244v_si_003.xlsx,Sheet1,489,D,D489
ADD27846.1_Meiothermus-ruber-DSM-1279,ADD27846.1,cellobiose,NIMS,5,80,<0.1,below reported 0.1 conversion background; not numeric zero,0.1,3,NA,Bacteria,0.14874374933333334,1,expression_binary=1,true,10.1021/cb500244v,10.1021/cb500244v.s003,cb500244v_si_003.xlsx,Sheet1,489,E,E489
ADD27846.1_Meiothermus-ruber-DSM-1279,ADD27846.1,lactose,NIMS,5,80,<0.1,below reported 0.1 conversion background; not numeric zero,0.1,3,NA,Bacteria,0.14874374933333334,1,expression_binary=1,true,10.1021/cb500244v,10.1021/cb500244v.s003,cb500244v_si_003.xlsx,Sheet1,489,F,F489
ADD27846.1_Meiothermus-ruber-DSM-1279,ADD27846.1,xylobiose,NIMS,5,90,<0.1,below reported 0.1 conversion background; not numeric zero,0.1,3,NA,Bacteria,0.14874374933333334,1,expression_binary=1,true,10.1021/cb500244v,10.1021/cb500244v.s003,cb500244v_si_003.xlsx,Sheet1,490,D,D490
ADD27846.1_Meiothermus-ruber-DSM-1279,ADD27846.1,cellobiose,NIMS,5,90,<0.1,below reported 0.1 conversion background; not numeric zero,0.1,3,NA,Bacteria,0.14874374933333334,1,expression_binary=1,true,10.1021/cb500244v,10.1021/cb500244v.s003,cb500244v_si_003.xlsx,Sheet1,490,E,E490
ADD27846.1_Meiothermus-ruber-DSM-1279,ADD27846.1,lactose,NIMS,5,90,<0.1,below reported 0.1 conversion background; not numeric zero,0.1,3,NA,Bacteria,0.14874374933333334,1,expression_binary=1,true,10.1021/cb500244v,10.1021/cb500244v.s003,cb500244v_si_003.xlsx,Sheet1,490,F,F490
ADD27846.1_Meiothermus-ruber-DSM-1279,ADD27846.1,xylobiose,NIMS,8,40,<0.1,below reported 0.1 conversion background; not numeric zero,0.1,3,NA,Bacteria,0.14874374933333334,1,expression_binary=1,true,10.1021/cb500244v,10.1021/cb500244v.s003,cb500244v_si_003.xlsx,Sheet1,491,D,D491
ADD27846.1_Meiothermus-ruber-DSM-1279,ADD27846.1,xylobiose,NIMS,8,60,<0.1,below reported 0.1 conversion background; not numeric zero,0.1,3,NA,Bacteria,0.14874374933333334,1,expression_binary=1,true,10.1021/cb500244v,10.1021/cb500244v.s003,cb500244v_si_003.xlsx,Sheet1,492,D,D492
ADD27846.1_Meiothermus-ruber-DSM-1279,ADD27846.1,xylobiose,NIMS,8,80,<0.1,below reported 0.1 conversion background; not numeric zero,0.1,3,NA,Bacteria,0.14874374933333334,1,expression_binary=1,true,10.1021/cb500244v,10.1021/cb500244v.s003,cb500244v_si_003.xlsx,Sheet1,493,D,D493
ADD27846.1_Meiothermus-ruber-DSM-1279,ADD27846.1,cellobiose,NIMS,8,80,<0.1,below reported 0.1 conversion background; not numeric zero,0.1,3,NA,Bacteria,0.14874374933333334,1,expression_binary=1,true,10.1021/cb500244v,10.1021/cb500244v.s003,cb500244v_si_003.xlsx,Sheet1,493,E,E493
ADD27846.1_Meiothermus-ruber-DSM-1279,ADD27846.1,lactose,NIMS,8,80,<0.1,below reported 0.1 conversion background; not numeric zero,0.1,3,NA,Bacteria,0.14874374933333334,1,expression_binary=1,true,10.1021/cb500244v,10.1021/cb500244v.s003,cb500244v_si_003.xlsx,Sheet1,493,F,F493
ADD27846.1_Meiothermus-ruber-DSM-1279,ADD27846.1,xylobiose,NIMS,8,90,<0.1,below reported 0.1 conversion background; not numeric zero,0.1,3,NA,Bacteria,0.14874374933333334,1,expression_binary=1,true,10.1021/cb500244v,10.1021/cb500244v.s003,cb500244v_si_003.xlsx,Sheet1,494,D,D494
ADD27846.1_Meiothermus-ruber-DSM-1279,ADD27846.1,cellobiose,NIMS,8,90,<0.1,below reported 0.1 conversion background; not numeric zero,0.1,3,NA,Bacteria,0.14874374933333334,1,expression_binary=1,true,10.1021/cb500244v,10.1021/cb500244v.s003,cb500244v_si_003.xlsx,Sheet1,494,E,E494
ADD27846.1_Meiothermus-ruber-DSM-1279,ADD27846.1,lactose,NIMS,8,90,<0.1,below reported 0.1 conversion background; not numeric zero,0.1,3,NA,Bacteria,0.14874374933333334,1,expression_binary=1,true,10.1021/cb500244v,10.1021/cb500244v.s003,cb500244v_si_003.xlsx,Sheet1,494,F,F494
ABV62413.1_Bacillus-pumilus-SAFR-032,ABV62413.1,xylobiose,NIMS,5,40,<0.1,below reported 0.1 conversion background; not numeric zero,0.1,3,NA,Bacteria,0.97823708,1,expression_binary=1,true,10.1021/cb500244v,10.1021/cb500244v.s003,cb500244v_si_003.xlsx,Sheet1,495,D,D495
ABV62413.1_Bacillus-pumilus-SAFR-032,ABV62413.1,cellobiose,NIMS,5,40,<0.1,below reported 0.1 conversion background; not numeric zero,0.1,3,NA,Bacteria,0.97823708,1,expression_binary=1,true,10.1021/cb500244v,10.1021/cb500244v.s003,cb500244v_si_003.xlsx,Sheet1,495,E,E495
ABV62413.1_Bacillus-pumilus-SAFR-032,ABV62413.1,lactose,NIMS,5,40,<0.1,below reported 0.1 conversion background; not numeric zero,0.1,3,NA,Bacteria,0.97823708,1,expression_binary=1,true,10.1021/cb500244v,10.1021/cb500244v.s003,cb500244v_si_003.xlsx,Sheet1,495,F,F495
ABV62413.1_Bacillus-pumilus-SAFR-032,ABV62413.1,xylobiose,NIMS,5,60,<0.1,below reported 0.1 conversion background; not numeric zero,0.1,3,NA,Bacteria,0.97823708,1,expression_binary=1,true,10.1021/cb500244v,10.1021/cb500244v.s003,cb500244v_si_003.xlsx,Sheet1,496,D,D496
ABV62413.1_Bacillus-pumilus-SAFR-032,ABV62413.1,cellobiose,NIMS,5,60,<0.1,below reported 0.1 conversion background; not numeric zero,0.1,3,NA,Bacteria,0.97823708,1,expression_binary=1,true,10.1021/cb500244v,10.1021/cb500244v.s003,cb500244v_si_003.xlsx,Sheet1,496,E,E496
ABV62413.1_Bacillus-pumilus-SAFR-032,ABV62413.1,lactose,NIMS,5,60,<0.1,below reported 0.1 conversion background; not numeric zero,0.1,3,NA,Bacteria,0.97823708,1,expression_binary=1,true,10.1021/cb500244v,10.1021/cb500244v.s003,cb500244v_si_003.xlsx,Sheet1,496,F,F496
ABV62413.1_Bacillus-pumilus-SAFR-032,ABV62413.1,xylobiose,NIMS,5,80,<0.1,below reported 0.1 conversion background; not numeric zero,0.1,3,NA,Bacteria,0.97823708,1,expression_binary=1,true,10.1021/cb500244v,10.1021/cb500244v.s003,cb500244v_si_003.xlsx,Sheet1,497,D,D497
ABV62413.1_Bacillus-pumilus-SAFR-032,ABV62413.1,cellobiose,NIMS,5,80,<0.1,below reported 0.1 conversion background; not numeric zero,0.1,3,NA,Bacteria,0.97823708,1,expression_binary=1,true,10.1021/cb500244v,10.1021/cb500244v.s003,cb500244v_si_003.xlsx,Sheet1,497,E,E497
ABV62413.1_Bacillus-pumilus-SAFR-032,ABV62413.1,lactose,NIMS,5,80,<0.1,below reported 0.1 conversion background; not numeric zero,0.1,3,NA,Bacteria,0.97823708,1,expression_binary=1,true,10.1021/cb500244v,10.1021/cb500244v.s003,cb500244v_si_003.xlsx,Sheet1,497,F,F497
ABV62413.1_Bacillus-pumilus-SAFR-032,ABV62413.1,xylobiose,NIMS,5,90,<0.1,below reported 0.1 conversion background; not numeric zero,0.1,3,NA,Bacteria,0.97823708,1,expression_binary=1,true,10.1021/cb500244v,10.1021/cb500244v.s003,cb500244v_si_003.xlsx,Sheet1,498,D,D498
ABV62413.1_Bacillus-pumilus-SAFR-032,ABV62413.1,cellobiose,NIMS,5,90,<0.1,below reported 0.1 conversion background; not numeric zero,0.1,3,NA,Bacteria,0.97823708,1,expression_binary=1,true,10.1021/cb500244v,10.1021/cb500244v.s003,cb500244v_si_003.xlsx,Sheet1,498,E,E498
ABV62413.1_Bacillus-pumilus-SAFR-032,ABV62413.1,lactose,NIMS,5,90,<0.1,below reported 0.1 conversion background; not numeric zero,0.1,3,NA,Bacteria,0.97823708,1,expression_binary=1,true,10.1021/cb500244v,10.1021/cb500244v.s003,cb500244v_si_003.xlsx,Sheet1,498,F,F498
ABV62413.1_Bacillus-pumilus-SAFR-032,ABV62413.1,xylobiose,NIMS,8,40,<0.1,below reported 0.1 conversion background; not numeric zero,0.1,3,NA,Bacteria,0.97823708,1,expression_binary=1,true,10.1021/cb500244v,10.1021/cb500244v.s003,cb500244v_si_003.xlsx,Sheet1,499,D,D499
ABV62413.1_Bacillus-pumilus-SAFR-032,ABV62413.1,cellobiose,NIMS,8,40,<0.1,below reported 0.1 conversion background; not numeric zero,0.1,3,NA,Bacteria,0.97823708,1,expression_binary=1,true,10.1021/cb500244v,10.1021/cb500244v.s003,cb500244v_si_003.xlsx,Sheet1,499,E,E499
ABV62413.1_Bacillus-pumilus-SAFR-032,ABV62413.1,lactose,NIMS,8,40,<0.1,below reported 0.1 conversion background; not numeric zero,0.1,3,NA,Bacteria,0.97823708,1,expression_binary=1,true,10.1021/cb500244v,10.1021/cb500244v.s003,cb500244v_si_003.xlsx,Sheet1,499,F,F499
ABV62413.1_Bacillus-pumilus-SAFR-032,ABV62413.1,xylobiose,NIMS,8,60,<0.1,below reported 0.1 conversion background; not numeric zero,0.1,3,NA,Bacteria,0.97823708,1,expression_binary=1,true,10.1021/cb500244v,10.1021/cb500244v.s003,cb500244v_si_003.xlsx,Sheet1,500,D,D500
ABV62413.1_Bacillus-pumilus-SAFR-032,ABV62413.1,cellobiose,NIMS,8,60,<0.1,below reported 0.1 conversion background; not numeric zero,0.1,3,NA,Bacteria,0.97823708,1,expression_binary=1,true,10.1021/cb500244v,10.1021/cb500244v.s003,cb500244v_si_003.xlsx,Sheet1,500,E,E500
ABV62413.1_Bacillus-pumilus-SAFR-032,ABV62413.1,lactose,NIMS,8,60,<0.1,below reported 0.1 conversion background; not numeric zero,0.1,3,NA,Bacteria,0.97823708,1,expression_binary=1,true,10.1021/cb500244v,10.1021/cb500244v.s003,cb500244v_si_003.xlsx,Sheet1,500,F,F500
ABV62413.1_Bacillus-pumilus-SAFR-032,ABV62413.1,xylobiose,NIMS,8,80,<0.1,below reported 0.1 conversion background; not numeric zero,0.1,3,NA,Bacteria,0.97823708,1,expression_binary=1,true,10.1021/cb500244v,10.1021/cb500244v.s003,cb500244v_si_003.xlsx,Sheet1,501,D,D501
ABV62413.1_Bacillus-pumilus-SAFR-032,ABV62413.1,cellobiose,NIMS,8,80,<0.1,below reported 0.1 conversion background; not numeric zero,0.1,3,NA,Bacteria,0.97823708,1,expression_binary=1,true,10.1021/cb500244v,10.1021/cb500244v.s003,cb500244v_si_003.xlsx,Sheet1,501,E,E501
ABV62413.1_Bacillus-pumilus-SAFR-032,ABV62413.1,lactose,NIMS,8,80,<0.1,below reported 0.1 conversion background; not numeric zero,0.1,3,NA,Bacteria,0.97823708,1,expression_binary=1,true,10.1021/cb500244v,10.1021/cb500244v.s003,cb500244v_si_003.xlsx,Sheet1,501,F,F501
ABV62413.1_Bacillus-pumilus-SAFR-032,ABV62413.1,xylobiose,NIMS,8,90,<0.1,below reported 0.1 conversion background; not numeric zero,0.1,3,NA,Bacteria,0.97823708,1,expression_binary=1,true,10.1021/cb500244v,10.1021/cb500244v.s003,cb500244v_si_003.xlsx,Sheet1,502,D,D502
ABV62413.1_Bacillus-pumilus-SAFR-032,ABV62413.1,cellobiose,NIMS,8,90,<0.1,below reported 0.1 conversion background; not numeric zero,0.1,3,NA,Bacteria,0.97823708,1,expression_binary=1,true,10.1021/cb500244v,10.1021/cb500244v.s003,cb500244v_si_003.xlsx,Sheet1,502,E,E502
ABV62413.1_Bacillus-pumilus-SAFR-032,ABV62413.1,lactose,NIMS,8,90,<0.1,below reported 0.1 conversion background; not numeric zero,0.1,3,NA,Bacteria,0.97823708,1,expression_binary=1,true,10.1021/cb500244v,10.1021/cb500244v.s003,cb500244v_si_003.xlsx,Sheet1,502,F,F502
ADG73989.1_Cellulomonas-flavigena-DSM-20109,ADG73989.1,xylobiose,NIMS,5,40,<0.1,below reported 0.1 conversion background; not numeric zero,0.1,3,NA,Bacteria,0.5357745039999999,1,expression_binary=1,true,10.1021/cb500244v,10.1021/cb500244v.s003,cb500244v_si_003.xlsx,Sheet1,503,D,D503
ADG73989.1_Cellulomonas-flavigena-DSM-20109,ADG73989.1,lactose,NIMS,5,40,<0.1,below reported 0.1 conversion background; not numeric zero,0.1,3,NA,Bacteria,0.5357745039999999,1,expression_binary=1,true,10.1021/cb500244v,10.1021/cb500244v.s003,cb500244v_si_003.xlsx,Sheet1,503,F,F503
ADG73989.1_Cellulomonas-flavigena-DSM-20109,ADG73989.1,xylobiose,NIMS,5,60,<0.1,below reported 0.1 conversion background; not numeric zero,0.1,3,NA,Bacteria,0.5357745039999999,1,expression_binary=1,true,10.1021/cb500244v,10.1021/cb500244v.s003,cb500244v_si_003.xlsx,Sheet1,504,D,D504
ADG73989.1_Cellulomonas-flavigena-DSM-20109,ADG73989.1,cellobiose,NIMS,5,60,<0.1,below reported 0.1 conversion background; not numeric zero,0.1,3,NA,Bacteria,0.5357745039999999,1,expression_binary=1,true,10.1021/cb500244v,10.1021/cb500244v.s003,cb500244v_si_003.xlsx,Sheet1,504,E,E504
ADG73989.1_Cellulomonas-flavigena-DSM-20109,ADG73989.1,lactose,NIMS,5,60,<0.1,below reported 0.1 conversion background; not numeric zero,0.1,3,NA,Bacteria,0.5357745039999999,1,expression_binary=1,true,10.1021/cb500244v,10.1021/cb500244v.s003,cb500244v_si_003.xlsx,Sheet1,504,F,F504
ADG73989.1_Cellulomonas-flavigena-DSM-20109,ADG73989.1,xylobiose,NIMS,5,80,<0.1,below reported 0.1 conversion background; not numeric zero,0.1,3,NA,Bacteria,0.5357745039999999,1,expression_binary=1,true,10.1021/cb500244v,10.1021/cb500244v.s003,cb500244v_si_003.xlsx,Sheet1,505,D,D505
ADG73989.1_Cellulomonas-flavigena-DSM-20109,ADG73989.1,cellobiose,NIMS,5,80,<0.1,below reported 0.1 conversion background; not numeric zero,0.1,3,NA,Bacteria,0.5357745039999999,1,expression_binary=1,true,10.1021/cb500244v,10.1021/cb500244v.s003,cb500244v_si_003.xlsx,Sheet1,505,E,E505
ADG73989.1_Cellulomonas-flavigena-DSM-20109,ADG73989.1,lactose,NIMS,5,80,<0.1,below reported 0.1 conversion background; not numeric zero,0.1,3,NA,Bacteria,0.5357745039999999,1,expression_binary=1,true,10.1021/cb500244v,10.1021/cb500244v.s003,cb500244v_si_003.xlsx,Sheet1,505,F,F505
ADG73989.1_Cellulomonas-flavigena-DSM-20109,ADG73989.1,xylobiose,NIMS,5,90,<0.1,below reported 0.1 conversion background; not numeric zero,0.1,3,NA,Bacteria,0.5357745039999999,1,expression_binary=1,true,10.1021/cb500244v,10.1021/cb500244v.s003,cb500244v_si_003.xlsx,Sheet1,506,D,D506
ADG73989.1_Cellulomonas-flavigena-DSM-20109,ADG73989.1,cellobiose,NIMS,5,90,<0.1,below reported 0.1 conversion background; not numeric zero,0.1,3,NA,Bacteria,0.5357745039999999,1,expression_binary=1,true,10.1021/cb500244v,10.1021/cb500244v.s003,cb500244v_si_003.xlsx,Sheet1,506,E,E506
ADG73989.1_Cellulomonas-flavigena-DSM-20109,ADG73989.1,lactose,NIMS,5,90,<0.1,below reported 0.1 conversion background; not numeric zero,0.1,3,NA,Bacteria,0.5357745039999999,1,expression_binary=1,true,10.1021/cb500244v,10.1021/cb500244v.s003,cb500244v_si_003.xlsx,Sheet1,506,F,F506
ADG73989.1_Cellulomonas-flavigena-DSM-20109,ADG73989.1,xylobiose,NIMS,8,40,<0.1,below reported 0.1 conversion background; not numeric zero,0.1,3,NA,Bacteria,0.5357745039999999,1,expression_binary=1,true,10.1021/cb500244v,10.1021/cb500244v.s003,cb500244v_si_003.xlsx,Sheet1,507,D,D507
ADG73989.1_Cellulomonas-flavigena-DSM-20109,ADG73989.1,lactose,NIMS,8,40,<0.1,below reported 0.1 conversion background; not numeric zero,0.1,3,NA,Bacteria,0.5357745039999999,1,expression_binary=1,true,10.1021/cb500244v,10.1021/cb500244v.s003,cb500244v_si_003.xlsx,Sheet1,507,F,F507
ADG73989.1_Cellulomonas-flavigena-DSM-20109,ADG73989.1,xylobiose,NIMS,8,60,<0.1,below reported 0.1 conversion background; not numeric zero,0.1,3,NA,Bacteria,0.5357745039999999,1,expression_binary=1,true,10.1021/cb500244v,10.1021/cb500244v.s003,cb500244v_si_003.xlsx,Sheet1,508,D,D508
ADG73989.1_Cellulomonas-flavigena-DSM-20109,ADG73989.1,cellobiose,NIMS,8,60,<0.1,below reported 0.1 conversion background; not numeric zero,0.1,3,NA,Bacteria,0.5357745039999999,1,expression_binary=1,true,10.1021/cb500244v,10.1021/cb500244v.s003,cb500244v_si_003.xlsx,Sheet1,508,E,E508
ADG73989.1_Cellulomonas-flavigena-DSM-20109,ADG73989.1,lactose,NIMS,8,60,<0.1,below reported 0.1 conversion background; not numeric zero,0.1,3,NA,Bacteria,0.5357745039999999,1,expression_binary=1,true,10.1021/cb500244v,10.1021/cb500244v.s003,cb500244v_si_003.xlsx,Sheet1,508,F,F508
ADG73989.1_Cellulomonas-flavigena-DSM-20109,ADG73989.1,xylobiose,NIMS,8,80,<0.1,below reported 0.1 conversion background; not numeric zero,0.1,3,NA,Bacteria,0.5357745039999999,1,expression_binary=1,true,10.1021/cb500244v,10.1021/cb500244v.s003,cb500244v_si_003.xlsx,Sheet1,509,D,D509
ADG73989.1_Cellulomonas-flavigena-DSM-20109,ADG73989.1,cellobiose,NIMS,8,80,<0.1,below reported 0.1 conversion background; not numeric zero,0.1,3,NA,Bacteria,0.5357745039999999,1,expression_binary=1,true,10.1021/cb500244v,10.1021/cb500244v.s003,cb500244v_si_003.xlsx,Sheet1,509,E,E509
ADG73989.1_Cellulomonas-flavigena-DSM-20109,ADG73989.1,lactose,NIMS,8,80,<0.1,below reported 0.1 conversion background; not numeric zero,0.1,3,NA,Bacteria,0.5357745039999999,1,expression_binary=1,true,10.1021/cb500244v,10.1021/cb500244v.s003,cb500244v_si_003.xlsx,Sheet1,509,F,F509
ADG73989.1_Cellulomonas-flavigena-DSM-20109,ADG73989.1,xylobiose,NIMS,8,90,<0.1,below reported 0.1 conversion background; not numeric zero,0.1,3,NA,Bacteria,0.5357745039999999,1,expression_binary=1,true,10.1021/cb500244v,10.1021/cb500244v.s003,cb500244v_si_003.xlsx,Sheet1,510,D,D510
ADG73989.1_Cellulomonas-flavigena-DSM-20109,ADG73989.1,cellobiose,NIMS,8,90,<0.1,below reported 0.1 conversion background; not numeric zero,0.1,3,NA,Bacteria,0.5357745039999999,1,expression_binary=1,true,10.1021/cb500244v,10.1021/cb500244v.s003,cb500244v_si_003.xlsx,Sheet1,510,E,E510
ADG73989.1_Cellulomonas-flavigena-DSM-20109,ADG73989.1,lactose,NIMS,8,90,<0.1,below reported 0.1 conversion background; not numeric zero,0.1,3,NA,Bacteria,0.5357745039999999,1,expression_binary=1,true,10.1021/cb500244v,10.1021/cb500244v.s003,cb500244v_si_003.xlsx,Sheet1,510,F,F510
ADG88606.1_Thermobispora-bispora-DSM-43833,ADG88606.1,xylobiose,NIMS,5,40,<0.1,below reported 0.1 conversion background; not numeric zero,0.1,3,NA,Bacteria,0.2073984186666667,1,expression_binary=1,true,10.1021/cb500244v,10.1021/cb500244v.s003,cb500244v_si_003.xlsx,Sheet1,511,D,D511
ADG88606.1_Thermobispora-bispora-DSM-43833,ADG88606.1,lactose,NIMS,5,40,<0.1,below reported 0.1 conversion background; not numeric zero,0.1,3,NA,Bacteria,0.2073984186666667,1,expression_binary=1,true,10.1021/cb500244v,10.1021/cb500244v.s003,cb500244v_si_003.xlsx,Sheet1,511,F,F511
ADG88606.1_Thermobispora-bispora-DSM-43833,ADG88606.1,xylobiose,NIMS,5,60,<0.1,below reported 0.1 conversion background; not numeric zero,0.1,3,NA,Bacteria,0.2073984186666667,1,expression_binary=1,true,10.1021/cb500244v,10.1021/cb500244v.s003,cb500244v_si_003.xlsx,Sheet1,512,D,D512
ADG88606.1_Thermobispora-bispora-DSM-43833,ADG88606.1,xylobiose,NIMS,5,80,<0.1,below reported 0.1 conversion background; not numeric zero,0.1,3,NA,Bacteria,0.2073984186666667,1,expression_binary=1,true,10.1021/cb500244v,10.1021/cb500244v.s003,cb500244v_si_003.xlsx,Sheet1,513,D,D513
ADG88606.1_Thermobispora-bispora-DSM-43833,ADG88606.1,cellobiose,NIMS,5,80,<0.1,below reported 0.1 conversion background; not numeric zero,0.1,3,NA,Bacteria,0.2073984186666667,1,expression_binary=1,true,10.1021/cb500244v,10.1021/cb500244v.s003,cb500244v_si_003.xlsx,Sheet1,513,E,E513
ADG88606.1_Thermobispora-bispora-DSM-43833,ADG88606.1,lactose,NIMS,5,80,<0.1,below reported 0.1 conversion background; not numeric zero,0.1,3,NA,Bacteria,0.2073984186666667,1,expression_binary=1,true,10.1021/cb500244v,10.1021/cb500244v.s003,cb500244v_si_003.xlsx,Sheet1,513,F,F513
ADG88606.1_Thermobispora-bispora-DSM-43833,ADG88606.1,xylobiose,NIMS,5,90,<0.1,below reported 0.1 conversion background; not numeric zero,0.1,3,NA,Bacteria,0.2073984186666667,1,expression_binary=1,true,10.1021/cb500244v,10.1021/cb500244v.s003,cb500244v_si_003.xlsx,Sheet1,514,D,D514
ADG88606.1_Thermobispora-bispora-DSM-43833,ADG88606.1,cellobiose,NIMS,5,90,<0.1,below reported 0.1 conversion background; not numeric zero,0.1,3,NA,Bacteria,0.2073984186666667,1,expression_binary=1,true,10.1021/cb500244v,10.1021/cb500244v.s003,cb500244v_si_003.xlsx,Sheet1,514,E,E514
ADG88606.1_Thermobispora-bispora-DSM-43833,ADG88606.1,lactose,NIMS,5,90,<0.1,below reported 0.1 conversion background; not numeric zero,0.1,3,NA,Bacteria,0.2073984186666667,1,expression_binary=1,true,10.1021/cb500244v,10.1021/cb500244v.s003,cb500244v_si_003.xlsx,Sheet1,514,F,F514
ADG88606.1_Thermobispora-bispora-DSM-43833,ADG88606.1,xylobiose,NIMS,8,40,<0.1,below reported 0.1 conversion background; not numeric zero,0.1,3,NA,Bacteria,0.2073984186666667,1,expression_binary=1,true,10.1021/cb500244v,10.1021/cb500244v.s003,cb500244v_si_003.xlsx,Sheet1,515,D,D515
ADG88606.1_Thermobispora-bispora-DSM-43833,ADG88606.1,lactose,NIMS,8,40,<0.1,below reported 0.1 conversion background; not numeric zero,0.1,3,NA,Bacteria,0.2073984186666667,1,expression_binary=1,true,10.1021/cb500244v,10.1021/cb500244v.s003,cb500244v_si_003.xlsx,Sheet1,515,F,F515
ADG88606.1_Thermobispora-bispora-DSM-43833,ADG88606.1,xylobiose,NIMS,8,60,<0.1,below reported 0.1 conversion background; not numeric zero,0.1,3,NA,Bacteria,0.2073984186666667,1,expression_binary=1,true,10.1021/cb500244v,10.1021/cb500244v.s003,cb500244v_si_003.xlsx,Sheet1,516,D,D516
ADG88606.1_Thermobispora-bispora-DSM-43833,ADG88606.1,xylobiose,NIMS,8,80,<0.1,below reported 0.1 conversion background; not numeric zero,0.1,3,NA,Bacteria,0.2073984186666667,1,expression_binary=1,true,10.1021/cb500244v,10.1021/cb500244v.s003,cb500244v_si_003.xlsx,Sheet1,517,D,D517
ADG88606.1_Thermobispora-bispora-DSM-43833,ADG88606.1,cellobiose,NIMS,8,80,<0.1,below reported 0.1 conversion background; not numeric zero,0.1,3,NA,Bacteria,0.2073984186666667,1,expression_binary=1,true,10.1021/cb500244v,10.1021/cb500244v.s003,cb500244v_si_003.xlsx,Sheet1,517,E,E517
ADG88606.1_Thermobispora-bispora-DSM-43833,ADG88606.1,lactose,NIMS,8,80,<0.1,below reported 0.1 conversion background; not numeric zero,0.1,3,NA,Bacteria,0.2073984186666667,1,expression_binary=1,true,10.1021/cb500244v,10.1021/cb500244v.s003,cb500244v_si_003.xlsx,Sheet1,517,F,F517
ADG88606.1_Thermobispora-bispora-DSM-43833,ADG88606.1,xylobiose,NIMS,8,90,<0.1,below reported 0.1 conversion background; not numeric zero,0.1,3,NA,Bacteria,0.2073984186666667,1,expression_binary=1,true,10.1021/cb500244v,10.1021/cb500244v.s003,cb500244v_si_003.xlsx,Sheet1,518,D,D518
ADG88606.1_Thermobispora-bispora-DSM-43833,ADG88606.1,cellobiose,NIMS,8,90,<0.1,below reported 0.1 conversion background; not numeric zero,0.1,3,NA,Bacteria,0.2073984186666667,1,expression_binary=1,true,10.1021/cb500244v,10.1021/cb500244v.s003,cb500244v_si_003.xlsx,Sheet1,518,E,E518
ADG88606.1_Thermobispora-bispora-DSM-43833,ADG88606.1,lactose,NIMS,8,90,<0.1,below reported 0.1 conversion background; not numeric zero,0.1,3,NA,Bacteria,0.2073984186666667,1,expression_binary=1,true,10.1021/cb500244v,10.1021/cb500244v.s003,cb500244v_si_003.xlsx,Sheet1,518,F,F518
ADG88608.1_Thermobispora-bispora-DSM-43833,ADG88608.1,xylobiose,NIMS,5,40,<0.1,below reported 0.1 conversion background; not numeric zero,0.1,3,NA,Bacteria,0.351,1,expression_binary=1,true,10.1021/cb500244v,10.1021/cb500244v.s003,cb500244v_si_003.xlsx,Sheet1,519,D,D519
ADG88608.1_Thermobispora-bispora-DSM-43833,ADG88608.1,xylobiose,NIMS,5,60,<0.1,below reported 0.1 conversion background; not numeric zero,0.1,3,NA,Bacteria,0.351,1,expression_binary=1,true,10.1021/cb500244v,10.1021/cb500244v.s003,cb500244v_si_003.xlsx,Sheet1,520,D,D520
ADG88608.1_Thermobispora-bispora-DSM-43833,ADG88608.1,xylobiose,NIMS,5,80,<0.1,below reported 0.1 conversion background; not numeric zero,0.1,3,NA,Bacteria,0.351,1,expression_binary=1,true,10.1021/cb500244v,10.1021/cb500244v.s003,cb500244v_si_003.xlsx,Sheet1,521,D,D521
ADG88608.1_Thermobispora-bispora-DSM-43833,ADG88608.1,cellobiose,NIMS,5,80,<0.1,below reported 0.1 conversion background; not numeric zero,0.1,3,NA,Bacteria,0.351,1,expression_binary=1,true,10.1021/cb500244v,10.1021/cb500244v.s003,cb500244v_si_003.xlsx,Sheet1,521,E,E521
ADG88608.1_Thermobispora-bispora-DSM-43833,ADG88608.1,lactose,NIMS,5,80,<0.1,below reported 0.1 conversion background; not numeric zero,0.1,3,NA,Bacteria,0.351,1,expression_binary=1,true,10.1021/cb500244v,10.1021/cb500244v.s003,cb500244v_si_003.xlsx,Sheet1,521,F,F521
ADG88608.1_Thermobispora-bispora-DSM-43833,ADG88608.1,xylobiose,NIMS,5,90,<0.1,below reported 0.1 conversion background; not numeric zero,0.1,3,NA,Bacteria,0.351,1,expression_binary=1,true,10.1021/cb500244v,10.1021/cb500244v.s003,cb500244v_si_003.xlsx,Sheet1,522,D,D522
ADG88608.1_Thermobispora-bispora-DSM-43833,ADG88608.1,cellobiose,NIMS,5,90,<0.1,below reported 0.1 conversion background; not numeric zero,0.1,3,NA,Bacteria,0.351,1,expression_binary=1,true,10.1021/cb500244v,10.1021/cb500244v.s003,cb500244v_si_003.xlsx,Sheet1,522,E,E522
ADG88608.1_Thermobispora-bispora-DSM-43833,ADG88608.1,lactose,NIMS,5,90,<0.1,below reported 0.1 conversion background; not numeric zero,0.1,3,NA,Bacteria,0.351,1,expression_binary=1,true,10.1021/cb500244v,10.1021/cb500244v.s003,cb500244v_si_003.xlsx,Sheet1,522,F,F522
ADG88608.1_Thermobispora-bispora-DSM-43833,ADG88608.1,xylobiose,NIMS,8,40,<0.1,below reported 0.1 conversion background; not numeric zero,0.1,3,NA,Bacteria,0.351,1,expression_binary=1,true,10.1021/cb500244v,10.1021/cb500244v.s003,cb500244v_si_003.xlsx,Sheet1,523,D,D523
ADG88608.1_Thermobispora-bispora-DSM-43833,ADG88608.1,xylobiose,NIMS,8,60,<0.1,below reported 0.1 conversion background; not numeric zero,0.1,3,NA,Bacteria,0.351,1,expression_binary=1,true,10.1021/cb500244v,10.1021/cb500244v.s003,cb500244v_si_003.xlsx,Sheet1,524,D,D524
ADG88608.1_Thermobispora-bispora-DSM-43833,ADG88608.1,xylobiose,NIMS,8,80,<0.1,below reported 0.1 conversion background; not numeric zero,0.1,3,NA,Bacteria,0.351,1,expression_binary=1,true,10.1021/cb500244v,10.1021/cb500244v.s003,cb500244v_si_003.xlsx,Sheet1,525,D,D525
ADG88608.1_Thermobispora-bispora-DSM-43833,ADG88608.1,cellobiose,NIMS,8,80,<0.1,below reported 0.1 conversion background; not numeric zero,0.1,3,NA,Bacteria,0.351,1,expression_binary=1,true,10.1021/cb500244v,10.1021/cb500244v.s003,cb500244v_si_003.xlsx,Sheet1,525,E,E525
ADG88608.1_Thermobispora-bispora-DSM-43833,ADG88608.1,lactose,NIMS,8,80,<0.1,below reported 0.1 conversion background; not numeric zero,0.1,3,NA,Bacteria,0.351,1,expression_binary=1,true,10.1021/cb500244v,10.1021/cb500244v.s003,cb500244v_si_003.xlsx,Sheet1,525,F,F525
ADG88608.1_Thermobispora-bispora-DSM-43833,ADG88608.1,xylobiose,NIMS,8,90,<0.1,below reported 0.1 conversion background; not numeric zero,0.1,3,NA,Bacteria,0.351,1,expression_binary=1,true,10.1021/cb500244v,10.1021/cb500244v.s003,cb500244v_si_003.xlsx,Sheet1,526,D,D526
ADG88608.1_Thermobispora-bispora-DSM-43833,ADG88608.1,cellobiose,NIMS,8,90,<0.1,below reported 0.1 conversion background; not numeric zero,0.1,3,NA,Bacteria,0.351,1,expression_binary=1,true,10.1021/cb500244v,10.1021/cb500244v.s003,cb500244v_si_003.xlsx,Sheet1,526,E,E526
ADG88608.1_Thermobispora-bispora-DSM-43833,ADG88608.1,lactose,NIMS,8,90,<0.1,below reported 0.1 conversion background; not numeric zero,0.1,3,NA,Bacteria,0.351,1,expression_binary=1,true,10.1021/cb500244v,10.1021/cb500244v.s003,cb500244v_si_003.xlsx,Sheet1,526,F,F526
ADG89307.1_Thermobispora-bispora-DSM-43833,ADG89307.1,xylobiose,NIMS,5,40,<0.1,below reported 0.1 conversion background; not numeric zero,0.1,3,NA,Bacteria,0.5174525973333333,1,expression_binary=1,true,10.1021/cb500244v,10.1021/cb500244v.s003,cb500244v_si_003.xlsx,Sheet1,527,D,D527
ADG89307.1_Thermobispora-bispora-DSM-43833,ADG89307.1,xylobiose,NIMS,5,60,<0.1,below reported 0.1 conversion background; not numeric zero,0.1,3,NA,Bacteria,0.5174525973333333,1,expression_binary=1,true,10.1021/cb500244v,10.1021/cb500244v.s003,cb500244v_si_003.xlsx,Sheet1,528,D,D528
ADG89307.1_Thermobispora-bispora-DSM-43833,ADG89307.1,xylobiose,NIMS,5,80,<0.1,below reported 0.1 conversion background; not numeric zero,0.1,3,NA,Bacteria,0.5174525973333333,1,expression_binary=1,true,10.1021/cb500244v,10.1021/cb500244v.s003,cb500244v_si_003.xlsx,Sheet1,529,D,D529
ADG89307.1_Thermobispora-bispora-DSM-43833,ADG89307.1,cellobiose,NIMS,5,80,<0.1,below reported 0.1 conversion background; not numeric zero,0.1,3,NA,Bacteria,0.5174525973333333,1,expression_binary=1,true,10.1021/cb500244v,10.1021/cb500244v.s003,cb500244v_si_003.xlsx,Sheet1,529,E,E529
ADG89307.1_Thermobispora-bispora-DSM-43833,ADG89307.1,lactose,NIMS,5,80,<0.1,below reported 0.1 conversion background; not numeric zero,0.1,3,NA,Bacteria,0.5174525973333333,1,expression_binary=1,true,10.1021/cb500244v,10.1021/cb500244v.s003,cb500244v_si_003.xlsx,Sheet1,529,F,F529
ADG89307.1_Thermobispora-bispora-DSM-43833,ADG89307.1,xylobiose,NIMS,5,90,<0.1,below reported 0.1 conversion background; not numeric zero,0.1,3,NA,Bacteria,0.5174525973333333,1,expression_binary=1,true,10.1021/cb500244v,10.1021/cb500244v.s003,cb500244v_si_003.xlsx,Sheet1,530,D,D530
ADG89307.1_Thermobispora-bispora-DSM-43833,ADG89307.1,cellobiose,NIMS,5,90,<0.1,below reported 0.1 conversion background; not numeric zero,0.1,3,NA,Bacteria,0.5174525973333333,1,expression_binary=1,true,10.1021/cb500244v,10.1021/cb500244v.s003,cb500244v_si_003.xlsx,Sheet1,530,E,E530
ADG89307.1_Thermobispora-bispora-DSM-43833,ADG89307.1,lactose,NIMS,5,90,<0.1,below reported 0.1 conversion background; not numeric zero,0.1,3,NA,Bacteria,0.5174525973333333,1,expression_binary=1,true,10.1021/cb500244v,10.1021/cb500244v.s003,cb500244v_si_003.xlsx,Sheet1,530,F,F530
ADG89307.1_Thermobispora-bispora-DSM-43833,ADG89307.1,xylobiose,NIMS,8,40,<0.1,below reported 0.1 conversion background; not numeric zero,0.1,3,NA,Bacteria,0.5174525973333333,1,expression_binary=1,true,10.1021/cb500244v,10.1021/cb500244v.s003,cb500244v_si_003.xlsx,Sheet1,531,D,D531
ADG89307.1_Thermobispora-bispora-DSM-43833,ADG89307.1,xylobiose,NIMS,8,60,<0.1,below reported 0.1 conversion background; not numeric zero,0.1,3,NA,Bacteria,0.5174525973333333,1,expression_binary=1,true,10.1021/cb500244v,10.1021/cb500244v.s003,cb500244v_si_003.xlsx,Sheet1,532,D,D532
ADG89307.1_Thermobispora-bispora-DSM-43833,ADG89307.1,xylobiose,NIMS,8,80,<0.1,below reported 0.1 conversion background; not numeric zero,0.1,3,NA,Bacteria,0.5174525973333333,1,expression_binary=1,true,10.1021/cb500244v,10.1021/cb500244v.s003,cb500244v_si_003.xlsx,Sheet1,533,D,D533
ADG89307.1_Thermobispora-bispora-DSM-43833,ADG89307.1,cellobiose,NIMS,8,80,<0.1,below reported 0.1 conversion background; not numeric zero,0.1,3,NA,Bacteria,0.5174525973333333,1,expression_binary=1,true,10.1021/cb500244v,10.1021/cb500244v.s003,cb500244v_si_003.xlsx,Sheet1,533,E,E533
ADG89307.1_Thermobispora-bispora-DSM-43833,ADG89307.1,lactose,NIMS,8,80,<0.1,below reported 0.1 conversion background; not numeric zero,0.1,3,NA,Bacteria,0.5174525973333333,1,expression_binary=1,true,10.1021/cb500244v,10.1021/cb500244v.s003,cb500244v_si_003.xlsx,Sheet1,533,F,F533
ADG89307.1_Thermobispora-bispora-DSM-43833,ADG89307.1,xylobiose,NIMS,8,90,<0.1,below reported 0.1 conversion background; not numeric zero,0.1,3,NA,Bacteria,0.5174525973333333,1,expression_binary=1,true,10.1021/cb500244v,10.1021/cb500244v.s003,cb500244v_si_003.xlsx,Sheet1,534,D,D534
ADG89307.1_Thermobispora-bispora-DSM-43833,ADG89307.1,cellobiose,NIMS,8,90,<0.1,below reported 0.1 conversion background; not numeric zero,0.1,3,NA,Bacteria,0.5174525973333333,1,expression_binary=1,true,10.1021/cb500244v,10.1021/cb500244v.s003,cb500244v_si_003.xlsx,Sheet1,534,E,E534
ADG89307.1_Thermobispora-bispora-DSM-43833,ADG89307.1,lactose,NIMS,8,90,<0.1,below reported 0.1 conversion background; not numeric zero,0.1,3,NA,Bacteria,0.5174525973333333,1,expression_binary=1,true,10.1021/cb500244v,10.1021/cb500244v.s003,cb500244v_si_003.xlsx,Sheet1,534,F,F534
ADG89462.1_Thermobispora-bispora-DSM-43833,ADG89462.1,xylobiose,NIMS,5,40,<0.1,below reported 0.1 conversion background; not numeric zero,0.1,3,NA,Bacteria,0.25425058133333334,1,expression_binary=1,true,10.1021/cb500244v,10.1021/cb500244v.s003,cb500244v_si_003.xlsx,Sheet1,535,D,D535
ADG89462.1_Thermobispora-bispora-DSM-43833,ADG89462.1,cellobiose,NIMS,5,40,<0.1,below reported 0.1 conversion background; not numeric zero,0.1,3,NA,Bacteria,0.25425058133333334,1,expression_binary=1,true,10.1021/cb500244v,10.1021/cb500244v.s003,cb500244v_si_003.xlsx,Sheet1,535,E,E535
ADG89462.1_Thermobispora-bispora-DSM-43833,ADG89462.1,lactose,NIMS,5,40,<0.1,below reported 0.1 conversion background; not numeric zero,0.1,3,NA,Bacteria,0.25425058133333334,1,expression_binary=1,true,10.1021/cb500244v,10.1021/cb500244v.s003,cb500244v_si_003.xlsx,Sheet1,535,F,F535
ADG89462.1_Thermobispora-bispora-DSM-43833,ADG89462.1,xylobiose,NIMS,5,60,<0.1,below reported 0.1 conversion background; not numeric zero,0.1,3,NA,Bacteria,0.25425058133333334,1,expression_binary=1,true,10.1021/cb500244v,10.1021/cb500244v.s003,cb500244v_si_003.xlsx,Sheet1,536,D,D536
ADG89462.1_Thermobispora-bispora-DSM-43833,ADG89462.1,cellobiose,NIMS,5,60,<0.1,below reported 0.1 conversion background; not numeric zero,0.1,3,NA,Bacteria,0.25425058133333334,1,expression_binary=1,true,10.1021/cb500244v,10.1021/cb500244v.s003,cb500244v_si_003.xlsx,Sheet1,536,E,E536
ADG89462.1_Thermobispora-bispora-DSM-43833,ADG89462.1,lactose,NIMS,5,60,<0.1,below reported 0.1 conversion background; not numeric zero,0.1,3,NA,Bacteria,0.25425058133333334,1,expression_binary=1,true,10.1021/cb500244v,10.1021/cb500244v.s003,cb500244v_si_003.xlsx,Sheet1,536,F,F536
ADG89462.1_Thermobispora-bispora-DSM-43833,ADG89462.1,xylobiose,NIMS,5,80,<0.1,below reported 0.1 conversion background; not numeric zero,0.1,3,NA,Bacteria,0.25425058133333334,1,expression_binary=1,true,10.1021/cb500244v,10.1021/cb500244v.s003,cb500244v_si_003.xlsx,Sheet1,537,D,D537
ADG89462.1_Thermobispora-bispora-DSM-43833,ADG89462.1,cellobiose,NIMS,5,80,<0.1,below reported 0.1 conversion background; not numeric zero,0.1,3,NA,Bacteria,0.25425058133333334,1,expression_binary=1,true,10.1021/cb500244v,10.1021/cb500244v.s003,cb500244v_si_003.xlsx,Sheet1,537,E,E537
ADG89462.1_Thermobispora-bispora-DSM-43833,ADG89462.1,lactose,NIMS,5,80,<0.1,below reported 0.1 conversion background; not numeric zero,0.1,3,NA,Bacteria,0.25425058133333334,1,expression_binary=1,true,10.1021/cb500244v,10.1021/cb500244v.s003,cb500244v_si_003.xlsx,Sheet1,537,F,F537
ADG89462.1_Thermobispora-bispora-DSM-43833,ADG89462.1,xylobiose,NIMS,5,90,<0.1,below reported 0.1 conversion background; not numeric zero,0.1,3,NA,Bacteria,0.25425058133333334,1,expression_binary=1,true,10.1021/cb500244v,10.1021/cb500244v.s003,cb500244v_si_003.xlsx,Sheet1,538,D,D538
ADG89462.1_Thermobispora-bispora-DSM-43833,ADG89462.1,cellobiose,NIMS,5,90,<0.1,below reported 0.1 conversion background; not numeric zero,0.1,3,NA,Bacteria,0.25425058133333334,1,expression_binary=1,true,10.1021/cb500244v,10.1021/cb500244v.s003,cb500244v_si_003.xlsx,Sheet1,538,E,E538
ADG89462.1_Thermobispora-bispora-DSM-43833,ADG89462.1,lactose,NIMS,5,90,<0.1,below reported 0.1 conversion background; not numeric zero,0.1,3,NA,Bacteria,0.25425058133333334,1,expression_binary=1,true,10.1021/cb500244v,10.1021/cb500244v.s003,cb500244v_si_003.xlsx,Sheet1,538,F,F538
ADG89462.1_Thermobispora-bispora-DSM-43833,ADG89462.1,xylobiose,NIMS,8,40,<0.1,below reported 0.1 conversion background; not numeric zero,0.1,3,NA,Bacteria,0.25425058133333334,1,expression_binary=1,true,10.1021/cb500244v,10.1021/cb500244v.s003,cb500244v_si_003.xlsx,Sheet1,539,D,D539
ADG89462.1_Thermobispora-bispora-DSM-43833,ADG89462.1,cellobiose,NIMS,8,40,<0.1,below reported 0.1 conversion background; not numeric zero,0.1,3,NA,Bacteria,0.25425058133333334,1,expression_binary=1,true,10.1021/cb500244v,10.1021/cb500244v.s003,cb500244v_si_003.xlsx,Sheet1,539,E,E539
ADG89462.1_Thermobispora-bispora-DSM-43833,ADG89462.1,lactose,NIMS,8,40,<0.1,below reported 0.1 conversion background; not numeric zero,0.1,3,NA,Bacteria,0.25425058133333334,1,expression_binary=1,true,10.1021/cb500244v,10.1021/cb500244v.s003,cb500244v_si_003.xlsx,Sheet1,539,F,F539
ADG89462.1_Thermobispora-bispora-DSM-43833,ADG89462.1,xylobiose,NIMS,8,60,<0.1,below reported 0.1 conversion background; not numeric zero,0.1,3,NA,Bacteria,0.25425058133333334,1,expression_binary=1,true,10.1021/cb500244v,10.1021/cb500244v.s003,cb500244v_si_003.xlsx,Sheet1,540,D,D540
ADG89462.1_Thermobispora-bispora-DSM-43833,ADG89462.1,cellobiose,NIMS,8,60,<0.1,below reported 0.1 conversion background; not numeric zero,0.1,3,NA,Bacteria,0.25425058133333334,1,expression_binary=1,true,10.1021/cb500244v,10.1021/cb500244v.s003,cb500244v_si_003.xlsx,Sheet1,540,E,E540
ADG89462.1_Thermobispora-bispora-DSM-43833,ADG89462.1,lactose,NIMS,8,60,<0.1,below reported 0.1 conversion background; not numeric zero,0.1,3,NA,Bacteria,0.25425058133333334,1,expression_binary=1,true,10.1021/cb500244v,10.1021/cb500244v.s003,cb500244v_si_003.xlsx,Sheet1,540,F,F540
ADG89462.1_Thermobispora-bispora-DSM-43833,ADG89462.1,xylobiose,NIMS,8,80,<0.1,below reported 0.1 conversion background; not numeric zero,0.1,3,NA,Bacteria,0.25425058133333334,1,expression_binary=1,true,10.1021/cb500244v,10.1021/cb500244v.s003,cb500244v_si_003.xlsx,Sheet1,541,D,D541
ADG89462.1_Thermobispora-bispora-DSM-43833,ADG89462.1,cellobiose,NIMS,8,80,<0.1,below reported 0.1 conversion background; not numeric zero,0.1,3,NA,Bacteria,0.25425058133333334,1,expression_binary=1,true,10.1021/cb500244v,10.1021/cb500244v.s003,cb500244v_si_003.xlsx,Sheet1,541,E,E541
ADG89462.1_Thermobispora-bispora-DSM-43833,ADG89462.1,lactose,NIMS,8,80,<0.1,below reported 0.1 conversion background; not numeric zero,0.1,3,NA,Bacteria,0.25425058133333334,1,expression_binary=1,true,10.1021/cb500244v,10.1021/cb500244v.s003,cb500244v_si_003.xlsx,Sheet1,541,F,F541
ADG89462.1_Thermobispora-bispora-DSM-43833,ADG89462.1,xylobiose,NIMS,8,90,<0.1,below reported 0.1 conversion background; not numeric zero,0.1,3,NA,Bacteria,0.25425058133333334,1,expression_binary=1,true,10.1021/cb500244v,10.1021/cb500244v.s003,cb500244v_si_003.xlsx,Sheet1,542,D,D542
ADG89462.1_Thermobispora-bispora-DSM-43833,ADG89462.1,cellobiose,NIMS,8,90,<0.1,below reported 0.1 conversion background; not numeric zero,0.1,3,NA,Bacteria,0.25425058133333334,1,expression_binary=1,true,10.1021/cb500244v,10.1021/cb500244v.s003,cb500244v_si_003.xlsx,Sheet1,542,E,E542
ADG89462.1_Thermobispora-bispora-DSM-43833,ADG89462.1,lactose,NIMS,8,90,<0.1,below reported 0.1 conversion background; not numeric zero,0.1,3,NA,Bacteria,0.25425058133333334,1,expression_binary=1,true,10.1021/cb500244v,10.1021/cb500244v.s003,cb500244v_si_003.xlsx,Sheet1,542,F,F542
BAA19881.1_Bifidobacterium-breve,BAA19881.1,xylobiose,NIMS,5,40,<0.1,below reported 0.1 conversion background; not numeric zero,0.1,3,NA,Bacteria,0.605654776,1,expression_binary=1,true,10.1021/cb500244v,10.1021/cb500244v.s003,cb500244v_si_003.xlsx,Sheet1,543,D,D543
BAA19881.1_Bifidobacterium-breve,BAA19881.1,xylobiose,NIMS,5,60,<0.1,below reported 0.1 conversion background; not numeric zero,0.1,3,NA,Bacteria,0.605654776,1,expression_binary=1,true,10.1021/cb500244v,10.1021/cb500244v.s003,cb500244v_si_003.xlsx,Sheet1,544,D,D544
BAA19881.1_Bifidobacterium-breve,BAA19881.1,cellobiose,NIMS,5,60,<0.1,below reported 0.1 conversion background; not numeric zero,0.1,3,NA,Bacteria,0.605654776,1,expression_binary=1,true,10.1021/cb500244v,10.1021/cb500244v.s003,cb500244v_si_003.xlsx,Sheet1,544,E,E544
BAA19881.1_Bifidobacterium-breve,BAA19881.1,lactose,NIMS,5,60,<0.1,below reported 0.1 conversion background; not numeric zero,0.1,3,NA,Bacteria,0.605654776,1,expression_binary=1,true,10.1021/cb500244v,10.1021/cb500244v.s003,cb500244v_si_003.xlsx,Sheet1,544,F,F544
BAA19881.1_Bifidobacterium-breve,BAA19881.1,xylobiose,NIMS,5,80,<0.1,below reported 0.1 conversion background; not numeric zero,0.1,3,NA,Bacteria,0.605654776,1,expression_binary=1,true,10.1021/cb500244v,10.1021/cb500244v.s003,cb500244v_si_003.xlsx,Sheet1,545,D,D545
BAA19881.1_Bifidobacterium-breve,BAA19881.1,cellobiose,NIMS,5,80,<0.1,below reported 0.1 conversion background; not numeric zero,0.1,3,NA,Bacteria,0.605654776,1,expression_binary=1,true,10.1021/cb500244v,10.1021/cb500244v.s003,cb500244v_si_003.xlsx,Sheet1,545,E,E545
BAA19881.1_Bifidobacterium-breve,BAA19881.1,lactose,NIMS,5,80,<0.1,below reported 0.1 conversion background; not numeric zero,0.1,3,NA,Bacteria,0.605654776,1,expression_binary=1,true,10.1021/cb500244v,10.1021/cb500244v.s003,cb500244v_si_003.xlsx,Sheet1,545,F,F545
BAA19881.1_Bifidobacterium-breve,BAA19881.1,xylobiose,NIMS,5,90,<0.1,below reported 0.1 conversion background; not numeric zero,0.1,3,NA,Bacteria,0.605654776,1,expression_binary=1,true,10.1021/cb500244v,10.1021/cb500244v.s003,cb500244v_si_003.xlsx,Sheet1,546,D,D546
BAA19881.1_Bifidobacterium-breve,BAA19881.1,cellobiose,NIMS,5,90,<0.1,below reported 0.1 conversion background; not numeric zero,0.1,3,NA,Bacteria,0.605654776,1,expression_binary=1,true,10.1021/cb500244v,10.1021/cb500244v.s003,cb500244v_si_003.xlsx,Sheet1,546,E,E546
BAA19881.1_Bifidobacterium-breve,BAA19881.1,lactose,NIMS,5,90,<0.1,below reported 0.1 conversion background; not numeric zero,0.1,3,NA,Bacteria,0.605654776,1,expression_binary=1,true,10.1021/cb500244v,10.1021/cb500244v.s003,cb500244v_si_003.xlsx,Sheet1,546,F,F546
BAA19881.1_Bifidobacterium-breve,BAA19881.1,xylobiose,NIMS,8,40,<0.1,below reported 0.1 conversion background; not numeric zero,0.1,3,NA,Bacteria,0.605654776,1,expression_binary=1,true,10.1021/cb500244v,10.1021/cb500244v.s003,cb500244v_si_003.xlsx,Sheet1,547,D,D547
BAA19881.1_Bifidobacterium-breve,BAA19881.1,xylobiose,NIMS,8,60,<0.1,below reported 0.1 conversion background; not numeric zero,0.1,3,NA,Bacteria,0.605654776,1,expression_binary=1,true,10.1021/cb500244v,10.1021/cb500244v.s003,cb500244v_si_003.xlsx,Sheet1,548,D,D548
BAA19881.1_Bifidobacterium-breve,BAA19881.1,cellobiose,NIMS,8,60,<0.1,below reported 0.1 conversion background; not numeric zero,0.1,3,NA,Bacteria,0.605654776,1,expression_binary=1,true,10.1021/cb500244v,10.1021/cb500244v.s003,cb500244v_si_003.xlsx,Sheet1,548,E,E548
BAA19881.1_Bifidobacterium-breve,BAA19881.1,lactose,NIMS,8,60,<0.1,below reported 0.1 conversion background; not numeric zero,0.1,3,NA,Bacteria,0.605654776,1,expression_binary=1,true,10.1021/cb500244v,10.1021/cb500244v.s003,cb500244v_si_003.xlsx,Sheet1,548,F,F548
BAA19881.1_Bifidobacterium-breve,BAA19881.1,xylobiose,NIMS,8,80,<0.1,below reported 0.1 conversion background; not numeric zero,0.1,3,NA,Bacteria,0.605654776,1,expression_binary=1,true,10.1021/cb500244v,10.1021/cb500244v.s003,cb500244v_si_003.xlsx,Sheet1,549,D,D549
BAA19881.1_Bifidobacterium-breve,BAA19881.1,cellobiose,NIMS,8,80,<0.1,below reported 0.1 conversion background; not numeric zero,0.1,3,NA,Bacteria,0.605654776,1,expression_binary=1,true,10.1021/cb500244v,10.1021/cb500244v.s003,cb500244v_si_003.xlsx,Sheet1,549,E,E549
BAA19881.1_Bifidobacterium-breve,BAA19881.1,lactose,NIMS,8,80,<0.1,below reported 0.1 conversion background; not numeric zero,0.1,3,NA,Bacteria,0.605654776,1,expression_binary=1,true,10.1021/cb500244v,10.1021/cb500244v.s003,cb500244v_si_003.xlsx,Sheet1,549,F,F549
BAA19881.1_Bifidobacterium-breve,BAA19881.1,xylobiose,NIMS,8,90,<0.1,below reported 0.1 conversion background; not numeric zero,0.1,3,NA,Bacteria,0.605654776,1,expression_binary=1,true,10.1021/cb500244v,10.1021/cb500244v.s003,cb500244v_si_003.xlsx,Sheet1,550,D,D550
BAA19881.1_Bifidobacterium-breve,BAA19881.1,cellobiose,NIMS,8,90,<0.1,below reported 0.1 conversion background; not numeric zero,0.1,3,NA,Bacteria,0.605654776,1,expression_binary=1,true,10.1021/cb500244v,10.1021/cb500244v.s003,cb500244v_si_003.xlsx,Sheet1,550,E,E550
BAA19881.1_Bifidobacterium-breve,BAA19881.1,lactose,NIMS,8,90,<0.1,below reported 0.1 conversion background; not numeric zero,0.1,3,NA,Bacteria,0.605654776,1,expression_binary=1,true,10.1021/cb500244v,10.1021/cb500244v.s003,cb500244v_si_003.xlsx,Sheet1,550,F,F550
BAA36160.1_Bacillus-sp.,BAA36160.1,xylobiose,NIMS,5,40,<0.1,below reported 0.1 conversion background; not numeric zero,0.1,3,NA,Bacteria,0.44190313600000003,1,expression_binary=1,true,10.1021/cb500244v,10.1021/cb500244v.s003,cb500244v_si_003.xlsx,Sheet1,551,D,D551
BAA36160.1_Bacillus-sp.,BAA36160.1,xylobiose,NIMS,5,60,<0.1,below reported 0.1 conversion background; not numeric zero,0.1,3,NA,Bacteria,0.44190313600000003,1,expression_binary=1,true,10.1021/cb500244v,10.1021/cb500244v.s003,cb500244v_si_003.xlsx,Sheet1,552,D,D552
BAA36160.1_Bacillus-sp.,BAA36160.1,cellobiose,NIMS,5,60,<0.1,below reported 0.1 conversion background; not numeric zero,0.1,3,NA,Bacteria,0.44190313600000003,1,expression_binary=1,true,10.1021/cb500244v,10.1021/cb500244v.s003,cb500244v_si_003.xlsx,Sheet1,552,E,E552
BAA36160.1_Bacillus-sp.,BAA36160.1,lactose,NIMS,5,60,<0.1,below reported 0.1 conversion background; not numeric zero,0.1,3,NA,Bacteria,0.44190313600000003,1,expression_binary=1,true,10.1021/cb500244v,10.1021/cb500244v.s003,cb500244v_si_003.xlsx,Sheet1,552,F,F552
BAA36160.1_Bacillus-sp.,BAA36160.1,xylobiose,NIMS,5,80,<0.1,below reported 0.1 conversion background; not numeric zero,0.1,3,NA,Bacteria,0.44190313600000003,1,expression_binary=1,true,10.1021/cb500244v,10.1021/cb500244v.s003,cb500244v_si_003.xlsx,Sheet1,553,D,D553
BAA36160.1_Bacillus-sp.,BAA36160.1,cellobiose,NIMS,5,80,<0.1,below reported 0.1 conversion background; not numeric zero,0.1,3,NA,Bacteria,0.44190313600000003,1,expression_binary=1,true,10.1021/cb500244v,10.1021/cb500244v.s003,cb500244v_si_003.xlsx,Sheet1,553,E,E553
BAA36160.1_Bacillus-sp.,BAA36160.1,lactose,NIMS,5,80,<0.1,below reported 0.1 conversion background; not numeric zero,0.1,3,NA,Bacteria,0.44190313600000003,1,expression_binary=1,true,10.1021/cb500244v,10.1021/cb500244v.s003,cb500244v_si_003.xlsx,Sheet1,553,F,F553
BAA36160.1_Bacillus-sp.,BAA36160.1,xylobiose,NIMS,5,90,<0.1,below reported 0.1 conversion background; not numeric zero,0.1,3,NA,Bacteria,0.44190313600000003,1,expression_binary=1,true,10.1021/cb500244v,10.1021/cb500244v.s003,cb500244v_si_003.xlsx,Sheet1,554,D,D554
BAA36160.1_Bacillus-sp.,BAA36160.1,cellobiose,NIMS,5,90,<0.1,below reported 0.1 conversion background; not numeric zero,0.1,3,NA,Bacteria,0.44190313600000003,1,expression_binary=1,true,10.1021/cb500244v,10.1021/cb500244v.s003,cb500244v_si_003.xlsx,Sheet1,554,E,E554
BAA36160.1_Bacillus-sp.,BAA36160.1,lactose,NIMS,5,90,<0.1,below reported 0.1 conversion background; not numeric zero,0.1,3,NA,Bacteria,0.44190313600000003,1,expression_binary=1,true,10.1021/cb500244v,10.1021/cb500244v.s003,cb500244v_si_003.xlsx,Sheet1,554,F,F554
BAA36160.1_Bacillus-sp.,BAA36160.1,xylobiose,NIMS,8,40,<0.1,below reported 0.1 conversion background; not numeric zero,0.1,3,NA,Bacteria,0.44190313600000003,1,expression_binary=1,true,10.1021/cb500244v,10.1021/cb500244v.s003,cb500244v_si_003.xlsx,Sheet1,555,D,D555
BAA36160.1_Bacillus-sp.,BAA36160.1,xylobiose,NIMS,8,60,<0.1,below reported 0.1 conversion background; not numeric zero,0.1,3,NA,Bacteria,0.44190313600000003,1,expression_binary=1,true,10.1021/cb500244v,10.1021/cb500244v.s003,cb500244v_si_003.xlsx,Sheet1,556,D,D556
BAA36160.1_Bacillus-sp.,BAA36160.1,cellobiose,NIMS,8,60,<0.1,below reported 0.1 conversion background; not numeric zero,0.1,3,NA,Bacteria,0.44190313600000003,1,expression_binary=1,true,10.1021/cb500244v,10.1021/cb500244v.s003,cb500244v_si_003.xlsx,Sheet1,556,E,E556
BAA36160.1_Bacillus-sp.,BAA36160.1,lactose,NIMS,8,60,<0.1,below reported 0.1 conversion background; not numeric zero,0.1,3,NA,Bacteria,0.44190313600000003,1,expression_binary=1,true,10.1021/cb500244v,10.1021/cb500244v.s003,cb500244v_si_003.xlsx,Sheet1,556,F,F556
BAA36160.1_Bacillus-sp.,BAA36160.1,xylobiose,NIMS,8,80,<0.1,below reported 0.1 conversion background; not numeric zero,0.1,3,NA,Bacteria,0.44190313600000003,1,expression_binary=1,true,10.1021/cb500244v,10.1021/cb500244v.s003,cb500244v_si_003.xlsx,Sheet1,557,D,D557
BAA36160.1_Bacillus-sp.,BAA36160.1,cellobiose,NIMS,8,80,<0.1,below reported 0.1 conversion background; not numeric zero,0.1,3,NA,Bacteria,0.44190313600000003,1,expression_binary=1,true,10.1021/cb500244v,10.1021/cb500244v.s003,cb500244v_si_003.xlsx,Sheet1,557,E,E557
BAA36160.1_Bacillus-sp.,BAA36160.1,lactose,NIMS,8,80,<0.1,below reported 0.1 conversion background; not numeric zero,0.1,3,NA,Bacteria,0.44190313600000003,1,expression_binary=1,true,10.1021/cb500244v,10.1021/cb500244v.s003,cb500244v_si_003.xlsx,Sheet1,557,F,F557
BAA36160.1_Bacillus-sp.,BAA36160.1,xylobiose,NIMS,8,90,<0.1,below reported 0.1 conversion background; not numeric zero,0.1,3,NA,Bacteria,0.44190313600000003,1,expression_binary=1,true,10.1021/cb500244v,10.1021/cb500244v.s003,cb500244v_si_003.xlsx,Sheet1,558,D,D558
BAA36160.1_Bacillus-sp.,BAA36160.1,cellobiose,NIMS,8,90,<0.1,below reported 0.1 conversion background; not numeric zero,0.1,3,NA,Bacteria,0.44190313600000003,1,expression_binary=1,true,10.1021/cb500244v,10.1021/cb500244v.s003,cb500244v_si_003.xlsx,Sheet1,558,E,E558
BAA36160.1_Bacillus-sp.,BAA36160.1,lactose,NIMS,8,90,<0.1,below reported 0.1 conversion background; not numeric zero,0.1,3,NA,Bacteria,0.44190313600000003,1,expression_binary=1,true,10.1021/cb500244v,10.1021/cb500244v.s003,cb500244v_si_003.xlsx,Sheet1,558,F,F558
BAA74959.1_Trichoderma-reesei,BAA74959.1,xylobiose,NIMS,5,40,<0.1,below reported 0.1 conversion background; not numeric zero,0.1,3,NA,Eukaryota,0.07552499200000001,1,expression_binary=1,true,10.1021/cb500244v,10.1021/cb500244v.s003,cb500244v_si_003.xlsx,Sheet1,559,D,D559
BAA74959.1_Trichoderma-reesei,BAA74959.1,lactose,NIMS,5,40,<0.1,below reported 0.1 conversion background; not numeric zero,0.1,3,NA,Eukaryota,0.07552499200000001,1,expression_binary=1,true,10.1021/cb500244v,10.1021/cb500244v.s003,cb500244v_si_003.xlsx,Sheet1,559,F,F559
BAA74959.1_Trichoderma-reesei,BAA74959.1,xylobiose,NIMS,5,60,<0.1,below reported 0.1 conversion background; not numeric zero,0.1,3,NA,Eukaryota,0.07552499200000001,1,expression_binary=1,true,10.1021/cb500244v,10.1021/cb500244v.s003,cb500244v_si_003.xlsx,Sheet1,560,D,D560
BAA74959.1_Trichoderma-reesei,BAA74959.1,lactose,NIMS,5,60,<0.1,below reported 0.1 conversion background; not numeric zero,0.1,3,NA,Eukaryota,0.07552499200000001,1,expression_binary=1,true,10.1021/cb500244v,10.1021/cb500244v.s003,cb500244v_si_003.xlsx,Sheet1,560,F,F560
BAA74959.1_Trichoderma-reesei,BAA74959.1,xylobiose,NIMS,5,80,<0.1,below reported 0.1 conversion background; not numeric zero,0.1,3,NA,Eukaryota,0.07552499200000001,1,expression_binary=1,true,10.1021/cb500244v,10.1021/cb500244v.s003,cb500244v_si_003.xlsx,Sheet1,561,D,D561
BAA74959.1_Trichoderma-reesei,BAA74959.1,cellobiose,NIMS,5,80,<0.1,below reported 0.1 conversion background; not numeric zero,0.1,3,NA,Eukaryota,0.07552499200000001,1,expression_binary=1,true,10.1021/cb500244v,10.1021/cb500244v.s003,cb500244v_si_003.xlsx,Sheet1,561,E,E561
BAA74959.1_Trichoderma-reesei,BAA74959.1,lactose,NIMS,5,80,<0.1,below reported 0.1 conversion background; not numeric zero,0.1,3,NA,Eukaryota,0.07552499200000001,1,expression_binary=1,true,10.1021/cb500244v,10.1021/cb500244v.s003,cb500244v_si_003.xlsx,Sheet1,561,F,F561
BAA74959.1_Trichoderma-reesei,BAA74959.1,xylobiose,NIMS,5,90,<0.1,below reported 0.1 conversion background; not numeric zero,0.1,3,NA,Eukaryota,0.07552499200000001,1,expression_binary=1,true,10.1021/cb500244v,10.1021/cb500244v.s003,cb500244v_si_003.xlsx,Sheet1,562,D,D562
BAA74959.1_Trichoderma-reesei,BAA74959.1,cellobiose,NIMS,5,90,<0.1,below reported 0.1 conversion background; not numeric zero,0.1,3,NA,Eukaryota,0.07552499200000001,1,expression_binary=1,true,10.1021/cb500244v,10.1021/cb500244v.s003,cb500244v_si_003.xlsx,Sheet1,562,E,E562
BAA74959.1_Trichoderma-reesei,BAA74959.1,lactose,NIMS,5,90,<0.1,below reported 0.1 conversion background; not numeric zero,0.1,3,NA,Eukaryota,0.07552499200000001,1,expression_binary=1,true,10.1021/cb500244v,10.1021/cb500244v.s003,cb500244v_si_003.xlsx,Sheet1,562,F,F562
BAA74959.1_Trichoderma-reesei,BAA74959.1,xylobiose,NIMS,8,40,<0.1,below reported 0.1 conversion background; not numeric zero,0.1,3,NA,Eukaryota,0.07552499200000001,1,expression_binary=1,true,10.1021/cb500244v,10.1021/cb500244v.s003,cb500244v_si_003.xlsx,Sheet1,563,D,D563
BAA74959.1_Trichoderma-reesei,BAA74959.1,lactose,NIMS,8,40,<0.1,below reported 0.1 conversion background; not numeric zero,0.1,3,NA,Eukaryota,0.07552499200000001,1,expression_binary=1,true,10.1021/cb500244v,10.1021/cb500244v.s003,cb500244v_si_003.xlsx,Sheet1,563,F,F563
BAA74959.1_Trichoderma-reesei,BAA74959.1,xylobiose,NIMS,8,60,<0.1,below reported 0.1 conversion background; not numeric zero,0.1,3,NA,Eukaryota,0.07552499200000001,1,expression_binary=1,true,10.1021/cb500244v,10.1021/cb500244v.s003,cb500244v_si_003.xlsx,Sheet1,564,D,D564
BAA74959.1_Trichoderma-reesei,BAA74959.1,lactose,NIMS,8,60,<0.1,below reported 0.1 conversion background; not numeric zero,0.1,3,NA,Eukaryota,0.07552499200000001,1,expression_binary=1,true,10.1021/cb500244v,10.1021/cb500244v.s003,cb500244v_si_003.xlsx,Sheet1,564,F,F564
BAA74959.1_Trichoderma-reesei,BAA74959.1,xylobiose,NIMS,8,80,<0.1,below reported 0.1 conversion background; not numeric zero,0.1,3,NA,Eukaryota,0.07552499200000001,1,expression_binary=1,true,10.1021/cb500244v,10.1021/cb500244v.s003,cb500244v_si_003.xlsx,Sheet1,565,D,D565
BAA74959.1_Trichoderma-reesei,BAA74959.1,cellobiose,NIMS,8,80,<0.1,below reported 0.1 conversion background; not numeric zero,0.1,3,NA,Eukaryota,0.07552499200000001,1,expression_binary=1,true,10.1021/cb500244v,10.1021/cb500244v.s003,cb500244v_si_003.xlsx,Sheet1,565,E,E565
BAA74959.1_Trichoderma-reesei,BAA74959.1,lactose,NIMS,8,80,<0.1,below reported 0.1 conversion background; not numeric zero,0.1,3,NA,Eukaryota,0.07552499200000001,1,expression_binary=1,true,10.1021/cb500244v,10.1021/cb500244v.s003,cb500244v_si_003.xlsx,Sheet1,565,F,F565
BAA74959.1_Trichoderma-reesei,BAA74959.1,xylobiose,NIMS,8,90,<0.1,below reported 0.1 conversion background; not numeric zero,0.1,3,NA,Eukaryota,0.07552499200000001,1,expression_binary=1,true,10.1021/cb500244v,10.1021/cb500244v.s003,cb500244v_si_003.xlsx,Sheet1,566,D,D566
BAA74959.1_Trichoderma-reesei,BAA74959.1,cellobiose,NIMS,8,90,<0.1,below reported 0.1 conversion background; not numeric zero,0.1,3,NA,Eukaryota,0.07552499200000001,1,expression_binary=1,true,10.1021/cb500244v,10.1021/cb500244v.s003,cb500244v_si_003.xlsx,Sheet1,566,E,E566
BAA74959.1_Trichoderma-reesei,BAA74959.1,lactose,NIMS,8,90,<0.1,below reported 0.1 conversion background; not numeric zero,0.1,3,NA,Eukaryota,0.07552499200000001,1,expression_binary=1,true,10.1021/cb500244v,10.1021/cb500244v.s003,cb500244v_si_003.xlsx,Sheet1,566,F,F566
BAB05642.1_Bacillus-halodurans-C-125,BAB05642.1,xylobiose,NIMS,5,40,<0.1,below reported 0.1 conversion background; not numeric zero,0.1,3,NA,Bacteria,0.21732892266666667,1,expression_binary=1,true,10.1021/cb500244v,10.1021/cb500244v.s003,cb500244v_si_003.xlsx,Sheet1,567,D,D567
BAB05642.1_Bacillus-halodurans-C-125,BAB05642.1,xylobiose,NIMS,5,60,<0.1,below reported 0.1 conversion background; not numeric zero,0.1,3,NA,Bacteria,0.21732892266666667,1,expression_binary=1,true,10.1021/cb500244v,10.1021/cb500244v.s003,cb500244v_si_003.xlsx,Sheet1,568,D,D568
BAB05642.1_Bacillus-halodurans-C-125,BAB05642.1,cellobiose,NIMS,5,60,<0.1,below reported 0.1 conversion background; not numeric zero,0.1,3,NA,Bacteria,0.21732892266666667,1,expression_binary=1,true,10.1021/cb500244v,10.1021/cb500244v.s003,cb500244v_si_003.xlsx,Sheet1,568,E,E568
BAB05642.1_Bacillus-halodurans-C-125,BAB05642.1,lactose,NIMS,5,60,<0.1,below reported 0.1 conversion background; not numeric zero,0.1,3,NA,Bacteria,0.21732892266666667,1,expression_binary=1,true,10.1021/cb500244v,10.1021/cb500244v.s003,cb500244v_si_003.xlsx,Sheet1,568,F,F568
BAB05642.1_Bacillus-halodurans-C-125,BAB05642.1,xylobiose,NIMS,5,80,<0.1,below reported 0.1 conversion background; not numeric zero,0.1,3,NA,Bacteria,0.21732892266666667,1,expression_binary=1,true,10.1021/cb500244v,10.1021/cb500244v.s003,cb500244v_si_003.xlsx,Sheet1,569,D,D569
BAB05642.1_Bacillus-halodurans-C-125,BAB05642.1,cellobiose,NIMS,5,80,<0.1,below reported 0.1 conversion background; not numeric zero,0.1,3,NA,Bacteria,0.21732892266666667,1,expression_binary=1,true,10.1021/cb500244v,10.1021/cb500244v.s003,cb500244v_si_003.xlsx,Sheet1,569,E,E569
BAB05642.1_Bacillus-halodurans-C-125,BAB05642.1,lactose,NIMS,5,80,<0.1,below reported 0.1 conversion background; not numeric zero,0.1,3,NA,Bacteria,0.21732892266666667,1,expression_binary=1,true,10.1021/cb500244v,10.1021/cb500244v.s003,cb500244v_si_003.xlsx,Sheet1,569,F,F569
BAB05642.1_Bacillus-halodurans-C-125,BAB05642.1,xylobiose,NIMS,5,90,<0.1,below reported 0.1 conversion background; not numeric zero,0.1,3,NA,Bacteria,0.21732892266666667,1,expression_binary=1,true,10.1021/cb500244v,10.1021/cb500244v.s003,cb500244v_si_003.xlsx,Sheet1,570,D,D570
BAB05642.1_Bacillus-halodurans-C-125,BAB05642.1,cellobiose,NIMS,5,90,<0.1,below reported 0.1 conversion background; not numeric zero,0.1,3,NA,Bacteria,0.21732892266666667,1,expression_binary=1,true,10.1021/cb500244v,10.1021/cb500244v.s003,cb500244v_si_003.xlsx,Sheet1,570,E,E570
BAB05642.1_Bacillus-halodurans-C-125,BAB05642.1,lactose,NIMS,5,90,<0.1,below reported 0.1 conversion background; not numeric zero,0.1,3,NA,Bacteria,0.21732892266666667,1,expression_binary=1,true,10.1021/cb500244v,10.1021/cb500244v.s003,cb500244v_si_003.xlsx,Sheet1,570,F,F570
BAB05642.1_Bacillus-halodurans-C-125,BAB05642.1,xylobiose,NIMS,8,40,<0.1,below reported 0.1 conversion background; not numeric zero,0.1,3,NA,Bacteria,0.21732892266666667,1,expression_binary=1,true,10.1021/cb500244v,10.1021/cb500244v.s003,cb500244v_si_003.xlsx,Sheet1,571,D,D571
BAB05642.1_Bacillus-halodurans-C-125,BAB05642.1,xylobiose,NIMS,8,60,<0.1,below reported 0.1 conversion background; not numeric zero,0.1,3,NA,Bacteria,0.21732892266666667,1,expression_binary=1,true,10.1021/cb500244v,10.1021/cb500244v.s003,cb500244v_si_003.xlsx,Sheet1,572,D,D572
BAB05642.1_Bacillus-halodurans-C-125,BAB05642.1,cellobiose,NIMS,8,60,<0.1,below reported 0.1 conversion background; not numeric zero,0.1,3,NA,Bacteria,0.21732892266666667,1,expression_binary=1,true,10.1021/cb500244v,10.1021/cb500244v.s003,cb500244v_si_003.xlsx,Sheet1,572,E,E572
BAB05642.1_Bacillus-halodurans-C-125,BAB05642.1,lactose,NIMS,8,60,<0.1,below reported 0.1 conversion background; not numeric zero,0.1,3,NA,Bacteria,0.21732892266666667,1,expression_binary=1,true,10.1021/cb500244v,10.1021/cb500244v.s003,cb500244v_si_003.xlsx,Sheet1,572,F,F572
BAB05642.1_Bacillus-halodurans-C-125,BAB05642.1,xylobiose,NIMS,8,80,<0.1,below reported 0.1 conversion background; not numeric zero,0.1,3,NA,Bacteria,0.21732892266666667,1,expression_binary=1,true,10.1021/cb500244v,10.1021/cb500244v.s003,cb500244v_si_003.xlsx,Sheet1,573,D,D573
BAB05642.1_Bacillus-halodurans-C-125,BAB05642.1,cellobiose,NIMS,8,80,<0.1,below reported 0.1 conversion background; not numeric zero,0.1,3,NA,Bacteria,0.21732892266666667,1,expression_binary=1,true,10.1021/cb500244v,10.1021/cb500244v.s003,cb500244v_si_003.xlsx,Sheet1,573,E,E573
BAB05642.1_Bacillus-halodurans-C-125,BAB05642.1,lactose,NIMS,8,80,<0.1,below reported 0.1 conversion background; not numeric zero,0.1,3,NA,Bacteria,0.21732892266666667,1,expression_binary=1,true,10.1021/cb500244v,10.1021/cb500244v.s003,cb500244v_si_003.xlsx,Sheet1,573,F,F573
BAB05642.1_Bacillus-halodurans-C-125,BAB05642.1,xylobiose,NIMS,8,90,<0.1,below reported 0.1 conversion background; not numeric zero,0.1,3,NA,Bacteria,0.21732892266666667,1,expression_binary=1,true,10.1021/cb500244v,10.1021/cb500244v.s003,cb500244v_si_003.xlsx,Sheet1,574,D,D574
BAB05642.1_Bacillus-halodurans-C-125,BAB05642.1,cellobiose,NIMS,8,90,<0.1,below reported 0.1 conversion background; not numeric zero,0.1,3,NA,Bacteria,0.21732892266666667,1,expression_binary=1,true,10.1021/cb500244v,10.1021/cb500244v.s003,cb500244v_si_003.xlsx,Sheet1,574,E,E574
BAB05642.1_Bacillus-halodurans-C-125,BAB05642.1,lactose,NIMS,8,90,<0.1,below reported 0.1 conversion background; not numeric zero,0.1,3,NA,Bacteria,0.21732892266666667,1,expression_binary=1,true,10.1021/cb500244v,10.1021/cb500244v.s003,cb500244v_si_003.xlsx,Sheet1,574,F,F574
BAB59827.1_Thermoplasma-volcanium-GSS1,BAB59827.1,xylobiose,NIMS,5,40,<0.1,below reported 0.1 conversion background; not numeric zero,0.1,3,NA,Archaea,0.39938303199999997,1,expression_binary=1,true,10.1021/cb500244v,10.1021/cb500244v.s003,cb500244v_si_003.xlsx,Sheet1,575,D,D575
BAB59827.1_Thermoplasma-volcanium-GSS1,BAB59827.1,xylobiose,NIMS,5,60,<0.1,below reported 0.1 conversion background; not numeric zero,0.1,3,NA,Archaea,0.39938303199999997,1,expression_binary=1,true,10.1021/cb500244v,10.1021/cb500244v.s003,cb500244v_si_003.xlsx,Sheet1,576,D,D576
BAB59827.1_Thermoplasma-volcanium-GSS1,BAB59827.1,xylobiose,NIMS,5,80,<0.1,below reported 0.1 conversion background; not numeric zero,0.1,3,NA,Archaea,0.39938303199999997,1,expression_binary=1,true,10.1021/cb500244v,10.1021/cb500244v.s003,cb500244v_si_003.xlsx,Sheet1,577,D,D577
BAB59827.1_Thermoplasma-volcanium-GSS1,BAB59827.1,xylobiose,NIMS,5,90,<0.1,below reported 0.1 conversion background; not numeric zero,0.1,3,NA,Archaea,0.39938303199999997,1,expression_binary=1,true,10.1021/cb500244v,10.1021/cb500244v.s003,cb500244v_si_003.xlsx,Sheet1,578,D,D578
BAB59827.1_Thermoplasma-volcanium-GSS1,BAB59827.1,cellobiose,NIMS,5,90,<0.1,below reported 0.1 conversion background; not numeric zero,0.1,3,NA,Archaea,0.39938303199999997,1,expression_binary=1,true,10.1021/cb500244v,10.1021/cb500244v.s003,cb500244v_si_003.xlsx,Sheet1,578,E,E578
BAB59827.1_Thermoplasma-volcanium-GSS1,BAB59827.1,lactose,NIMS,5,90,<0.1,below reported 0.1 conversion background; not numeric zero,0.1,3,NA,Archaea,0.39938303199999997,1,expression_binary=1,true,10.1021/cb500244v,10.1021/cb500244v.s003,cb500244v_si_003.xlsx,Sheet1,578,F,F578
BAB59827.1_Thermoplasma-volcanium-GSS1,BAB59827.1,xylobiose,NIMS,8,40,<0.1,below reported 0.1 conversion background; not numeric zero,0.1,3,NA,Archaea,0.39938303199999997,1,expression_binary=1,true,10.1021/cb500244v,10.1021/cb500244v.s003,cb500244v_si_003.xlsx,Sheet1,579,D,D579
BAB59827.1_Thermoplasma-volcanium-GSS1,BAB59827.1,xylobiose,NIMS,8,60,<0.1,below reported 0.1 conversion background; not numeric zero,0.1,3,NA,Archaea,0.39938303199999997,1,expression_binary=1,true,10.1021/cb500244v,10.1021/cb500244v.s003,cb500244v_si_003.xlsx,Sheet1,580,D,D580
BAB59827.1_Thermoplasma-volcanium-GSS1,BAB59827.1,xylobiose,NIMS,8,80,<0.1,below reported 0.1 conversion background; not numeric zero,0.1,3,NA,Archaea,0.39938303199999997,1,expression_binary=1,true,10.1021/cb500244v,10.1021/cb500244v.s003,cb500244v_si_003.xlsx,Sheet1,581,D,D581
BAB59827.1_Thermoplasma-volcanium-GSS1,BAB59827.1,xylobiose,NIMS,8,90,<0.1,below reported 0.1 conversion background; not numeric zero,0.1,3,NA,Archaea,0.39938303199999997,1,expression_binary=1,true,10.1021/cb500244v,10.1021/cb500244v.s003,cb500244v_si_003.xlsx,Sheet1,582,D,D582
BAB59827.1_Thermoplasma-volcanium-GSS1,BAB59827.1,cellobiose,NIMS,8,90,<0.1,below reported 0.1 conversion background; not numeric zero,0.1,3,NA,Archaea,0.39938303199999997,1,expression_binary=1,true,10.1021/cb500244v,10.1021/cb500244v.s003,cb500244v_si_003.xlsx,Sheet1,582,E,E582
BAB59827.1_Thermoplasma-volcanium-GSS1,BAB59827.1,lactose,NIMS,8,90,<0.1,below reported 0.1 conversion background; not numeric zero,0.1,3,NA,Archaea,0.39938303199999997,1,expression_binary=1,true,10.1021/cb500244v,10.1021/cb500244v.s003,cb500244v_si_003.xlsx,Sheet1,582,F,F582
BAC14719.1_Oceanobacillus-iheyensis-HTE831,BAC14719.1,xylobiose,NIMS,5,40,<0.1,below reported 0.1 conversion background; not numeric zero,0.1,3,NA,Bacteria,0.11919505600000001,1,expression_binary=1,true,10.1021/cb500244v,10.1021/cb500244v.s003,cb500244v_si_003.xlsx,Sheet1,583,D,D583
BAC14719.1_Oceanobacillus-iheyensis-HTE831,BAC14719.1,cellobiose,NIMS,5,40,<0.1,below reported 0.1 conversion background; not numeric zero,0.1,3,NA,Bacteria,0.11919505600000001,1,expression_binary=1,true,10.1021/cb500244v,10.1021/cb500244v.s003,cb500244v_si_003.xlsx,Sheet1,583,E,E583
BAC14719.1_Oceanobacillus-iheyensis-HTE831,BAC14719.1,lactose,NIMS,5,40,<0.1,below reported 0.1 conversion background; not numeric zero,0.1,3,NA,Bacteria,0.11919505600000001,1,expression_binary=1,true,10.1021/cb500244v,10.1021/cb500244v.s003,cb500244v_si_003.xlsx,Sheet1,583,F,F583
BAC14719.1_Oceanobacillus-iheyensis-HTE831,BAC14719.1,xylobiose,NIMS,5,60,<0.1,below reported 0.1 conversion background; not numeric zero,0.1,3,NA,Bacteria,0.11919505600000001,1,expression_binary=1,true,10.1021/cb500244v,10.1021/cb500244v.s003,cb500244v_si_003.xlsx,Sheet1,584,D,D584
BAC14719.1_Oceanobacillus-iheyensis-HTE831,BAC14719.1,cellobiose,NIMS,5,60,<0.1,below reported 0.1 conversion background; not numeric zero,0.1,3,NA,Bacteria,0.11919505600000001,1,expression_binary=1,true,10.1021/cb500244v,10.1021/cb500244v.s003,cb500244v_si_003.xlsx,Sheet1,584,E,E584
BAC14719.1_Oceanobacillus-iheyensis-HTE831,BAC14719.1,lactose,NIMS,5,60,<0.1,below reported 0.1 conversion background; not numeric zero,0.1,3,NA,Bacteria,0.11919505600000001,1,expression_binary=1,true,10.1021/cb500244v,10.1021/cb500244v.s003,cb500244v_si_003.xlsx,Sheet1,584,F,F584
BAC14719.1_Oceanobacillus-iheyensis-HTE831,BAC14719.1,xylobiose,NIMS,5,80,<0.1,below reported 0.1 conversion background; not numeric zero,0.1,3,NA,Bacteria,0.11919505600000001,1,expression_binary=1,true,10.1021/cb500244v,10.1021/cb500244v.s003,cb500244v_si_003.xlsx,Sheet1,585,D,D585
BAC14719.1_Oceanobacillus-iheyensis-HTE831,BAC14719.1,cellobiose,NIMS,5,80,<0.1,below reported 0.1 conversion background; not numeric zero,0.1,3,NA,Bacteria,0.11919505600000001,1,expression_binary=1,true,10.1021/cb500244v,10.1021/cb500244v.s003,cb500244v_si_003.xlsx,Sheet1,585,E,E585
BAC14719.1_Oceanobacillus-iheyensis-HTE831,BAC14719.1,lactose,NIMS,5,80,<0.1,below reported 0.1 conversion background; not numeric zero,0.1,3,NA,Bacteria,0.11919505600000001,1,expression_binary=1,true,10.1021/cb500244v,10.1021/cb500244v.s003,cb500244v_si_003.xlsx,Sheet1,585,F,F585
BAC14719.1_Oceanobacillus-iheyensis-HTE831,BAC14719.1,xylobiose,NIMS,5,90,<0.1,below reported 0.1 conversion background; not numeric zero,0.1,3,NA,Bacteria,0.11919505600000001,1,expression_binary=1,true,10.1021/cb500244v,10.1021/cb500244v.s003,cb500244v_si_003.xlsx,Sheet1,586,D,D586
BAC14719.1_Oceanobacillus-iheyensis-HTE831,BAC14719.1,cellobiose,NIMS,5,90,<0.1,below reported 0.1 conversion background; not numeric zero,0.1,3,NA,Bacteria,0.11919505600000001,1,expression_binary=1,true,10.1021/cb500244v,10.1021/cb500244v.s003,cb500244v_si_003.xlsx,Sheet1,586,E,E586
BAC14719.1_Oceanobacillus-iheyensis-HTE831,BAC14719.1,lactose,NIMS,5,90,<0.1,below reported 0.1 conversion background; not numeric zero,0.1,3,NA,Bacteria,0.11919505600000001,1,expression_binary=1,true,10.1021/cb500244v,10.1021/cb500244v.s003,cb500244v_si_003.xlsx,Sheet1,586,F,F586
BAC14719.1_Oceanobacillus-iheyensis-HTE831,BAC14719.1,xylobiose,NIMS,8,40,<0.1,below reported 0.1 conversion background; not numeric zero,0.1,3,NA,Bacteria,0.11919505600000001,1,expression_binary=1,true,10.1021/cb500244v,10.1021/cb500244v.s003,cb500244v_si_003.xlsx,Sheet1,587,D,D587
BAC14719.1_Oceanobacillus-iheyensis-HTE831,BAC14719.1,cellobiose,NIMS,8,40,<0.1,below reported 0.1 conversion background; not numeric zero,0.1,3,NA,Bacteria,0.11919505600000001,1,expression_binary=1,true,10.1021/cb500244v,10.1021/cb500244v.s003,cb500244v_si_003.xlsx,Sheet1,587,E,E587
BAC14719.1_Oceanobacillus-iheyensis-HTE831,BAC14719.1,lactose,NIMS,8,40,<0.1,below reported 0.1 conversion background; not numeric zero,0.1,3,NA,Bacteria,0.11919505600000001,1,expression_binary=1,true,10.1021/cb500244v,10.1021/cb500244v.s003,cb500244v_si_003.xlsx,Sheet1,587,F,F587
BAC14719.1_Oceanobacillus-iheyensis-HTE831,BAC14719.1,xylobiose,NIMS,8,60,<0.1,below reported 0.1 conversion background; not numeric zero,0.1,3,NA,Bacteria,0.11919505600000001,1,expression_binary=1,true,10.1021/cb500244v,10.1021/cb500244v.s003,cb500244v_si_003.xlsx,Sheet1,588,D,D588
BAC14719.1_Oceanobacillus-iheyensis-HTE831,BAC14719.1,cellobiose,NIMS,8,60,<0.1,below reported 0.1 conversion background; not numeric zero,0.1,3,NA,Bacteria,0.11919505600000001,1,expression_binary=1,true,10.1021/cb500244v,10.1021/cb500244v.s003,cb500244v_si_003.xlsx,Sheet1,588,E,E588
BAC14719.1_Oceanobacillus-iheyensis-HTE831,BAC14719.1,lactose,NIMS,8,60,<0.1,below reported 0.1 conversion background; not numeric zero,0.1,3,NA,Bacteria,0.11919505600000001,1,expression_binary=1,true,10.1021/cb500244v,10.1021/cb500244v.s003,cb500244v_si_003.xlsx,Sheet1,588,F,F588
BAC14719.1_Oceanobacillus-iheyensis-HTE831,BAC14719.1,xylobiose,NIMS,8,80,<0.1,below reported 0.1 conversion background; not numeric zero,0.1,3,NA,Bacteria,0.11919505600000001,1,expression_binary=1,true,10.1021/cb500244v,10.1021/cb500244v.s003,cb500244v_si_003.xlsx,Sheet1,589,D,D589
BAC14719.1_Oceanobacillus-iheyensis-HTE831,BAC14719.1,cellobiose,NIMS,8,80,<0.1,below reported 0.1 conversion background; not numeric zero,0.1,3,NA,Bacteria,0.11919505600000001,1,expression_binary=1,true,10.1021/cb500244v,10.1021/cb500244v.s003,cb500244v_si_003.xlsx,Sheet1,589,E,E589
BAC14719.1_Oceanobacillus-iheyensis-HTE831,BAC14719.1,lactose,NIMS,8,80,<0.1,below reported 0.1 conversion background; not numeric zero,0.1,3,NA,Bacteria,0.11919505600000001,1,expression_binary=1,true,10.1021/cb500244v,10.1021/cb500244v.s003,cb500244v_si_003.xlsx,Sheet1,589,F,F589
BAC14719.1_Oceanobacillus-iheyensis-HTE831,BAC14719.1,xylobiose,NIMS,8,90,<0.1,below reported 0.1 conversion background; not numeric zero,0.1,3,NA,Bacteria,0.11919505600000001,1,expression_binary=1,true,10.1021/cb500244v,10.1021/cb500244v.s003,cb500244v_si_003.xlsx,Sheet1,590,D,D590
BAC14719.1_Oceanobacillus-iheyensis-HTE831,BAC14719.1,cellobiose,NIMS,8,90,<0.1,below reported 0.1 conversion background; not numeric zero,0.1,3,NA,Bacteria,0.11919505600000001,1,expression_binary=1,true,10.1021/cb500244v,10.1021/cb500244v.s003,cb500244v_si_003.xlsx,Sheet1,590,E,E590
BAC14719.1_Oceanobacillus-iheyensis-HTE831,BAC14719.1,lactose,NIMS,8,90,<0.1,below reported 0.1 conversion background; not numeric zero,0.1,3,NA,Bacteria,0.11919505600000001,1,expression_binary=1,true,10.1021/cb500244v,10.1021/cb500244v.s003,cb500244v_si_003.xlsx,Sheet1,590,F,F590
BAC96154.1_Vibrio-vulnificus-YJ016,BAC96154.1,xylobiose,NIMS,5,40,<0.1,below reported 0.1 conversion background; not numeric zero,0.1,3,NA,Bacteria,0.7501281333333333,1,expression_binary=1,true,10.1021/cb500244v,10.1021/cb500244v.s003,cb500244v_si_003.xlsx,Sheet1,591,D,D591
BAC96154.1_Vibrio-vulnificus-YJ016,BAC96154.1,xylobiose,NIMS,5,60,<0.1,below reported 0.1 conversion background; not numeric zero,0.1,3,NA,Bacteria,0.7501281333333333,1,expression_binary=1,true,10.1021/cb500244v,10.1021/cb500244v.s003,cb500244v_si_003.xlsx,Sheet1,592,D,D592
BAC96154.1_Vibrio-vulnificus-YJ016,BAC96154.1,cellobiose,NIMS,5,60,<0.1,below reported 0.1 conversion background; not numeric zero,0.1,3,NA,Bacteria,0.7501281333333333,1,expression_binary=1,true,10.1021/cb500244v,10.1021/cb500244v.s003,cb500244v_si_003.xlsx,Sheet1,592,E,E592
BAC96154.1_Vibrio-vulnificus-YJ016,BAC96154.1,lactose,NIMS,5,60,<0.1,below reported 0.1 conversion background; not numeric zero,0.1,3,NA,Bacteria,0.7501281333333333,1,expression_binary=1,true,10.1021/cb500244v,10.1021/cb500244v.s003,cb500244v_si_003.xlsx,Sheet1,592,F,F592
BAC96154.1_Vibrio-vulnificus-YJ016,BAC96154.1,xylobiose,NIMS,5,80,<0.1,below reported 0.1 conversion background; not numeric zero,0.1,3,NA,Bacteria,0.7501281333333333,1,expression_binary=1,true,10.1021/cb500244v,10.1021/cb500244v.s003,cb500244v_si_003.xlsx,Sheet1,593,D,D593
BAC96154.1_Vibrio-vulnificus-YJ016,BAC96154.1,cellobiose,NIMS,5,80,<0.1,below reported 0.1 conversion background; not numeric zero,0.1,3,NA,Bacteria,0.7501281333333333,1,expression_binary=1,true,10.1021/cb500244v,10.1021/cb500244v.s003,cb500244v_si_003.xlsx,Sheet1,593,E,E593
BAC96154.1_Vibrio-vulnificus-YJ016,BAC96154.1,lactose,NIMS,5,80,<0.1,below reported 0.1 conversion background; not numeric zero,0.1,3,NA,Bacteria,0.7501281333333333,1,expression_binary=1,true,10.1021/cb500244v,10.1021/cb500244v.s003,cb500244v_si_003.xlsx,Sheet1,593,F,F593
BAC96154.1_Vibrio-vulnificus-YJ016,BAC96154.1,xylobiose,NIMS,5,90,<0.1,below reported 0.1 conversion background; not numeric zero,0.1,3,NA,Bacteria,0.7501281333333333,1,expression_binary=1,true,10.1021/cb500244v,10.1021/cb500244v.s003,cb500244v_si_003.xlsx,Sheet1,594,D,D594
BAC96154.1_Vibrio-vulnificus-YJ016,BAC96154.1,cellobiose,NIMS,5,90,<0.1,below reported 0.1 conversion background; not numeric zero,0.1,3,NA,Bacteria,0.7501281333333333,1,expression_binary=1,true,10.1021/cb500244v,10.1021/cb500244v.s003,cb500244v_si_003.xlsx,Sheet1,594,E,E594
BAC96154.1_Vibrio-vulnificus-YJ016,BAC96154.1,lactose,NIMS,5,90,<0.1,below reported 0.1 conversion background; not numeric zero,0.1,3,NA,Bacteria,0.7501281333333333,1,expression_binary=1,true,10.1021/cb500244v,10.1021/cb500244v.s003,cb500244v_si_003.xlsx,Sheet1,594,F,F594
BAC96154.1_Vibrio-vulnificus-YJ016,BAC96154.1,xylobiose,NIMS,8,40,<0.1,below reported 0.1 conversion background; not numeric zero,0.1,3,NA,Bacteria,0.7501281333333333,1,expression_binary=1,true,10.1021/cb500244v,10.1021/cb500244v.s003,cb500244v_si_003.xlsx,Sheet1,595,D,D595
BAC96154.1_Vibrio-vulnificus-YJ016,BAC96154.1,xylobiose,NIMS,8,60,<0.1,below reported 0.1 conversion background; not numeric zero,0.1,3,NA,Bacteria,0.7501281333333333,1,expression_binary=1,true,10.1021/cb500244v,10.1021/cb500244v.s003,cb500244v_si_003.xlsx,Sheet1,596,D,D596
BAC96154.1_Vibrio-vulnificus-YJ016,BAC96154.1,cellobiose,NIMS,8,60,<0.1,below reported 0.1 conversion background; not numeric zero,0.1,3,NA,Bacteria,0.7501281333333333,1,expression_binary=1,true,10.1021/cb500244v,10.1021/cb500244v.s003,cb500244v_si_003.xlsx,Sheet1,596,E,E596
BAC96154.1_Vibrio-vulnificus-YJ016,BAC96154.1,lactose,NIMS,8,60,<0.1,below reported 0.1 conversion background; not numeric zero,0.1,3,NA,Bacteria,0.7501281333333333,1,expression_binary=1,true,10.1021/cb500244v,10.1021/cb500244v.s003,cb500244v_si_003.xlsx,Sheet1,596,F,F596
BAC96154.1_Vibrio-vulnificus-YJ016,BAC96154.1,xylobiose,NIMS,8,80,<0.1,below reported 0.1 conversion background; not numeric zero,0.1,3,NA,Bacteria,0.7501281333333333,1,expression_binary=1,true,10.1021/cb500244v,10.1021/cb500244v.s003,cb500244v_si_003.xlsx,Sheet1,597,D,D597
BAC96154.1_Vibrio-vulnificus-YJ016,BAC96154.1,cellobiose,NIMS,8,80,<0.1,below reported 0.1 conversion background; not numeric zero,0.1,3,NA,Bacteria,0.7501281333333333,1,expression_binary=1,true,10.1021/cb500244v,10.1021/cb500244v.s003,cb500244v_si_003.xlsx,Sheet1,597,E,E597
BAC96154.1_Vibrio-vulnificus-YJ016,BAC96154.1,lactose,NIMS,8,80,<0.1,below reported 0.1 conversion background; not numeric zero,0.1,3,NA,Bacteria,0.7501281333333333,1,expression_binary=1,true,10.1021/cb500244v,10.1021/cb500244v.s003,cb500244v_si_003.xlsx,Sheet1,597,F,F597
BAC96154.1_Vibrio-vulnificus-YJ016,BAC96154.1,xylobiose,NIMS,8,90,<0.1,below reported 0.1 conversion background; not numeric zero,0.1,3,NA,Bacteria,0.7501281333333333,1,expression_binary=1,true,10.1021/cb500244v,10.1021/cb500244v.s003,cb500244v_si_003.xlsx,Sheet1,598,D,D598
BAC96154.1_Vibrio-vulnificus-YJ016,BAC96154.1,cellobiose,NIMS,8,90,<0.1,below reported 0.1 conversion background; not numeric zero,0.1,3,NA,Bacteria,0.7501281333333333,1,expression_binary=1,true,10.1021/cb500244v,10.1021/cb500244v.s003,cb500244v_si_003.xlsx,Sheet1,598,E,E598
BAC96154.1_Vibrio-vulnificus-YJ016,BAC96154.1,lactose,NIMS,8,90,<0.1,below reported 0.1 conversion background; not numeric zero,0.1,3,NA,Bacteria,0.7501281333333333,1,expression_binary=1,true,10.1021/cb500244v,10.1021/cb500244v.s003,cb500244v_si_003.xlsx,Sheet1,598,F,F598
BAD63025.1_Bacillus-clausii-KSM-K16,BAD63025.1,xylobiose,NIMS,5,40,<0.1,below reported 0.1 conversion background; not numeric zero,0.1,3,NA,Bacteria,0.001,0,expression_binary=0,false,10.1021/cb500244v,10.1021/cb500244v.s003,cb500244v_si_003.xlsx,Sheet1,599,D,D599
BAD63025.1_Bacillus-clausii-KSM-K16,BAD63025.1,cellobiose,NIMS,5,40,<0.1,below reported 0.1 conversion background; not numeric zero,0.1,3,NA,Bacteria,0.001,0,expression_binary=0,false,10.1021/cb500244v,10.1021/cb500244v.s003,cb500244v_si_003.xlsx,Sheet1,599,E,E599
BAD63025.1_Bacillus-clausii-KSM-K16,BAD63025.1,lactose,NIMS,5,40,<0.1,below reported 0.1 conversion background; not numeric zero,0.1,3,NA,Bacteria,0.001,0,expression_binary=0,false,10.1021/cb500244v,10.1021/cb500244v.s003,cb500244v_si_003.xlsx,Sheet1,599,F,F599
BAD63025.1_Bacillus-clausii-KSM-K16,BAD63025.1,xylobiose,NIMS,5,60,<0.1,below reported 0.1 conversion background; not numeric zero,0.1,3,NA,Bacteria,0.001,0,expression_binary=0,false,10.1021/cb500244v,10.1021/cb500244v.s003,cb500244v_si_003.xlsx,Sheet1,600,D,D600
BAD63025.1_Bacillus-clausii-KSM-K16,BAD63025.1,cellobiose,NIMS,5,60,<0.1,below reported 0.1 conversion background; not numeric zero,0.1,3,NA,Bacteria,0.001,0,expression_binary=0,false,10.1021/cb500244v,10.1021/cb500244v.s003,cb500244v_si_003.xlsx,Sheet1,600,E,E600
BAD63025.1_Bacillus-clausii-KSM-K16,BAD63025.1,lactose,NIMS,5,60,<0.1,below reported 0.1 conversion background; not numeric zero,0.1,3,NA,Bacteria,0.001,0,expression_binary=0,false,10.1021/cb500244v,10.1021/cb500244v.s003,cb500244v_si_003.xlsx,Sheet1,600,F,F600
BAD63025.1_Bacillus-clausii-KSM-K16,BAD63025.1,xylobiose,NIMS,5,80,<0.1,below reported 0.1 conversion background; not numeric zero,0.1,3,NA,Bacteria,0.001,0,expression_binary=0,false,10.1021/cb500244v,10.1021/cb500244v.s003,cb500244v_si_003.xlsx,Sheet1,601,D,D601
BAD63025.1_Bacillus-clausii-KSM-K16,BAD63025.1,cellobiose,NIMS,5,80,<0.1,below reported 0.1 conversion background; not numeric zero,0.1,3,NA,Bacteria,0.001,0,expression_binary=0,false,10.1021/cb500244v,10.1021/cb500244v.s003,cb500244v_si_003.xlsx,Sheet1,601,E,E601
BAD63025.1_Bacillus-clausii-KSM-K16,BAD63025.1,lactose,NIMS,5,80,<0.1,below reported 0.1 conversion background; not numeric zero,0.1,3,NA,Bacteria,0.001,0,expression_binary=0,false,10.1021/cb500244v,10.1021/cb500244v.s003,cb500244v_si_003.xlsx,Sheet1,601,F,F601
BAD63025.1_Bacillus-clausii-KSM-K16,BAD63025.1,xylobiose,NIMS,5,90,<0.1,below reported 0.1 conversion background; not numeric zero,0.1,3,NA,Bacteria,0.001,0,expression_binary=0,false,10.1021/cb500244v,10.1021/cb500244v.s003,cb500244v_si_003.xlsx,Sheet1,602,D,D602
BAD63025.1_Bacillus-clausii-KSM-K16,BAD63025.1,cellobiose,NIMS,5,90,<0.1,below reported 0.1 conversion background; not numeric zero,0.1,3,NA,Bacteria,0.001,0,expression_binary=0,false,10.1021/cb500244v,10.1021/cb500244v.s003,cb500244v_si_003.xlsx,Sheet1,602,E,E602
BAD63025.1_Bacillus-clausii-KSM-K16,BAD63025.1,lactose,NIMS,5,90,<0.1,below reported 0.1 conversion background; not numeric zero,0.1,3,NA,Bacteria,0.001,0,expression_binary=0,false,10.1021/cb500244v,10.1021/cb500244v.s003,cb500244v_si_003.xlsx,Sheet1,602,F,F602
BAD63025.1_Bacillus-clausii-KSM-K16,BAD63025.1,xylobiose,NIMS,8,40,<0.1,below reported 0.1 conversion background; not numeric zero,0.1,3,NA,Bacteria,0.001,0,expression_binary=0,false,10.1021/cb500244v,10.1021/cb500244v.s003,cb500244v_si_003.xlsx,Sheet1,603,D,D603
BAD63025.1_Bacillus-clausii-KSM-K16,BAD63025.1,cellobiose,NIMS,8,40,<0.1,below reported 0.1 conversion background; not numeric zero,0.1,3,NA,Bacteria,0.001,0,expression_binary=0,false,10.1021/cb500244v,10.1021/cb500244v.s003,cb500244v_si_003.xlsx,Sheet1,603,E,E603
BAD63025.1_Bacillus-clausii-KSM-K16,BAD63025.1,lactose,NIMS,8,40,<0.1,below reported 0.1 conversion background; not numeric zero,0.1,3,NA,Bacteria,0.001,0,expression_binary=0,false,10.1021/cb500244v,10.1021/cb500244v.s003,cb500244v_si_003.xlsx,Sheet1,603,F,F603
BAD63025.1_Bacillus-clausii-KSM-K16,BAD63025.1,xylobiose,NIMS,8,60,<0.1,below reported 0.1 conversion background; not numeric zero,0.1,3,NA,Bacteria,0.001,0,expression_binary=0,false,10.1021/cb500244v,10.1021/cb500244v.s003,cb500244v_si_003.xlsx,Sheet1,604,D,D604
BAD63025.1_Bacillus-clausii-KSM-K16,BAD63025.1,cellobiose,NIMS,8,60,<0.1,below reported 0.1 conversion background; not numeric zero,0.1,3,NA,Bacteria,0.001,0,expression_binary=0,false,10.1021/cb500244v,10.1021/cb500244v.s003,cb500244v_si_003.xlsx,Sheet1,604,E,E604
BAD63025.1_Bacillus-clausii-KSM-K16,BAD63025.1,lactose,NIMS,8,60,<0.1,below reported 0.1 conversion background; not numeric zero,0.1,3,NA,Bacteria,0.001,0,expression_binary=0,false,10.1021/cb500244v,10.1021/cb500244v.s003,cb500244v_si_003.xlsx,Sheet1,604,F,F604
BAD63025.1_Bacillus-clausii-KSM-K16,BAD63025.1,xylobiose,NIMS,8,80,<0.1,below reported 0.1 conversion background; not numeric zero,0.1,3,NA,Bacteria,0.001,0,expression_binary=0,false,10.1021/cb500244v,10.1021/cb500244v.s003,cb500244v_si_003.xlsx,Sheet1,605,D,D605
BAD63025.1_Bacillus-clausii-KSM-K16,BAD63025.1,cellobiose,NIMS,8,80,<0.1,below reported 0.1 conversion background; not numeric zero,0.1,3,NA,Bacteria,0.001,0,expression_binary=0,false,10.1021/cb500244v,10.1021/cb500244v.s003,cb500244v_si_003.xlsx,Sheet1,605,E,E605
BAD63025.1_Bacillus-clausii-KSM-K16,BAD63025.1,lactose,NIMS,8,80,<0.1,below reported 0.1 conversion background; not numeric zero,0.1,3,NA,Bacteria,0.001,0,expression_binary=0,false,10.1021/cb500244v,10.1021/cb500244v.s003,cb500244v_si_003.xlsx,Sheet1,605,F,F605
BAD63025.1_Bacillus-clausii-KSM-K16,BAD63025.1,xylobiose,NIMS,8,90,<0.1,below reported 0.1 conversion background; not numeric zero,0.1,3,NA,Bacteria,0.001,0,expression_binary=0,false,10.1021/cb500244v,10.1021/cb500244v.s003,cb500244v_si_003.xlsx,Sheet1,606,D,D606
BAD63025.1_Bacillus-clausii-KSM-K16,BAD63025.1,cellobiose,NIMS,8,90,<0.1,below reported 0.1 conversion background; not numeric zero,0.1,3,NA,Bacteria,0.001,0,expression_binary=0,false,10.1021/cb500244v,10.1021/cb500244v.s003,cb500244v_si_003.xlsx,Sheet1,606,E,E606
BAD63025.1_Bacillus-clausii-KSM-K16,BAD63025.1,lactose,NIMS,8,90,<0.1,below reported 0.1 conversion background; not numeric zero,0.1,3,NA,Bacteria,0.001,0,expression_binary=0,false,10.1021/cb500244v,10.1021/cb500244v.s003,cb500244v_si_003.xlsx,Sheet1,606,F,F606
BAD76141.1_Geobacillus-kaustophilus-HTA426,BAD76141.1,xylobiose,NIMS,5,40,<0.1,below reported 0.1 conversion background; not numeric zero,0.1,3,NA,Bacteria,0.6337115306666667,1,expression_binary=1,true,10.1021/cb500244v,10.1021/cb500244v.s003,cb500244v_si_003.xlsx,Sheet1,607,D,D607
BAD76141.1_Geobacillus-kaustophilus-HTA426,BAD76141.1,cellobiose,NIMS,5,40,<0.1,below reported 0.1 conversion background; not numeric zero,0.1,3,NA,Bacteria,0.6337115306666667,1,expression_binary=1,true,10.1021/cb500244v,10.1021/cb500244v.s003,cb500244v_si_003.xlsx,Sheet1,607,E,E607
BAD76141.1_Geobacillus-kaustophilus-HTA426,BAD76141.1,lactose,NIMS,5,40,<0.1,below reported 0.1 conversion background; not numeric zero,0.1,3,NA,Bacteria,0.6337115306666667,1,expression_binary=1,true,10.1021/cb500244v,10.1021/cb500244v.s003,cb500244v_si_003.xlsx,Sheet1,607,F,F607
BAD76141.1_Geobacillus-kaustophilus-HTA426,BAD76141.1,xylobiose,NIMS,5,60,<0.1,below reported 0.1 conversion background; not numeric zero,0.1,3,NA,Bacteria,0.6337115306666667,1,expression_binary=1,true,10.1021/cb500244v,10.1021/cb500244v.s003,cb500244v_si_003.xlsx,Sheet1,608,D,D608
BAD76141.1_Geobacillus-kaustophilus-HTA426,BAD76141.1,cellobiose,NIMS,5,60,<0.1,below reported 0.1 conversion background; not numeric zero,0.1,3,NA,Bacteria,0.6337115306666667,1,expression_binary=1,true,10.1021/cb500244v,10.1021/cb500244v.s003,cb500244v_si_003.xlsx,Sheet1,608,E,E608
BAD76141.1_Geobacillus-kaustophilus-HTA426,BAD76141.1,lactose,NIMS,5,60,<0.1,below reported 0.1 conversion background; not numeric zero,0.1,3,NA,Bacteria,0.6337115306666667,1,expression_binary=1,true,10.1021/cb500244v,10.1021/cb500244v.s003,cb500244v_si_003.xlsx,Sheet1,608,F,F608
BAD76141.1_Geobacillus-kaustophilus-HTA426,BAD76141.1,xylobiose,NIMS,5,80,<0.1,below reported 0.1 conversion background; not numeric zero,0.1,3,NA,Bacteria,0.6337115306666667,1,expression_binary=1,true,10.1021/cb500244v,10.1021/cb500244v.s003,cb500244v_si_003.xlsx,Sheet1,609,D,D609
BAD76141.1_Geobacillus-kaustophilus-HTA426,BAD76141.1,cellobiose,NIMS,5,80,<0.1,below reported 0.1 conversion background; not numeric zero,0.1,3,NA,Bacteria,0.6337115306666667,1,expression_binary=1,true,10.1021/cb500244v,10.1021/cb500244v.s003,cb500244v_si_003.xlsx,Sheet1,609,E,E609
BAD76141.1_Geobacillus-kaustophilus-HTA426,BAD76141.1,lactose,NIMS,5,80,<0.1,below reported 0.1 conversion background; not numeric zero,0.1,3,NA,Bacteria,0.6337115306666667,1,expression_binary=1,true,10.1021/cb500244v,10.1021/cb500244v.s003,cb500244v_si_003.xlsx,Sheet1,609,F,F609
BAD76141.1_Geobacillus-kaustophilus-HTA426,BAD76141.1,xylobiose,NIMS,5,90,<0.1,below reported 0.1 conversion background; not numeric zero,0.1,3,NA,Bacteria,0.6337115306666667,1,expression_binary=1,true,10.1021/cb500244v,10.1021/cb500244v.s003,cb500244v_si_003.xlsx,Sheet1,610,D,D610
BAD76141.1_Geobacillus-kaustophilus-HTA426,BAD76141.1,cellobiose,NIMS,5,90,<0.1,below reported 0.1 conversion background; not numeric zero,0.1,3,NA,Bacteria,0.6337115306666667,1,expression_binary=1,true,10.1021/cb500244v,10.1021/cb500244v.s003,cb500244v_si_003.xlsx,Sheet1,610,E,E610
BAD76141.1_Geobacillus-kaustophilus-HTA426,BAD76141.1,lactose,NIMS,5,90,<0.1,below reported 0.1 conversion background; not numeric zero,0.1,3,NA,Bacteria,0.6337115306666667,1,expression_binary=1,true,10.1021/cb500244v,10.1021/cb500244v.s003,cb500244v_si_003.xlsx,Sheet1,610,F,F610
BAD76141.1_Geobacillus-kaustophilus-HTA426,BAD76141.1,xylobiose,NIMS,8,40,<0.1,below reported 0.1 conversion background; not numeric zero,0.1,3,NA,Bacteria,0.6337115306666667,1,expression_binary=1,true,10.1021/cb500244v,10.1021/cb500244v.s003,cb500244v_si_003.xlsx,Sheet1,611,D,D611
BAD76141.1_Geobacillus-kaustophilus-HTA426,BAD76141.1,cellobiose,NIMS,8,40,<0.1,below reported 0.1 conversion background; not numeric zero,0.1,3,NA,Bacteria,0.6337115306666667,1,expression_binary=1,true,10.1021/cb500244v,10.1021/cb500244v.s003,cb500244v_si_003.xlsx,Sheet1,611,E,E611
BAD76141.1_Geobacillus-kaustophilus-HTA426,BAD76141.1,lactose,NIMS,8,40,<0.1,below reported 0.1 conversion background; not numeric zero,0.1,3,NA,Bacteria,0.6337115306666667,1,expression_binary=1,true,10.1021/cb500244v,10.1021/cb500244v.s003,cb500244v_si_003.xlsx,Sheet1,611,F,F611
BAD76141.1_Geobacillus-kaustophilus-HTA426,BAD76141.1,xylobiose,NIMS,8,60,<0.1,below reported 0.1 conversion background; not numeric zero,0.1,3,NA,Bacteria,0.6337115306666667,1,expression_binary=1,true,10.1021/cb500244v,10.1021/cb500244v.s003,cb500244v_si_003.xlsx,Sheet1,612,D,D612
BAD76141.1_Geobacillus-kaustophilus-HTA426,BAD76141.1,cellobiose,NIMS,8,60,<0.1,below reported 0.1 conversion background; not numeric zero,0.1,3,NA,Bacteria,0.6337115306666667,1,expression_binary=1,true,10.1021/cb500244v,10.1021/cb500244v.s003,cb500244v_si_003.xlsx,Sheet1,612,E,E612
BAD76141.1_Geobacillus-kaustophilus-HTA426,BAD76141.1,lactose,NIMS,8,60,<0.1,below reported 0.1 conversion background; not numeric zero,0.1,3,NA,Bacteria,0.6337115306666667,1,expression_binary=1,true,10.1021/cb500244v,10.1021/cb500244v.s003,cb500244v_si_003.xlsx,Sheet1,612,F,F612
BAD76141.1_Geobacillus-kaustophilus-HTA426,BAD76141.1,xylobiose,NIMS,8,80,<0.1,below reported 0.1 conversion background; not numeric zero,0.1,3,NA,Bacteria,0.6337115306666667,1,expression_binary=1,true,10.1021/cb500244v,10.1021/cb500244v.s003,cb500244v_si_003.xlsx,Sheet1,613,D,D613
BAD76141.1_Geobacillus-kaustophilus-HTA426,BAD76141.1,cellobiose,NIMS,8,80,<0.1,below reported 0.1 conversion background; not numeric zero,0.1,3,NA,Bacteria,0.6337115306666667,1,expression_binary=1,true,10.1021/cb500244v,10.1021/cb500244v.s003,cb500244v_si_003.xlsx,Sheet1,613,E,E613
BAD76141.1_Geobacillus-kaustophilus-HTA426,BAD76141.1,lactose,NIMS,8,80,<0.1,below reported 0.1 conversion background; not numeric zero,0.1,3,NA,Bacteria,0.6337115306666667,1,expression_binary=1,true,10.1021/cb500244v,10.1021/cb500244v.s003,cb500244v_si_003.xlsx,Sheet1,613,F,F613
BAD76141.1_Geobacillus-kaustophilus-HTA426,BAD76141.1,xylobiose,NIMS,8,90,<0.1,below reported 0.1 conversion background; not numeric zero,0.1,3,NA,Bacteria,0.6337115306666667,1,expression_binary=1,true,10.1021/cb500244v,10.1021/cb500244v.s003,cb500244v_si_003.xlsx,Sheet1,614,D,D614
BAD76141.1_Geobacillus-kaustophilus-HTA426,BAD76141.1,cellobiose,NIMS,8,90,<0.1,below reported 0.1 conversion background; not numeric zero,0.1,3,NA,Bacteria,0.6337115306666667,1,expression_binary=1,true,10.1021/cb500244v,10.1021/cb500244v.s003,cb500244v_si_003.xlsx,Sheet1,614,E,E614
BAD76141.1_Geobacillus-kaustophilus-HTA426,BAD76141.1,lactose,NIMS,8,90,<0.1,below reported 0.1 conversion background; not numeric zero,0.1,3,NA,Bacteria,0.6337115306666667,1,expression_binary=1,true,10.1021/cb500244v,10.1021/cb500244v.s003,cb500244v_si_003.xlsx,Sheet1,614,F,F614
BAD76622.1_Geobacillus-kaustophilus-HTA426,BAD76622.1,xylobiose,NIMS,5,40,<0.1,below reported 0.1 conversion background; not numeric zero,0.1,3,NA,Bacteria,0.6069792773333333,1,expression_binary=1,true,10.1021/cb500244v,10.1021/cb500244v.s003,cb500244v_si_003.xlsx,Sheet1,615,D,D615
BAD76622.1_Geobacillus-kaustophilus-HTA426,BAD76622.1,cellobiose,NIMS,5,40,<0.1,below reported 0.1 conversion background; not numeric zero,0.1,3,NA,Bacteria,0.6069792773333333,1,expression_binary=1,true,10.1021/cb500244v,10.1021/cb500244v.s003,cb500244v_si_003.xlsx,Sheet1,615,E,E615
BAD76622.1_Geobacillus-kaustophilus-HTA426,BAD76622.1,lactose,NIMS,5,40,<0.1,below reported 0.1 conversion background; not numeric zero,0.1,3,NA,Bacteria,0.6069792773333333,1,expression_binary=1,true,10.1021/cb500244v,10.1021/cb500244v.s003,cb500244v_si_003.xlsx,Sheet1,615,F,F615
BAD76622.1_Geobacillus-kaustophilus-HTA426,BAD76622.1,xylobiose,NIMS,5,60,<0.1,below reported 0.1 conversion background; not numeric zero,0.1,3,NA,Bacteria,0.6069792773333333,1,expression_binary=1,true,10.1021/cb500244v,10.1021/cb500244v.s003,cb500244v_si_003.xlsx,Sheet1,616,D,D616
BAD76622.1_Geobacillus-kaustophilus-HTA426,BAD76622.1,cellobiose,NIMS,5,60,<0.1,below reported 0.1 conversion background; not numeric zero,0.1,3,NA,Bacteria,0.6069792773333333,1,expression_binary=1,true,10.1021/cb500244v,10.1021/cb500244v.s003,cb500244v_si_003.xlsx,Sheet1,616,E,E616
BAD76622.1_Geobacillus-kaustophilus-HTA426,BAD76622.1,lactose,NIMS,5,60,<0.1,below reported 0.1 conversion background; not numeric zero,0.1,3,NA,Bacteria,0.6069792773333333,1,expression_binary=1,true,10.1021/cb500244v,10.1021/cb500244v.s003,cb500244v_si_003.xlsx,Sheet1,616,F,F616
BAD76622.1_Geobacillus-kaustophilus-HTA426,BAD76622.1,xylobiose,NIMS,5,80,<0.1,below reported 0.1 conversion background; not numeric zero,0.1,3,NA,Bacteria,0.6069792773333333,1,expression_binary=1,true,10.1021/cb500244v,10.1021/cb500244v.s003,cb500244v_si_003.xlsx,Sheet1,617,D,D617
BAD76622.1_Geobacillus-kaustophilus-HTA426,BAD76622.1,cellobiose,NIMS,5,80,<0.1,below reported 0.1 conversion background; not numeric zero,0.1,3,NA,Bacteria,0.6069792773333333,1,expression_binary=1,true,10.1021/cb500244v,10.1021/cb500244v.s003,cb500244v_si_003.xlsx,Sheet1,617,E,E617
BAD76622.1_Geobacillus-kaustophilus-HTA426,BAD76622.1,lactose,NIMS,5,80,<0.1,below reported 0.1 conversion background; not numeric zero,0.1,3,NA,Bacteria,0.6069792773333333,1,expression_binary=1,true,10.1021/cb500244v,10.1021/cb500244v.s003,cb500244v_si_003.xlsx,Sheet1,617,F,F617
BAD76622.1_Geobacillus-kaustophilus-HTA426,BAD76622.1,xylobiose,NIMS,5,90,<0.1,below reported 0.1 conversion background; not numeric zero,0.1,3,NA,Bacteria,0.6069792773333333,1,expression_binary=1,true,10.1021/cb500244v,10.1021/cb500244v.s003,cb500244v_si_003.xlsx,Sheet1,618,D,D618
BAD76622.1_Geobacillus-kaustophilus-HTA426,BAD76622.1,cellobiose,NIMS,5,90,<0.1,below reported 0.1 conversion background; not numeric zero,0.1,3,NA,Bacteria,0.6069792773333333,1,expression_binary=1,true,10.1021/cb500244v,10.1021/cb500244v.s003,cb500244v_si_003.xlsx,Sheet1,618,E,E618
BAD76622.1_Geobacillus-kaustophilus-HTA426,BAD76622.1,lactose,NIMS,5,90,<0.1,below reported 0.1 conversion background; not numeric zero,0.1,3,NA,Bacteria,0.6069792773333333,1,expression_binary=1,true,10.1021/cb500244v,10.1021/cb500244v.s003,cb500244v_si_003.xlsx,Sheet1,618,F,F618
BAD76622.1_Geobacillus-kaustophilus-HTA426,BAD76622.1,xylobiose,NIMS,8,40,<0.1,below reported 0.1 conversion background; not numeric zero,0.1,3,NA,Bacteria,0.6069792773333333,1,expression_binary=1,true,10.1021/cb500244v,10.1021/cb500244v.s003,cb500244v_si_003.xlsx,Sheet1,619,D,D619
BAD76622.1_Geobacillus-kaustophilus-HTA426,BAD76622.1,cellobiose,NIMS,8,40,<0.1,below reported 0.1 conversion background; not numeric zero,0.1,3,NA,Bacteria,0.6069792773333333,1,expression_binary=1,true,10.1021/cb500244v,10.1021/cb500244v.s003,cb500244v_si_003.xlsx,Sheet1,619,E,E619
BAD76622.1_Geobacillus-kaustophilus-HTA426,BAD76622.1,lactose,NIMS,8,40,<0.1,below reported 0.1 conversion background; not numeric zero,0.1,3,NA,Bacteria,0.6069792773333333,1,expression_binary=1,true,10.1021/cb500244v,10.1021/cb500244v.s003,cb500244v_si_003.xlsx,Sheet1,619,F,F619
BAD76622.1_Geobacillus-kaustophilus-HTA426,BAD76622.1,xylobiose,NIMS,8,60,<0.1,below reported 0.1 conversion background; not numeric zero,0.1,3,NA,Bacteria,0.6069792773333333,1,expression_binary=1,true,10.1021/cb500244v,10.1021/cb500244v.s003,cb500244v_si_003.xlsx,Sheet1,620,D,D620
BAD76622.1_Geobacillus-kaustophilus-HTA426,BAD76622.1,cellobiose,NIMS,8,60,<0.1,below reported 0.1 conversion background; not numeric zero,0.1,3,NA,Bacteria,0.6069792773333333,1,expression_binary=1,true,10.1021/cb500244v,10.1021/cb500244v.s003,cb500244v_si_003.xlsx,Sheet1,620,E,E620
BAD76622.1_Geobacillus-kaustophilus-HTA426,BAD76622.1,lactose,NIMS,8,60,<0.1,below reported 0.1 conversion background; not numeric zero,0.1,3,NA,Bacteria,0.6069792773333333,1,expression_binary=1,true,10.1021/cb500244v,10.1021/cb500244v.s003,cb500244v_si_003.xlsx,Sheet1,620,F,F620
BAD76622.1_Geobacillus-kaustophilus-HTA426,BAD76622.1,xylobiose,NIMS,8,80,<0.1,below reported 0.1 conversion background; not numeric zero,0.1,3,NA,Bacteria,0.6069792773333333,1,expression_binary=1,true,10.1021/cb500244v,10.1021/cb500244v.s003,cb500244v_si_003.xlsx,Sheet1,621,D,D621
BAD76622.1_Geobacillus-kaustophilus-HTA426,BAD76622.1,cellobiose,NIMS,8,80,<0.1,below reported 0.1 conversion background; not numeric zero,0.1,3,NA,Bacteria,0.6069792773333333,1,expression_binary=1,true,10.1021/cb500244v,10.1021/cb500244v.s003,cb500244v_si_003.xlsx,Sheet1,621,E,E621
BAD76622.1_Geobacillus-kaustophilus-HTA426,BAD76622.1,lactose,NIMS,8,80,<0.1,below reported 0.1 conversion background; not numeric zero,0.1,3,NA,Bacteria,0.6069792773333333,1,expression_binary=1,true,10.1021/cb500244v,10.1021/cb500244v.s003,cb500244v_si_003.xlsx,Sheet1,621,F,F621
BAD76622.1_Geobacillus-kaustophilus-HTA426,BAD76622.1,xylobiose,NIMS,8,90,<0.1,below reported 0.1 conversion background; not numeric zero,0.1,3,NA,Bacteria,0.6069792773333333,1,expression_binary=1,true,10.1021/cb500244v,10.1021/cb500244v.s003,cb500244v_si_003.xlsx,Sheet1,622,D,D622
BAD76622.1_Geobacillus-kaustophilus-HTA426,BAD76622.1,cellobiose,NIMS,8,90,<0.1,below reported 0.1 conversion background; not numeric zero,0.1,3,NA,Bacteria,0.6069792773333333,1,expression_binary=1,true,10.1021/cb500244v,10.1021/cb500244v.s003,cb500244v_si_003.xlsx,Sheet1,622,E,E622
BAD76622.1_Geobacillus-kaustophilus-HTA426,BAD76622.1,lactose,NIMS,8,90,<0.1,below reported 0.1 conversion background; not numeric zero,0.1,3,NA,Bacteria,0.6069792773333333,1,expression_binary=1,true,10.1021/cb500244v,10.1021/cb500244v.s003,cb500244v_si_003.xlsx,Sheet1,622,F,F622
BAD77499.1_Geobacillus-kaustophilus-HTA426,BAD77499.1,xylobiose,NIMS,5,40,<0.1,below reported 0.1 conversion background; not numeric zero,0.1,3,NA,Bacteria,0.5653601973333333,1,expression_binary=1,true,10.1021/cb500244v,10.1021/cb500244v.s003,cb500244v_si_003.xlsx,Sheet1,623,D,D623
BAD77499.1_Geobacillus-kaustophilus-HTA426,BAD77499.1,cellobiose,NIMS,5,40,<0.1,below reported 0.1 conversion background; not numeric zero,0.1,3,NA,Bacteria,0.5653601973333333,1,expression_binary=1,true,10.1021/cb500244v,10.1021/cb500244v.s003,cb500244v_si_003.xlsx,Sheet1,623,E,E623
BAD77499.1_Geobacillus-kaustophilus-HTA426,BAD77499.1,lactose,NIMS,5,40,<0.1,below reported 0.1 conversion background; not numeric zero,0.1,3,NA,Bacteria,0.5653601973333333,1,expression_binary=1,true,10.1021/cb500244v,10.1021/cb500244v.s003,cb500244v_si_003.xlsx,Sheet1,623,F,F623
BAD77499.1_Geobacillus-kaustophilus-HTA426,BAD77499.1,xylobiose,NIMS,5,60,<0.1,below reported 0.1 conversion background; not numeric zero,0.1,3,NA,Bacteria,0.5653601973333333,1,expression_binary=1,true,10.1021/cb500244v,10.1021/cb500244v.s003,cb500244v_si_003.xlsx,Sheet1,624,D,D624
BAD77499.1_Geobacillus-kaustophilus-HTA426,BAD77499.1,cellobiose,NIMS,5,60,<0.1,below reported 0.1 conversion background; not numeric zero,0.1,3,NA,Bacteria,0.5653601973333333,1,expression_binary=1,true,10.1021/cb500244v,10.1021/cb500244v.s003,cb500244v_si_003.xlsx,Sheet1,624,E,E624
BAD77499.1_Geobacillus-kaustophilus-HTA426,BAD77499.1,lactose,NIMS,5,60,<0.1,below reported 0.1 conversion background; not numeric zero,0.1,3,NA,Bacteria,0.5653601973333333,1,expression_binary=1,true,10.1021/cb500244v,10.1021/cb500244v.s003,cb500244v_si_003.xlsx,Sheet1,624,F,F624
BAD77499.1_Geobacillus-kaustophilus-HTA426,BAD77499.1,xylobiose,NIMS,5,80,<0.1,below reported 0.1 conversion background; not numeric zero,0.1,3,NA,Bacteria,0.5653601973333333,1,expression_binary=1,true,10.1021/cb500244v,10.1021/cb500244v.s003,cb500244v_si_003.xlsx,Sheet1,625,D,D625
BAD77499.1_Geobacillus-kaustophilus-HTA426,BAD77499.1,cellobiose,NIMS,5,80,<0.1,below reported 0.1 conversion background; not numeric zero,0.1,3,NA,Bacteria,0.5653601973333333,1,expression_binary=1,true,10.1021/cb500244v,10.1021/cb500244v.s003,cb500244v_si_003.xlsx,Sheet1,625,E,E625
BAD77499.1_Geobacillus-kaustophilus-HTA426,BAD77499.1,lactose,NIMS,5,80,<0.1,below reported 0.1 conversion background; not numeric zero,0.1,3,NA,Bacteria,0.5653601973333333,1,expression_binary=1,true,10.1021/cb500244v,10.1021/cb500244v.s003,cb500244v_si_003.xlsx,Sheet1,625,F,F625
BAD77499.1_Geobacillus-kaustophilus-HTA426,BAD77499.1,xylobiose,NIMS,5,90,<0.1,below reported 0.1 conversion background; not numeric zero,0.1,3,NA,Bacteria,0.5653601973333333,1,expression_binary=1,true,10.1021/cb500244v,10.1021/cb500244v.s003,cb500244v_si_003.xlsx,Sheet1,626,D,D626
BAD77499.1_Geobacillus-kaustophilus-HTA426,BAD77499.1,cellobiose,NIMS,5,90,<0.1,below reported 0.1 conversion background; not numeric zero,0.1,3,NA,Bacteria,0.5653601973333333,1,expression_binary=1,true,10.1021/cb500244v,10.1021/cb500244v.s003,cb500244v_si_003.xlsx,Sheet1,626,E,E626
BAD77499.1_Geobacillus-kaustophilus-HTA426,BAD77499.1,lactose,NIMS,5,90,<0.1,below reported 0.1 conversion background; not numeric zero,0.1,3,NA,Bacteria,0.5653601973333333,1,expression_binary=1,true,10.1021/cb500244v,10.1021/cb500244v.s003,cb500244v_si_003.xlsx,Sheet1,626,F,F626
BAD77499.1_Geobacillus-kaustophilus-HTA426,BAD77499.1,xylobiose,NIMS,8,40,<0.1,below reported 0.1 conversion background; not numeric zero,0.1,3,NA,Bacteria,0.5653601973333333,1,expression_binary=1,true,10.1021/cb500244v,10.1021/cb500244v.s003,cb500244v_si_003.xlsx,Sheet1,627,D,D627
BAD77499.1_Geobacillus-kaustophilus-HTA426,BAD77499.1,cellobiose,NIMS,8,40,<0.1,below reported 0.1 conversion background; not numeric zero,0.1,3,NA,Bacteria,0.5653601973333333,1,expression_binary=1,true,10.1021/cb500244v,10.1021/cb500244v.s003,cb500244v_si_003.xlsx,Sheet1,627,E,E627
BAD77499.1_Geobacillus-kaustophilus-HTA426,BAD77499.1,lactose,NIMS,8,40,<0.1,below reported 0.1 conversion background; not numeric zero,0.1,3,NA,Bacteria,0.5653601973333333,1,expression_binary=1,true,10.1021/cb500244v,10.1021/cb500244v.s003,cb500244v_si_003.xlsx,Sheet1,627,F,F627
BAD77499.1_Geobacillus-kaustophilus-HTA426,BAD77499.1,xylobiose,NIMS,8,60,<0.1,below reported 0.1 conversion background; not numeric zero,0.1,3,NA,Bacteria,0.5653601973333333,1,expression_binary=1,true,10.1021/cb500244v,10.1021/cb500244v.s003,cb500244v_si_003.xlsx,Sheet1,628,D,D628
BAD77499.1_Geobacillus-kaustophilus-HTA426,BAD77499.1,cellobiose,NIMS,8,60,<0.1,below reported 0.1 conversion background; not numeric zero,0.1,3,NA,Bacteria,0.5653601973333333,1,expression_binary=1,true,10.1021/cb500244v,10.1021/cb500244v.s003,cb500244v_si_003.xlsx,Sheet1,628,E,E628
BAD77499.1_Geobacillus-kaustophilus-HTA426,BAD77499.1,lactose,NIMS,8,60,<0.1,below reported 0.1 conversion background; not numeric zero,0.1,3,NA,Bacteria,0.5653601973333333,1,expression_binary=1,true,10.1021/cb500244v,10.1021/cb500244v.s003,cb500244v_si_003.xlsx,Sheet1,628,F,F628
BAD77499.1_Geobacillus-kaustophilus-HTA426,BAD77499.1,xylobiose,NIMS,8,80,<0.1,below reported 0.1 conversion background; not numeric zero,0.1,3,NA,Bacteria,0.5653601973333333,1,expression_binary=1,true,10.1021/cb500244v,10.1021/cb500244v.s003,cb500244v_si_003.xlsx,Sheet1,629,D,D629
BAD77499.1_Geobacillus-kaustophilus-HTA426,BAD77499.1,cellobiose,NIMS,8,80,<0.1,below reported 0.1 conversion background; not numeric zero,0.1,3,NA,Bacteria,0.5653601973333333,1,expression_binary=1,true,10.1021/cb500244v,10.1021/cb500244v.s003,cb500244v_si_003.xlsx,Sheet1,629,E,E629
BAD77499.1_Geobacillus-kaustophilus-HTA426,BAD77499.1,lactose,NIMS,8,80,<0.1,below reported 0.1 conversion background; not numeric zero,0.1,3,NA,Bacteria,0.5653601973333333,1,expression_binary=1,true,10.1021/cb500244v,10.1021/cb500244v.s003,cb500244v_si_003.xlsx,Sheet1,629,F,F629
BAD77499.1_Geobacillus-kaustophilus-HTA426,BAD77499.1,xylobiose,NIMS,8,90,<0.1,below reported 0.1 conversion background; not numeric zero,0.1,3,NA,Bacteria,0.5653601973333333,1,expression_binary=1,true,10.1021/cb500244v,10.1021/cb500244v.s003,cb500244v_si_003.xlsx,Sheet1,630,D,D630
BAD77499.1_Geobacillus-kaustophilus-HTA426,BAD77499.1,cellobiose,NIMS,8,90,<0.1,below reported 0.1 conversion background; not numeric zero,0.1,3,NA,Bacteria,0.5653601973333333,1,expression_binary=1,true,10.1021/cb500244v,10.1021/cb500244v.s003,cb500244v_si_003.xlsx,Sheet1,630,E,E630
BAD77499.1_Geobacillus-kaustophilus-HTA426,BAD77499.1,lactose,NIMS,8,90,<0.1,below reported 0.1 conversion background; not numeric zero,0.1,3,NA,Bacteria,0.5653601973333333,1,expression_binary=1,true,10.1021/cb500244v,10.1021/cb500244v.s003,cb500244v_si_003.xlsx,Sheet1,630,F,F630
BAE49023.1_Magnetospirillum-magneticum-AMB-1,BAE49023.1,xylobiose,NIMS,5,40,<0.1,below reported 0.1 conversion background; not numeric zero,0.1,3,NA,Bacteria,0.19044709066666668,1,expression_binary=1,true,10.1021/cb500244v,10.1021/cb500244v.s003,cb500244v_si_003.xlsx,Sheet1,631,D,D631
BAE49023.1_Magnetospirillum-magneticum-AMB-1,BAE49023.1,xylobiose,NIMS,5,60,<0.1,below reported 0.1 conversion background; not numeric zero,0.1,3,NA,Bacteria,0.19044709066666668,1,expression_binary=1,true,10.1021/cb500244v,10.1021/cb500244v.s003,cb500244v_si_003.xlsx,Sheet1,632,D,D632
BAE49023.1_Magnetospirillum-magneticum-AMB-1,BAE49023.1,xylobiose,NIMS,5,80,<0.1,below reported 0.1 conversion background; not numeric zero,0.1,3,NA,Bacteria,0.19044709066666668,1,expression_binary=1,true,10.1021/cb500244v,10.1021/cb500244v.s003,cb500244v_si_003.xlsx,Sheet1,633,D,D633
BAE49023.1_Magnetospirillum-magneticum-AMB-1,BAE49023.1,xylobiose,NIMS,5,90,<0.1,below reported 0.1 conversion background; not numeric zero,0.1,3,NA,Bacteria,0.19044709066666668,1,expression_binary=1,true,10.1021/cb500244v,10.1021/cb500244v.s003,cb500244v_si_003.xlsx,Sheet1,634,D,D634
BAE49023.1_Magnetospirillum-magneticum-AMB-1,BAE49023.1,cellobiose,NIMS,5,90,<0.1,below reported 0.1 conversion background; not numeric zero,0.1,3,NA,Bacteria,0.19044709066666668,1,expression_binary=1,true,10.1021/cb500244v,10.1021/cb500244v.s003,cb500244v_si_003.xlsx,Sheet1,634,E,E634
BAE49023.1_Magnetospirillum-magneticum-AMB-1,BAE49023.1,lactose,NIMS,5,90,<0.1,below reported 0.1 conversion background; not numeric zero,0.1,3,NA,Bacteria,0.19044709066666668,1,expression_binary=1,true,10.1021/cb500244v,10.1021/cb500244v.s003,cb500244v_si_003.xlsx,Sheet1,634,F,F634
BAE49023.1_Magnetospirillum-magneticum-AMB-1,BAE49023.1,xylobiose,NIMS,8,40,<0.1,below reported 0.1 conversion background; not numeric zero,0.1,3,NA,Bacteria,0.19044709066666668,1,expression_binary=1,true,10.1021/cb500244v,10.1021/cb500244v.s003,cb500244v_si_003.xlsx,Sheet1,635,D,D635
BAE49023.1_Magnetospirillum-magneticum-AMB-1,BAE49023.1,xylobiose,NIMS,8,60,<0.1,below reported 0.1 conversion background; not numeric zero,0.1,3,NA,Bacteria,0.19044709066666668,1,expression_binary=1,true,10.1021/cb500244v,10.1021/cb500244v.s003,cb500244v_si_003.xlsx,Sheet1,636,D,D636
BAE49023.1_Magnetospirillum-magneticum-AMB-1,BAE49023.1,xylobiose,NIMS,8,80,<0.1,below reported 0.1 conversion background; not numeric zero,0.1,3,NA,Bacteria,0.19044709066666668,1,expression_binary=1,true,10.1021/cb500244v,10.1021/cb500244v.s003,cb500244v_si_003.xlsx,Sheet1,637,D,D637
BAE49023.1_Magnetospirillum-magneticum-AMB-1,BAE49023.1,xylobiose,NIMS,8,90,<0.1,below reported 0.1 conversion background; not numeric zero,0.1,3,NA,Bacteria,0.19044709066666668,1,expression_binary=1,true,10.1021/cb500244v,10.1021/cb500244v.s003,cb500244v_si_003.xlsx,Sheet1,638,D,D638
BAE49023.1_Magnetospirillum-magneticum-AMB-1,BAE49023.1,cellobiose,NIMS,8,90,<0.1,below reported 0.1 conversion background; not numeric zero,0.1,3,NA,Bacteria,0.19044709066666668,1,expression_binary=1,true,10.1021/cb500244v,10.1021/cb500244v.s003,cb500244v_si_003.xlsx,Sheet1,638,E,E638
BAE49023.1_Magnetospirillum-magneticum-AMB-1,BAE49023.1,lactose,NIMS,8,90,<0.1,below reported 0.1 conversion background; not numeric zero,0.1,3,NA,Bacteria,0.19044709066666668,1,expression_binary=1,true,10.1021/cb500244v,10.1021/cb500244v.s003,cb500244v_si_003.xlsx,Sheet1,638,F,F638
BAG19255.1_Streptomyces-griseus-subsp.-griseus-NBRC-13350,BAG19255.1,xylobiose,NIMS,5,40,<0.1,below reported 0.1 conversion background; not numeric zero,0.1,3,NA,Bacteria,0.10247648266666667,1,expression_binary=1,true,10.1021/cb500244v,10.1021/cb500244v.s003,cb500244v_si_003.xlsx,Sheet1,639,D,D639
BAG19255.1_Streptomyces-griseus-subsp.-griseus-NBRC-13350,BAG19255.1,xylobiose,NIMS,5,60,<0.1,below reported 0.1 conversion background; not numeric zero,0.1,3,NA,Bacteria,0.10247648266666667,1,expression_binary=1,true,10.1021/cb500244v,10.1021/cb500244v.s003,cb500244v_si_003.xlsx,Sheet1,640,D,D640
BAG19255.1_Streptomyces-griseus-subsp.-griseus-NBRC-13350,BAG19255.1,xylobiose,NIMS,5,80,<0.1,below reported 0.1 conversion background; not numeric zero,0.1,3,NA,Bacteria,0.10247648266666667,1,expression_binary=1,true,10.1021/cb500244v,10.1021/cb500244v.s003,cb500244v_si_003.xlsx,Sheet1,641,D,D641
BAG19255.1_Streptomyces-griseus-subsp.-griseus-NBRC-13350,BAG19255.1,cellobiose,NIMS,5,80,<0.1,below reported 0.1 conversion background; not numeric zero,0.1,3,NA,Bacteria,0.10247648266666667,1,expression_binary=1,true,10.1021/cb500244v,10.1021/cb500244v.s003,cb500244v_si_003.xlsx,Sheet1,641,E,E641
BAG19255.1_Streptomyces-griseus-subsp.-griseus-NBRC-13350,BAG19255.1,lactose,NIMS,5,80,<0.1,below reported 0.1 conversion background; not numeric zero,0.1,3,NA,Bacteria,0.10247648266666667,1,expression_binary=1,true,10.1021/cb500244v,10.1021/cb500244v.s003,cb500244v_si_003.xlsx,Sheet1,641,F,F641
BAG19255.1_Streptomyces-griseus-subsp.-griseus-NBRC-13350,BAG19255.1,xylobiose,NIMS,5,90,<0.1,below reported 0.1 conversion background; not numeric zero,0.1,3,NA,Bacteria,0.10247648266666667,1,expression_binary=1,true,10.1021/cb500244v,10.1021/cb500244v.s003,cb500244v_si_003.xlsx,Sheet1,642,D,D642
BAG19255.1_Streptomyces-griseus-subsp.-griseus-NBRC-13350,BAG19255.1,cellobiose,NIMS,5,90,<0.1,below reported 0.1 conversion background; not numeric zero,0.1,3,NA,Bacteria,0.10247648266666667,1,expression_binary=1,true,10.1021/cb500244v,10.1021/cb500244v.s003,cb500244v_si_003.xlsx,Sheet1,642,E,E642
BAG19255.1_Streptomyces-griseus-subsp.-griseus-NBRC-13350,BAG19255.1,lactose,NIMS,5,90,<0.1,below reported 0.1 conversion background; not numeric zero,0.1,3,NA,Bacteria,0.10247648266666667,1,expression_binary=1,true,10.1021/cb500244v,10.1021/cb500244v.s003,cb500244v_si_003.xlsx,Sheet1,642,F,F642
BAG19255.1_Streptomyces-griseus-subsp.-griseus-NBRC-13350,BAG19255.1,xylobiose,NIMS,8,40,<0.1,below reported 0.1 conversion background; not numeric zero,0.1,3,NA,Bacteria,0.10247648266666667,1,expression_binary=1,true,10.1021/cb500244v,10.1021/cb500244v.s003,cb500244v_si_003.xlsx,Sheet1,643,D,D643
BAG19255.1_Streptomyces-griseus-subsp.-griseus-NBRC-13350,BAG19255.1,xylobiose,NIMS,8,60,<0.1,below reported 0.1 conversion background; not numeric zero,0.1,3,NA,Bacteria,0.10247648266666667,1,expression_binary=1,true,10.1021/cb500244v,10.1021/cb500244v.s003,cb500244v_si_003.xlsx,Sheet1,644,D,D644
BAG19255.1_Streptomyces-griseus-subsp.-griseus-NBRC-13350,BAG19255.1,xylobiose,NIMS,8,80,<0.1,below reported 0.1 conversion background; not numeric zero,0.1,3,NA,Bacteria,0.10247648266666667,1,expression_binary=1,true,10.1021/cb500244v,10.1021/cb500244v.s003,cb500244v_si_003.xlsx,Sheet1,645,D,D645
BAG19255.1_Streptomyces-griseus-subsp.-griseus-NBRC-13350,BAG19255.1,cellobiose,NIMS,8,80,<0.1,below reported 0.1 conversion background; not numeric zero,0.1,3,NA,Bacteria,0.10247648266666667,1,expression_binary=1,true,10.1021/cb500244v,10.1021/cb500244v.s003,cb500244v_si_003.xlsx,Sheet1,645,E,E645
BAG19255.1_Streptomyces-griseus-subsp.-griseus-NBRC-13350,BAG19255.1,lactose,NIMS,8,80,<0.1,below reported 0.1 conversion background; not numeric zero,0.1,3,NA,Bacteria,0.10247648266666667,1,expression_binary=1,true,10.1021/cb500244v,10.1021/cb500244v.s003,cb500244v_si_003.xlsx,Sheet1,645,F,F645
BAG19255.1_Streptomyces-griseus-subsp.-griseus-NBRC-13350,BAG19255.1,xylobiose,NIMS,8,90,<0.1,below reported 0.1 conversion background; not numeric zero,0.1,3,NA,Bacteria,0.10247648266666667,1,expression_binary=1,true,10.1021/cb500244v,10.1021/cb500244v.s003,cb500244v_si_003.xlsx,Sheet1,646,D,D646
BAG19255.1_Streptomyces-griseus-subsp.-griseus-NBRC-13350,BAG19255.1,cellobiose,NIMS,8,90,<0.1,below reported 0.1 conversion background; not numeric zero,0.1,3,NA,Bacteria,0.10247648266666667,1,expression_binary=1,true,10.1021/cb500244v,10.1021/cb500244v.s003,cb500244v_si_003.xlsx,Sheet1,646,E,E646
BAG19255.1_Streptomyces-griseus-subsp.-griseus-NBRC-13350,BAG19255.1,lactose,NIMS,8,90,<0.1,below reported 0.1 conversion background; not numeric zero,0.1,3,NA,Bacteria,0.10247648266666667,1,expression_binary=1,true,10.1021/cb500244v,10.1021/cb500244v.s003,cb500244v_si_003.xlsx,Sheet1,646,F,F646
BAH33569.1_Rhodococcus-erythropolis-PR4,BAH33569.1,xylobiose,NIMS,5,40,<0.1,below reported 0.1 conversion background; not numeric zero,0.1,3,NA,Bacteria,0.09547736533333334,1,expression_binary=1,true,10.1021/cb500244v,10.1021/cb500244v.s003,cb500244v_si_003.xlsx,Sheet1,647,D,D647
BAH33569.1_Rhodococcus-erythropolis-PR4,BAH33569.1,xylobiose,NIMS,5,60,<0.1,below reported 0.1 conversion background; not numeric zero,0.1,3,NA,Bacteria,0.09547736533333334,1,expression_binary=1,true,10.1021/cb500244v,10.1021/cb500244v.s003,cb500244v_si_003.xlsx,Sheet1,648,D,D648
BAH33569.1_Rhodococcus-erythropolis-PR4,BAH33569.1,cellobiose,NIMS,5,60,<0.1,below reported 0.1 conversion background; not numeric zero,0.1,3,NA,Bacteria,0.09547736533333334,1,expression_binary=1,true,10.1021/cb500244v,10.1021/cb500244v.s003,cb500244v_si_003.xlsx,Sheet1,648,E,E648
BAH33569.1_Rhodococcus-erythropolis-PR4,BAH33569.1,lactose,NIMS,5,60,<0.1,below reported 0.1 conversion background; not numeric zero,0.1,3,NA,Bacteria,0.09547736533333334,1,expression_binary=1,true,10.1021/cb500244v,10.1021/cb500244v.s003,cb500244v_si_003.xlsx,Sheet1,648,F,F648
BAH33569.1_Rhodococcus-erythropolis-PR4,BAH33569.1,xylobiose,NIMS,5,80,<0.1,below reported 0.1 conversion background; not numeric zero,0.1,3,NA,Bacteria,0.09547736533333334,1,expression_binary=1,true,10.1021/cb500244v,10.1021/cb500244v.s003,cb500244v_si_003.xlsx,Sheet1,649,D,D649
BAH33569.1_Rhodococcus-erythropolis-PR4,BAH33569.1,cellobiose,NIMS,5,80,<0.1,below reported 0.1 conversion background; not numeric zero,0.1,3,NA,Bacteria,0.09547736533333334,1,expression_binary=1,true,10.1021/cb500244v,10.1021/cb500244v.s003,cb500244v_si_003.xlsx,Sheet1,649,E,E649
BAH33569.1_Rhodococcus-erythropolis-PR4,BAH33569.1,lactose,NIMS,5,80,<0.1,below reported 0.1 conversion background; not numeric zero,0.1,3,NA,Bacteria,0.09547736533333334,1,expression_binary=1,true,10.1021/cb500244v,10.1021/cb500244v.s003,cb500244v_si_003.xlsx,Sheet1,649,F,F649
BAH33569.1_Rhodococcus-erythropolis-PR4,BAH33569.1,xylobiose,NIMS,5,90,<0.1,below reported 0.1 conversion background; not numeric zero,0.1,3,NA,Bacteria,0.09547736533333334,1,expression_binary=1,true,10.1021/cb500244v,10.1021/cb500244v.s003,cb500244v_si_003.xlsx,Sheet1,650,D,D650
BAH33569.1_Rhodococcus-erythropolis-PR4,BAH33569.1,cellobiose,NIMS,5,90,<0.1,below reported 0.1 conversion background; not numeric zero,0.1,3,NA,Bacteria,0.09547736533333334,1,expression_binary=1,true,10.1021/cb500244v,10.1021/cb500244v.s003,cb500244v_si_003.xlsx,Sheet1,650,E,E650
BAH33569.1_Rhodococcus-erythropolis-PR4,BAH33569.1,lactose,NIMS,5,90,<0.1,below reported 0.1 conversion background; not numeric zero,0.1,3,NA,Bacteria,0.09547736533333334,1,expression_binary=1,true,10.1021/cb500244v,10.1021/cb500244v.s003,cb500244v_si_003.xlsx,Sheet1,650,F,F650
BAH33569.1_Rhodococcus-erythropolis-PR4,BAH33569.1,xylobiose,NIMS,8,40,<0.1,below reported 0.1 conversion background; not numeric zero,0.1,3,NA,Bacteria,0.09547736533333334,1,expression_binary=1,true,10.1021/cb500244v,10.1021/cb500244v.s003,cb500244v_si_003.xlsx,Sheet1,651,D,D651
BAH33569.1_Rhodococcus-erythropolis-PR4,BAH33569.1,cellobiose,NIMS,8,40,<0.1,below reported 0.1 conversion background; not numeric zero,0.1,3,NA,Bacteria,0.09547736533333334,1,expression_binary=1,true,10.1021/cb500244v,10.1021/cb500244v.s003,cb500244v_si_003.xlsx,Sheet1,651,E,E651
BAH33569.1_Rhodococcus-erythropolis-PR4,BAH33569.1,lactose,NIMS,8,40,<0.1,below reported 0.1 conversion background; not numeric zero,0.1,3,NA,Bacteria,0.09547736533333334,1,expression_binary=1,true,10.1021/cb500244v,10.1021/cb500244v.s003,cb500244v_si_003.xlsx,Sheet1,651,F,F651
BAH33569.1_Rhodococcus-erythropolis-PR4,BAH33569.1,xylobiose,NIMS,8,60,<0.1,below reported 0.1 conversion background; not numeric zero,0.1,3,NA,Bacteria,0.09547736533333334,1,expression_binary=1,true,10.1021/cb500244v,10.1021/cb500244v.s003,cb500244v_si_003.xlsx,Sheet1,652,D,D652
BAH33569.1_Rhodococcus-erythropolis-PR4,BAH33569.1,cellobiose,NIMS,8,60,<0.1,below reported 0.1 conversion background; not numeric zero,0.1,3,NA,Bacteria,0.09547736533333334,1,expression_binary=1,true,10.1021/cb500244v,10.1021/cb500244v.s003,cb500244v_si_003.xlsx,Sheet1,652,E,E652
BAH33569.1_Rhodococcus-erythropolis-PR4,BAH33569.1,lactose,NIMS,8,60,<0.1,below reported 0.1 conversion background; not numeric zero,0.1,3,NA,Bacteria,0.09547736533333334,1,expression_binary=1,true,10.1021/cb500244v,10.1021/cb500244v.s003,cb500244v_si_003.xlsx,Sheet1,652,F,F652
BAH33569.1_Rhodococcus-erythropolis-PR4,BAH33569.1,xylobiose,NIMS,8,80,<0.1,below reported 0.1 conversion background; not numeric zero,0.1,3,NA,Bacteria,0.09547736533333334,1,expression_binary=1,true,10.1021/cb500244v,10.1021/cb500244v.s003,cb500244v_si_003.xlsx,Sheet1,653,D,D653
BAH33569.1_Rhodococcus-erythropolis-PR4,BAH33569.1,cellobiose,NIMS,8,80,<0.1,below reported 0.1 conversion background; not numeric zero,0.1,3,NA,Bacteria,0.09547736533333334,1,expression_binary=1,true,10.1021/cb500244v,10.1021/cb500244v.s003,cb500244v_si_003.xlsx,Sheet1,653,E,E653
BAH33569.1_Rhodococcus-erythropolis-PR4,BAH33569.1,lactose,NIMS,8,80,<0.1,below reported 0.1 conversion background; not numeric zero,0.1,3,NA,Bacteria,0.09547736533333334,1,expression_binary=1,true,10.1021/cb500244v,10.1021/cb500244v.s003,cb500244v_si_003.xlsx,Sheet1,653,F,F653
BAH33569.1_Rhodococcus-erythropolis-PR4,BAH33569.1,xylobiose,NIMS,8,90,<0.1,below reported 0.1 conversion background; not numeric zero,0.1,3,NA,Bacteria,0.09547736533333334,1,expression_binary=1,true,10.1021/cb500244v,10.1021/cb500244v.s003,cb500244v_si_003.xlsx,Sheet1,654,D,D654
BAH33569.1_Rhodococcus-erythropolis-PR4,BAH33569.1,cellobiose,NIMS,8,90,<0.1,below reported 0.1 conversion background; not numeric zero,0.1,3,NA,Bacteria,0.09547736533333334,1,expression_binary=1,true,10.1021/cb500244v,10.1021/cb500244v.s003,cb500244v_si_003.xlsx,Sheet1,654,E,E654
BAH33569.1_Rhodococcus-erythropolis-PR4,BAH33569.1,lactose,NIMS,8,90,<0.1,below reported 0.1 conversion background; not numeric zero,0.1,3,NA,Bacteria,0.09547736533333334,1,expression_binary=1,true,10.1021/cb500244v,10.1021/cb500244v.s003,cb500244v_si_003.xlsx,Sheet1,654,F,F654
CAA31087.1_Caldicellulosiruptor-saccharolyticus,CAA31087.1,xylobiose,NIMS,5,40,<0.1,below reported 0.1 conversion background; not numeric zero,0.1,3,NA,Bacteria,0.27,1,expression_binary=1,true,10.1021/cb500244v,10.1021/cb500244v.s003,cb500244v_si_003.xlsx,Sheet1,655,D,D655
CAA31087.1_Caldicellulosiruptor-saccharolyticus,CAA31087.1,xylobiose,NIMS,5,60,<0.1,below reported 0.1 conversion background; not numeric zero,0.1,3,NA,Bacteria,0.27,1,expression_binary=1,true,10.1021/cb500244v,10.1021/cb500244v.s003,cb500244v_si_003.xlsx,Sheet1,656,D,D656
CAA31087.1_Caldicellulosiruptor-saccharolyticus,CAA31087.1,xylobiose,NIMS,5,80,<0.1,below reported 0.1 conversion background; not numeric zero,0.1,3,NA,Bacteria,0.27,1,expression_binary=1,true,10.1021/cb500244v,10.1021/cb500244v.s003,cb500244v_si_003.xlsx,Sheet1,657,D,D657
CAA31087.1_Caldicellulosiruptor-saccharolyticus,CAA31087.1,xylobiose,NIMS,5,90,<0.1,below reported 0.1 conversion background; not numeric zero,0.1,3,NA,Bacteria,0.27,1,expression_binary=1,true,10.1021/cb500244v,10.1021/cb500244v.s003,cb500244v_si_003.xlsx,Sheet1,658,D,D658
CAA31087.1_Caldicellulosiruptor-saccharolyticus,CAA31087.1,xylobiose,NIMS,8,40,<0.1,below reported 0.1 conversion background; not numeric zero,0.1,3,NA,Bacteria,0.27,1,expression_binary=1,true,10.1021/cb500244v,10.1021/cb500244v.s003,cb500244v_si_003.xlsx,Sheet1,659,D,D659
CAA31087.1_Caldicellulosiruptor-saccharolyticus,CAA31087.1,xylobiose,NIMS,8,60,<0.1,below reported 0.1 conversion background; not numeric zero,0.1,3,NA,Bacteria,0.27,1,expression_binary=1,true,10.1021/cb500244v,10.1021/cb500244v.s003,cb500244v_si_003.xlsx,Sheet1,660,D,D660
CAA31087.1_Caldicellulosiruptor-saccharolyticus,CAA31087.1,xylobiose,NIMS,8,80,<0.1,below reported 0.1 conversion background; not numeric zero,0.1,3,NA,Bacteria,0.27,1,expression_binary=1,true,10.1021/cb500244v,10.1021/cb500244v.s003,cb500244v_si_003.xlsx,Sheet1,661,D,D661
CAA31087.1_Caldicellulosiruptor-saccharolyticus,CAA31087.1,xylobiose,NIMS,8,90,<0.1,below reported 0.1 conversion background; not numeric zero,0.1,3,NA,Bacteria,0.27,1,expression_binary=1,true,10.1021/cb500244v,10.1021/cb500244v.s003,cb500244v_si_003.xlsx,Sheet1,662,D,D662
CAA31087.1_Caldicellulosiruptor-saccharolyticus,CAA31087.1,cellobiose,NIMS,8,90,<0.1,below reported 0.1 conversion background; not numeric zero,0.1,3,NA,Bacteria,0.27,1,expression_binary=1,true,10.1021/cb500244v,10.1021/cb500244v.s003,cb500244v_si_003.xlsx,Sheet1,662,E,E662
CAA31087.1_Caldicellulosiruptor-saccharolyticus,CAA31087.1,lactose,NIMS,8,90,<0.1,below reported 0.1 conversion background; not numeric zero,0.1,3,NA,Bacteria,0.27,1,expression_binary=1,true,10.1021/cb500244v,10.1021/cb500244v.s003,cb500244v_si_003.xlsx,Sheet1,662,F,F662
CAA42814.1_Clostridium-thermocellum-ATCC-27405,CAA42814.1,xylobiose,NIMS,5,40,<0.1,below reported 0.1 conversion background; not numeric zero,0.1,3,NA,Bacteria,0.39490425599999995,1,expression_binary=1,true,10.1021/cb500244v,10.1021/cb500244v.s003,cb500244v_si_003.xlsx,Sheet1,663,D,D663
CAA42814.1_Clostridium-thermocellum-ATCC-27405,CAA42814.1,xylobiose,NIMS,5,60,<0.1,below reported 0.1 conversion background; not numeric zero,0.1,3,NA,Bacteria,0.39490425599999995,1,expression_binary=1,true,10.1021/cb500244v,10.1021/cb500244v.s003,cb500244v_si_003.xlsx,Sheet1,664,D,D664
CAA42814.1_Clostridium-thermocellum-ATCC-27405,CAA42814.1,xylobiose,NIMS,5,80,<0.1,below reported 0.1 conversion background; not numeric zero,0.1,3,NA,Bacteria,0.39490425599999995,1,expression_binary=1,true,10.1021/cb500244v,10.1021/cb500244v.s003,cb500244v_si_003.xlsx,Sheet1,665,D,D665
CAA42814.1_Clostridium-thermocellum-ATCC-27405,CAA42814.1,cellobiose,NIMS,5,80,<0.1,below reported 0.1 conversion background; not numeric zero,0.1,3,NA,Bacteria,0.39490425599999995,1,expression_binary=1,true,10.1021/cb500244v,10.1021/cb500244v.s003,cb500244v_si_003.xlsx,Sheet1,665,E,E665
CAA42814.1_Clostridium-thermocellum-ATCC-27405,CAA42814.1,lactose,NIMS,5,80,<0.1,below reported 0.1 conversion background; not numeric zero,0.1,3,NA,Bacteria,0.39490425599999995,1,expression_binary=1,true,10.1021/cb500244v,10.1021/cb500244v.s003,cb500244v_si_003.xlsx,Sheet1,665,F,F665
CAA42814.1_Clostridium-thermocellum-ATCC-27405,CAA42814.1,xylobiose,NIMS,5,90,<0.1,below reported 0.1 conversion background; not numeric zero,0.1,3,NA,Bacteria,0.39490425599999995,1,expression_binary=1,true,10.1021/cb500244v,10.1021/cb500244v.s003,cb500244v_si_003.xlsx,Sheet1,666,D,D666
CAA42814.1_Clostridium-thermocellum-ATCC-27405,CAA42814.1,cellobiose,NIMS,5,90,<0.1,below reported 0.1 conversion background; not numeric zero,0.1,3,NA,Bacteria,0.39490425599999995,1,expression_binary=1,true,10.1021/cb500244v,10.1021/cb500244v.s003,cb500244v_si_003.xlsx,Sheet1,666,E,E666
CAA42814.1_Clostridium-thermocellum-ATCC-27405,CAA42814.1,lactose,NIMS,5,90,<0.1,below reported 0.1 conversion background; not numeric zero,0.1,3,NA,Bacteria,0.39490425599999995,1,expression_binary=1,true,10.1021/cb500244v,10.1021/cb500244v.s003,cb500244v_si_003.xlsx,Sheet1,666,F,F666
CAA42814.1_Clostridium-thermocellum-ATCC-27405,CAA42814.1,xylobiose,NIMS,8,40,<0.1,below reported 0.1 conversion background; not numeric zero,0.1,3,NA,Bacteria,0.39490425599999995,1,expression_binary=1,true,10.1021/cb500244v,10.1021/cb500244v.s003,cb500244v_si_003.xlsx,Sheet1,667,D,D667
CAA42814.1_Clostridium-thermocellum-ATCC-27405,CAA42814.1,xylobiose,NIMS,8,60,<0.1,below reported 0.1 conversion background; not numeric zero,0.1,3,NA,Bacteria,0.39490425599999995,1,expression_binary=1,true,10.1021/cb500244v,10.1021/cb500244v.s003,cb500244v_si_003.xlsx,Sheet1,668,D,D668
CAA42814.1_Clostridium-thermocellum-ATCC-27405,CAA42814.1,xylobiose,NIMS,8,80,<0.1,below reported 0.1 conversion background; not numeric zero,0.1,3,NA,Bacteria,0.39490425599999995,1,expression_binary=1,true,10.1021/cb500244v,10.1021/cb500244v.s003,cb500244v_si_003.xlsx,Sheet1,669,D,D669
CAA42814.1_Clostridium-thermocellum-ATCC-27405,CAA42814.1,cellobiose,NIMS,8,80,<0.1,below reported 0.1 conversion background; not numeric zero,0.1,3,NA,Bacteria,0.39490425599999995,1,expression_binary=1,true,10.1021/cb500244v,10.1021/cb500244v.s003,cb500244v_si_003.xlsx,Sheet1,669,E,E669
CAA42814.1_Clostridium-thermocellum-ATCC-27405,CAA42814.1,lactose,NIMS,8,80,<0.1,below reported 0.1 conversion background; not numeric zero,0.1,3,NA,Bacteria,0.39490425599999995,1,expression_binary=1,true,10.1021/cb500244v,10.1021/cb500244v.s003,cb500244v_si_003.xlsx,Sheet1,669,F,F669
CAA42814.1_Clostridium-thermocellum-ATCC-27405,CAA42814.1,xylobiose,NIMS,8,90,<0.1,below reported 0.1 conversion background; not numeric zero,0.1,3,NA,Bacteria,0.39490425599999995,1,expression_binary=1,true,10.1021/cb500244v,10.1021/cb500244v.s003,cb500244v_si_003.xlsx,Sheet1,670,D,D670
CAA42814.1_Clostridium-thermocellum-ATCC-27405,CAA42814.1,cellobiose,NIMS,8,90,<0.1,below reported 0.1 conversion background; not numeric zero,0.1,3,NA,Bacteria,0.39490425599999995,1,expression_binary=1,true,10.1021/cb500244v,10.1021/cb500244v.s003,cb500244v_si_003.xlsx,Sheet1,670,E,E670
CAA42814.1_Clostridium-thermocellum-ATCC-27405,CAA42814.1,lactose,NIMS,8,90,<0.1,below reported 0.1 conversion background; not numeric zero,0.1,3,NA,Bacteria,0.39490425599999995,1,expression_binary=1,true,10.1021/cb500244v,10.1021/cb500244v.s003,cb500244v_si_003.xlsx,Sheet1,670,F,F670
CAA52344.1_Streptomyces-rochei,CAA52344.1,xylobiose,NIMS,5,40,<0.1,below reported 0.1 conversion background; not numeric zero,0.1,3,NA,Bacteria,0.3735347333333333,1,expression_binary=1,true,10.1021/cb500244v,10.1021/cb500244v.s003,cb500244v_si_003.xlsx,Sheet1,671,D,D671
CAA52344.1_Streptomyces-rochei,CAA52344.1,cellobiose,NIMS,5,40,<0.1,below reported 0.1 conversion background; not numeric zero,0.1,3,NA,Bacteria,0.3735347333333333,1,expression_binary=1,true,10.1021/cb500244v,10.1021/cb500244v.s003,cb500244v_si_003.xlsx,Sheet1,671,E,E671
CAA52344.1_Streptomyces-rochei,CAA52344.1,lactose,NIMS,5,40,<0.1,below reported 0.1 conversion background; not numeric zero,0.1,3,NA,Bacteria,0.3735347333333333,1,expression_binary=1,true,10.1021/cb500244v,10.1021/cb500244v.s003,cb500244v_si_003.xlsx,Sheet1,671,F,F671
CAA52344.1_Streptomyces-rochei,CAA52344.1,xylobiose,NIMS,5,60,<0.1,below reported 0.1 conversion background; not numeric zero,0.1,3,NA,Bacteria,0.3735347333333333,1,expression_binary=1,true,10.1021/cb500244v,10.1021/cb500244v.s003,cb500244v_si_003.xlsx,Sheet1,672,D,D672
CAA52344.1_Streptomyces-rochei,CAA52344.1,cellobiose,NIMS,5,60,<0.1,below reported 0.1 conversion background; not numeric zero,0.1,3,NA,Bacteria,0.3735347333333333,1,expression_binary=1,true,10.1021/cb500244v,10.1021/cb500244v.s003,cb500244v_si_003.xlsx,Sheet1,672,E,E672
CAA52344.1_Streptomyces-rochei,CAA52344.1,lactose,NIMS,5,60,<0.1,below reported 0.1 conversion background; not numeric zero,0.1,3,NA,Bacteria,0.3735347333333333,1,expression_binary=1,true,10.1021/cb500244v,10.1021/cb500244v.s003,cb500244v_si_003.xlsx,Sheet1,672,F,F672
CAA52344.1_Streptomyces-rochei,CAA52344.1,xylobiose,NIMS,5,80,<0.1,below reported 0.1 conversion background; not numeric zero,0.1,3,NA,Bacteria,0.3735347333333333,1,expression_binary=1,true,10.1021/cb500244v,10.1021/cb500244v.s003,cb500244v_si_003.xlsx,Sheet1,673,D,D673
CAA52344.1_Streptomyces-rochei,CAA52344.1,cellobiose,NIMS,5,80,<0.1,below reported 0.1 conversion background; not numeric zero,0.1,3,NA,Bacteria,0.3735347333333333,1,expression_binary=1,true,10.1021/cb500244v,10.1021/cb500244v.s003,cb500244v_si_003.xlsx,Sheet1,673,E,E673
CAA52344.1_Streptomyces-rochei,CAA52344.1,lactose,NIMS,5,80,<0.1,below reported 0.1 conversion background; not numeric zero,0.1,3,NA,Bacteria,0.3735347333333333,1,expression_binary=1,true,10.1021/cb500244v,10.1021/cb500244v.s003,cb500244v_si_003.xlsx,Sheet1,673,F,F673
CAA52344.1_Streptomyces-rochei,CAA52344.1,xylobiose,NIMS,5,90,<0.1,below reported 0.1 conversion background; not numeric zero,0.1,3,NA,Bacteria,0.3735347333333333,1,expression_binary=1,true,10.1021/cb500244v,10.1021/cb500244v.s003,cb500244v_si_003.xlsx,Sheet1,674,D,D674
CAA52344.1_Streptomyces-rochei,CAA52344.1,cellobiose,NIMS,5,90,<0.1,below reported 0.1 conversion background; not numeric zero,0.1,3,NA,Bacteria,0.3735347333333333,1,expression_binary=1,true,10.1021/cb500244v,10.1021/cb500244v.s003,cb500244v_si_003.xlsx,Sheet1,674,E,E674
CAA52344.1_Streptomyces-rochei,CAA52344.1,lactose,NIMS,5,90,<0.1,below reported 0.1 conversion background; not numeric zero,0.1,3,NA,Bacteria,0.3735347333333333,1,expression_binary=1,true,10.1021/cb500244v,10.1021/cb500244v.s003,cb500244v_si_003.xlsx,Sheet1,674,F,F674
CAA52344.1_Streptomyces-rochei,CAA52344.1,xylobiose,NIMS,8,40,<0.1,below reported 0.1 conversion background; not numeric zero,0.1,3,NA,Bacteria,0.3735347333333333,1,expression_binary=1,true,10.1021/cb500244v,10.1021/cb500244v.s003,cb500244v_si_003.xlsx,Sheet1,675,D,D675
CAA52344.1_Streptomyces-rochei,CAA52344.1,xylobiose,NIMS,8,60,<0.1,below reported 0.1 conversion background; not numeric zero,0.1,3,NA,Bacteria,0.3735347333333333,1,expression_binary=1,true,10.1021/cb500244v,10.1021/cb500244v.s003,cb500244v_si_003.xlsx,Sheet1,676,D,D676
CAA52344.1_Streptomyces-rochei,CAA52344.1,cellobiose,NIMS,8,60,<0.1,below reported 0.1 conversion background; not numeric zero,0.1,3,NA,Bacteria,0.3735347333333333,1,expression_binary=1,true,10.1021/cb500244v,10.1021/cb500244v.s003,cb500244v_si_003.xlsx,Sheet1,676,E,E676
CAA52344.1_Streptomyces-rochei,CAA52344.1,lactose,NIMS,8,60,<0.1,below reported 0.1 conversion background; not numeric zero,0.1,3,NA,Bacteria,0.3735347333333333,1,expression_binary=1,true,10.1021/cb500244v,10.1021/cb500244v.s003,cb500244v_si_003.xlsx,Sheet1,676,F,F676
CAA52344.1_Streptomyces-rochei,CAA52344.1,xylobiose,NIMS,8,80,<0.1,below reported 0.1 conversion background; not numeric zero,0.1,3,NA,Bacteria,0.3735347333333333,1,expression_binary=1,true,10.1021/cb500244v,10.1021/cb500244v.s003,cb500244v_si_003.xlsx,Sheet1,677,D,D677
CAA52344.1_Streptomyces-rochei,CAA52344.1,cellobiose,NIMS,8,80,<0.1,below reported 0.1 conversion background; not numeric zero,0.1,3,NA,Bacteria,0.3735347333333333,1,expression_binary=1,true,10.1021/cb500244v,10.1021/cb500244v.s003,cb500244v_si_003.xlsx,Sheet1,677,E,E677
CAA52344.1_Streptomyces-rochei,CAA52344.1,lactose,NIMS,8,80,<0.1,below reported 0.1 conversion background; not numeric zero,0.1,3,NA,Bacteria,0.3735347333333333,1,expression_binary=1,true,10.1021/cb500244v,10.1021/cb500244v.s003,cb500244v_si_003.xlsx,Sheet1,677,F,F677
CAA52344.1_Streptomyces-rochei,CAA52344.1,xylobiose,NIMS,8,90,<0.1,below reported 0.1 conversion background; not numeric zero,0.1,3,NA,Bacteria,0.3735347333333333,1,expression_binary=1,true,10.1021/cb500244v,10.1021/cb500244v.s003,cb500244v_si_003.xlsx,Sheet1,678,D,D678
CAA52344.1_Streptomyces-rochei,CAA52344.1,cellobiose,NIMS,8,90,<0.1,below reported 0.1 conversion background; not numeric zero,0.1,3,NA,Bacteria,0.3735347333333333,1,expression_binary=1,true,10.1021/cb500244v,10.1021/cb500244v.s003,cb500244v_si_003.xlsx,Sheet1,678,E,E678
CAA52344.1_Streptomyces-rochei,CAA52344.1,lactose,NIMS,8,90,<0.1,below reported 0.1 conversion background; not numeric zero,0.1,3,NA,Bacteria,0.3735347333333333,1,expression_binary=1,true,10.1021/cb500244v,10.1021/cb500244v.s003,cb500244v_si_003.xlsx,Sheet1,678,F,F678
CAA56282.1_Pantoea-agglomerans,CAA56282.1,xylobiose,NIMS,5,40,<0.1,below reported 0.1 conversion background; not numeric zero,0.1,3,NA,Bacteria,0.003,0,expression_binary=0,false,10.1021/cb500244v,10.1021/cb500244v.s003,cb500244v_si_003.xlsx,Sheet1,679,D,D679
CAA56282.1_Pantoea-agglomerans,CAA56282.1,cellobiose,NIMS,5,40,<0.1,below reported 0.1 conversion background; not numeric zero,0.1,3,NA,Bacteria,0.003,0,expression_binary=0,false,10.1021/cb500244v,10.1021/cb500244v.s003,cb500244v_si_003.xlsx,Sheet1,679,E,E679
CAA56282.1_Pantoea-agglomerans,CAA56282.1,lactose,NIMS,5,40,<0.1,below reported 0.1 conversion background; not numeric zero,0.1,3,NA,Bacteria,0.003,0,expression_binary=0,false,10.1021/cb500244v,10.1021/cb500244v.s003,cb500244v_si_003.xlsx,Sheet1,679,F,F679
CAA56282.1_Pantoea-agglomerans,CAA56282.1,xylobiose,NIMS,5,60,<0.1,below reported 0.1 conversion background; not numeric zero,0.1,3,NA,Bacteria,0.003,0,expression_binary=0,false,10.1021/cb500244v,10.1021/cb500244v.s003,cb500244v_si_003.xlsx,Sheet1,680,D,D680
CAA56282.1_Pantoea-agglomerans,CAA56282.1,cellobiose,NIMS,5,60,<0.1,below reported 0.1 conversion background; not numeric zero,0.1,3,NA,Bacteria,0.003,0,expression_binary=0,false,10.1021/cb500244v,10.1021/cb500244v.s003,cb500244v_si_003.xlsx,Sheet1,680,E,E680
CAA56282.1_Pantoea-agglomerans,CAA56282.1,lactose,NIMS,5,60,<0.1,below reported 0.1 conversion background; not numeric zero,0.1,3,NA,Bacteria,0.003,0,expression_binary=0,false,10.1021/cb500244v,10.1021/cb500244v.s003,cb500244v_si_003.xlsx,Sheet1,680,F,F680
CAA56282.1_Pantoea-agglomerans,CAA56282.1,xylobiose,NIMS,5,80,<0.1,below reported 0.1 conversion background; not numeric zero,0.1,3,NA,Bacteria,0.003,0,expression_binary=0,false,10.1021/cb500244v,10.1021/cb500244v.s003,cb500244v_si_003.xlsx,Sheet1,681,D,D681
CAA56282.1_Pantoea-agglomerans,CAA56282.1,cellobiose,NIMS,5,80,<0.1,below reported 0.1 conversion background; not numeric zero,0.1,3,NA,Bacteria,0.003,0,expression_binary=0,false,10.1021/cb500244v,10.1021/cb500244v.s003,cb500244v_si_003.xlsx,Sheet1,681,E,E681
CAA56282.1_Pantoea-agglomerans,CAA56282.1,lactose,NIMS,5,80,<0.1,below reported 0.1 conversion background; not numeric zero,0.1,3,NA,Bacteria,0.003,0,expression_binary=0,false,10.1021/cb500244v,10.1021/cb500244v.s003,cb500244v_si_003.xlsx,Sheet1,681,F,F681
CAA56282.1_Pantoea-agglomerans,CAA56282.1,xylobiose,NIMS,5,90,<0.1,below reported 0.1 conversion background; not numeric zero,0.1,3,NA,Bacteria,0.003,0,expression_binary=0,false,10.1021/cb500244v,10.1021/cb500244v.s003,cb500244v_si_003.xlsx,Sheet1,682,D,D682
CAA56282.1_Pantoea-agglomerans,CAA56282.1,cellobiose,NIMS,5,90,<0.1,below reported 0.1 conversion background; not numeric zero,0.1,3,NA,Bacteria,0.003,0,expression_binary=0,false,10.1021/cb500244v,10.1021/cb500244v.s003,cb500244v_si_003.xlsx,Sheet1,682,E,E682
CAA56282.1_Pantoea-agglomerans,CAA56282.1,lactose,NIMS,5,90,<0.1,below reported 0.1 conversion background; not numeric zero,0.1,3,NA,Bacteria,0.003,0,expression_binary=0,false,10.1021/cb500244v,10.1021/cb500244v.s003,cb500244v_si_003.xlsx,Sheet1,682,F,F682
CAA56282.1_Pantoea-agglomerans,CAA56282.1,xylobiose,NIMS,8,40,<0.1,below reported 0.1 conversion background; not numeric zero,0.1,3,NA,Bacteria,0.003,0,expression_binary=0,false,10.1021/cb500244v,10.1021/cb500244v.s003,cb500244v_si_003.xlsx,Sheet1,683,D,D683
CAA56282.1_Pantoea-agglomerans,CAA56282.1,cellobiose,NIMS,8,40,<0.1,below reported 0.1 conversion background; not numeric zero,0.1,3,NA,Bacteria,0.003,0,expression_binary=0,false,10.1021/cb500244v,10.1021/cb500244v.s003,cb500244v_si_003.xlsx,Sheet1,683,E,E683
CAA56282.1_Pantoea-agglomerans,CAA56282.1,lactose,NIMS,8,40,<0.1,below reported 0.1 conversion background; not numeric zero,0.1,3,NA,Bacteria,0.003,0,expression_binary=0,false,10.1021/cb500244v,10.1021/cb500244v.s003,cb500244v_si_003.xlsx,Sheet1,683,F,F683
CAA56282.1_Pantoea-agglomerans,CAA56282.1,xylobiose,NIMS,8,60,<0.1,below reported 0.1 conversion background; not numeric zero,0.1,3,NA,Bacteria,0.003,0,expression_binary=0,false,10.1021/cb500244v,10.1021/cb500244v.s003,cb500244v_si_003.xlsx,Sheet1,684,D,D684
CAA56282.1_Pantoea-agglomerans,CAA56282.1,cellobiose,NIMS,8,60,<0.1,below reported 0.1 conversion background; not numeric zero,0.1,3,NA,Bacteria,0.003,0,expression_binary=0,false,10.1021/cb500244v,10.1021/cb500244v.s003,cb500244v_si_003.xlsx,Sheet1,684,E,E684
CAA56282.1_Pantoea-agglomerans,CAA56282.1,lactose,NIMS,8,60,<0.1,below reported 0.1 conversion background; not numeric zero,0.1,3,NA,Bacteria,0.003,0,expression_binary=0,false,10.1021/cb500244v,10.1021/cb500244v.s003,cb500244v_si_003.xlsx,Sheet1,684,F,F684
CAA56282.1_Pantoea-agglomerans,CAA56282.1,xylobiose,NIMS,8,80,<0.1,below reported 0.1 conversion background; not numeric zero,0.1,3,NA,Bacteria,0.003,0,expression_binary=0,false,10.1021/cb500244v,10.1021/cb500244v.s003,cb500244v_si_003.xlsx,Sheet1,685,D,D685
CAA56282.1_Pantoea-agglomerans,CAA56282.1,cellobiose,NIMS,8,80,<0.1,below reported 0.1 conversion background; not numeric zero,0.1,3,NA,Bacteria,0.003,0,expression_binary=0,false,10.1021/cb500244v,10.1021/cb500244v.s003,cb500244v_si_003.xlsx,Sheet1,685,E,E685
CAA56282.1_Pantoea-agglomerans,CAA56282.1,lactose,NIMS,8,80,<0.1,below reported 0.1 conversion background; not numeric zero,0.1,3,NA,Bacteria,0.003,0,expression_binary=0,false,10.1021/cb500244v,10.1021/cb500244v.s003,cb500244v_si_003.xlsx,Sheet1,685,F,F685
CAA91220.1_Thermoanaerobacter-brockii,CAA91220.1,xylobiose,NIMS,5,40,<0.1,below reported 0.1 conversion background; not numeric zero,0.1,3,NA,Bacteria,0.311,1,expression_binary=1,true,10.1021/cb500244v,10.1021/cb500244v.s003,cb500244v_si_003.xlsx,Sheet1,686,D,D686
CAA91220.1_Thermoanaerobacter-brockii,CAA91220.1,xylobiose,NIMS,5,60,<0.1,below reported 0.1 conversion background; not numeric zero,0.1,3,NA,Bacteria,0.311,1,expression_binary=1,true,10.1021/cb500244v,10.1021/cb500244v.s003,cb500244v_si_003.xlsx,Sheet1,687,D,D687
CAA91220.1_Thermoanaerobacter-brockii,CAA91220.1,xylobiose,NIMS,5,80,<0.1,below reported 0.1 conversion background; not numeric zero,0.1,3,NA,Bacteria,0.311,1,expression_binary=1,true,10.1021/cb500244v,10.1021/cb500244v.s003,cb500244v_si_003.xlsx,Sheet1,688,D,D688
CAA91220.1_Thermoanaerobacter-brockii,CAA91220.1,lactose,NIMS,5,80,<0.1,below reported 0.1 conversion background; not numeric zero,0.1,3,NA,Bacteria,0.311,1,expression_binary=1,true,10.1021/cb500244v,10.1021/cb500244v.s003,cb500244v_si_003.xlsx,Sheet1,688,F,F688
CAA91220.1_Thermoanaerobacter-brockii,CAA91220.1,xylobiose,NIMS,5,90,<0.1,below reported 0.1 conversion background; not numeric zero,0.1,3,NA,Bacteria,0.311,1,expression_binary=1,true,10.1021/cb500244v,10.1021/cb500244v.s003,cb500244v_si_003.xlsx,Sheet1,689,D,D689
CAA91220.1_Thermoanaerobacter-brockii,CAA91220.1,cellobiose,NIMS,5,90,<0.1,below reported 0.1 conversion background; not numeric zero,0.1,3,NA,Bacteria,0.311,1,expression_binary=1,true,10.1021/cb500244v,10.1021/cb500244v.s003,cb500244v_si_003.xlsx,Sheet1,689,E,E689
CAA91220.1_Thermoanaerobacter-brockii,CAA91220.1,lactose,NIMS,5,90,<0.1,below reported 0.1 conversion background; not numeric zero,0.1,3,NA,Bacteria,0.311,1,expression_binary=1,true,10.1021/cb500244v,10.1021/cb500244v.s003,cb500244v_si_003.xlsx,Sheet1,689,F,F689
CAA91220.1_Thermoanaerobacter-brockii,CAA91220.1,xylobiose,NIMS,8,40,<0.1,below reported 0.1 conversion background; not numeric zero,0.1,3,NA,Bacteria,0.311,1,expression_binary=1,true,10.1021/cb500244v,10.1021/cb500244v.s003,cb500244v_si_003.xlsx,Sheet1,690,D,D690
CAA91220.1_Thermoanaerobacter-brockii,CAA91220.1,xylobiose,NIMS,8,60,<0.1,below reported 0.1 conversion background; not numeric zero,0.1,3,NA,Bacteria,0.311,1,expression_binary=1,true,10.1021/cb500244v,10.1021/cb500244v.s003,cb500244v_si_003.xlsx,Sheet1,691,D,D691
CAA91220.1_Thermoanaerobacter-brockii,CAA91220.1,xylobiose,NIMS,8,80,<0.1,below reported 0.1 conversion background; not numeric zero,0.1,3,NA,Bacteria,0.311,1,expression_binary=1,true,10.1021/cb500244v,10.1021/cb500244v.s003,cb500244v_si_003.xlsx,Sheet1,692,D,D692
CAA91220.1_Thermoanaerobacter-brockii,CAA91220.1,xylobiose,NIMS,8,90,<0.1,below reported 0.1 conversion background; not numeric zero,0.1,3,NA,Bacteria,0.311,1,expression_binary=1,true,10.1021/cb500244v,10.1021/cb500244v.s003,cb500244v_si_003.xlsx,Sheet1,693,D,D693
CAA91220.1_Thermoanaerobacter-brockii,CAA91220.1,cellobiose,NIMS,8,90,<0.1,below reported 0.1 conversion background; not numeric zero,0.1,3,NA,Bacteria,0.311,1,expression_binary=1,true,10.1021/cb500244v,10.1021/cb500244v.s003,cb500244v_si_003.xlsx,Sheet1,693,E,E693
CAA91220.1_Thermoanaerobacter-brockii,CAA91220.1,lactose,NIMS,8,90,<0.1,below reported 0.1 conversion background; not numeric zero,0.1,3,NA,Bacteria,0.311,1,expression_binary=1,true,10.1021/cb500244v,10.1021/cb500244v.s003,cb500244v_si_003.xlsx,Sheet1,693,F,F693
CAJ88232.1_Streptomyces-ambofaciens-ATCC-23877,CAJ88232.1,xylobiose,NIMS,8,90,<0.1,below reported 0.1 conversion background; not numeric zero,0.1,3,NA,Bacteria,0.10772772000000001,1,expression_binary=1,true,10.1021/cb500244v,10.1021/cb500244v.s003,cb500244v_si_003.xlsx,Sheet1,694,D,D694
CAJ88232.1_Streptomyces-ambofaciens-ATCC-23877,CAJ88232.1,cellobiose,NIMS,8,90,<0.1,below reported 0.1 conversion background; not numeric zero,0.1,3,NA,Bacteria,0.10772772000000001,1,expression_binary=1,true,10.1021/cb500244v,10.1021/cb500244v.s003,cb500244v_si_003.xlsx,Sheet1,694,E,E694
CAJ88232.1_Streptomyces-ambofaciens-ATCC-23877,CAJ88232.1,lactose,NIMS,8,90,<0.1,below reported 0.1 conversion background; not numeric zero,0.1,3,NA,Bacteria,0.10772772000000001,1,expression_binary=1,true,10.1021/cb500244v,10.1021/cb500244v.s003,cb500244v_si_003.xlsx,Sheet1,694,F,F694
CAJ88232.1_Streptomyces-ambofaciens-ATCC-23877,CAJ88232.1,xylobiose,NIMS,5,60,<0.1,below reported 0.1 conversion background; not numeric zero,0.1,3,NA,Bacteria,0.10772772000000001,1,expression_binary=1,true,10.1021/cb500244v,10.1021/cb500244v.s003,cb500244v_si_003.xlsx,Sheet1,695,D,D695
CAJ88232.1_Streptomyces-ambofaciens-ATCC-23877,CAJ88232.1,cellobiose,NIMS,5,60,<0.1,below reported 0.1 conversion background; not numeric zero,0.1,3,NA,Bacteria,0.10772772000000001,1,expression_binary=1,true,10.1021/cb500244v,10.1021/cb500244v.s003,cb500244v_si_003.xlsx,Sheet1,695,E,E695
CAJ88232.1_Streptomyces-ambofaciens-ATCC-23877,CAJ88232.1,lactose,NIMS,5,60,<0.1,below reported 0.1 conversion background; not numeric zero,0.1,3,NA,Bacteria,0.10772772000000001,1,expression_binary=1,true,10.1021/cb500244v,10.1021/cb500244v.s003,cb500244v_si_003.xlsx,Sheet1,695,F,F695
CAJ88232.1_Streptomyces-ambofaciens-ATCC-23877,CAJ88232.1,xylobiose,NIMS,5,80,<0.1,below reported 0.1 conversion background; not numeric zero,0.1,3,NA,Bacteria,0.10772772000000001,1,expression_binary=1,true,10.1021/cb500244v,10.1021/cb500244v.s003,cb500244v_si_003.xlsx,Sheet1,696,D,D696
CAJ88232.1_Streptomyces-ambofaciens-ATCC-23877,CAJ88232.1,cellobiose,NIMS,5,80,<0.1,below reported 0.1 conversion background; not numeric zero,0.1,3,NA,Bacteria,0.10772772000000001,1,expression_binary=1,true,10.1021/cb500244v,10.1021/cb500244v.s003,cb500244v_si_003.xlsx,Sheet1,696,E,E696
CAJ88232.1_Streptomyces-ambofaciens-ATCC-23877,CAJ88232.1,lactose,NIMS,5,80,<0.1,below reported 0.1 conversion background; not numeric zero,0.1,3,NA,Bacteria,0.10772772000000001,1,expression_binary=1,true,10.1021/cb500244v,10.1021/cb500244v.s003,cb500244v_si_003.xlsx,Sheet1,696,F,F696
CAJ88232.1_Streptomyces-ambofaciens-ATCC-23877,CAJ88232.1,xylobiose,NIMS,5,90,<0.1,below reported 0.1 conversion background; not numeric zero,0.1,3,NA,Bacteria,0.10772772000000001,1,expression_binary=1,true,10.1021/cb500244v,10.1021/cb500244v.s003,cb500244v_si_003.xlsx,Sheet1,697,D,D697
CAJ88232.1_Streptomyces-ambofaciens-ATCC-23877,CAJ88232.1,cellobiose,NIMS,5,90,<0.1,below reported 0.1 conversion background; not numeric zero,0.1,3,NA,Bacteria,0.10772772000000001,1,expression_binary=1,true,10.1021/cb500244v,10.1021/cb500244v.s003,cb500244v_si_003.xlsx,Sheet1,697,E,E697
CAJ88232.1_Streptomyces-ambofaciens-ATCC-23877,CAJ88232.1,lactose,NIMS,5,90,<0.1,below reported 0.1 conversion background; not numeric zero,0.1,3,NA,Bacteria,0.10772772000000001,1,expression_binary=1,true,10.1021/cb500244v,10.1021/cb500244v.s003,cb500244v_si_003.xlsx,Sheet1,697,F,F697
CAJ88232.1_Streptomyces-ambofaciens-ATCC-23877,CAJ88232.1,xylobiose,NIMS,8,40,<0.1,below reported 0.1 conversion background; not numeric zero,0.1,3,NA,Bacteria,0.10772772000000001,1,expression_binary=1,true,10.1021/cb500244v,10.1021/cb500244v.s003,cb500244v_si_003.xlsx,Sheet1,698,D,D698
CAJ88232.1_Streptomyces-ambofaciens-ATCC-23877,CAJ88232.1,cellobiose,NIMS,8,40,<0.1,below reported 0.1 conversion background; not numeric zero,0.1,3,NA,Bacteria,0.10772772000000001,1,expression_binary=1,true,10.1021/cb500244v,10.1021/cb500244v.s003,cb500244v_si_003.xlsx,Sheet1,698,E,E698
CAJ88232.1_Streptomyces-ambofaciens-ATCC-23877,CAJ88232.1,lactose,NIMS,8,40,<0.1,below reported 0.1 conversion background; not numeric zero,0.1,3,NA,Bacteria,0.10772772000000001,1,expression_binary=1,true,10.1021/cb500244v,10.1021/cb500244v.s003,cb500244v_si_003.xlsx,Sheet1,698,F,F698
CAJ88232.1_Streptomyces-ambofaciens-ATCC-23877,CAJ88232.1,xylobiose,NIMS,8,60,<0.1,below reported 0.1 conversion background; not numeric zero,0.1,3,NA,Bacteria,0.10772772000000001,1,expression_binary=1,true,10.1021/cb500244v,10.1021/cb500244v.s003,cb500244v_si_003.xlsx,Sheet1,699,D,D699
CAJ88232.1_Streptomyces-ambofaciens-ATCC-23877,CAJ88232.1,cellobiose,NIMS,8,60,<0.1,below reported 0.1 conversion background; not numeric zero,0.1,3,NA,Bacteria,0.10772772000000001,1,expression_binary=1,true,10.1021/cb500244v,10.1021/cb500244v.s003,cb500244v_si_003.xlsx,Sheet1,699,E,E699
CAJ88232.1_Streptomyces-ambofaciens-ATCC-23877,CAJ88232.1,lactose,NIMS,8,60,<0.1,below reported 0.1 conversion background; not numeric zero,0.1,3,NA,Bacteria,0.10772772000000001,1,expression_binary=1,true,10.1021/cb500244v,10.1021/cb500244v.s003,cb500244v_si_003.xlsx,Sheet1,699,F,F699
CAJ88232.1_Streptomyces-ambofaciens-ATCC-23877,CAJ88232.1,xylobiose,NIMS,8,80,<0.1,below reported 0.1 conversion background; not numeric zero,0.1,3,NA,Bacteria,0.10772772000000001,1,expression_binary=1,true,10.1021/cb500244v,10.1021/cb500244v.s003,cb500244v_si_003.xlsx,Sheet1,700,D,D700
CAJ88232.1_Streptomyces-ambofaciens-ATCC-23877,CAJ88232.1,cellobiose,NIMS,8,80,<0.1,below reported 0.1 conversion background; not numeric zero,0.1,3,NA,Bacteria,0.10772772000000001,1,expression_binary=1,true,10.1021/cb500244v,10.1021/cb500244v.s003,cb500244v_si_003.xlsx,Sheet1,700,E,E700
CAJ88232.1_Streptomyces-ambofaciens-ATCC-23877,CAJ88232.1,lactose,NIMS,8,80,<0.1,below reported 0.1 conversion background; not numeric zero,0.1,3,NA,Bacteria,0.10772772000000001,1,expression_binary=1,true,10.1021/cb500244v,10.1021/cb500244v.s003,cb500244v_si_003.xlsx,Sheet1,700,F,F700
CAJ88232.1_Streptomyces-ambofaciens-ATCC-23877,CAJ88232.1,xylobiose,NIMS,8,90,<0.1,below reported 0.1 conversion background; not numeric zero,0.1,3,NA,Bacteria,0.10772772000000001,1,expression_binary=1,true,10.1021/cb500244v,10.1021/cb500244v.s003,cb500244v_si_003.xlsx,Sheet1,701,D,D701
CAJ88232.1_Streptomyces-ambofaciens-ATCC-23877,CAJ88232.1,cellobiose,NIMS,8,90,<0.1,below reported 0.1 conversion background; not numeric zero,0.1,3,NA,Bacteria,0.10772772000000001,1,expression_binary=1,true,10.1021/cb500244v,10.1021/cb500244v.s003,cb500244v_si_003.xlsx,Sheet1,701,E,E701
CAJ88232.1_Streptomyces-ambofaciens-ATCC-23877,CAJ88232.1,lactose,NIMS,8,90,<0.1,below reported 0.1 conversion background; not numeric zero,0.1,3,NA,Bacteria,0.10772772000000001,1,expression_binary=1,true,10.1021/cb500244v,10.1021/cb500244v.s003,cb500244v_si_003.xlsx,Sheet1,701,F,F701
CAQ03968.1_Corynebacterium-urealyticum-DSM-7109,CAQ03968.1,xylobiose,NIMS,5,40,<0.1,below reported 0.1 conversion background; not numeric zero,0.1,3,NA,Bacteria,0.15475185866666663,1,expression_binary=1,true,10.1021/cb500244v,10.1021/cb500244v.s003,cb500244v_si_003.xlsx,Sheet1,702,D,D702
CAQ03968.1_Corynebacterium-urealyticum-DSM-7109,CAQ03968.1,cellobiose,NIMS,5,40,<0.1,below reported 0.1 conversion background; not numeric zero,0.1,3,NA,Bacteria,0.15475185866666663,1,expression_binary=1,true,10.1021/cb500244v,10.1021/cb500244v.s003,cb500244v_si_003.xlsx,Sheet1,702,E,E702
CAQ03968.1_Corynebacterium-urealyticum-DSM-7109,CAQ03968.1,lactose,NIMS,5,40,<0.1,below reported 0.1 conversion background; not numeric zero,0.1,3,NA,Bacteria,0.15475185866666663,1,expression_binary=1,true,10.1021/cb500244v,10.1021/cb500244v.s003,cb500244v_si_003.xlsx,Sheet1,702,F,F702
CAQ03968.1_Corynebacterium-urealyticum-DSM-7109,CAQ03968.1,xylobiose,NIMS,5,60,<0.1,below reported 0.1 conversion background; not numeric zero,0.1,3,NA,Bacteria,0.15475185866666663,1,expression_binary=1,true,10.1021/cb500244v,10.1021/cb500244v.s003,cb500244v_si_003.xlsx,Sheet1,703,D,D703
CAQ03968.1_Corynebacterium-urealyticum-DSM-7109,CAQ03968.1,cellobiose,NIMS,5,60,<0.1,below reported 0.1 conversion background; not numeric zero,0.1,3,NA,Bacteria,0.15475185866666663,1,expression_binary=1,true,10.1021/cb500244v,10.1021/cb500244v.s003,cb500244v_si_003.xlsx,Sheet1,703,E,E703
CAQ03968.1_Corynebacterium-urealyticum-DSM-7109,CAQ03968.1,lactose,NIMS,5,60,<0.1,below reported 0.1 conversion background; not numeric zero,0.1,3,NA,Bacteria,0.15475185866666663,1,expression_binary=1,true,10.1021/cb500244v,10.1021/cb500244v.s003,cb500244v_si_003.xlsx,Sheet1,703,F,F703
CAQ03968.1_Corynebacterium-urealyticum-DSM-7109,CAQ03968.1,xylobiose,NIMS,5,80,<0.1,below reported 0.1 conversion background; not numeric zero,0.1,3,NA,Bacteria,0.15475185866666663,1,expression_binary=1,true,10.1021/cb500244v,10.1021/cb500244v.s003,cb500244v_si_003.xlsx,Sheet1,704,D,D704
CAQ03968.1_Corynebacterium-urealyticum-DSM-7109,CAQ03968.1,cellobiose,NIMS,5,80,<0.1,below reported 0.1 conversion background; not numeric zero,0.1,3,NA,Bacteria,0.15475185866666663,1,expression_binary=1,true,10.1021/cb500244v,10.1021/cb500244v.s003,cb500244v_si_003.xlsx,Sheet1,704,E,E704
CAQ03968.1_Corynebacterium-urealyticum-DSM-7109,CAQ03968.1,lactose,NIMS,5,80,<0.1,below reported 0.1 conversion background; not numeric zero,0.1,3,NA,Bacteria,0.15475185866666663,1,expression_binary=1,true,10.1021/cb500244v,10.1021/cb500244v.s003,cb500244v_si_003.xlsx,Sheet1,704,F,F704
CAQ03968.1_Corynebacterium-urealyticum-DSM-7109,CAQ03968.1,xylobiose,NIMS,5,90,<0.1,below reported 0.1 conversion background; not numeric zero,0.1,3,NA,Bacteria,0.15475185866666663,1,expression_binary=1,true,10.1021/cb500244v,10.1021/cb500244v.s003,cb500244v_si_003.xlsx,Sheet1,705,D,D705
CAQ03968.1_Corynebacterium-urealyticum-DSM-7109,CAQ03968.1,cellobiose,NIMS,5,90,<0.1,below reported 0.1 conversion background; not numeric zero,0.1,3,NA,Bacteria,0.15475185866666663,1,expression_binary=1,true,10.1021/cb500244v,10.1021/cb500244v.s003,cb500244v_si_003.xlsx,Sheet1,705,E,E705
CAQ03968.1_Corynebacterium-urealyticum-DSM-7109,CAQ03968.1,lactose,NIMS,5,90,<0.1,below reported 0.1 conversion background; not numeric zero,0.1,3,NA,Bacteria,0.15475185866666663,1,expression_binary=1,true,10.1021/cb500244v,10.1021/cb500244v.s003,cb500244v_si_003.xlsx,Sheet1,705,F,F705
CAQ03968.1_Corynebacterium-urealyticum-DSM-7109,CAQ03968.1,xylobiose,NIMS,8,40,<0.1,below reported 0.1 conversion background; not numeric zero,0.1,3,NA,Bacteria,0.15475185866666663,1,expression_binary=1,true,10.1021/cb500244v,10.1021/cb500244v.s003,cb500244v_si_003.xlsx,Sheet1,706,D,D706
CAQ03968.1_Corynebacterium-urealyticum-DSM-7109,CAQ03968.1,cellobiose,NIMS,8,40,<0.1,below reported 0.1 conversion background; not numeric zero,0.1,3,NA,Bacteria,0.15475185866666663,1,expression_binary=1,true,10.1021/cb500244v,10.1021/cb500244v.s003,cb500244v_si_003.xlsx,Sheet1,706,E,E706
CAQ03968.1_Corynebacterium-urealyticum-DSM-7109,CAQ03968.1,lactose,NIMS,8,40,<0.1,below reported 0.1 conversion background; not numeric zero,0.1,3,NA,Bacteria,0.15475185866666663,1,expression_binary=1,true,10.1021/cb500244v,10.1021/cb500244v.s003,cb500244v_si_003.xlsx,Sheet1,706,F,F706
CAQ03968.1_Corynebacterium-urealyticum-DSM-7109,CAQ03968.1,xylobiose,NIMS,8,60,<0.1,below reported 0.1 conversion background; not numeric zero,0.1,3,NA,Bacteria,0.15475185866666663,1,expression_binary=1,true,10.1021/cb500244v,10.1021/cb500244v.s003,cb500244v_si_003.xlsx,Sheet1,707,D,D707
CAQ03968.1_Corynebacterium-urealyticum-DSM-7109,CAQ03968.1,cellobiose,NIMS,8,60,<0.1,below reported 0.1 conversion background; not numeric zero,0.1,3,NA,Bacteria,0.15475185866666663,1,expression_binary=1,true,10.1021/cb500244v,10.1021/cb500244v.s003,cb500244v_si_003.xlsx,Sheet1,707,E,E707
CAQ03968.1_Corynebacterium-urealyticum-DSM-7109,CAQ03968.1,lactose,NIMS,8,60,<0.1,below reported 0.1 conversion background; not numeric zero,0.1,3,NA,Bacteria,0.15475185866666663,1,expression_binary=1,true,10.1021/cb500244v,10.1021/cb500244v.s003,cb500244v_si_003.xlsx,Sheet1,707,F,F707
CAQ03968.1_Corynebacterium-urealyticum-DSM-7109,CAQ03968.1,xylobiose,NIMS,8,80,<0.1,below reported 0.1 conversion background; not numeric zero,0.1,3,NA,Bacteria,0.15475185866666663,1,expression_binary=1,true,10.1021/cb500244v,10.1021/cb500244v.s003,cb500244v_si_003.xlsx,Sheet1,708,D,D708
CAQ03968.1_Corynebacterium-urealyticum-DSM-7109,CAQ03968.1,cellobiose,NIMS,8,80,<0.1,below reported 0.1 conversion background; not numeric zero,0.1,3,NA,Bacteria,0.15475185866666663,1,expression_binary=1,true,10.1021/cb500244v,10.1021/cb500244v.s003,cb500244v_si_003.xlsx,Sheet1,708,E,E708
CAQ03968.1_Corynebacterium-urealyticum-DSM-7109,CAQ03968.1,lactose,NIMS,8,80,<0.1,below reported 0.1 conversion background; not numeric zero,0.1,3,NA,Bacteria,0.15475185866666663,1,expression_binary=1,true,10.1021/cb500244v,10.1021/cb500244v.s003,cb500244v_si_003.xlsx,Sheet1,708,F,F708
CAQ03968.1_Corynebacterium-urealyticum-DSM-7109,CAQ03968.1,xylobiose,NIMS,8,90,<0.1,below reported 0.1 conversion background; not numeric zero,0.1,3,NA,Bacteria,0.15475185866666663,1,expression_binary=1,true,10.1021/cb500244v,10.1021/cb500244v.s003,cb500244v_si_003.xlsx,Sheet1,709,D,D709
CAQ03968.1_Corynebacterium-urealyticum-DSM-7109,CAQ03968.1,cellobiose,NIMS,8,90,<0.1,below reported 0.1 conversion background; not numeric zero,0.1,3,NA,Bacteria,0.15475185866666663,1,expression_binary=1,true,10.1021/cb500244v,10.1021/cb500244v.s003,cb500244v_si_003.xlsx,Sheet1,709,E,E709
CAQ03968.1_Corynebacterium-urealyticum-DSM-7109,CAQ03968.1,lactose,NIMS,8,90,<0.1,below reported 0.1 conversion background; not numeric zero,0.1,3,NA,Bacteria,0.15475185866666663,1,expression_binary=1,true,10.1021/cb500244v,10.1021/cb500244v.s003,cb500244v_si_003.xlsx,Sheet1,709,F,F709
CAQ67883.1_Lactobacillus-casei-BL23,CAQ67883.1,xylobiose,NIMS,5,40,<0.1,below reported 0.1 conversion background; not numeric zero,0.1,3,NA,Bacteria,0.21811973599999998,1,expression_binary=1,true,10.1021/cb500244v,10.1021/cb500244v.s003,cb500244v_si_003.xlsx,Sheet1,710,D,D710
CAQ67883.1_Lactobacillus-casei-BL23,CAQ67883.1,cellobiose,NIMS,5,40,<0.1,below reported 0.1 conversion background; not numeric zero,0.1,3,NA,Bacteria,0.21811973599999998,1,expression_binary=1,true,10.1021/cb500244v,10.1021/cb500244v.s003,cb500244v_si_003.xlsx,Sheet1,710,E,E710
CAQ67883.1_Lactobacillus-casei-BL23,CAQ67883.1,lactose,NIMS,5,40,<0.1,below reported 0.1 conversion background; not numeric zero,0.1,3,NA,Bacteria,0.21811973599999998,1,expression_binary=1,true,10.1021/cb500244v,10.1021/cb500244v.s003,cb500244v_si_003.xlsx,Sheet1,710,F,F710
CAQ67883.1_Lactobacillus-casei-BL23,CAQ67883.1,xylobiose,NIMS,5,60,<0.1,below reported 0.1 conversion background; not numeric zero,0.1,3,NA,Bacteria,0.21811973599999998,1,expression_binary=1,true,10.1021/cb500244v,10.1021/cb500244v.s003,cb500244v_si_003.xlsx,Sheet1,711,D,D711
CAQ67883.1_Lactobacillus-casei-BL23,CAQ67883.1,cellobiose,NIMS,5,60,<0.1,below reported 0.1 conversion background; not numeric zero,0.1,3,NA,Bacteria,0.21811973599999998,1,expression_binary=1,true,10.1021/cb500244v,10.1021/cb500244v.s003,cb500244v_si_003.xlsx,Sheet1,711,E,E711
CAQ67883.1_Lactobacillus-casei-BL23,CAQ67883.1,lactose,NIMS,5,60,<0.1,below reported 0.1 conversion background; not numeric zero,0.1,3,NA,Bacteria,0.21811973599999998,1,expression_binary=1,true,10.1021/cb500244v,10.1021/cb500244v.s003,cb500244v_si_003.xlsx,Sheet1,711,F,F711
CAQ67883.1_Lactobacillus-casei-BL23,CAQ67883.1,xylobiose,NIMS,5,80,<0.1,below reported 0.1 conversion background; not numeric zero,0.1,3,NA,Bacteria,0.21811973599999998,1,expression_binary=1,true,10.1021/cb500244v,10.1021/cb500244v.s003,cb500244v_si_003.xlsx,Sheet1,712,D,D712
CAQ67883.1_Lactobacillus-casei-BL23,CAQ67883.1,cellobiose,NIMS,5,80,<0.1,below reported 0.1 conversion background; not numeric zero,0.1,3,NA,Bacteria,0.21811973599999998,1,expression_binary=1,true,10.1021/cb500244v,10.1021/cb500244v.s003,cb500244v_si_003.xlsx,Sheet1,712,E,E712
CAQ67883.1_Lactobacillus-casei-BL23,CAQ67883.1,lactose,NIMS,5,80,<0.1,below reported 0.1 conversion background; not numeric zero,0.1,3,NA,Bacteria,0.21811973599999998,1,expression_binary=1,true,10.1021/cb500244v,10.1021/cb500244v.s003,cb500244v_si_003.xlsx,Sheet1,712,F,F712
CAQ67883.1_Lactobacillus-casei-BL23,CAQ67883.1,xylobiose,NIMS,5,90,<0.1,below reported 0.1 conversion background; not numeric zero,0.1,3,NA,Bacteria,0.21811973599999998,1,expression_binary=1,true,10.1021/cb500244v,10.1021/cb500244v.s003,cb500244v_si_003.xlsx,Sheet1,713,D,D713
CAQ67883.1_Lactobacillus-casei-BL23,CAQ67883.1,cellobiose,NIMS,5,90,<0.1,below reported 0.1 conversion background; not numeric zero,0.1,3,NA,Bacteria,0.21811973599999998,1,expression_binary=1,true,10.1021/cb500244v,10.1021/cb500244v.s003,cb500244v_si_003.xlsx,Sheet1,713,E,E713
CAQ67883.1_Lactobacillus-casei-BL23,CAQ67883.1,lactose,NIMS,5,90,<0.1,below reported 0.1 conversion background; not numeric zero,0.1,3,NA,Bacteria,0.21811973599999998,1,expression_binary=1,true,10.1021/cb500244v,10.1021/cb500244v.s003,cb500244v_si_003.xlsx,Sheet1,713,F,F713
CAQ67883.1_Lactobacillus-casei-BL23,CAQ67883.1,xylobiose,NIMS,8,40,<0.1,below reported 0.1 conversion background; not numeric zero,0.1,3,NA,Bacteria,0.21811973599999998,1,expression_binary=1,true,10.1021/cb500244v,10.1021/cb500244v.s003,cb500244v_si_003.xlsx,Sheet1,714,D,D714
CAQ67883.1_Lactobacillus-casei-BL23,CAQ67883.1,cellobiose,NIMS,8,40,<0.1,below reported 0.1 conversion background; not numeric zero,0.1,3,NA,Bacteria,0.21811973599999998,1,expression_binary=1,true,10.1021/cb500244v,10.1021/cb500244v.s003,cb500244v_si_003.xlsx,Sheet1,714,E,E714
CAQ67883.1_Lactobacillus-casei-BL23,CAQ67883.1,lactose,NIMS,8,40,<0.1,below reported 0.1 conversion background; not numeric zero,0.1,3,NA,Bacteria,0.21811973599999998,1,expression_binary=1,true,10.1021/cb500244v,10.1021/cb500244v.s003,cb500244v_si_003.xlsx,Sheet1,714,F,F714
CAQ67883.1_Lactobacillus-casei-BL23,CAQ67883.1,xylobiose,NIMS,8,60,<0.1,below reported 0.1 conversion background; not numeric zero,0.1,3,NA,Bacteria,0.21811973599999998,1,expression_binary=1,true,10.1021/cb500244v,10.1021/cb500244v.s003,cb500244v_si_003.xlsx,Sheet1,715,D,D715
CAQ67883.1_Lactobacillus-casei-BL23,CAQ67883.1,cellobiose,NIMS,8,60,<0.1,below reported 0.1 conversion background; not numeric zero,0.1,3,NA,Bacteria,0.21811973599999998,1,expression_binary=1,true,10.1021/cb500244v,10.1021/cb500244v.s003,cb500244v_si_003.xlsx,Sheet1,715,E,E715
CAQ67883.1_Lactobacillus-casei-BL23,CAQ67883.1,lactose,NIMS,8,60,<0.1,below reported 0.1 conversion background; not numeric zero,0.1,3,NA,Bacteria,0.21811973599999998,1,expression_binary=1,true,10.1021/cb500244v,10.1021/cb500244v.s003,cb500244v_si_003.xlsx,Sheet1,715,F,F715
CAQ67883.1_Lactobacillus-casei-BL23,CAQ67883.1,xylobiose,NIMS,8,80,<0.1,below reported 0.1 conversion background; not numeric zero,0.1,3,NA,Bacteria,0.21811973599999998,1,expression_binary=1,true,10.1021/cb500244v,10.1021/cb500244v.s003,cb500244v_si_003.xlsx,Sheet1,716,D,D716
CAQ67883.1_Lactobacillus-casei-BL23,CAQ67883.1,cellobiose,NIMS,8,80,<0.1,below reported 0.1 conversion background; not numeric zero,0.1,3,NA,Bacteria,0.21811973599999998,1,expression_binary=1,true,10.1021/cb500244v,10.1021/cb500244v.s003,cb500244v_si_003.xlsx,Sheet1,716,E,E716
CAQ67883.1_Lactobacillus-casei-BL23,CAQ67883.1,lactose,NIMS,8,80,<0.1,below reported 0.1 conversion background; not numeric zero,0.1,3,NA,Bacteria,0.21811973599999998,1,expression_binary=1,true,10.1021/cb500244v,10.1021/cb500244v.s003,cb500244v_si_003.xlsx,Sheet1,716,F,F716
CAQ67883.1_Lactobacillus-casei-BL23,CAQ67883.1,xylobiose,NIMS,8,90,<0.1,below reported 0.1 conversion background; not numeric zero,0.1,3,NA,Bacteria,0.21811973599999998,1,expression_binary=1,true,10.1021/cb500244v,10.1021/cb500244v.s003,cb500244v_si_003.xlsx,Sheet1,717,D,D717
CAQ67883.1_Lactobacillus-casei-BL23,CAQ67883.1,cellobiose,NIMS,8,90,<0.1,below reported 0.1 conversion background; not numeric zero,0.1,3,NA,Bacteria,0.21811973599999998,1,expression_binary=1,true,10.1021/cb500244v,10.1021/cb500244v.s003,cb500244v_si_003.xlsx,Sheet1,717,E,E717
CAQ67883.1_Lactobacillus-casei-BL23,CAQ67883.1,lactose,NIMS,8,90,<0.1,below reported 0.1 conversion background; not numeric zero,0.1,3,NA,Bacteria,0.21811973599999998,1,expression_binary=1,true,10.1021/cb500244v,10.1021/cb500244v.s003,cb500244v_si_003.xlsx,Sheet1,717,F,F717
CBL17177.1_Ruminococcus-champanellensis-18P13,CBL17177.1,xylobiose,NIMS,5,40,<0.1,below reported 0.1 conversion background; not numeric zero,0.1,3,NA,Bacteria,0.119,1,expression_binary=1,true,10.1021/cb500244v,10.1021/cb500244v.s003,cb500244v_si_003.xlsx,Sheet1,718,D,D718
CBL17177.1_Ruminococcus-champanellensis-18P13,CBL17177.1,xylobiose,NIMS,5,60,<0.1,below reported 0.1 conversion background; not numeric zero,0.1,3,NA,Bacteria,0.119,1,expression_binary=1,true,10.1021/cb500244v,10.1021/cb500244v.s003,cb500244v_si_003.xlsx,Sheet1,719,D,D719
CBL17177.1_Ruminococcus-champanellensis-18P13,CBL17177.1,cellobiose,NIMS,5,60,<0.1,below reported 0.1 conversion background; not numeric zero,0.1,3,NA,Bacteria,0.119,1,expression_binary=1,true,10.1021/cb500244v,10.1021/cb500244v.s003,cb500244v_si_003.xlsx,Sheet1,719,E,E719
CBL17177.1_Ruminococcus-champanellensis-18P13,CBL17177.1,lactose,NIMS,5,60,<0.1,below reported 0.1 conversion background; not numeric zero,0.1,3,NA,Bacteria,0.119,1,expression_binary=1,true,10.1021/cb500244v,10.1021/cb500244v.s003,cb500244v_si_003.xlsx,Sheet1,719,F,F719
CBL17177.1_Ruminococcus-champanellensis-18P13,CBL17177.1,xylobiose,NIMS,5,80,<0.1,below reported 0.1 conversion background; not numeric zero,0.1,3,NA,Bacteria,0.119,1,expression_binary=1,true,10.1021/cb500244v,10.1021/cb500244v.s003,cb500244v_si_003.xlsx,Sheet1,720,D,D720
CBL17177.1_Ruminococcus-champanellensis-18P13,CBL17177.1,cellobiose,NIMS,5,80,<0.1,below reported 0.1 conversion background; not numeric zero,0.1,3,NA,Bacteria,0.119,1,expression_binary=1,true,10.1021/cb500244v,10.1021/cb500244v.s003,cb500244v_si_003.xlsx,Sheet1,720,E,E720
CBL17177.1_Ruminococcus-champanellensis-18P13,CBL17177.1,lactose,NIMS,5,80,<0.1,below reported 0.1 conversion background; not numeric zero,0.1,3,NA,Bacteria,0.119,1,expression_binary=1,true,10.1021/cb500244v,10.1021/cb500244v.s003,cb500244v_si_003.xlsx,Sheet1,720,F,F720
CBL17177.1_Ruminococcus-champanellensis-18P13,CBL17177.1,xylobiose,NIMS,5,90,<0.1,below reported 0.1 conversion background; not numeric zero,0.1,3,NA,Bacteria,0.119,1,expression_binary=1,true,10.1021/cb500244v,10.1021/cb500244v.s003,cb500244v_si_003.xlsx,Sheet1,721,D,D721
CBL17177.1_Ruminococcus-champanellensis-18P13,CBL17177.1,cellobiose,NIMS,5,90,<0.1,below reported 0.1 conversion background; not numeric zero,0.1,3,NA,Bacteria,0.119,1,expression_binary=1,true,10.1021/cb500244v,10.1021/cb500244v.s003,cb500244v_si_003.xlsx,Sheet1,721,E,E721
CBL17177.1_Ruminococcus-champanellensis-18P13,CBL17177.1,lactose,NIMS,5,90,<0.1,below reported 0.1 conversion background; not numeric zero,0.1,3,NA,Bacteria,0.119,1,expression_binary=1,true,10.1021/cb500244v,10.1021/cb500244v.s003,cb500244v_si_003.xlsx,Sheet1,721,F,F721
CBL17177.1_Ruminococcus-champanellensis-18P13,CBL17177.1,xylobiose,NIMS,8,40,<0.1,below reported 0.1 conversion background; not numeric zero,0.1,3,NA,Bacteria,0.119,1,expression_binary=1,true,10.1021/cb500244v,10.1021/cb500244v.s003,cb500244v_si_003.xlsx,Sheet1,722,D,D722
CBL17177.1_Ruminococcus-champanellensis-18P13,CBL17177.1,xylobiose,NIMS,8,60,<0.1,below reported 0.1 conversion background; not numeric zero,0.1,3,NA,Bacteria,0.119,1,expression_binary=1,true,10.1021/cb500244v,10.1021/cb500244v.s003,cb500244v_si_003.xlsx,Sheet1,723,D,D723
CBL17177.1_Ruminococcus-champanellensis-18P13,CBL17177.1,cellobiose,NIMS,8,60,<0.1,below reported 0.1 conversion background; not numeric zero,0.1,3,NA,Bacteria,0.119,1,expression_binary=1,true,10.1021/cb500244v,10.1021/cb500244v.s003,cb500244v_si_003.xlsx,Sheet1,723,E,E723
CBL17177.1_Ruminococcus-champanellensis-18P13,CBL17177.1,lactose,NIMS,8,60,<0.1,below reported 0.1 conversion background; not numeric zero,0.1,3,NA,Bacteria,0.119,1,expression_binary=1,true,10.1021/cb500244v,10.1021/cb500244v.s003,cb500244v_si_003.xlsx,Sheet1,723,F,F723
CBL17177.1_Ruminococcus-champanellensis-18P13,CBL17177.1,xylobiose,NIMS,8,80,<0.1,below reported 0.1 conversion background; not numeric zero,0.1,3,NA,Bacteria,0.119,1,expression_binary=1,true,10.1021/cb500244v,10.1021/cb500244v.s003,cb500244v_si_003.xlsx,Sheet1,724,D,D724
CBL17177.1_Ruminococcus-champanellensis-18P13,CBL17177.1,cellobiose,NIMS,8,80,<0.1,below reported 0.1 conversion background; not numeric zero,0.1,3,NA,Bacteria,0.119,1,expression_binary=1,true,10.1021/cb500244v,10.1021/cb500244v.s003,cb500244v_si_003.xlsx,Sheet1,724,E,E724
CBL17177.1_Ruminococcus-champanellensis-18P13,CBL17177.1,lactose,NIMS,8,80,<0.1,below reported 0.1 conversion background; not numeric zero,0.1,3,NA,Bacteria,0.119,1,expression_binary=1,true,10.1021/cb500244v,10.1021/cb500244v.s003,cb500244v_si_003.xlsx,Sheet1,724,F,F724
CBL17177.1_Ruminococcus-champanellensis-18P13,CBL17177.1,xylobiose,NIMS,8,90,<0.1,below reported 0.1 conversion background; not numeric zero,0.1,3,NA,Bacteria,0.119,1,expression_binary=1,true,10.1021/cb500244v,10.1021/cb500244v.s003,cb500244v_si_003.xlsx,Sheet1,725,D,D725
CBL17177.1_Ruminococcus-champanellensis-18P13,CBL17177.1,cellobiose,NIMS,8,90,<0.1,below reported 0.1 conversion background; not numeric zero,0.1,3,NA,Bacteria,0.119,1,expression_binary=1,true,10.1021/cb500244v,10.1021/cb500244v.s003,cb500244v_si_003.xlsx,Sheet1,725,E,E725
CBL17177.1_Ruminococcus-champanellensis-18P13,CBL17177.1,lactose,NIMS,8,90,<0.1,below reported 0.1 conversion background; not numeric zero,0.1,3,NA,Bacteria,0.119,1,expression_binary=1,true,10.1021/cb500244v,10.1021/cb500244v.s003,cb500244v_si_003.xlsx,Sheet1,725,F,F725
ABU77792.1_Cronobacter-sakazakii-ATCC-BAA-894,ABU77792.1,xylobiose,NIMS,5,40,<0.1,below reported 0.1 conversion background; not numeric zero,0.1,3,NA,Bacteria,0.444,1,expression_binary=1,true,10.1021/cb500244v,10.1021/cb500244v.s003,cb500244v_si_003.xlsx,Sheet1,726,D,D726
ABU77792.1_Cronobacter-sakazakii-ATCC-BAA-894,ABU77792.1,cellobiose,NIMS,5,40,<0.1,below reported 0.1 conversion background; not numeric zero,0.1,3,NA,Bacteria,0.444,1,expression_binary=1,true,10.1021/cb500244v,10.1021/cb500244v.s003,cb500244v_si_003.xlsx,Sheet1,726,E,E726
ABU77792.1_Cronobacter-sakazakii-ATCC-BAA-894,ABU77792.1,lactose,NIMS,5,40,<0.1,below reported 0.1 conversion background; not numeric zero,0.1,3,NA,Bacteria,0.444,1,expression_binary=1,true,10.1021/cb500244v,10.1021/cb500244v.s003,cb500244v_si_003.xlsx,Sheet1,726,F,F726
ABU77792.1_Cronobacter-sakazakii-ATCC-BAA-894,ABU77792.1,xylobiose,NIMS,5,60,<0.1,below reported 0.1 conversion background; not numeric zero,0.1,3,NA,Bacteria,0.444,1,expression_binary=1,true,10.1021/cb500244v,10.1021/cb500244v.s003,cb500244v_si_003.xlsx,Sheet1,727,D,D727
ABU77792.1_Cronobacter-sakazakii-ATCC-BAA-894,ABU77792.1,cellobiose,NIMS,5,60,<0.1,below reported 0.1 conversion background; not numeric zero,0.1,3,NA,Bacteria,0.444,1,expression_binary=1,true,10.1021/cb500244v,10.1021/cb500244v.s003,cb500244v_si_003.xlsx,Sheet1,727,E,E727
ABU77792.1_Cronobacter-sakazakii-ATCC-BAA-894,ABU77792.1,lactose,NIMS,5,60,<0.1,below reported 0.1 conversion background; not numeric zero,0.1,3,NA,Bacteria,0.444,1,expression_binary=1,true,10.1021/cb500244v,10.1021/cb500244v.s003,cb500244v_si_003.xlsx,Sheet1,727,F,F727
ABU77792.1_Cronobacter-sakazakii-ATCC-BAA-894,ABU77792.1,xylobiose,NIMS,5,80,<0.1,below reported 0.1 conversion background; not numeric zero,0.1,3,NA,Bacteria,0.444,1,expression_binary=1,true,10.1021/cb500244v,10.1021/cb500244v.s003,cb500244v_si_003.xlsx,Sheet1,728,D,D728
ABU77792.1_Cronobacter-sakazakii-ATCC-BAA-894,ABU77792.1,cellobiose,NIMS,5,80,<0.1,below reported 0.1 conversion background; not numeric zero,0.1,3,NA,Bacteria,0.444,1,expression_binary=1,true,10.1021/cb500244v,10.1021/cb500244v.s003,cb500244v_si_003.xlsx,Sheet1,728,E,E728
ABU77792.1_Cronobacter-sakazakii-ATCC-BAA-894,ABU77792.1,lactose,NIMS,5,80,<0.1,below reported 0.1 conversion background; not numeric zero,0.1,3,NA,Bacteria,0.444,1,expression_binary=1,true,10.1021/cb500244v,10.1021/cb500244v.s003,cb500244v_si_003.xlsx,Sheet1,728,F,F728
ABU77792.1_Cronobacter-sakazakii-ATCC-BAA-894,ABU77792.1,xylobiose,NIMS,5,90,<0.1,below reported 0.1 conversion background; not numeric zero,0.1,3,NA,Bacteria,0.444,1,expression_binary=1,true,10.1021/cb500244v,10.1021/cb500244v.s003,cb500244v_si_003.xlsx,Sheet1,729,D,D729
ABU77792.1_Cronobacter-sakazakii-ATCC-BAA-894,ABU77792.1,cellobiose,NIMS,5,90,<0.1,below reported 0.1 conversion background; not numeric zero,0.1,3,NA,Bacteria,0.444,1,expression_binary=1,true,10.1021/cb500244v,10.1021/cb500244v.s003,cb500244v_si_003.xlsx,Sheet1,729,E,E729
ABU77792.1_Cronobacter-sakazakii-ATCC-BAA-894,ABU77792.1,lactose,NIMS,5,90,<0.1,below reported 0.1 conversion background; not numeric zero,0.1,3,NA,Bacteria,0.444,1,expression_binary=1,true,10.1021/cb500244v,10.1021/cb500244v.s003,cb500244v_si_003.xlsx,Sheet1,729,F,F729
ABU77792.1_Cronobacter-sakazakii-ATCC-BAA-894,ABU77792.1,xylobiose,NIMS,8,40,<0.1,below reported 0.1 conversion background; not numeric zero,0.1,3,NA,Bacteria,0.444,1,expression_binary=1,true,10.1021/cb500244v,10.1021/cb500244v.s003,cb500244v_si_003.xlsx,Sheet1,730,D,D730
ABU77792.1_Cronobacter-sakazakii-ATCC-BAA-894,ABU77792.1,cellobiose,NIMS,8,40,<0.1,below reported 0.1 conversion background; not numeric zero,0.1,3,NA,Bacteria,0.444,1,expression_binary=1,true,10.1021/cb500244v,10.1021/cb500244v.s003,cb500244v_si_003.xlsx,Sheet1,730,E,E730
ABU77792.1_Cronobacter-sakazakii-ATCC-BAA-894,ABU77792.1,lactose,NIMS,8,40,<0.1,below reported 0.1 conversion background; not numeric zero,0.1,3,NA,Bacteria,0.444,1,expression_binary=1,true,10.1021/cb500244v,10.1021/cb500244v.s003,cb500244v_si_003.xlsx,Sheet1,730,F,F730
ABU77792.1_Cronobacter-sakazakii-ATCC-BAA-894,ABU77792.1,xylobiose,NIMS,8,60,<0.1,below reported 0.1 conversion background; not numeric zero,0.1,3,NA,Bacteria,0.444,1,expression_binary=1,true,10.1021/cb500244v,10.1021/cb500244v.s003,cb500244v_si_003.xlsx,Sheet1,731,D,D731
ABU77792.1_Cronobacter-sakazakii-ATCC-BAA-894,ABU77792.1,cellobiose,NIMS,8,60,<0.1,below reported 0.1 conversion background; not numeric zero,0.1,3,NA,Bacteria,0.444,1,expression_binary=1,true,10.1021/cb500244v,10.1021/cb500244v.s003,cb500244v_si_003.xlsx,Sheet1,731,E,E731
ABU77792.1_Cronobacter-sakazakii-ATCC-BAA-894,ABU77792.1,lactose,NIMS,8,60,<0.1,below reported 0.1 conversion background; not numeric zero,0.1,3,NA,Bacteria,0.444,1,expression_binary=1,true,10.1021/cb500244v,10.1021/cb500244v.s003,cb500244v_si_003.xlsx,Sheet1,731,F,F731
ABU77792.1_Cronobacter-sakazakii-ATCC-BAA-894,ABU77792.1,xylobiose,NIMS,8,80,<0.1,below reported 0.1 conversion background; not numeric zero,0.1,3,NA,Bacteria,0.444,1,expression_binary=1,true,10.1021/cb500244v,10.1021/cb500244v.s003,cb500244v_si_003.xlsx,Sheet1,732,D,D732
ABU77792.1_Cronobacter-sakazakii-ATCC-BAA-894,ABU77792.1,cellobiose,NIMS,8,80,<0.1,below reported 0.1 conversion background; not numeric zero,0.1,3,NA,Bacteria,0.444,1,expression_binary=1,true,10.1021/cb500244v,10.1021/cb500244v.s003,cb500244v_si_003.xlsx,Sheet1,732,E,E732
ABU77792.1_Cronobacter-sakazakii-ATCC-BAA-894,ABU77792.1,lactose,NIMS,8,80,<0.1,below reported 0.1 conversion background; not numeric zero,0.1,3,NA,Bacteria,0.444,1,expression_binary=1,true,10.1021/cb500244v,10.1021/cb500244v.s003,cb500244v_si_003.xlsx,Sheet1,732,F,F732
ABU77792.1_Cronobacter-sakazakii-ATCC-BAA-894,ABU77792.1,xylobiose,NIMS,8,90,<0.1,below reported 0.1 conversion background; not numeric zero,0.1,3,NA,Bacteria,0.444,1,expression_binary=1,true,10.1021/cb500244v,10.1021/cb500244v.s003,cb500244v_si_003.xlsx,Sheet1,733,D,D733
ABU77792.1_Cronobacter-sakazakii-ATCC-BAA-894,ABU77792.1,cellobiose,NIMS,8,90,<0.1,below reported 0.1 conversion background; not numeric zero,0.1,3,NA,Bacteria,0.444,1,expression_binary=1,true,10.1021/cb500244v,10.1021/cb500244v.s003,cb500244v_si_003.xlsx,Sheet1,733,E,E733
ABU77792.1_Cronobacter-sakazakii-ATCC-BAA-894,ABU77792.1,lactose,NIMS,8,90,<0.1,below reported 0.1 conversion background; not numeric zero,0.1,3,NA,Bacteria,0.444,1,expression_binary=1,true,10.1021/cb500244v,10.1021/cb500244v.s003,cb500244v_si_003.xlsx,Sheet1,733,F,F733
ABS75964.1_Bacillus-amyloliquefaciens-FZB42,ABS75964.1,xylobiose,NIMS,5,40,<0.1,below reported 0.1 conversion background; not numeric zero,0.1,3,NA,Bacteria,0.6039017653333333,1,expression_binary=1,true,10.1021/cb500244v,10.1021/cb500244v.s003,cb500244v_si_003.xlsx,Sheet1,734,D,D734
ABS75964.1_Bacillus-amyloliquefaciens-FZB42,ABS75964.1,cellobiose,NIMS,5,40,<0.1,below reported 0.1 conversion background; not numeric zero,0.1,3,NA,Bacteria,0.6039017653333333,1,expression_binary=1,true,10.1021/cb500244v,10.1021/cb500244v.s003,cb500244v_si_003.xlsx,Sheet1,734,E,E734
ABS75964.1_Bacillus-amyloliquefaciens-FZB42,ABS75964.1,lactose,NIMS,5,40,<0.1,below reported 0.1 conversion background; not numeric zero,0.1,3,NA,Bacteria,0.6039017653333333,1,expression_binary=1,true,10.1021/cb500244v,10.1021/cb500244v.s003,cb500244v_si_003.xlsx,Sheet1,734,F,F734
ABS75964.1_Bacillus-amyloliquefaciens-FZB42,ABS75964.1,xylobiose,NIMS,5,60,<0.1,below reported 0.1 conversion background; not numeric zero,0.1,3,NA,Bacteria,0.6039017653333333,1,expression_binary=1,true,10.1021/cb500244v,10.1021/cb500244v.s003,cb500244v_si_003.xlsx,Sheet1,735,D,D735
ABS75964.1_Bacillus-amyloliquefaciens-FZB42,ABS75964.1,cellobiose,NIMS,5,60,<0.1,below reported 0.1 conversion background; not numeric zero,0.1,3,NA,Bacteria,0.6039017653333333,1,expression_binary=1,true,10.1021/cb500244v,10.1021/cb500244v.s003,cb500244v_si_003.xlsx,Sheet1,735,E,E735
ABS75964.1_Bacillus-amyloliquefaciens-FZB42,ABS75964.1,lactose,NIMS,5,60,<0.1,below reported 0.1 conversion background; not numeric zero,0.1,3,NA,Bacteria,0.6039017653333333,1,expression_binary=1,true,10.1021/cb500244v,10.1021/cb500244v.s003,cb500244v_si_003.xlsx,Sheet1,735,F,F735
ABS75964.1_Bacillus-amyloliquefaciens-FZB42,ABS75964.1,xylobiose,NIMS,5,80,<0.1,below reported 0.1 conversion background; not numeric zero,0.1,3,NA,Bacteria,0.6039017653333333,1,expression_binary=1,true,10.1021/cb500244v,10.1021/cb500244v.s003,cb500244v_si_003.xlsx,Sheet1,736,D,D736
ABS75964.1_Bacillus-amyloliquefaciens-FZB42,ABS75964.1,cellobiose,NIMS,5,80,<0.1,below reported 0.1 conversion background; not numeric zero,0.1,3,NA,Bacteria,0.6039017653333333,1,expression_binary=1,true,10.1021/cb500244v,10.1021/cb500244v.s003,cb500244v_si_003.xlsx,Sheet1,736,E,E736
ABS75964.1_Bacillus-amyloliquefaciens-FZB42,ABS75964.1,lactose,NIMS,5,80,<0.1,below reported 0.1 conversion background; not numeric zero,0.1,3,NA,Bacteria,0.6039017653333333,1,expression_binary=1,true,10.1021/cb500244v,10.1021/cb500244v.s003,cb500244v_si_003.xlsx,Sheet1,736,F,F736
ABS75964.1_Bacillus-amyloliquefaciens-FZB42,ABS75964.1,xylobiose,NIMS,5,90,<0.1,below reported 0.1 conversion background; not numeric zero,0.1,3,NA,Bacteria,0.6039017653333333,1,expression_binary=1,true,10.1021/cb500244v,10.1021/cb500244v.s003,cb500244v_si_003.xlsx,Sheet1,737,D,D737
ABS75964.1_Bacillus-amyloliquefaciens-FZB42,ABS75964.1,cellobiose,NIMS,5,90,<0.1,below reported 0.1 conversion background; not numeric zero,0.1,3,NA,Bacteria,0.6039017653333333,1,expression_binary=1,true,10.1021/cb500244v,10.1021/cb500244v.s003,cb500244v_si_003.xlsx,Sheet1,737,E,E737
ABS75964.1_Bacillus-amyloliquefaciens-FZB42,ABS75964.1,lactose,NIMS,5,90,<0.1,below reported 0.1 conversion background; not numeric zero,0.1,3,NA,Bacteria,0.6039017653333333,1,expression_binary=1,true,10.1021/cb500244v,10.1021/cb500244v.s003,cb500244v_si_003.xlsx,Sheet1,737,F,F737
ABS75964.1_Bacillus-amyloliquefaciens-FZB42,ABS75964.1,xylobiose,NIMS,8,40,<0.1,below reported 0.1 conversion background; not numeric zero,0.1,3,NA,Bacteria,0.6039017653333333,1,expression_binary=1,true,10.1021/cb500244v,10.1021/cb500244v.s003,cb500244v_si_003.xlsx,Sheet1,738,D,D738
ABS75964.1_Bacillus-amyloliquefaciens-FZB42,ABS75964.1,cellobiose,NIMS,8,40,<0.1,below reported 0.1 conversion background; not numeric zero,0.1,3,NA,Bacteria,0.6039017653333333,1,expression_binary=1,true,10.1021/cb500244v,10.1021/cb500244v.s003,cb500244v_si_003.xlsx,Sheet1,738,E,E738
ABS75964.1_Bacillus-amyloliquefaciens-FZB42,ABS75964.1,lactose,NIMS,8,40,<0.1,below reported 0.1 conversion background; not numeric zero,0.1,3,NA,Bacteria,0.6039017653333333,1,expression_binary=1,true,10.1021/cb500244v,10.1021/cb500244v.s003,cb500244v_si_003.xlsx,Sheet1,738,F,F738
ABS75964.1_Bacillus-amyloliquefaciens-FZB42,ABS75964.1,xylobiose,NIMS,8,60,<0.1,below reported 0.1 conversion background; not numeric zero,0.1,3,NA,Bacteria,0.6039017653333333,1,expression_binary=1,true,10.1021/cb500244v,10.1021/cb500244v.s003,cb500244v_si_003.xlsx,Sheet1,739,D,D739
ABS75964.1_Bacillus-amyloliquefaciens-FZB42,ABS75964.1,cellobiose,NIMS,8,60,<0.1,below reported 0.1 conversion background; not numeric zero,0.1,3,NA,Bacteria,0.6039017653333333,1,expression_binary=1,true,10.1021/cb500244v,10.1021/cb500244v.s003,cb500244v_si_003.xlsx,Sheet1,739,E,E739
ABS75964.1_Bacillus-amyloliquefaciens-FZB42,ABS75964.1,lactose,NIMS,8,60,<0.1,below reported 0.1 conversion background; not numeric zero,0.1,3,NA,Bacteria,0.6039017653333333,1,expression_binary=1,true,10.1021/cb500244v,10.1021/cb500244v.s003,cb500244v_si_003.xlsx,Sheet1,739,F,F739
ABS75964.1_Bacillus-amyloliquefaciens-FZB42,ABS75964.1,xylobiose,NIMS,8,80,<0.1,below reported 0.1 conversion background; not numeric zero,0.1,3,NA,Bacteria,0.6039017653333333,1,expression_binary=1,true,10.1021/cb500244v,10.1021/cb500244v.s003,cb500244v_si_003.xlsx,Sheet1,740,D,D740
ABS75964.1_Bacillus-amyloliquefaciens-FZB42,ABS75964.1,cellobiose,NIMS,8,80,<0.1,below reported 0.1 conversion background; not numeric zero,0.1,3,NA,Bacteria,0.6039017653333333,1,expression_binary=1,true,10.1021/cb500244v,10.1021/cb500244v.s003,cb500244v_si_003.xlsx,Sheet1,740,E,E740
ABS75964.1_Bacillus-amyloliquefaciens-FZB42,ABS75964.1,lactose,NIMS,8,80,<0.1,below reported 0.1 conversion background; not numeric zero,0.1,3,NA,Bacteria,0.6039017653333333,1,expression_binary=1,true,10.1021/cb500244v,10.1021/cb500244v.s003,cb500244v_si_003.xlsx,Sheet1,740,F,F740
ABS75964.1_Bacillus-amyloliquefaciens-FZB42,ABS75964.1,xylobiose,NIMS,8,90,<0.1,below reported 0.1 conversion background; not numeric zero,0.1,3,NA,Bacteria,0.6039017653333333,1,expression_binary=1,true,10.1021/cb500244v,10.1021/cb500244v.s003,cb500244v_si_003.xlsx,Sheet1,741,D,D741
ABS75964.1_Bacillus-amyloliquefaciens-FZB42,ABS75964.1,cellobiose,NIMS,8,90,<0.1,below reported 0.1 conversion background; not numeric zero,0.1,3,NA,Bacteria,0.6039017653333333,1,expression_binary=1,true,10.1021/cb500244v,10.1021/cb500244v.s003,cb500244v_si_003.xlsx,Sheet1,741,E,E741
ABS75964.1_Bacillus-amyloliquefaciens-FZB42,ABS75964.1,lactose,NIMS,8,90,<0.1,below reported 0.1 conversion background; not numeric zero,0.1,3,NA,Bacteria,0.6039017653333333,1,expression_binary=1,true,10.1021/cb500244v,10.1021/cb500244v.s003,cb500244v_si_003.xlsx,Sheet1,741,F,F741
CAW94361.1_Streptococcus-equi-subsp.-equi-4047,CAW94361.1,xylobiose,NIMS,5,40,<0.1,below reported 0.1 conversion background; not numeric zero,0.1,3,NA,Bacteria,0.29658016000000004,1,expression_binary=1,true,10.1021/cb500244v,10.1021/cb500244v.s003,cb500244v_si_003.xlsx,Sheet1,742,D,D742
CAW94361.1_Streptococcus-equi-subsp.-equi-4047,CAW94361.1,cellobiose,NIMS,5,40,<0.1,below reported 0.1 conversion background; not numeric zero,0.1,3,NA,Bacteria,0.29658016000000004,1,expression_binary=1,true,10.1021/cb500244v,10.1021/cb500244v.s003,cb500244v_si_003.xlsx,Sheet1,742,E,E742
CAW94361.1_Streptococcus-equi-subsp.-equi-4047,CAW94361.1,lactose,NIMS,5,40,<0.1,below reported 0.1 conversion background; not numeric zero,0.1,3,NA,Bacteria,0.29658016000000004,1,expression_binary=1,true,10.1021/cb500244v,10.1021/cb500244v.s003,cb500244v_si_003.xlsx,Sheet1,742,F,F742
CAW94361.1_Streptococcus-equi-subsp.-equi-4047,CAW94361.1,xylobiose,NIMS,5,60,<0.1,below reported 0.1 conversion background; not numeric zero,0.1,3,NA,Bacteria,0.29658016000000004,1,expression_binary=1,true,10.1021/cb500244v,10.1021/cb500244v.s003,cb500244v_si_003.xlsx,Sheet1,743,D,D743
CAW94361.1_Streptococcus-equi-subsp.-equi-4047,CAW94361.1,cellobiose,NIMS,5,60,<0.1,below reported 0.1 conversion background; not numeric zero,0.1,3,NA,Bacteria,0.29658016000000004,1,expression_binary=1,true,10.1021/cb500244v,10.1021/cb500244v.s003,cb500244v_si_003.xlsx,Sheet1,743,E,E743
CAW94361.1_Streptococcus-equi-subsp.-equi-4047,CAW94361.1,lactose,NIMS,5,60,<0.1,below reported 0.1 conversion background; not numeric zero,0.1,3,NA,Bacteria,0.29658016000000004,1,expression_binary=1,true,10.1021/cb500244v,10.1021/cb500244v.s003,cb500244v_si_003.xlsx,Sheet1,743,F,F743
CAW94361.1_Streptococcus-equi-subsp.-equi-4047,CAW94361.1,xylobiose,NIMS,5,80,<0.1,below reported 0.1 conversion background; not numeric zero,0.1,3,NA,Bacteria,0.29658016000000004,1,expression_binary=1,true,10.1021/cb500244v,10.1021/cb500244v.s003,cb500244v_si_003.xlsx,Sheet1,744,D,D744
CAW94361.1_Streptococcus-equi-subsp.-equi-4047,CAW94361.1,cellobiose,NIMS,5,80,<0.1,below reported 0.1 conversion background; not numeric zero,0.1,3,NA,Bacteria,0.29658016000000004,1,expression_binary=1,true,10.1021/cb500244v,10.1021/cb500244v.s003,cb500244v_si_003.xlsx,Sheet1,744,E,E744
CAW94361.1_Streptococcus-equi-subsp.-equi-4047,CAW94361.1,lactose,NIMS,5,80,<0.1,below reported 0.1 conversion background; not numeric zero,0.1,3,NA,Bacteria,0.29658016000000004,1,expression_binary=1,true,10.1021/cb500244v,10.1021/cb500244v.s003,cb500244v_si_003.xlsx,Sheet1,744,F,F744
CAW94361.1_Streptococcus-equi-subsp.-equi-4047,CAW94361.1,xylobiose,NIMS,5,90,<0.1,below reported 0.1 conversion background; not numeric zero,0.1,3,NA,Bacteria,0.29658016000000004,1,expression_binary=1,true,10.1021/cb500244v,10.1021/cb500244v.s003,cb500244v_si_003.xlsx,Sheet1,745,D,D745
CAW94361.1_Streptococcus-equi-subsp.-equi-4047,CAW94361.1,cellobiose,NIMS,5,90,<0.1,below reported 0.1 conversion background; not numeric zero,0.1,3,NA,Bacteria,0.29658016000000004,1,expression_binary=1,true,10.1021/cb500244v,10.1021/cb500244v.s003,cb500244v_si_003.xlsx,Sheet1,745,E,E745
CAW94361.1_Streptococcus-equi-subsp.-equi-4047,CAW94361.1,lactose,NIMS,5,90,<0.1,below reported 0.1 conversion background; not numeric zero,0.1,3,NA,Bacteria,0.29658016000000004,1,expression_binary=1,true,10.1021/cb500244v,10.1021/cb500244v.s003,cb500244v_si_003.xlsx,Sheet1,745,F,F745
CAW94361.1_Streptococcus-equi-subsp.-equi-4047,CAW94361.1,xylobiose,NIMS,8,40,<0.1,below reported 0.1 conversion background; not numeric zero,0.1,3,NA,Bacteria,0.29658016000000004,1,expression_binary=1,true,10.1021/cb500244v,10.1021/cb500244v.s003,cb500244v_si_003.xlsx,Sheet1,746,D,D746
CAW94361.1_Streptococcus-equi-subsp.-equi-4047,CAW94361.1,cellobiose,NIMS,8,40,<0.1,below reported 0.1 conversion background; not numeric zero,0.1,3,NA,Bacteria,0.29658016000000004,1,expression_binary=1,true,10.1021/cb500244v,10.1021/cb500244v.s003,cb500244v_si_003.xlsx,Sheet1,746,E,E746
CAW94361.1_Streptococcus-equi-subsp.-equi-4047,CAW94361.1,lactose,NIMS,8,40,<0.1,below reported 0.1 conversion background; not numeric zero,0.1,3,NA,Bacteria,0.29658016000000004,1,expression_binary=1,true,10.1021/cb500244v,10.1021/cb500244v.s003,cb500244v_si_003.xlsx,Sheet1,746,F,F746
CAW94361.1_Streptococcus-equi-subsp.-equi-4047,CAW94361.1,xylobiose,NIMS,8,60,<0.1,below reported 0.1 conversion background; not numeric zero,0.1,3,NA,Bacteria,0.29658016000000004,1,expression_binary=1,true,10.1021/cb500244v,10.1021/cb500244v.s003,cb500244v_si_003.xlsx,Sheet1,747,D,D747
CAW94361.1_Streptococcus-equi-subsp.-equi-4047,CAW94361.1,cellobiose,NIMS,8,60,<0.1,below reported 0.1 conversion background; not numeric zero,0.1,3,NA,Bacteria,0.29658016000000004,1,expression_binary=1,true,10.1021/cb500244v,10.1021/cb500244v.s003,cb500244v_si_003.xlsx,Sheet1,747,E,E747
CAW94361.1_Streptococcus-equi-subsp.-equi-4047,CAW94361.1,lactose,NIMS,8,60,<0.1,below reported 0.1 conversion background; not numeric zero,0.1,3,NA,Bacteria,0.29658016000000004,1,expression_binary=1,true,10.1021/cb500244v,10.1021/cb500244v.s003,cb500244v_si_003.xlsx,Sheet1,747,F,F747
CAW94361.1_Streptococcus-equi-subsp.-equi-4047,CAW94361.1,xylobiose,NIMS,8,80,<0.1,below reported 0.1 conversion background; not numeric zero,0.1,3,NA,Bacteria,0.29658016000000004,1,expression_binary=1,true,10.1021/cb500244v,10.1021/cb500244v.s003,cb500244v_si_003.xlsx,Sheet1,748,D,D748
CAW94361.1_Streptococcus-equi-subsp.-equi-4047,CAW94361.1,cellobiose,NIMS,8,80,<0.1,below reported 0.1 conversion background; not numeric zero,0.1,3,NA,Bacteria,0.29658016000000004,1,expression_binary=1,true,10.1021/cb500244v,10.1021/cb500244v.s003,cb500244v_si_003.xlsx,Sheet1,748,E,E748
CAW94361.1_Streptococcus-equi-subsp.-equi-4047,CAW94361.1,lactose,NIMS,8,80,<0.1,below reported 0.1 conversion background; not numeric zero,0.1,3,NA,Bacteria,0.29658016000000004,1,expression_binary=1,true,10.1021/cb500244v,10.1021/cb500244v.s003,cb500244v_si_003.xlsx,Sheet1,748,F,F748
CAW94361.1_Streptococcus-equi-subsp.-equi-4047,CAW94361.1,xylobiose,NIMS,8,90,<0.1,below reported 0.1 conversion background; not numeric zero,0.1,3,NA,Bacteria,0.29658016000000004,1,expression_binary=1,true,10.1021/cb500244v,10.1021/cb500244v.s003,cb500244v_si_003.xlsx,Sheet1,749,D,D749
CAW94361.1_Streptococcus-equi-subsp.-equi-4047,CAW94361.1,cellobiose,NIMS,8,90,<0.1,below reported 0.1 conversion background; not numeric zero,0.1,3,NA,Bacteria,0.29658016000000004,1,expression_binary=1,true,10.1021/cb500244v,10.1021/cb500244v.s003,cb500244v_si_003.xlsx,Sheet1,749,E,E749
CAW94361.1_Streptococcus-equi-subsp.-equi-4047,CAW94361.1,lactose,NIMS,8,90,<0.1,below reported 0.1 conversion background; not numeric zero,0.1,3,NA,Bacteria,0.29658016000000004,1,expression_binary=1,true,10.1021/cb500244v,10.1021/cb500244v.s003,cb500244v_si_003.xlsx,Sheet1,749,F,F749
BAE04157.1_Staphylococcus-haemolyticus-JCSC1435,BAE04157.1,xylobiose,NIMS,5,40,<0.1,below reported 0.1 conversion background; not numeric zero,0.1,3,NA,Bacteria,0.0872386,1,expression_binary=1,true,10.1021/cb500244v,10.1021/cb500244v.s003,cb500244v_si_003.xlsx,Sheet1,750,D,D750
BAE04157.1_Staphylococcus-haemolyticus-JCSC1435,BAE04157.1,cellobiose,NIMS,5,40,<0.1,below reported 0.1 conversion background; not numeric zero,0.1,3,NA,Bacteria,0.0872386,1,expression_binary=1,true,10.1021/cb500244v,10.1021/cb500244v.s003,cb500244v_si_003.xlsx,Sheet1,750,E,E750
BAE04157.1_Staphylococcus-haemolyticus-JCSC1435,BAE04157.1,lactose,NIMS,5,40,<0.1,below reported 0.1 conversion background; not numeric zero,0.1,3,NA,Bacteria,0.0872386,1,expression_binary=1,true,10.1021/cb500244v,10.1021/cb500244v.s003,cb500244v_si_003.xlsx,Sheet1,750,F,F750
BAE04157.1_Staphylococcus-haemolyticus-JCSC1435,BAE04157.1,xylobiose,NIMS,5,60,<0.1,below reported 0.1 conversion background; not numeric zero,0.1,3,NA,Bacteria,0.0872386,1,expression_binary=1,true,10.1021/cb500244v,10.1021/cb500244v.s003,cb500244v_si_003.xlsx,Sheet1,751,D,D751
BAE04157.1_Staphylococcus-haemolyticus-JCSC1435,BAE04157.1,cellobiose,NIMS,5,60,<0.1,below reported 0.1 conversion background; not numeric zero,0.1,3,NA,Bacteria,0.0872386,1,expression_binary=1,true,10.1021/cb500244v,10.1021/cb500244v.s003,cb500244v_si_003.xlsx,Sheet1,751,E,E751
BAE04157.1_Staphylococcus-haemolyticus-JCSC1435,BAE04157.1,lactose,NIMS,5,60,<0.1,below reported 0.1 conversion background; not numeric zero,0.1,3,NA,Bacteria,0.0872386,1,expression_binary=1,true,10.1021/cb500244v,10.1021/cb500244v.s003,cb500244v_si_003.xlsx,Sheet1,751,F,F751
BAE04157.1_Staphylococcus-haemolyticus-JCSC1435,BAE04157.1,xylobiose,NIMS,5,80,<0.1,below reported 0.1 conversion background; not numeric zero,0.1,3,NA,Bacteria,0.0872386,1,expression_binary=1,true,10.1021/cb500244v,10.1021/cb500244v.s003,cb500244v_si_003.xlsx,Sheet1,752,D,D752
BAE04157.1_Staphylococcus-haemolyticus-JCSC1435,BAE04157.1,cellobiose,NIMS,5,80,<0.1,below reported 0.1 conversion background; not numeric zero,0.1,3,NA,Bacteria,0.0872386,1,expression_binary=1,true,10.1021/cb500244v,10.1021/cb500244v.s003,cb500244v_si_003.xlsx,Sheet1,752,E,E752
BAE04157.1_Staphylococcus-haemolyticus-JCSC1435,BAE04157.1,lactose,NIMS,5,80,<0.1,below reported 0.1 conversion background; not numeric zero,0.1,3,NA,Bacteria,0.0872386,1,expression_binary=1,true,10.1021/cb500244v,10.1021/cb500244v.s003,cb500244v_si_003.xlsx,Sheet1,752,F,F752
BAE04157.1_Staphylococcus-haemolyticus-JCSC1435,BAE04157.1,xylobiose,NIMS,5,90,<0.1,below reported 0.1 conversion background; not numeric zero,0.1,3,NA,Bacteria,0.0872386,1,expression_binary=1,true,10.1021/cb500244v,10.1021/cb500244v.s003,cb500244v_si_003.xlsx,Sheet1,753,D,D753
BAE04157.1_Staphylococcus-haemolyticus-JCSC1435,BAE04157.1,cellobiose,NIMS,5,90,<0.1,below reported 0.1 conversion background; not numeric zero,0.1,3,NA,Bacteria,0.0872386,1,expression_binary=1,true,10.1021/cb500244v,10.1021/cb500244v.s003,cb500244v_si_003.xlsx,Sheet1,753,E,E753
BAE04157.1_Staphylococcus-haemolyticus-JCSC1435,BAE04157.1,lactose,NIMS,5,90,<0.1,below reported 0.1 conversion background; not numeric zero,0.1,3,NA,Bacteria,0.0872386,1,expression_binary=1,true,10.1021/cb500244v,10.1021/cb500244v.s003,cb500244v_si_003.xlsx,Sheet1,753,F,F753
BAE04157.1_Staphylococcus-haemolyticus-JCSC1435,BAE04157.1,xylobiose,NIMS,8,40,<0.1,below reported 0.1 conversion background; not numeric zero,0.1,3,NA,Bacteria,0.0872386,1,expression_binary=1,true,10.1021/cb500244v,10.1021/cb500244v.s003,cb500244v_si_003.xlsx,Sheet1,754,D,D754
BAE04157.1_Staphylococcus-haemolyticus-JCSC1435,BAE04157.1,cellobiose,NIMS,8,40,<0.1,below reported 0.1 conversion background; not numeric zero,0.1,3,NA,Bacteria,0.0872386,1,expression_binary=1,true,10.1021/cb500244v,10.1021/cb500244v.s003,cb500244v_si_003.xlsx,Sheet1,754,E,E754
BAE04157.1_Staphylococcus-haemolyticus-JCSC1435,BAE04157.1,lactose,NIMS,8,40,<0.1,below reported 0.1 conversion background; not numeric zero,0.1,3,NA,Bacteria,0.0872386,1,expression_binary=1,true,10.1021/cb500244v,10.1021/cb500244v.s003,cb500244v_si_003.xlsx,Sheet1,754,F,F754
BAE04157.1_Staphylococcus-haemolyticus-JCSC1435,BAE04157.1,xylobiose,NIMS,8,60,<0.1,below reported 0.1 conversion background; not numeric zero,0.1,3,NA,Bacteria,0.0872386,1,expression_binary=1,true,10.1021/cb500244v,10.1021/cb500244v.s003,cb500244v_si_003.xlsx,Sheet1,755,D,D755
BAE04157.1_Staphylococcus-haemolyticus-JCSC1435,BAE04157.1,cellobiose,NIMS,8,60,<0.1,below reported 0.1 conversion background; not numeric zero,0.1,3,NA,Bacteria,0.0872386,1,expression_binary=1,true,10.1021/cb500244v,10.1021/cb500244v.s003,cb500244v_si_003.xlsx,Sheet1,755,E,E755
BAE04157.1_Staphylococcus-haemolyticus-JCSC1435,BAE04157.1,lactose,NIMS,8,60,<0.1,below reported 0.1 conversion background; not numeric zero,0.1,3,NA,Bacteria,0.0872386,1,expression_binary=1,true,10.1021/cb500244v,10.1021/cb500244v.s003,cb500244v_si_003.xlsx,Sheet1,755,F,F755
BAE04157.1_Staphylococcus-haemolyticus-JCSC1435,BAE04157.1,xylobiose,NIMS,8,80,<0.1,below reported 0.1 conversion background; not numeric zero,0.1,3,NA,Bacteria,0.0872386,1,expression_binary=1,true,10.1021/cb500244v,10.1021/cb500244v.s003,cb500244v_si_003.xlsx,Sheet1,756,D,D756
BAE04157.1_Staphylococcus-haemolyticus-JCSC1435,BAE04157.1,cellobiose,NIMS,8,80,<0.1,below reported 0.1 conversion background; not numeric zero,0.1,3,NA,Bacteria,0.0872386,1,expression_binary=1,true,10.1021/cb500244v,10.1021/cb500244v.s003,cb500244v_si_003.xlsx,Sheet1,756,E,E756
BAE04157.1_Staphylococcus-haemolyticus-JCSC1435,BAE04157.1,lactose,NIMS,8,80,<0.1,below reported 0.1 conversion background; not numeric zero,0.1,3,NA,Bacteria,0.0872386,1,expression_binary=1,true,10.1021/cb500244v,10.1021/cb500244v.s003,cb500244v_si_003.xlsx,Sheet1,756,F,F756
BAE04157.1_Staphylococcus-haemolyticus-JCSC1435,BAE04157.1,xylobiose,NIMS,8,90,<0.1,below reported 0.1 conversion background; not numeric zero,0.1,3,NA,Bacteria,0.0872386,1,expression_binary=1,true,10.1021/cb500244v,10.1021/cb500244v.s003,cb500244v_si_003.xlsx,Sheet1,757,D,D757
BAE04157.1_Staphylococcus-haemolyticus-JCSC1435,BAE04157.1,cellobiose,NIMS,8,90,<0.1,below reported 0.1 conversion background; not numeric zero,0.1,3,NA,Bacteria,0.0872386,1,expression_binary=1,true,10.1021/cb500244v,10.1021/cb500244v.s003,cb500244v_si_003.xlsx,Sheet1,757,E,E757
BAE04157.1_Staphylococcus-haemolyticus-JCSC1435,BAE04157.1,lactose,NIMS,8,90,<0.1,below reported 0.1 conversion background; not numeric zero,0.1,3,NA,Bacteria,0.0872386,1,expression_binary=1,true,10.1021/cb500244v,10.1021/cb500244v.s003,cb500244v_si_003.xlsx,Sheet1,757,F,F757
CBL32986.1_Enterococcus-sp.-7L76,CBL32986.1,xylobiose,NIMS,5,40,<0.1,below reported 0.1 conversion background; not numeric zero,0.1,3,NA,Bacteria,0.7380594239999999,1,expression_binary=1,true,10.1021/cb500244v,10.1021/cb500244v.s003,cb500244v_si_003.xlsx,Sheet1,758,D,D758
CBL32986.1_Enterococcus-sp.-7L76,CBL32986.1,cellobiose,NIMS,5,40,<0.1,below reported 0.1 conversion background; not numeric zero,0.1,3,NA,Bacteria,0.7380594239999999,1,expression_binary=1,true,10.1021/cb500244v,10.1021/cb500244v.s003,cb500244v_si_003.xlsx,Sheet1,758,E,E758
CBL32986.1_Enterococcus-sp.-7L76,CBL32986.1,lactose,NIMS,5,40,<0.1,below reported 0.1 conversion background; not numeric zero,0.1,3,NA,Bacteria,0.7380594239999999,1,expression_binary=1,true,10.1021/cb500244v,10.1021/cb500244v.s003,cb500244v_si_003.xlsx,Sheet1,758,F,F758
CBL32986.1_Enterococcus-sp.-7L76,CBL32986.1,xylobiose,NIMS,5,60,<0.1,below reported 0.1 conversion background; not numeric zero,0.1,3,NA,Bacteria,0.7380594239999999,1,expression_binary=1,true,10.1021/cb500244v,10.1021/cb500244v.s003,cb500244v_si_003.xlsx,Sheet1,759,D,D759
CBL32986.1_Enterococcus-sp.-7L76,CBL32986.1,cellobiose,NIMS,5,60,<0.1,below reported 0.1 conversion background; not numeric zero,0.1,3,NA,Bacteria,0.7380594239999999,1,expression_binary=1,true,10.1021/cb500244v,10.1021/cb500244v.s003,cb500244v_si_003.xlsx,Sheet1,759,E,E759
CBL32986.1_Enterococcus-sp.-7L76,CBL32986.1,lactose,NIMS,5,60,<0.1,below reported 0.1 conversion background; not numeric zero,0.1,3,NA,Bacteria,0.7380594239999999,1,expression_binary=1,true,10.1021/cb500244v,10.1021/cb500244v.s003,cb500244v_si_003.xlsx,Sheet1,759,F,F759
CBL32986.1_Enterococcus-sp.-7L76,CBL32986.1,xylobiose,NIMS,5,80,<0.1,below reported 0.1 conversion background; not numeric zero,0.1,3,NA,Bacteria,0.7380594239999999,1,expression_binary=1,true,10.1021/cb500244v,10.1021/cb500244v.s003,cb500244v_si_003.xlsx,Sheet1,760,D,D760
CBL32986.1_Enterococcus-sp.-7L76,CBL32986.1,cellobiose,NIMS,5,80,<0.1,below reported 0.1 conversion background; not numeric zero,0.1,3,NA,Bacteria,0.7380594239999999,1,expression_binary=1,true,10.1021/cb500244v,10.1021/cb500244v.s003,cb500244v_si_003.xlsx,Sheet1,760,E,E760
CBL32986.1_Enterococcus-sp.-7L76,CBL32986.1,lactose,NIMS,5,80,<0.1,below reported 0.1 conversion background; not numeric zero,0.1,3,NA,Bacteria,0.7380594239999999,1,expression_binary=1,true,10.1021/cb500244v,10.1021/cb500244v.s003,cb500244v_si_003.xlsx,Sheet1,760,F,F760
CBL32986.1_Enterococcus-sp.-7L76,CBL32986.1,xylobiose,NIMS,5,90,<0.1,below reported 0.1 conversion background; not numeric zero,0.1,3,NA,Bacteria,0.7380594239999999,1,expression_binary=1,true,10.1021/cb500244v,10.1021/cb500244v.s003,cb500244v_si_003.xlsx,Sheet1,761,D,D761
CBL32986.1_Enterococcus-sp.-7L76,CBL32986.1,cellobiose,NIMS,5,90,<0.1,below reported 0.1 conversion background; not numeric zero,0.1,3,NA,Bacteria,0.7380594239999999,1,expression_binary=1,true,10.1021/cb500244v,10.1021/cb500244v.s003,cb500244v_si_003.xlsx,Sheet1,761,E,E761
CBL32986.1_Enterococcus-sp.-7L76,CBL32986.1,lactose,NIMS,5,90,<0.1,below reported 0.1 conversion background; not numeric zero,0.1,3,NA,Bacteria,0.7380594239999999,1,expression_binary=1,true,10.1021/cb500244v,10.1021/cb500244v.s003,cb500244v_si_003.xlsx,Sheet1,761,F,F761
CBL32986.1_Enterococcus-sp.-7L76,CBL32986.1,xylobiose,NIMS,8,40,<0.1,below reported 0.1 conversion background; not numeric zero,0.1,3,NA,Bacteria,0.7380594239999999,1,expression_binary=1,true,10.1021/cb500244v,10.1021/cb500244v.s003,cb500244v_si_003.xlsx,Sheet1,762,D,D762
CBL32986.1_Enterococcus-sp.-7L76,CBL32986.1,cellobiose,NIMS,8,40,<0.1,below reported 0.1 conversion background; not numeric zero,0.1,3,NA,Bacteria,0.7380594239999999,1,expression_binary=1,true,10.1021/cb500244v,10.1021/cb500244v.s003,cb500244v_si_003.xlsx,Sheet1,762,E,E762
CBL32986.1_Enterococcus-sp.-7L76,CBL32986.1,lactose,NIMS,8,40,<0.1,below reported 0.1 conversion background; not numeric zero,0.1,3,NA,Bacteria,0.7380594239999999,1,expression_binary=1,true,10.1021/cb500244v,10.1021/cb500244v.s003,cb500244v_si_003.xlsx,Sheet1,762,F,F762
CBL32986.1_Enterococcus-sp.-7L76,CBL32986.1,xylobiose,NIMS,8,60,<0.1,below reported 0.1 conversion background; not numeric zero,0.1,3,NA,Bacteria,0.7380594239999999,1,expression_binary=1,true,10.1021/cb500244v,10.1021/cb500244v.s003,cb500244v_si_003.xlsx,Sheet1,763,D,D763
CBL32986.1_Enterococcus-sp.-7L76,CBL32986.1,cellobiose,NIMS,8,60,<0.1,below reported 0.1 conversion background; not numeric zero,0.1,3,NA,Bacteria,0.7380594239999999,1,expression_binary=1,true,10.1021/cb500244v,10.1021/cb500244v.s003,cb500244v_si_003.xlsx,Sheet1,763,E,E763
CBL32986.1_Enterococcus-sp.-7L76,CBL32986.1,lactose,NIMS,8,60,<0.1,below reported 0.1 conversion background; not numeric zero,0.1,3,NA,Bacteria,0.7380594239999999,1,expression_binary=1,true,10.1021/cb500244v,10.1021/cb500244v.s003,cb500244v_si_003.xlsx,Sheet1,763,F,F763
CBL32986.1_Enterococcus-sp.-7L76,CBL32986.1,xylobiose,NIMS,8,80,<0.1,below reported 0.1 conversion background; not numeric zero,0.1,3,NA,Bacteria,0.7380594239999999,1,expression_binary=1,true,10.1021/cb500244v,10.1021/cb500244v.s003,cb500244v_si_003.xlsx,Sheet1,764,D,D764
CBL32986.1_Enterococcus-sp.-7L76,CBL32986.1,cellobiose,NIMS,8,80,<0.1,below reported 0.1 conversion background; not numeric zero,0.1,3,NA,Bacteria,0.7380594239999999,1,expression_binary=1,true,10.1021/cb500244v,10.1021/cb500244v.s003,cb500244v_si_003.xlsx,Sheet1,764,E,E764
CBL32986.1_Enterococcus-sp.-7L76,CBL32986.1,lactose,NIMS,8,80,<0.1,below reported 0.1 conversion background; not numeric zero,0.1,3,NA,Bacteria,0.7380594239999999,1,expression_binary=1,true,10.1021/cb500244v,10.1021/cb500244v.s003,cb500244v_si_003.xlsx,Sheet1,764,F,F764
CBL32986.1_Enterococcus-sp.-7L76,CBL32986.1,xylobiose,NIMS,8,90,<0.1,below reported 0.1 conversion background; not numeric zero,0.1,3,NA,Bacteria,0.7380594239999999,1,expression_binary=1,true,10.1021/cb500244v,10.1021/cb500244v.s003,cb500244v_si_003.xlsx,Sheet1,765,D,D765
CBL32986.1_Enterococcus-sp.-7L76,CBL32986.1,cellobiose,NIMS,8,90,<0.1,below reported 0.1 conversion background; not numeric zero,0.1,3,NA,Bacteria,0.7380594239999999,1,expression_binary=1,true,10.1021/cb500244v,10.1021/cb500244v.s003,cb500244v_si_003.xlsx,Sheet1,765,E,E765
CBL32986.1_Enterococcus-sp.-7L76,CBL32986.1,lactose,NIMS,8,90,<0.1,below reported 0.1 conversion background; not numeric zero,0.1,3,NA,Bacteria,0.7380594239999999,1,expression_binary=1,true,10.1021/cb500244v,10.1021/cb500244v.s003,cb500244v_si_003.xlsx,Sheet1,765,F,F765
ACO22341.1_Streptococcus-pneumoniae-Taiwan19F-14,ACO22341.1,xylobiose,NIMS,5,40,<0.1,below reported 0.1 conversion background; not numeric zero,0.1,3,NA,Bacteria,0.004,0,expression_binary=0,false,10.1021/cb500244v,10.1021/cb500244v.s003,cb500244v_si_003.xlsx,Sheet1,766,D,D766
ACO22341.1_Streptococcus-pneumoniae-Taiwan19F-14,ACO22341.1,cellobiose,NIMS,5,40,<0.1,below reported 0.1 conversion background; not numeric zero,0.1,3,NA,Bacteria,0.004,0,expression_binary=0,false,10.1021/cb500244v,10.1021/cb500244v.s003,cb500244v_si_003.xlsx,Sheet1,766,E,E766
ACO22341.1_Streptococcus-pneumoniae-Taiwan19F-14,ACO22341.1,lactose,NIMS,5,40,<0.1,below reported 0.1 conversion background; not numeric zero,0.1,3,NA,Bacteria,0.004,0,expression_binary=0,false,10.1021/cb500244v,10.1021/cb500244v.s003,cb500244v_si_003.xlsx,Sheet1,766,F,F766
ACO22341.1_Streptococcus-pneumoniae-Taiwan19F-14,ACO22341.1,xylobiose,NIMS,5,60,<0.1,below reported 0.1 conversion background; not numeric zero,0.1,3,NA,Bacteria,0.004,0,expression_binary=0,false,10.1021/cb500244v,10.1021/cb500244v.s003,cb500244v_si_003.xlsx,Sheet1,767,D,D767
ACO22341.1_Streptococcus-pneumoniae-Taiwan19F-14,ACO22341.1,cellobiose,NIMS,5,60,<0.1,below reported 0.1 conversion background; not numeric zero,0.1,3,NA,Bacteria,0.004,0,expression_binary=0,false,10.1021/cb500244v,10.1021/cb500244v.s003,cb500244v_si_003.xlsx,Sheet1,767,E,E767
ACO22341.1_Streptococcus-pneumoniae-Taiwan19F-14,ACO22341.1,lactose,NIMS,5,60,<0.1,below reported 0.1 conversion background; not numeric zero,0.1,3,NA,Bacteria,0.004,0,expression_binary=0,false,10.1021/cb500244v,10.1021/cb500244v.s003,cb500244v_si_003.xlsx,Sheet1,767,F,F767
ACO22341.1_Streptococcus-pneumoniae-Taiwan19F-14,ACO22341.1,xylobiose,NIMS,5,80,<0.1,below reported 0.1 conversion background; not numeric zero,0.1,3,NA,Bacteria,0.004,0,expression_binary=0,false,10.1021/cb500244v,10.1021/cb500244v.s003,cb500244v_si_003.xlsx,Sheet1,768,D,D768
ACO22341.1_Streptococcus-pneumoniae-Taiwan19F-14,ACO22341.1,cellobiose,NIMS,5,80,<0.1,below reported 0.1 conversion background; not numeric zero,0.1,3,NA,Bacteria,0.004,0,expression_binary=0,false,10.1021/cb500244v,10.1021/cb500244v.s003,cb500244v_si_003.xlsx,Sheet1,768,E,E768
ACO22341.1_Streptococcus-pneumoniae-Taiwan19F-14,ACO22341.1,lactose,NIMS,5,80,<0.1,below reported 0.1 conversion background; not numeric zero,0.1,3,NA,Bacteria,0.004,0,expression_binary=0,false,10.1021/cb500244v,10.1021/cb500244v.s003,cb500244v_si_003.xlsx,Sheet1,768,F,F768
ACO22341.1_Streptococcus-pneumoniae-Taiwan19F-14,ACO22341.1,xylobiose,NIMS,5,90,<0.1,below reported 0.1 conversion background; not numeric zero,0.1,3,NA,Bacteria,0.004,0,expression_binary=0,false,10.1021/cb500244v,10.1021/cb500244v.s003,cb500244v_si_003.xlsx,Sheet1,769,D,D769
ACO22341.1_Streptococcus-pneumoniae-Taiwan19F-14,ACO22341.1,cellobiose,NIMS,5,90,<0.1,below reported 0.1 conversion background; not numeric zero,0.1,3,NA,Bacteria,0.004,0,expression_binary=0,false,10.1021/cb500244v,10.1021/cb500244v.s003,cb500244v_si_003.xlsx,Sheet1,769,E,E769
ACO22341.1_Streptococcus-pneumoniae-Taiwan19F-14,ACO22341.1,lactose,NIMS,5,90,<0.1,below reported 0.1 conversion background; not numeric zero,0.1,3,NA,Bacteria,0.004,0,expression_binary=0,false,10.1021/cb500244v,10.1021/cb500244v.s003,cb500244v_si_003.xlsx,Sheet1,769,F,F769
ACO22341.1_Streptococcus-pneumoniae-Taiwan19F-14,ACO22341.1,xylobiose,NIMS,8,40,<0.1,below reported 0.1 conversion background; not numeric zero,0.1,3,NA,Bacteria,0.004,0,expression_binary=0,false,10.1021/cb500244v,10.1021/cb500244v.s003,cb500244v_si_003.xlsx,Sheet1,770,D,D770
ACO22341.1_Streptococcus-pneumoniae-Taiwan19F-14,ACO22341.1,cellobiose,NIMS,8,40,<0.1,below reported 0.1 conversion background; not numeric zero,0.1,3,NA,Bacteria,0.004,0,expression_binary=0,false,10.1021/cb500244v,10.1021/cb500244v.s003,cb500244v_si_003.xlsx,Sheet1,770,E,E770
ACO22341.1_Streptococcus-pneumoniae-Taiwan19F-14,ACO22341.1,lactose,NIMS,8,40,<0.1,below reported 0.1 conversion background; not numeric zero,0.1,3,NA,Bacteria,0.004,0,expression_binary=0,false,10.1021/cb500244v,10.1021/cb500244v.s003,cb500244v_si_003.xlsx,Sheet1,770,F,F770
ACO22341.1_Streptococcus-pneumoniae-Taiwan19F-14,ACO22341.1,xylobiose,NIMS,8,60,<0.1,below reported 0.1 conversion background; not numeric zero,0.1,3,NA,Bacteria,0.004,0,expression_binary=0,false,10.1021/cb500244v,10.1021/cb500244v.s003,cb500244v_si_003.xlsx,Sheet1,771,D,D771
ACO22341.1_Streptococcus-pneumoniae-Taiwan19F-14,ACO22341.1,cellobiose,NIMS,8,60,<0.1,below reported 0.1 conversion background; not numeric zero,0.1,3,NA,Bacteria,0.004,0,expression_binary=0,false,10.1021/cb500244v,10.1021/cb500244v.s003,cb500244v_si_003.xlsx,Sheet1,771,E,E771
ACO22341.1_Streptococcus-pneumoniae-Taiwan19F-14,ACO22341.1,lactose,NIMS,8,60,<0.1,below reported 0.1 conversion background; not numeric zero,0.1,3,NA,Bacteria,0.004,0,expression_binary=0,false,10.1021/cb500244v,10.1021/cb500244v.s003,cb500244v_si_003.xlsx,Sheet1,771,F,F771
ACO22341.1_Streptococcus-pneumoniae-Taiwan19F-14,ACO22341.1,xylobiose,NIMS,8,80,<0.1,below reported 0.1 conversion background; not numeric zero,0.1,3,NA,Bacteria,0.004,0,expression_binary=0,false,10.1021/cb500244v,10.1021/cb500244v.s003,cb500244v_si_003.xlsx,Sheet1,772,D,D772
ACO22341.1_Streptococcus-pneumoniae-Taiwan19F-14,ACO22341.1,cellobiose,NIMS,8,80,<0.1,below reported 0.1 conversion background; not numeric zero,0.1,3,NA,Bacteria,0.004,0,expression_binary=0,false,10.1021/cb500244v,10.1021/cb500244v.s003,cb500244v_si_003.xlsx,Sheet1,772,E,E772
ACO22341.1_Streptococcus-pneumoniae-Taiwan19F-14,ACO22341.1,lactose,NIMS,8,80,<0.1,below reported 0.1 conversion background; not numeric zero,0.1,3,NA,Bacteria,0.004,0,expression_binary=0,false,10.1021/cb500244v,10.1021/cb500244v.s003,cb500244v_si_003.xlsx,Sheet1,772,F,F772
ACO22341.1_Streptococcus-pneumoniae-Taiwan19F-14,ACO22341.1,xylobiose,NIMS,8,90,<0.1,below reported 0.1 conversion background; not numeric zero,0.1,3,NA,Bacteria,0.004,0,expression_binary=0,false,10.1021/cb500244v,10.1021/cb500244v.s003,cb500244v_si_003.xlsx,Sheet1,773,D,D773
ACO22341.1_Streptococcus-pneumoniae-Taiwan19F-14,ACO22341.1,cellobiose,NIMS,8,90,<0.1,below reported 0.1 conversion background; not numeric zero,0.1,3,NA,Bacteria,0.004,0,expression_binary=0,false,10.1021/cb500244v,10.1021/cb500244v.s003,cb500244v_si_003.xlsx,Sheet1,773,E,E773
ACO22341.1_Streptococcus-pneumoniae-Taiwan19F-14,ACO22341.1,lactose,NIMS,8,90,<0.1,below reported 0.1 conversion background; not numeric zero,0.1,3,NA,Bacteria,0.004,0,expression_binary=0,false,10.1021/cb500244v,10.1021/cb500244v.s003,cb500244v_si_003.xlsx,Sheet1,773,F,F773
CAR89462.1_Lactobacillus-rhamnosus-Lc-705,CAR89462.1,xylobiose,NIMS,5,40,<0.1,below reported 0.1 conversion background; not numeric zero,0.1,3,NA,Bacteria,0.6401623573333333,1,expression_binary=1,true,10.1021/cb500244v,10.1021/cb500244v.s003,cb500244v_si_003.xlsx,Sheet1,774,D,D774
CAR89462.1_Lactobacillus-rhamnosus-Lc-705,CAR89462.1,cellobiose,NIMS,5,40,<0.1,below reported 0.1 conversion background; not numeric zero,0.1,3,NA,Bacteria,0.6401623573333333,1,expression_binary=1,true,10.1021/cb500244v,10.1021/cb500244v.s003,cb500244v_si_003.xlsx,Sheet1,774,E,E774
CAR89462.1_Lactobacillus-rhamnosus-Lc-705,CAR89462.1,lactose,NIMS,5,40,<0.1,below reported 0.1 conversion background; not numeric zero,0.1,3,NA,Bacteria,0.6401623573333333,1,expression_binary=1,true,10.1021/cb500244v,10.1021/cb500244v.s003,cb500244v_si_003.xlsx,Sheet1,774,F,F774
CAR89462.1_Lactobacillus-rhamnosus-Lc-705,CAR89462.1,xylobiose,NIMS,5,60,<0.1,below reported 0.1 conversion background; not numeric zero,0.1,3,NA,Bacteria,0.6401623573333333,1,expression_binary=1,true,10.1021/cb500244v,10.1021/cb500244v.s003,cb500244v_si_003.xlsx,Sheet1,775,D,D775
CAR89462.1_Lactobacillus-rhamnosus-Lc-705,CAR89462.1,cellobiose,NIMS,5,60,<0.1,below reported 0.1 conversion background; not numeric zero,0.1,3,NA,Bacteria,0.6401623573333333,1,expression_binary=1,true,10.1021/cb500244v,10.1021/cb500244v.s003,cb500244v_si_003.xlsx,Sheet1,775,E,E775
CAR89462.1_Lactobacillus-rhamnosus-Lc-705,CAR89462.1,lactose,NIMS,5,60,<0.1,below reported 0.1 conversion background; not numeric zero,0.1,3,NA,Bacteria,0.6401623573333333,1,expression_binary=1,true,10.1021/cb500244v,10.1021/cb500244v.s003,cb500244v_si_003.xlsx,Sheet1,775,F,F775
CAR89462.1_Lactobacillus-rhamnosus-Lc-705,CAR89462.1,xylobiose,NIMS,5,80,<0.1,below reported 0.1 conversion background; not numeric zero,0.1,3,NA,Bacteria,0.6401623573333333,1,expression_binary=1,true,10.1021/cb500244v,10.1021/cb500244v.s003,cb500244v_si_003.xlsx,Sheet1,776,D,D776
CAR89462.1_Lactobacillus-rhamnosus-Lc-705,CAR89462.1,cellobiose,NIMS,5,80,<0.1,below reported 0.1 conversion background; not numeric zero,0.1,3,NA,Bacteria,0.6401623573333333,1,expression_binary=1,true,10.1021/cb500244v,10.1021/cb500244v.s003,cb500244v_si_003.xlsx,Sheet1,776,E,E776
CAR89462.1_Lactobacillus-rhamnosus-Lc-705,CAR89462.1,lactose,NIMS,5,80,<0.1,below reported 0.1 conversion background; not numeric zero,0.1,3,NA,Bacteria,0.6401623573333333,1,expression_binary=1,true,10.1021/cb500244v,10.1021/cb500244v.s003,cb500244v_si_003.xlsx,Sheet1,776,F,F776
CAR89462.1_Lactobacillus-rhamnosus-Lc-705,CAR89462.1,xylobiose,NIMS,5,90,<0.1,below reported 0.1 conversion background; not numeric zero,0.1,3,NA,Bacteria,0.6401623573333333,1,expression_binary=1,true,10.1021/cb500244v,10.1021/cb500244v.s003,cb500244v_si_003.xlsx,Sheet1,777,D,D777
CAR89462.1_Lactobacillus-rhamnosus-Lc-705,CAR89462.1,cellobiose,NIMS,5,90,<0.1,below reported 0.1 conversion background; not numeric zero,0.1,3,NA,Bacteria,0.6401623573333333,1,expression_binary=1,true,10.1021/cb500244v,10.1021/cb500244v.s003,cb500244v_si_003.xlsx,Sheet1,777,E,E777
CAR89462.1_Lactobacillus-rhamnosus-Lc-705,CAR89462.1,lactose,NIMS,5,90,<0.1,below reported 0.1 conversion background; not numeric zero,0.1,3,NA,Bacteria,0.6401623573333333,1,expression_binary=1,true,10.1021/cb500244v,10.1021/cb500244v.s003,cb500244v_si_003.xlsx,Sheet1,777,F,F777
CAR89462.1_Lactobacillus-rhamnosus-Lc-705,CAR89462.1,xylobiose,NIMS,8,40,<0.1,below reported 0.1 conversion background; not numeric zero,0.1,3,NA,Bacteria,0.6401623573333333,1,expression_binary=1,true,10.1021/cb500244v,10.1021/cb500244v.s003,cb500244v_si_003.xlsx,Sheet1,778,D,D778
CAR89462.1_Lactobacillus-rhamnosus-Lc-705,CAR89462.1,cellobiose,NIMS,8,40,<0.1,below reported 0.1 conversion background; not numeric zero,0.1,3,NA,Bacteria,0.6401623573333333,1,expression_binary=1,true,10.1021/cb500244v,10.1021/cb500244v.s003,cb500244v_si_003.xlsx,Sheet1,778,E,E778
CAR89462.1_Lactobacillus-rhamnosus-Lc-705,CAR89462.1,lactose,NIMS,8,40,<0.1,below reported 0.1 conversion background; not numeric zero,0.1,3,NA,Bacteria,0.6401623573333333,1,expression_binary=1,true,10.1021/cb500244v,10.1021/cb500244v.s003,cb500244v_si_003.xlsx,Sheet1,778,F,F778
CAR89462.1_Lactobacillus-rhamnosus-Lc-705,CAR89462.1,xylobiose,NIMS,8,60,<0.1,below reported 0.1 conversion background; not numeric zero,0.1,3,NA,Bacteria,0.6401623573333333,1,expression_binary=1,true,10.1021/cb500244v,10.1021/cb500244v.s003,cb500244v_si_003.xlsx,Sheet1,779,D,D779
CAR89462.1_Lactobacillus-rhamnosus-Lc-705,CAR89462.1,cellobiose,NIMS,8,60,<0.1,below reported 0.1 conversion background; not numeric zero,0.1,3,NA,Bacteria,0.6401623573333333,1,expression_binary=1,true,10.1021/cb500244v,10.1021/cb500244v.s003,cb500244v_si_003.xlsx,Sheet1,779,E,E779
CAR89462.1_Lactobacillus-rhamnosus-Lc-705,CAR89462.1,lactose,NIMS,8,60,<0.1,below reported 0.1 conversion background; not numeric zero,0.1,3,NA,Bacteria,0.6401623573333333,1,expression_binary=1,true,10.1021/cb500244v,10.1021/cb500244v.s003,cb500244v_si_003.xlsx,Sheet1,779,F,F779
CAR89462.1_Lactobacillus-rhamnosus-Lc-705,CAR89462.1,xylobiose,NIMS,8,80,<0.1,below reported 0.1 conversion background; not numeric zero,0.1,3,NA,Bacteria,0.6401623573333333,1,expression_binary=1,true,10.1021/cb500244v,10.1021/cb500244v.s003,cb500244v_si_003.xlsx,Sheet1,780,D,D780
CAR89462.1_Lactobacillus-rhamnosus-Lc-705,CAR89462.1,cellobiose,NIMS,8,80,<0.1,below reported 0.1 conversion background; not numeric zero,0.1,3,NA,Bacteria,0.6401623573333333,1,expression_binary=1,true,10.1021/cb500244v,10.1021/cb500244v.s003,cb500244v_si_003.xlsx,Sheet1,780,E,E780
CAR89462.1_Lactobacillus-rhamnosus-Lc-705,CAR89462.1,lactose,NIMS,8,80,<0.1,below reported 0.1 conversion background; not numeric zero,0.1,3,NA,Bacteria,0.6401623573333333,1,expression_binary=1,true,10.1021/cb500244v,10.1021/cb500244v.s003,cb500244v_si_003.xlsx,Sheet1,780,F,F780
CAR89462.1_Lactobacillus-rhamnosus-Lc-705,CAR89462.1,xylobiose,NIMS,8,90,<0.1,below reported 0.1 conversion background; not numeric zero,0.1,3,NA,Bacteria,0.6401623573333333,1,expression_binary=1,true,10.1021/cb500244v,10.1021/cb500244v.s003,cb500244v_si_003.xlsx,Sheet1,781,D,D781
CAR89462.1_Lactobacillus-rhamnosus-Lc-705,CAR89462.1,cellobiose,NIMS,8,90,<0.1,below reported 0.1 conversion background; not numeric zero,0.1,3,NA,Bacteria,0.6401623573333333,1,expression_binary=1,true,10.1021/cb500244v,10.1021/cb500244v.s003,cb500244v_si_003.xlsx,Sheet1,781,E,E781
CAR89462.1_Lactobacillus-rhamnosus-Lc-705,CAR89462.1,lactose,NIMS,8,90,<0.1,below reported 0.1 conversion background; not numeric zero,0.1,3,NA,Bacteria,0.6401623573333333,1,expression_binary=1,true,10.1021/cb500244v,10.1021/cb500244v.s003,cb500244v_si_003.xlsx,Sheet1,781,F,F781
CAL97639.1_Lactococcus-lactis-subsp.-cremoris-MG1363,CAL97639.1,xylobiose,NIMS,5,40,<0.1,below reported 0.1 conversion background; not numeric zero,0.1,3,NA,Bacteria,0.6187889866666667,1,expression_binary=1,true,10.1021/cb500244v,10.1021/cb500244v.s003,cb500244v_si_003.xlsx,Sheet1,782,D,D782
CAL97639.1_Lactococcus-lactis-subsp.-cremoris-MG1363,CAL97639.1,cellobiose,NIMS,5,40,<0.1,below reported 0.1 conversion background; not numeric zero,0.1,3,NA,Bacteria,0.6187889866666667,1,expression_binary=1,true,10.1021/cb500244v,10.1021/cb500244v.s003,cb500244v_si_003.xlsx,Sheet1,782,E,E782
CAL97639.1_Lactococcus-lactis-subsp.-cremoris-MG1363,CAL97639.1,lactose,NIMS,5,40,<0.1,below reported 0.1 conversion background; not numeric zero,0.1,3,NA,Bacteria,0.6187889866666667,1,expression_binary=1,true,10.1021/cb500244v,10.1021/cb500244v.s003,cb500244v_si_003.xlsx,Sheet1,782,F,F782
CAL97639.1_Lactococcus-lactis-subsp.-cremoris-MG1363,CAL97639.1,xylobiose,NIMS,5,60,<0.1,below reported 0.1 conversion background; not numeric zero,0.1,3,NA,Bacteria,0.6187889866666667,1,expression_binary=1,true,10.1021/cb500244v,10.1021/cb500244v.s003,cb500244v_si_003.xlsx,Sheet1,783,D,D783
CAL97639.1_Lactococcus-lactis-subsp.-cremoris-MG1363,CAL97639.1,cellobiose,NIMS,5,60,<0.1,below reported 0.1 conversion background; not numeric zero,0.1,3,NA,Bacteria,0.6187889866666667,1,expression_binary=1,true,10.1021/cb500244v,10.1021/cb500244v.s003,cb500244v_si_003.xlsx,Sheet1,783,E,E783
CAL97639.1_Lactococcus-lactis-subsp.-cremoris-MG1363,CAL97639.1,lactose,NIMS,5,60,<0.1,below reported 0.1 conversion background; not numeric zero,0.1,3,NA,Bacteria,0.6187889866666667,1,expression_binary=1,true,10.1021/cb500244v,10.1021/cb500244v.s003,cb500244v_si_003.xlsx,Sheet1,783,F,F783
CAL97639.1_Lactococcus-lactis-subsp.-cremoris-MG1363,CAL97639.1,xylobiose,NIMS,5,80,<0.1,below reported 0.1 conversion background; not numeric zero,0.1,3,NA,Bacteria,0.6187889866666667,1,expression_binary=1,true,10.1021/cb500244v,10.1021/cb500244v.s003,cb500244v_si_003.xlsx,Sheet1,784,D,D784
CAL97639.1_Lactococcus-lactis-subsp.-cremoris-MG1363,CAL97639.1,cellobiose,NIMS,5,80,<0.1,below reported 0.1 conversion background; not numeric zero,0.1,3,NA,Bacteria,0.6187889866666667,1,expression_binary=1,true,10.1021/cb500244v,10.1021/cb500244v.s003,cb500244v_si_003.xlsx,Sheet1,784,E,E784
CAL97639.1_Lactococcus-lactis-subsp.-cremoris-MG1363,CAL97639.1,lactose,NIMS,5,80,<0.1,below reported 0.1 conversion background; not numeric zero,0.1,3,NA,Bacteria,0.6187889866666667,1,expression_binary=1,true,10.1021/cb500244v,10.1021/cb500244v.s003,cb500244v_si_003.xlsx,Sheet1,784,F,F784
CAL97639.1_Lactococcus-lactis-subsp.-cremoris-MG1363,CAL97639.1,xylobiose,NIMS,5,90,<0.1,below reported 0.1 conversion background; not numeric zero,0.1,3,NA,Bacteria,0.6187889866666667,1,expression_binary=1,true,10.1021/cb500244v,10.1021/cb500244v.s003,cb500244v_si_003.xlsx,Sheet1,785,D,D785
CAL97639.1_Lactococcus-lactis-subsp.-cremoris-MG1363,CAL97639.1,cellobiose,NIMS,5,90,<0.1,below reported 0.1 conversion background; not numeric zero,0.1,3,NA,Bacteria,0.6187889866666667,1,expression_binary=1,true,10.1021/cb500244v,10.1021/cb500244v.s003,cb500244v_si_003.xlsx,Sheet1,785,E,E785
CAL97639.1_Lactococcus-lactis-subsp.-cremoris-MG1363,CAL97639.1,lactose,NIMS,5,90,<0.1,below reported 0.1 conversion background; not numeric zero,0.1,3,NA,Bacteria,0.6187889866666667,1,expression_binary=1,true,10.1021/cb500244v,10.1021/cb500244v.s003,cb500244v_si_003.xlsx,Sheet1,785,F,F785
CAL97639.1_Lactococcus-lactis-subsp.-cremoris-MG1363,CAL97639.1,xylobiose,NIMS,8,40,<0.1,below reported 0.1 conversion background; not numeric zero,0.1,3,NA,Bacteria,0.6187889866666667,1,expression_binary=1,true,10.1021/cb500244v,10.1021/cb500244v.s003,cb500244v_si_003.xlsx,Sheet1,786,D,D786
CAL97639.1_Lactococcus-lactis-subsp.-cremoris-MG1363,CAL97639.1,cellobiose,NIMS,8,40,<0.1,below reported 0.1 conversion background; not numeric zero,0.1,3,NA,Bacteria,0.6187889866666667,1,expression_binary=1,true,10.1021/cb500244v,10.1021/cb500244v.s003,cb500244v_si_003.xlsx,Sheet1,786,E,E786
CAL97639.1_Lactococcus-lactis-subsp.-cremoris-MG1363,CAL97639.1,lactose,NIMS,8,40,<0.1,below reported 0.1 conversion background; not numeric zero,0.1,3,NA,Bacteria,0.6187889866666667,1,expression_binary=1,true,10.1021/cb500244v,10.1021/cb500244v.s003,cb500244v_si_003.xlsx,Sheet1,786,F,F786
CAL97639.1_Lactococcus-lactis-subsp.-cremoris-MG1363,CAL97639.1,xylobiose,NIMS,8,60,<0.1,below reported 0.1 conversion background; not numeric zero,0.1,3,NA,Bacteria,0.6187889866666667,1,expression_binary=1,true,10.1021/cb500244v,10.1021/cb500244v.s003,cb500244v_si_003.xlsx,Sheet1,787,D,D787
CAL97639.1_Lactococcus-lactis-subsp.-cremoris-MG1363,CAL97639.1,cellobiose,NIMS,8,60,<0.1,below reported 0.1 conversion background; not numeric zero,0.1,3,NA,Bacteria,0.6187889866666667,1,expression_binary=1,true,10.1021/cb500244v,10.1021/cb500244v.s003,cb500244v_si_003.xlsx,Sheet1,787,E,E787
CAL97639.1_Lactococcus-lactis-subsp.-cremoris-MG1363,CAL97639.1,lactose,NIMS,8,60,<0.1,below reported 0.1 conversion background; not numeric zero,0.1,3,NA,Bacteria,0.6187889866666667,1,expression_binary=1,true,10.1021/cb500244v,10.1021/cb500244v.s003,cb500244v_si_003.xlsx,Sheet1,787,F,F787
CAL97639.1_Lactococcus-lactis-subsp.-cremoris-MG1363,CAL97639.1,xylobiose,NIMS,8,80,<0.1,below reported 0.1 conversion background; not numeric zero,0.1,3,NA,Bacteria,0.6187889866666667,1,expression_binary=1,true,10.1021/cb500244v,10.1021/cb500244v.s003,cb500244v_si_003.xlsx,Sheet1,788,D,D788
CAL97639.1_Lactococcus-lactis-subsp.-cremoris-MG1363,CAL97639.1,cellobiose,NIMS,8,80,<0.1,below reported 0.1 conversion background; not numeric zero,0.1,3,NA,Bacteria,0.6187889866666667,1,expression_binary=1,true,10.1021/cb500244v,10.1021/cb500244v.s003,cb500244v_si_003.xlsx,Sheet1,788,E,E788
CAL97639.1_Lactococcus-lactis-subsp.-cremoris-MG1363,CAL97639.1,lactose,NIMS,8,80,<0.1,below reported 0.1 conversion background; not numeric zero,0.1,3,NA,Bacteria,0.6187889866666667,1,expression_binary=1,true,10.1021/cb500244v,10.1021/cb500244v.s003,cb500244v_si_003.xlsx,Sheet1,788,F,F788
CAL97639.1_Lactococcus-lactis-subsp.-cremoris-MG1363,CAL97639.1,xylobiose,NIMS,8,90,<0.1,below reported 0.1 conversion background; not numeric zero,0.1,3,NA,Bacteria,0.6187889866666667,1,expression_binary=1,true,10.1021/cb500244v,10.1021/cb500244v.s003,cb500244v_si_003.xlsx,Sheet1,789,D,D789
CAL97639.1_Lactococcus-lactis-subsp.-cremoris-MG1363,CAL97639.1,cellobiose,NIMS,8,90,<0.1,below reported 0.1 conversion background; not numeric zero,0.1,3,NA,Bacteria,0.6187889866666667,1,expression_binary=1,true,10.1021/cb500244v,10.1021/cb500244v.s003,cb500244v_si_003.xlsx,Sheet1,789,E,E789
CAL97639.1_Lactococcus-lactis-subsp.-cremoris-MG1363,CAL97639.1,lactose,NIMS,8,90,<0.1,below reported 0.1 conversion background; not numeric zero,0.1,3,NA,Bacteria,0.6187889866666667,1,expression_binary=1,true,10.1021/cb500244v,10.1021/cb500244v.s003,cb500244v_si_003.xlsx,Sheet1,789,F,F789
CR_23_Cow_Rumen,,xylobiose,NIMS,5,40,<0.1,below reported 0.1 conversion background; not numeric zero,0.1,3,NA,Metagenome,0.8231925760000001,1,expression_binary=1,true,10.1021/cb500244v,10.1021/cb500244v.s003,cb500244v_si_003.xlsx,Sheet1,790,D,D790
CR_23_Cow_Rumen,,cellobiose,NIMS,5,40,<0.1,below reported 0.1 conversion background; not numeric zero,0.1,3,NA,Metagenome,0.8231925760000001,1,expression_binary=1,true,10.1021/cb500244v,10.1021/cb500244v.s003,cb500244v_si_003.xlsx,Sheet1,790,E,E790
CR_23_Cow_Rumen,,lactose,NIMS,5,40,<0.1,below reported 0.1 conversion background; not numeric zero,0.1,3,NA,Metagenome,0.8231925760000001,1,expression_binary=1,true,10.1021/cb500244v,10.1021/cb500244v.s003,cb500244v_si_003.xlsx,Sheet1,790,F,F790
CR_23_Cow_Rumen,,xylobiose,NIMS,5,60,<0.1,below reported 0.1 conversion background; not numeric zero,0.1,3,NA,Metagenome,0.8231925760000001,1,expression_binary=1,true,10.1021/cb500244v,10.1021/cb500244v.s003,cb500244v_si_003.xlsx,Sheet1,791,D,D791
CR_23_Cow_Rumen,,cellobiose,NIMS,5,60,<0.1,below reported 0.1 conversion background; not numeric zero,0.1,3,NA,Metagenome,0.8231925760000001,1,expression_binary=1,true,10.1021/cb500244v,10.1021/cb500244v.s003,cb500244v_si_003.xlsx,Sheet1,791,E,E791
CR_23_Cow_Rumen,,lactose,NIMS,5,60,<0.1,below reported 0.1 conversion background; not numeric zero,0.1,3,NA,Metagenome,0.8231925760000001,1,expression_binary=1,true,10.1021/cb500244v,10.1021/cb500244v.s003,cb500244v_si_003.xlsx,Sheet1,791,F,F791
CR_23_Cow_Rumen,,xylobiose,NIMS,5,80,<0.1,below reported 0.1 conversion background; not numeric zero,0.1,3,NA,Metagenome,0.8231925760000001,1,expression_binary=1,true,10.1021/cb500244v,10.1021/cb500244v.s003,cb500244v_si_003.xlsx,Sheet1,792,D,D792
CR_23_Cow_Rumen,,cellobiose,NIMS,5,80,<0.1,below reported 0.1 conversion background; not numeric zero,0.1,3,NA,Metagenome,0.8231925760000001,1,expression_binary=1,true,10.1021/cb500244v,10.1021/cb500244v.s003,cb500244v_si_003.xlsx,Sheet1,792,E,E792
CR_23_Cow_Rumen,,lactose,NIMS,5,80,<0.1,below reported 0.1 conversion background; not numeric zero,0.1,3,NA,Metagenome,0.8231925760000001,1,expression_binary=1,true,10.1021/cb500244v,10.1021/cb500244v.s003,cb500244v_si_003.xlsx,Sheet1,792,F,F792
CR_23_Cow_Rumen,,xylobiose,NIMS,5,90,<0.1,below reported 0.1 conversion background; not numeric zero,0.1,3,NA,Metagenome,0.8231925760000001,1,expression_binary=1,true,10.1021/cb500244v,10.1021/cb500244v.s003,cb500244v_si_003.xlsx,Sheet1,793,D,D793
CR_23_Cow_Rumen,,cellobiose,NIMS,5,90,<0.1,below reported 0.1 conversion background; not numeric zero,0.1,3,NA,Metagenome,0.8231925760000001,1,expression_binary=1,true,10.1021/cb500244v,10.1021/cb500244v.s003,cb500244v_si_003.xlsx,Sheet1,793,E,E793
CR_23_Cow_Rumen,,lactose,NIMS,5,90,<0.1,below reported 0.1 conversion background; not numeric zero,0.1,3,NA,Metagenome,0.8231925760000001,1,expression_binary=1,true,10.1021/cb500244v,10.1021/cb500244v.s003,cb500244v_si_003.xlsx,Sheet1,793,F,F793
CR_23_Cow_Rumen,,xylobiose,NIMS,8,40,<0.1,below reported 0.1 conversion background; not numeric zero,0.1,3,NA,Metagenome,0.8231925760000001,1,expression_binary=1,true,10.1021/cb500244v,10.1021/cb500244v.s003,cb500244v_si_003.xlsx,Sheet1,794,D,D794
CR_23_Cow_Rumen,,cellobiose,NIMS,8,40,<0.1,below reported 0.1 conversion background; not numeric zero,0.1,3,NA,Metagenome,0.8231925760000001,1,expression_binary=1,true,10.1021/cb500244v,10.1021/cb500244v.s003,cb500244v_si_003.xlsx,Sheet1,794,E,E794
CR_23_Cow_Rumen,,lactose,NIMS,8,40,<0.1,below reported 0.1 conversion background; not numeric zero,0.1,3,NA,Metagenome,0.8231925760000001,1,expression_binary=1,true,10.1021/cb500244v,10.1021/cb500244v.s003,cb500244v_si_003.xlsx,Sheet1,794,F,F794
CR_23_Cow_Rumen,,xylobiose,NIMS,8,60,<0.1,below reported 0.1 conversion background; not numeric zero,0.1,3,NA,Metagenome,0.8231925760000001,1,expression_binary=1,true,10.1021/cb500244v,10.1021/cb500244v.s003,cb500244v_si_003.xlsx,Sheet1,795,D,D795
CR_23_Cow_Rumen,,cellobiose,NIMS,8,60,<0.1,below reported 0.1 conversion background; not numeric zero,0.1,3,NA,Metagenome,0.8231925760000001,1,expression_binary=1,true,10.1021/cb500244v,10.1021/cb500244v.s003,cb500244v_si_003.xlsx,Sheet1,795,E,E795
CR_23_Cow_Rumen,,lactose,NIMS,8,60,<0.1,below reported 0.1 conversion background; not numeric zero,0.1,3,NA,Metagenome,0.8231925760000001,1,expression_binary=1,true,10.1021/cb500244v,10.1021/cb500244v.s003,cb500244v_si_003.xlsx,Sheet1,795,F,F795
CR_23_Cow_Rumen,,xylobiose,NIMS,8,80,<0.1,below reported 0.1 conversion background; not numeric zero,0.1,3,NA,Metagenome,0.8231925760000001,1,expression_binary=1,true,10.1021/cb500244v,10.1021/cb500244v.s003,cb500244v_si_003.xlsx,Sheet1,796,D,D796
CR_23_Cow_Rumen,,cellobiose,NIMS,8,80,<0.1,below reported 0.1 conversion background; not numeric zero,0.1,3,NA,Metagenome,0.8231925760000001,1,expression_binary=1,true,10.1021/cb500244v,10.1021/cb500244v.s003,cb500244v_si_003.xlsx,Sheet1,796,E,E796
CR_23_Cow_Rumen,,lactose,NIMS,8,80,<0.1,below reported 0.1 conversion background; not numeric zero,0.1,3,NA,Metagenome,0.8231925760000001,1,expression_binary=1,true,10.1021/cb500244v,10.1021/cb500244v.s003,cb500244v_si_003.xlsx,Sheet1,796,F,F796
CR_23_Cow_Rumen,,xylobiose,NIMS,8,90,<0.1,below reported 0.1 conversion background; not numeric zero,0.1,3,NA,Metagenome,0.8231925760000001,1,expression_binary=1,true,10.1021/cb500244v,10.1021/cb500244v.s003,cb500244v_si_003.xlsx,Sheet1,797,D,D797
CR_23_Cow_Rumen,,cellobiose,NIMS,8,90,<0.1,below reported 0.1 conversion background; not numeric zero,0.1,3,NA,Metagenome,0.8231925760000001,1,expression_binary=1,true,10.1021/cb500244v,10.1021/cb500244v.s003,cb500244v_si_003.xlsx,Sheet1,797,E,E797
CR_23_Cow_Rumen,,lactose,NIMS,8,90,<0.1,below reported 0.1 conversion background; not numeric zero,0.1,3,NA,Metagenome,0.8231925760000001,1,expression_binary=1,true,10.1021/cb500244v,10.1021/cb500244v.s003,cb500244v_si_003.xlsx,Sheet1,797,F,F797
CR_19_Cow_Rumen,,xylobiose,NIMS,5,40,<0.1,below reported 0.1 conversion background; not numeric zero,0.1,3,NA,Metagenome,0.7320564453333334,1,expression_binary=1,true,10.1021/cb500244v,10.1021/cb500244v.s003,cb500244v_si_003.xlsx,Sheet1,798,D,D798
CR_19_Cow_Rumen,,xylobiose,NIMS,5,60,<0.1,below reported 0.1 conversion background; not numeric zero,0.1,3,NA,Metagenome,0.7320564453333334,1,expression_binary=1,true,10.1021/cb500244v,10.1021/cb500244v.s003,cb500244v_si_003.xlsx,Sheet1,799,D,D799
CR_19_Cow_Rumen,,cellobiose,NIMS,5,60,<0.1,below reported 0.1 conversion background; not numeric zero,0.1,3,NA,Metagenome,0.7320564453333334,1,expression_binary=1,true,10.1021/cb500244v,10.1021/cb500244v.s003,cb500244v_si_003.xlsx,Sheet1,799,E,E799
CR_19_Cow_Rumen,,lactose,NIMS,5,60,<0.1,below reported 0.1 conversion background; not numeric zero,0.1,3,NA,Metagenome,0.7320564453333334,1,expression_binary=1,true,10.1021/cb500244v,10.1021/cb500244v.s003,cb500244v_si_003.xlsx,Sheet1,799,F,F799
CR_19_Cow_Rumen,,xylobiose,NIMS,5,80,<0.1,below reported 0.1 conversion background; not numeric zero,0.1,3,NA,Metagenome,0.7320564453333334,1,expression_binary=1,true,10.1021/cb500244v,10.1021/cb500244v.s003,cb500244v_si_003.xlsx,Sheet1,800,D,D800
CR_19_Cow_Rumen,,cellobiose,NIMS,5,80,<0.1,below reported 0.1 conversion background; not numeric zero,0.1,3,NA,Metagenome,0.7320564453333334,1,expression_binary=1,true,10.1021/cb500244v,10.1021/cb500244v.s003,cb500244v_si_003.xlsx,Sheet1,800,E,E800
CR_19_Cow_Rumen,,lactose,NIMS,5,80,<0.1,below reported 0.1 conversion background; not numeric zero,0.1,3,NA,Metagenome,0.7320564453333334,1,expression_binary=1,true,10.1021/cb500244v,10.1021/cb500244v.s003,cb500244v_si_003.xlsx,Sheet1,800,F,F800
CR_19_Cow_Rumen,,xylobiose,NIMS,5,90,<0.1,below reported 0.1 conversion background; not numeric zero,0.1,3,NA,Metagenome,0.7320564453333334,1,expression_binary=1,true,10.1021/cb500244v,10.1021/cb500244v.s003,cb500244v_si_003.xlsx,Sheet1,801,D,D801
CR_19_Cow_Rumen,,cellobiose,NIMS,5,90,<0.1,below reported 0.1 conversion background; not numeric zero,0.1,3,NA,Metagenome,0.7320564453333334,1,expression_binary=1,true,10.1021/cb500244v,10.1021/cb500244v.s003,cb500244v_si_003.xlsx,Sheet1,801,E,E801
CR_19_Cow_Rumen,,lactose,NIMS,5,90,<0.1,below reported 0.1 conversion background; not numeric zero,0.1,3,NA,Metagenome,0.7320564453333334,1,expression_binary=1,true,10.1021/cb500244v,10.1021/cb500244v.s003,cb500244v_si_003.xlsx,Sheet1,801,F,F801
CR_19_Cow_Rumen,,xylobiose,NIMS,8,40,<0.1,below reported 0.1 conversion background; not numeric zero,0.1,3,NA,Metagenome,0.7320564453333334,1,expression_binary=1,true,10.1021/cb500244v,10.1021/cb500244v.s003,cb500244v_si_003.xlsx,Sheet1,802,D,D802
CR_19_Cow_Rumen,,xylobiose,NIMS,8,60,<0.1,below reported 0.1 conversion background; not numeric zero,0.1,3,NA,Metagenome,0.7320564453333334,1,expression_binary=1,true,10.1021/cb500244v,10.1021/cb500244v.s003,cb500244v_si_003.xlsx,Sheet1,803,D,D803
CR_19_Cow_Rumen,,cellobiose,NIMS,8,60,<0.1,below reported 0.1 conversion background; not numeric zero,0.1,3,NA,Metagenome,0.7320564453333334,1,expression_binary=1,true,10.1021/cb500244v,10.1021/cb500244v.s003,cb500244v_si_003.xlsx,Sheet1,803,E,E803
CR_19_Cow_Rumen,,lactose,NIMS,8,60,<0.1,below reported 0.1 conversion background; not numeric zero,0.1,3,NA,Metagenome,0.7320564453333334,1,expression_binary=1,true,10.1021/cb500244v,10.1021/cb500244v.s003,cb500244v_si_003.xlsx,Sheet1,803,F,F803
CR_19_Cow_Rumen,,xylobiose,NIMS,8,80,<0.1,below reported 0.1 conversion background; not numeric zero,0.1,3,NA,Metagenome,0.7320564453333334,1,expression_binary=1,true,10.1021/cb500244v,10.1021/cb500244v.s003,cb500244v_si_003.xlsx,Sheet1,804,D,D804
CR_19_Cow_Rumen,,cellobiose,NIMS,8,80,<0.1,below reported 0.1 conversion background; not numeric zero,0.1,3,NA,Metagenome,0.7320564453333334,1,expression_binary=1,true,10.1021/cb500244v,10.1021/cb500244v.s003,cb500244v_si_003.xlsx,Sheet1,804,E,E804
CR_19_Cow_Rumen,,lactose,NIMS,8,80,<0.1,below reported 0.1 conversion background; not numeric zero,0.1,3,NA,Metagenome,0.7320564453333334,1,expression_binary=1,true,10.1021/cb500244v,10.1021/cb500244v.s003,cb500244v_si_003.xlsx,Sheet1,804,F,F804
CR_19_Cow_Rumen,,xylobiose,NIMS,8,90,<0.1,below reported 0.1 conversion background; not numeric zero,0.1,3,NA,Metagenome,0.7320564453333334,1,expression_binary=1,true,10.1021/cb500244v,10.1021/cb500244v.s003,cb500244v_si_003.xlsx,Sheet1,805,D,D805
CR_19_Cow_Rumen,,cellobiose,NIMS,8,90,<0.1,below reported 0.1 conversion background; not numeric zero,0.1,3,NA,Metagenome,0.7320564453333334,1,expression_binary=1,true,10.1021/cb500244v,10.1021/cb500244v.s003,cb500244v_si_003.xlsx,Sheet1,805,E,E805
CR_19_Cow_Rumen,,lactose,NIMS,8,90,<0.1,below reported 0.1 conversion background; not numeric zero,0.1,3,NA,Metagenome,0.7320564453333334,1,expression_binary=1,true,10.1021/cb500244v,10.1021/cb500244v.s003,cb500244v_si_003.xlsx,Sheet1,805,F,F805
CR_14_Cow_Rumen,,xylobiose,NIMS,5,40,<0.1,below reported 0.1 conversion background; not numeric zero,0.1,3,NA,Metagenome,0.5445296906666667,1,expression_binary=1,true,10.1021/cb500244v,10.1021/cb500244v.s003,cb500244v_si_003.xlsx,Sheet1,806,D,D806
CR_14_Cow_Rumen,,xylobiose,NIMS,5,60,<0.1,below reported 0.1 conversion background; not numeric zero,0.1,3,NA,Metagenome,0.5445296906666667,1,expression_binary=1,true,10.1021/cb500244v,10.1021/cb500244v.s003,cb500244v_si_003.xlsx,Sheet1,807,D,D807
CR_14_Cow_Rumen,,cellobiose,NIMS,5,60,<0.1,below reported 0.1 conversion background; not numeric zero,0.1,3,NA,Metagenome,0.5445296906666667,1,expression_binary=1,true,10.1021/cb500244v,10.1021/cb500244v.s003,cb500244v_si_003.xlsx,Sheet1,807,E,E807
CR_14_Cow_Rumen,,lactose,NIMS,5,60,<0.1,below reported 0.1 conversion background; not numeric zero,0.1,3,NA,Metagenome,0.5445296906666667,1,expression_binary=1,true,10.1021/cb500244v,10.1021/cb500244v.s003,cb500244v_si_003.xlsx,Sheet1,807,F,F807
CR_14_Cow_Rumen,,xylobiose,NIMS,5,80,<0.1,below reported 0.1 conversion background; not numeric zero,0.1,3,NA,Metagenome,0.5445296906666667,1,expression_binary=1,true,10.1021/cb500244v,10.1021/cb500244v.s003,cb500244v_si_003.xlsx,Sheet1,808,D,D808
CR_14_Cow_Rumen,,cellobiose,NIMS,5,80,<0.1,below reported 0.1 conversion background; not numeric zero,0.1,3,NA,Metagenome,0.5445296906666667,1,expression_binary=1,true,10.1021/cb500244v,10.1021/cb500244v.s003,cb500244v_si_003.xlsx,Sheet1,808,E,E808
CR_14_Cow_Rumen,,lactose,NIMS,5,80,<0.1,below reported 0.1 conversion background; not numeric zero,0.1,3,NA,Metagenome,0.5445296906666667,1,expression_binary=1,true,10.1021/cb500244v,10.1021/cb500244v.s003,cb500244v_si_003.xlsx,Sheet1,808,F,F808
CR_14_Cow_Rumen,,xylobiose,NIMS,5,90,<0.1,below reported 0.1 conversion background; not numeric zero,0.1,3,NA,Metagenome,0.5445296906666667,1,expression_binary=1,true,10.1021/cb500244v,10.1021/cb500244v.s003,cb500244v_si_003.xlsx,Sheet1,809,D,D809
CR_14_Cow_Rumen,,cellobiose,NIMS,5,90,<0.1,below reported 0.1 conversion background; not numeric zero,0.1,3,NA,Metagenome,0.5445296906666667,1,expression_binary=1,true,10.1021/cb500244v,10.1021/cb500244v.s003,cb500244v_si_003.xlsx,Sheet1,809,E,E809
CR_14_Cow_Rumen,,lactose,NIMS,5,90,<0.1,below reported 0.1 conversion background; not numeric zero,0.1,3,NA,Metagenome,0.5445296906666667,1,expression_binary=1,true,10.1021/cb500244v,10.1021/cb500244v.s003,cb500244v_si_003.xlsx,Sheet1,809,F,F809
CR_14_Cow_Rumen,,xylobiose,NIMS,8,40,<0.1,below reported 0.1 conversion background; not numeric zero,0.1,3,NA,Metagenome,0.5445296906666667,1,expression_binary=1,true,10.1021/cb500244v,10.1021/cb500244v.s003,cb500244v_si_003.xlsx,Sheet1,810,D,D810
CR_14_Cow_Rumen,,xylobiose,NIMS,8,60,<0.1,below reported 0.1 conversion background; not numeric zero,0.1,3,NA,Metagenome,0.5445296906666667,1,expression_binary=1,true,10.1021/cb500244v,10.1021/cb500244v.s003,cb500244v_si_003.xlsx,Sheet1,811,D,D811
CR_14_Cow_Rumen,,cellobiose,NIMS,8,60,<0.1,below reported 0.1 conversion background; not numeric zero,0.1,3,NA,Metagenome,0.5445296906666667,1,expression_binary=1,true,10.1021/cb500244v,10.1021/cb500244v.s003,cb500244v_si_003.xlsx,Sheet1,811,E,E811
CR_14_Cow_Rumen,,lactose,NIMS,8,60,<0.1,below reported 0.1 conversion background; not numeric zero,0.1,3,NA,Metagenome,0.5445296906666667,1,expression_binary=1,true,10.1021/cb500244v,10.1021/cb500244v.s003,cb500244v_si_003.xlsx,Sheet1,811,F,F811
CR_14_Cow_Rumen,,xylobiose,NIMS,8,80,<0.1,below reported 0.1 conversion background; not numeric zero,0.1,3,NA,Metagenome,0.5445296906666667,1,expression_binary=1,true,10.1021/cb500244v,10.1021/cb500244v.s003,cb500244v_si_003.xlsx,Sheet1,812,D,D812
CR_14_Cow_Rumen,,cellobiose,NIMS,8,80,<0.1,below reported 0.1 conversion background; not numeric zero,0.1,3,NA,Metagenome,0.5445296906666667,1,expression_binary=1,true,10.1021/cb500244v,10.1021/cb500244v.s003,cb500244v_si_003.xlsx,Sheet1,812,E,E812
CR_14_Cow_Rumen,,lactose,NIMS,8,80,<0.1,below reported 0.1 conversion background; not numeric zero,0.1,3,NA,Metagenome,0.5445296906666667,1,expression_binary=1,true,10.1021/cb500244v,10.1021/cb500244v.s003,cb500244v_si_003.xlsx,Sheet1,812,F,F812
CR_14_Cow_Rumen,,xylobiose,NIMS,8,90,<0.1,below reported 0.1 conversion background; not numeric zero,0.1,3,NA,Metagenome,0.5445296906666667,1,expression_binary=1,true,10.1021/cb500244v,10.1021/cb500244v.s003,cb500244v_si_003.xlsx,Sheet1,813,D,D813
CR_14_Cow_Rumen,,cellobiose,NIMS,8,90,<0.1,below reported 0.1 conversion background; not numeric zero,0.1,3,NA,Metagenome,0.5445296906666667,1,expression_binary=1,true,10.1021/cb500244v,10.1021/cb500244v.s003,cb500244v_si_003.xlsx,Sheet1,813,E,E813
CR_14_Cow_Rumen,,lactose,NIMS,8,90,<0.1,below reported 0.1 conversion background; not numeric zero,0.1,3,NA,Metagenome,0.5445296906666667,1,expression_binary=1,true,10.1021/cb500244v,10.1021/cb500244v.s003,cb500244v_si_003.xlsx,Sheet1,813,F,F813
CR_24_Cow_Rumen,,xylobiose,NIMS,5,40,<0.1,below reported 0.1 conversion background; not numeric zero,0.1,3,NA,Metagenome,0.3829722,1,expression_binary=1,true,10.1021/cb500244v,10.1021/cb500244v.s003,cb500244v_si_003.xlsx,Sheet1,814,D,D814
CR_24_Cow_Rumen,,xylobiose,NIMS,5,60,<0.1,below reported 0.1 conversion background; not numeric zero,0.1,3,NA,Metagenome,0.3829722,1,expression_binary=1,true,10.1021/cb500244v,10.1021/cb500244v.s003,cb500244v_si_003.xlsx,Sheet1,815,D,D815
CR_24_Cow_Rumen,,xylobiose,NIMS,5,80,<0.1,below reported 0.1 conversion background; not numeric zero,0.1,3,NA,Metagenome,0.3829722,1,expression_binary=1,true,10.1021/cb500244v,10.1021/cb500244v.s003,cb500244v_si_003.xlsx,Sheet1,816,D,D816
CR_24_Cow_Rumen,,cellobiose,NIMS,5,80,<0.1,below reported 0.1 conversion background; not numeric zero,0.1,3,NA,Metagenome,0.3829722,1,expression_binary=1,true,10.1021/cb500244v,10.1021/cb500244v.s003,cb500244v_si_003.xlsx,Sheet1,816,E,E816
CR_24_Cow_Rumen,,lactose,NIMS,5,80,<0.1,below reported 0.1 conversion background; not numeric zero,0.1,3,NA,Metagenome,0.3829722,1,expression_binary=1,true,10.1021/cb500244v,10.1021/cb500244v.s003,cb500244v_si_003.xlsx,Sheet1,816,F,F816
CR_24_Cow_Rumen,,xylobiose,NIMS,5,90,<0.1,below reported 0.1 conversion background; not numeric zero,0.1,3,NA,Metagenome,0.3829722,1,expression_binary=1,true,10.1021/cb500244v,10.1021/cb500244v.s003,cb500244v_si_003.xlsx,Sheet1,817,D,D817
CR_24_Cow_Rumen,,cellobiose,NIMS,5,90,<0.1,below reported 0.1 conversion background; not numeric zero,0.1,3,NA,Metagenome,0.3829722,1,expression_binary=1,true,10.1021/cb500244v,10.1021/cb500244v.s003,cb500244v_si_003.xlsx,Sheet1,817,E,E817
CR_24_Cow_Rumen,,lactose,NIMS,5,90,<0.1,below reported 0.1 conversion background; not numeric zero,0.1,3,NA,Metagenome,0.3829722,1,expression_binary=1,true,10.1021/cb500244v,10.1021/cb500244v.s003,cb500244v_si_003.xlsx,Sheet1,817,F,F817
CR_24_Cow_Rumen,,xylobiose,NIMS,8,40,<0.1,below reported 0.1 conversion background; not numeric zero,0.1,3,NA,Metagenome,0.3829722,1,expression_binary=1,true,10.1021/cb500244v,10.1021/cb500244v.s003,cb500244v_si_003.xlsx,Sheet1,818,D,D818
CR_24_Cow_Rumen,,lactose,NIMS,8,40,<0.1,below reported 0.1 conversion background; not numeric zero,0.1,3,NA,Metagenome,0.3829722,1,expression_binary=1,true,10.1021/cb500244v,10.1021/cb500244v.s003,cb500244v_si_003.xlsx,Sheet1,818,F,F818
CR_24_Cow_Rumen,,xylobiose,NIMS,8,60,<0.1,below reported 0.1 conversion background; not numeric zero,0.1,3,NA,Metagenome,0.3829722,1,expression_binary=1,true,10.1021/cb500244v,10.1021/cb500244v.s003,cb500244v_si_003.xlsx,Sheet1,819,D,D819
CR_24_Cow_Rumen,,lactose,NIMS,8,60,<0.1,below reported 0.1 conversion background; not numeric zero,0.1,3,NA,Metagenome,0.3829722,1,expression_binary=1,true,10.1021/cb500244v,10.1021/cb500244v.s003,cb500244v_si_003.xlsx,Sheet1,819,F,F819
CR_24_Cow_Rumen,,xylobiose,NIMS,8,80,<0.1,below reported 0.1 conversion background; not numeric zero,0.1,3,NA,Metagenome,0.3829722,1,expression_binary=1,true,10.1021/cb500244v,10.1021/cb500244v.s003,cb500244v_si_003.xlsx,Sheet1,820,D,D820
CR_24_Cow_Rumen,,cellobiose,NIMS,8,80,<0.1,below reported 0.1 conversion background; not numeric zero,0.1,3,NA,Metagenome,0.3829722,1,expression_binary=1,true,10.1021/cb500244v,10.1021/cb500244v.s003,cb500244v_si_003.xlsx,Sheet1,820,E,E820
CR_24_Cow_Rumen,,lactose,NIMS,8,80,<0.1,below reported 0.1 conversion background; not numeric zero,0.1,3,NA,Metagenome,0.3829722,1,expression_binary=1,true,10.1021/cb500244v,10.1021/cb500244v.s003,cb500244v_si_003.xlsx,Sheet1,820,F,F820
CR_24_Cow_Rumen,,xylobiose,NIMS,8,90,<0.1,below reported 0.1 conversion background; not numeric zero,0.1,3,NA,Metagenome,0.3829722,1,expression_binary=1,true,10.1021/cb500244v,10.1021/cb500244v.s003,cb500244v_si_003.xlsx,Sheet1,821,D,D821
CR_24_Cow_Rumen,,cellobiose,NIMS,8,90,<0.1,below reported 0.1 conversion background; not numeric zero,0.1,3,NA,Metagenome,0.3829722,1,expression_binary=1,true,10.1021/cb500244v,10.1021/cb500244v.s003,cb500244v_si_003.xlsx,Sheet1,821,E,E821
CR_24_Cow_Rumen,,lactose,NIMS,8,90,<0.1,below reported 0.1 conversion background; not numeric zero,0.1,3,NA,Metagenome,0.3829722,1,expression_binary=1,true,10.1021/cb500244v,10.1021/cb500244v.s003,cb500244v_si_003.xlsx,Sheet1,821,F,F821
CR_29_Cow_Rumen,,xylobiose,NIMS,5,40,<0.1,below reported 0.1 conversion background; not numeric zero,0.1,3,NA,Metagenome,0.3127169946666667,1,expression_binary=1,true,10.1021/cb500244v,10.1021/cb500244v.s003,cb500244v_si_003.xlsx,Sheet1,822,D,D822
CR_29_Cow_Rumen,,lactose,NIMS,5,40,<0.1,below reported 0.1 conversion background; not numeric zero,0.1,3,NA,Metagenome,0.3127169946666667,1,expression_binary=1,true,10.1021/cb500244v,10.1021/cb500244v.s003,cb500244v_si_003.xlsx,Sheet1,822,F,F822
CR_29_Cow_Rumen,,xylobiose,NIMS,5,60,<0.1,below reported 0.1 conversion background; not numeric zero,0.1,3,NA,Metagenome,0.3127169946666667,1,expression_binary=1,true,10.1021/cb500244v,10.1021/cb500244v.s003,cb500244v_si_003.xlsx,Sheet1,823,D,D823
CR_29_Cow_Rumen,,cellobiose,NIMS,5,60,<0.1,below reported 0.1 conversion background; not numeric zero,0.1,3,NA,Metagenome,0.3127169946666667,1,expression_binary=1,true,10.1021/cb500244v,10.1021/cb500244v.s003,cb500244v_si_003.xlsx,Sheet1,823,E,E823
CR_29_Cow_Rumen,,lactose,NIMS,5,60,<0.1,below reported 0.1 conversion background; not numeric zero,0.1,3,NA,Metagenome,0.3127169946666667,1,expression_binary=1,true,10.1021/cb500244v,10.1021/cb500244v.s003,cb500244v_si_003.xlsx,Sheet1,823,F,F823
CR_29_Cow_Rumen,,xylobiose,NIMS,5,80,<0.1,below reported 0.1 conversion background; not numeric zero,0.1,3,NA,Metagenome,0.3127169946666667,1,expression_binary=1,true,10.1021/cb500244v,10.1021/cb500244v.s003,cb500244v_si_003.xlsx,Sheet1,824,D,D824
CR_29_Cow_Rumen,,cellobiose,NIMS,5,80,<0.1,below reported 0.1 conversion background; not numeric zero,0.1,3,NA,Metagenome,0.3127169946666667,1,expression_binary=1,true,10.1021/cb500244v,10.1021/cb500244v.s003,cb500244v_si_003.xlsx,Sheet1,824,E,E824
CR_29_Cow_Rumen,,lactose,NIMS,5,80,<0.1,below reported 0.1 conversion background; not numeric zero,0.1,3,NA,Metagenome,0.3127169946666667,1,expression_binary=1,true,10.1021/cb500244v,10.1021/cb500244v.s003,cb500244v_si_003.xlsx,Sheet1,824,F,F824
CR_29_Cow_Rumen,,xylobiose,NIMS,5,90,<0.1,below reported 0.1 conversion background; not numeric zero,0.1,3,NA,Metagenome,0.3127169946666667,1,expression_binary=1,true,10.1021/cb500244v,10.1021/cb500244v.s003,cb500244v_si_003.xlsx,Sheet1,825,D,D825
CR_29_Cow_Rumen,,cellobiose,NIMS,5,90,<0.1,below reported 0.1 conversion background; not numeric zero,0.1,3,NA,Metagenome,0.3127169946666667,1,expression_binary=1,true,10.1021/cb500244v,10.1021/cb500244v.s003,cb500244v_si_003.xlsx,Sheet1,825,E,E825
CR_29_Cow_Rumen,,lactose,NIMS,5,90,<0.1,below reported 0.1 conversion background; not numeric zero,0.1,3,NA,Metagenome,0.3127169946666667,1,expression_binary=1,true,10.1021/cb500244v,10.1021/cb500244v.s003,cb500244v_si_003.xlsx,Sheet1,825,F,F825
CR_29_Cow_Rumen,,xylobiose,NIMS,8,40,<0.1,below reported 0.1 conversion background; not numeric zero,0.1,3,NA,Metagenome,0.3127169946666667,1,expression_binary=1,true,10.1021/cb500244v,10.1021/cb500244v.s003,cb500244v_si_003.xlsx,Sheet1,826,D,D826
CR_29_Cow_Rumen,,lactose,NIMS,8,40,<0.1,below reported 0.1 conversion background; not numeric zero,0.1,3,NA,Metagenome,0.3127169946666667,1,expression_binary=1,true,10.1021/cb500244v,10.1021/cb500244v.s003,cb500244v_si_003.xlsx,Sheet1,826,F,F826
CR_29_Cow_Rumen,,xylobiose,NIMS,8,60,<0.1,below reported 0.1 conversion background; not numeric zero,0.1,3,NA,Metagenome,0.3127169946666667,1,expression_binary=1,true,10.1021/cb500244v,10.1021/cb500244v.s003,cb500244v_si_003.xlsx,Sheet1,827,D,D827
CR_29_Cow_Rumen,,lactose,NIMS,8,60,<0.1,below reported 0.1 conversion background; not numeric zero,0.1,3,NA,Metagenome,0.3127169946666667,1,expression_binary=1,true,10.1021/cb500244v,10.1021/cb500244v.s003,cb500244v_si_003.xlsx,Sheet1,827,F,F827
CR_29_Cow_Rumen,,xylobiose,NIMS,8,80,<0.1,below reported 0.1 conversion background; not numeric zero,0.1,3,NA,Metagenome,0.3127169946666667,1,expression_binary=1,true,10.1021/cb500244v,10.1021/cb500244v.s003,cb500244v_si_003.xlsx,Sheet1,828,D,D828
CR_29_Cow_Rumen,,cellobiose,NIMS,8,80,<0.1,below reported 0.1 conversion background; not numeric zero,0.1,3,NA,Metagenome,0.3127169946666667,1,expression_binary=1,true,10.1021/cb500244v,10.1021/cb500244v.s003,cb500244v_si_003.xlsx,Sheet1,828,E,E828
CR_29_Cow_Rumen,,lactose,NIMS,8,80,<0.1,below reported 0.1 conversion background; not numeric zero,0.1,3,NA,Metagenome,0.3127169946666667,1,expression_binary=1,true,10.1021/cb500244v,10.1021/cb500244v.s003,cb500244v_si_003.xlsx,Sheet1,828,F,F828
CR_29_Cow_Rumen,,xylobiose,NIMS,8,90,<0.1,below reported 0.1 conversion background; not numeric zero,0.1,3,NA,Metagenome,0.3127169946666667,1,expression_binary=1,true,10.1021/cb500244v,10.1021/cb500244v.s003,cb500244v_si_003.xlsx,Sheet1,829,D,D829
CR_29_Cow_Rumen,,cellobiose,NIMS,8,90,<0.1,below reported 0.1 conversion background; not numeric zero,0.1,3,NA,Metagenome,0.3127169946666667,1,expression_binary=1,true,10.1021/cb500244v,10.1021/cb500244v.s003,cb500244v_si_003.xlsx,Sheet1,829,E,E829
CR_29_Cow_Rumen,,lactose,NIMS,8,90,<0.1,below reported 0.1 conversion background; not numeric zero,0.1,3,NA,Metagenome,0.3127169946666667,1,expression_binary=1,true,10.1021/cb500244v,10.1021/cb500244v.s003,cb500244v_si_003.xlsx,Sheet1,829,F,F829
CR_35_Cow_Rumen,,xylobiose,NIMS,5,40,<0.1,below reported 0.1 conversion background; not numeric zero,0.1,3,NA,Metagenome,0.40564728,1,expression_binary=1,true,10.1021/cb500244v,10.1021/cb500244v.s003,cb500244v_si_003.xlsx,Sheet1,830,D,D830
CR_35_Cow_Rumen,,cellobiose,NIMS,5,40,<0.1,below reported 0.1 conversion background; not numeric zero,0.1,3,NA,Metagenome,0.40564728,1,expression_binary=1,true,10.1021/cb500244v,10.1021/cb500244v.s003,cb500244v_si_003.xlsx,Sheet1,830,E,E830
CR_35_Cow_Rumen,,lactose,NIMS,5,40,<0.1,below reported 0.1 conversion background; not numeric zero,0.1,3,NA,Metagenome,0.40564728,1,expression_binary=1,true,10.1021/cb500244v,10.1021/cb500244v.s003,cb500244v_si_003.xlsx,Sheet1,830,F,F830
CR_35_Cow_Rumen,,xylobiose,NIMS,5,60,<0.1,below reported 0.1 conversion background; not numeric zero,0.1,3,NA,Metagenome,0.40564728,1,expression_binary=1,true,10.1021/cb500244v,10.1021/cb500244v.s003,cb500244v_si_003.xlsx,Sheet1,831,D,D831
CR_35_Cow_Rumen,,cellobiose,NIMS,5,60,<0.1,below reported 0.1 conversion background; not numeric zero,0.1,3,NA,Metagenome,0.40564728,1,expression_binary=1,true,10.1021/cb500244v,10.1021/cb500244v.s003,cb500244v_si_003.xlsx,Sheet1,831,E,E831
CR_35_Cow_Rumen,,lactose,NIMS,5,60,<0.1,below reported 0.1 conversion background; not numeric zero,0.1,3,NA,Metagenome,0.40564728,1,expression_binary=1,true,10.1021/cb500244v,10.1021/cb500244v.s003,cb500244v_si_003.xlsx,Sheet1,831,F,F831
CR_35_Cow_Rumen,,xylobiose,NIMS,5,80,<0.1,below reported 0.1 conversion background; not numeric zero,0.1,3,NA,Metagenome,0.40564728,1,expression_binary=1,true,10.1021/cb500244v,10.1021/cb500244v.s003,cb500244v_si_003.xlsx,Sheet1,832,D,D832
CR_35_Cow_Rumen,,cellobiose,NIMS,5,80,<0.1,below reported 0.1 conversion background; not numeric zero,0.1,3,NA,Metagenome,0.40564728,1,expression_binary=1,true,10.1021/cb500244v,10.1021/cb500244v.s003,cb500244v_si_003.xlsx,Sheet1,832,E,E832
CR_35_Cow_Rumen,,lactose,NIMS,5,80,<0.1,below reported 0.1 conversion background; not numeric zero,0.1,3,NA,Metagenome,0.40564728,1,expression_binary=1,true,10.1021/cb500244v,10.1021/cb500244v.s003,cb500244v_si_003.xlsx,Sheet1,832,F,F832
CR_35_Cow_Rumen,,xylobiose,NIMS,5,90,<0.1,below reported 0.1 conversion background; not numeric zero,0.1,3,NA,Metagenome,0.40564728,1,expression_binary=1,true,10.1021/cb500244v,10.1021/cb500244v.s003,cb500244v_si_003.xlsx,Sheet1,833,D,D833
CR_35_Cow_Rumen,,cellobiose,NIMS,5,90,<0.1,below reported 0.1 conversion background; not numeric zero,0.1,3,NA,Metagenome,0.40564728,1,expression_binary=1,true,10.1021/cb500244v,10.1021/cb500244v.s003,cb500244v_si_003.xlsx,Sheet1,833,E,E833
CR_35_Cow_Rumen,,lactose,NIMS,5,90,<0.1,below reported 0.1 conversion background; not numeric zero,0.1,3,NA,Metagenome,0.40564728,1,expression_binary=1,true,10.1021/cb500244v,10.1021/cb500244v.s003,cb500244v_si_003.xlsx,Sheet1,833,F,F833
CR_35_Cow_Rumen,,xylobiose,NIMS,8,40,<0.1,below reported 0.1 conversion background; not numeric zero,0.1,3,NA,Metagenome,0.40564728,1,expression_binary=1,true,10.1021/cb500244v,10.1021/cb500244v.s003,cb500244v_si_003.xlsx,Sheet1,834,D,D834
CR_35_Cow_Rumen,,cellobiose,NIMS,8,40,<0.1,below reported 0.1 conversion background; not numeric zero,0.1,3,NA,Metagenome,0.40564728,1,expression_binary=1,true,10.1021/cb500244v,10.1021/cb500244v.s003,cb500244v_si_003.xlsx,Sheet1,834,E,E834
CR_35_Cow_Rumen,,lactose,NIMS,8,40,<0.1,below reported 0.1 conversion background; not numeric zero,0.1,3,NA,Metagenome,0.40564728,1,expression_binary=1,true,10.1021/cb500244v,10.1021/cb500244v.s003,cb500244v_si_003.xlsx,Sheet1,834,F,F834
CR_35_Cow_Rumen,,xylobiose,NIMS,8,60,<0.1,below reported 0.1 conversion background; not numeric zero,0.1,3,NA,Metagenome,0.40564728,1,expression_binary=1,true,10.1021/cb500244v,10.1021/cb500244v.s003,cb500244v_si_003.xlsx,Sheet1,835,D,D835
CR_35_Cow_Rumen,,cellobiose,NIMS,8,60,<0.1,below reported 0.1 conversion background; not numeric zero,0.1,3,NA,Metagenome,0.40564728,1,expression_binary=1,true,10.1021/cb500244v,10.1021/cb500244v.s003,cb500244v_si_003.xlsx,Sheet1,835,E,E835
CR_35_Cow_Rumen,,lactose,NIMS,8,60,<0.1,below reported 0.1 conversion background; not numeric zero,0.1,3,NA,Metagenome,0.40564728,1,expression_binary=1,true,10.1021/cb500244v,10.1021/cb500244v.s003,cb500244v_si_003.xlsx,Sheet1,835,F,F835
CR_35_Cow_Rumen,,xylobiose,NIMS,8,80,<0.1,below reported 0.1 conversion background; not numeric zero,0.1,3,NA,Metagenome,0.40564728,1,expression_binary=1,true,10.1021/cb500244v,10.1021/cb500244v.s003,cb500244v_si_003.xlsx,Sheet1,836,D,D836
CR_35_Cow_Rumen,,cellobiose,NIMS,8,80,<0.1,below reported 0.1 conversion background; not numeric zero,0.1,3,NA,Metagenome,0.40564728,1,expression_binary=1,true,10.1021/cb500244v,10.1021/cb500244v.s003,cb500244v_si_003.xlsx,Sheet1,836,E,E836
CR_35_Cow_Rumen,,lactose,NIMS,8,80,<0.1,below reported 0.1 conversion background; not numeric zero,0.1,3,NA,Metagenome,0.40564728,1,expression_binary=1,true,10.1021/cb500244v,10.1021/cb500244v.s003,cb500244v_si_003.xlsx,Sheet1,836,F,F836
CR_35_Cow_Rumen,,xylobiose,NIMS,8,90,<0.1,below reported 0.1 conversion background; not numeric zero,0.1,3,NA,Metagenome,0.40564728,1,expression_binary=1,true,10.1021/cb500244v,10.1021/cb500244v.s003,cb500244v_si_003.xlsx,Sheet1,837,D,D837
CR_35_Cow_Rumen,,cellobiose,NIMS,8,90,<0.1,below reported 0.1 conversion background; not numeric zero,0.1,3,NA,Metagenome,0.40564728,1,expression_binary=1,true,10.1021/cb500244v,10.1021/cb500244v.s003,cb500244v_si_003.xlsx,Sheet1,837,E,E837
CR_35_Cow_Rumen,,lactose,NIMS,8,90,<0.1,below reported 0.1 conversion background; not numeric zero,0.1,3,NA,Metagenome,0.40564728,1,expression_binary=1,true,10.1021/cb500244v,10.1021/cb500244v.s003,cb500244v_si_003.xlsx,Sheet1,837,F,F837
CR_8_Cow_Rumen,,xylobiose,NIMS,5,40,<0.1,below reported 0.1 conversion background; not numeric zero,0.1,3,NA,Metagenome,0.5188632346666667,1,expression_binary=1,true,10.1021/cb500244v,10.1021/cb500244v.s003,cb500244v_si_003.xlsx,Sheet1,838,D,D838
CR_8_Cow_Rumen,,cellobiose,NIMS,5,40,<0.1,below reported 0.1 conversion background; not numeric zero,0.1,3,NA,Metagenome,0.5188632346666667,1,expression_binary=1,true,10.1021/cb500244v,10.1021/cb500244v.s003,cb500244v_si_003.xlsx,Sheet1,838,E,E838
CR_8_Cow_Rumen,,lactose,NIMS,5,40,<0.1,below reported 0.1 conversion background; not numeric zero,0.1,3,NA,Metagenome,0.5188632346666667,1,expression_binary=1,true,10.1021/cb500244v,10.1021/cb500244v.s003,cb500244v_si_003.xlsx,Sheet1,838,F,F838
CR_8_Cow_Rumen,,xylobiose,NIMS,5,60,<0.1,below reported 0.1 conversion background; not numeric zero,0.1,3,NA,Metagenome,0.5188632346666667,1,expression_binary=1,true,10.1021/cb500244v,10.1021/cb500244v.s003,cb500244v_si_003.xlsx,Sheet1,839,D,D839
CR_8_Cow_Rumen,,cellobiose,NIMS,5,60,<0.1,below reported 0.1 conversion background; not numeric zero,0.1,3,NA,Metagenome,0.5188632346666667,1,expression_binary=1,true,10.1021/cb500244v,10.1021/cb500244v.s003,cb500244v_si_003.xlsx,Sheet1,839,E,E839
CR_8_Cow_Rumen,,lactose,NIMS,5,60,<0.1,below reported 0.1 conversion background; not numeric zero,0.1,3,NA,Metagenome,0.5188632346666667,1,expression_binary=1,true,10.1021/cb500244v,10.1021/cb500244v.s003,cb500244v_si_003.xlsx,Sheet1,839,F,F839
CR_8_Cow_Rumen,,xylobiose,NIMS,5,80,<0.1,below reported 0.1 conversion background; not numeric zero,0.1,3,NA,Metagenome,0.5188632346666667,1,expression_binary=1,true,10.1021/cb500244v,10.1021/cb500244v.s003,cb500244v_si_003.xlsx,Sheet1,840,D,D840
CR_8_Cow_Rumen,,cellobiose,NIMS,5,80,<0.1,below reported 0.1 conversion background; not numeric zero,0.1,3,NA,Metagenome,0.5188632346666667,1,expression_binary=1,true,10.1021/cb500244v,10.1021/cb500244v.s003,cb500244v_si_003.xlsx,Sheet1,840,E,E840
CR_8_Cow_Rumen,,lactose,NIMS,5,80,<0.1,below reported 0.1 conversion background; not numeric zero,0.1,3,NA,Metagenome,0.5188632346666667,1,expression_binary=1,true,10.1021/cb500244v,10.1021/cb500244v.s003,cb500244v_si_003.xlsx,Sheet1,840,F,F840
CR_8_Cow_Rumen,,xylobiose,NIMS,5,90,<0.1,below reported 0.1 conversion background; not numeric zero,0.1,3,NA,Metagenome,0.5188632346666667,1,expression_binary=1,true,10.1021/cb500244v,10.1021/cb500244v.s003,cb500244v_si_003.xlsx,Sheet1,841,D,D841
CR_8_Cow_Rumen,,cellobiose,NIMS,5,90,<0.1,below reported 0.1 conversion background; not numeric zero,0.1,3,NA,Metagenome,0.5188632346666667,1,expression_binary=1,true,10.1021/cb500244v,10.1021/cb500244v.s003,cb500244v_si_003.xlsx,Sheet1,841,E,E841
CR_8_Cow_Rumen,,lactose,NIMS,5,90,<0.1,below reported 0.1 conversion background; not numeric zero,0.1,3,NA,Metagenome,0.5188632346666667,1,expression_binary=1,true,10.1021/cb500244v,10.1021/cb500244v.s003,cb500244v_si_003.xlsx,Sheet1,841,F,F841
CR_8_Cow_Rumen,,xylobiose,NIMS,8,40,<0.1,below reported 0.1 conversion background; not numeric zero,0.1,3,NA,Metagenome,0.5188632346666667,1,expression_binary=1,true,10.1021/cb500244v,10.1021/cb500244v.s003,cb500244v_si_003.xlsx,Sheet1,842,D,D842
CR_8_Cow_Rumen,,cellobiose,NIMS,8,40,<0.1,below reported 0.1 conversion background; not numeric zero,0.1,3,NA,Metagenome,0.5188632346666667,1,expression_binary=1,true,10.1021/cb500244v,10.1021/cb500244v.s003,cb500244v_si_003.xlsx,Sheet1,842,E,E842
CR_8_Cow_Rumen,,lactose,NIMS,8,40,<0.1,below reported 0.1 conversion background; not numeric zero,0.1,3,NA,Metagenome,0.5188632346666667,1,expression_binary=1,true,10.1021/cb500244v,10.1021/cb500244v.s003,cb500244v_si_003.xlsx,Sheet1,842,F,F842
CR_8_Cow_Rumen,,xylobiose,NIMS,8,60,<0.1,below reported 0.1 conversion background; not numeric zero,0.1,3,NA,Metagenome,0.5188632346666667,1,expression_binary=1,true,10.1021/cb500244v,10.1021/cb500244v.s003,cb500244v_si_003.xlsx,Sheet1,843,D,D843
CR_8_Cow_Rumen,,cellobiose,NIMS,8,60,<0.1,below reported 0.1 conversion background; not numeric zero,0.1,3,NA,Metagenome,0.5188632346666667,1,expression_binary=1,true,10.1021/cb500244v,10.1021/cb500244v.s003,cb500244v_si_003.xlsx,Sheet1,843,E,E843
CR_8_Cow_Rumen,,lactose,NIMS,8,60,<0.1,below reported 0.1 conversion background; not numeric zero,0.1,3,NA,Metagenome,0.5188632346666667,1,expression_binary=1,true,10.1021/cb500244v,10.1021/cb500244v.s003,cb500244v_si_003.xlsx,Sheet1,843,F,F843
CR_8_Cow_Rumen,,xylobiose,NIMS,8,80,<0.1,below reported 0.1 conversion background; not numeric zero,0.1,3,NA,Metagenome,0.5188632346666667,1,expression_binary=1,true,10.1021/cb500244v,10.1021/cb500244v.s003,cb500244v_si_003.xlsx,Sheet1,844,D,D844
CR_8_Cow_Rumen,,cellobiose,NIMS,8,80,<0.1,below reported 0.1 conversion background; not numeric zero,0.1,3,NA,Metagenome,0.5188632346666667,1,expression_binary=1,true,10.1021/cb500244v,10.1021/cb500244v.s003,cb500244v_si_003.xlsx,Sheet1,844,E,E844
CR_8_Cow_Rumen,,lactose,NIMS,8,80,<0.1,below reported 0.1 conversion background; not numeric zero,0.1,3,NA,Metagenome,0.5188632346666667,1,expression_binary=1,true,10.1021/cb500244v,10.1021/cb500244v.s003,cb500244v_si_003.xlsx,Sheet1,844,F,F844
CR_8_Cow_Rumen,,xylobiose,NIMS,8,90,<0.1,below reported 0.1 conversion background; not numeric zero,0.1,3,NA,Metagenome,0.5188632346666667,1,expression_binary=1,true,10.1021/cb500244v,10.1021/cb500244v.s003,cb500244v_si_003.xlsx,Sheet1,845,D,D845
CR_8_Cow_Rumen,,cellobiose,NIMS,8,90,<0.1,below reported 0.1 conversion background; not numeric zero,0.1,3,NA,Metagenome,0.5188632346666667,1,expression_binary=1,true,10.1021/cb500244v,10.1021/cb500244v.s003,cb500244v_si_003.xlsx,Sheet1,845,E,E845
CR_8_Cow_Rumen,,lactose,NIMS,8,90,<0.1,below reported 0.1 conversion background; not numeric zero,0.1,3,NA,Metagenome,0.5188632346666667,1,expression_binary=1,true,10.1021/cb500244v,10.1021/cb500244v.s003,cb500244v_si_003.xlsx,Sheet1,845,F,F845
CR_37_Cow_Rumen,,xylobiose,NIMS,5,40,<0.1,below reported 0.1 conversion background; not numeric zero,0.1,3,NA,Metagenome,0.07911616266666667,1,expression_binary=1,true,10.1021/cb500244v,10.1021/cb500244v.s003,cb500244v_si_003.xlsx,Sheet1,846,D,D846
CR_37_Cow_Rumen,,cellobiose,NIMS,5,40,<0.1,below reported 0.1 conversion background; not numeric zero,0.1,3,NA,Metagenome,0.07911616266666667,1,expression_binary=1,true,10.1021/cb500244v,10.1021/cb500244v.s003,cb500244v_si_003.xlsx,Sheet1,846,E,E846
CR_37_Cow_Rumen,,lactose,NIMS,5,40,<0.1,below reported 0.1 conversion background; not numeric zero,0.1,3,NA,Metagenome,0.07911616266666667,1,expression_binary=1,true,10.1021/cb500244v,10.1021/cb500244v.s003,cb500244v_si_003.xlsx,Sheet1,846,F,F846
CR_37_Cow_Rumen,,xylobiose,NIMS,5,60,<0.1,below reported 0.1 conversion background; not numeric zero,0.1,3,NA,Metagenome,0.07911616266666667,1,expression_binary=1,true,10.1021/cb500244v,10.1021/cb500244v.s003,cb500244v_si_003.xlsx,Sheet1,847,D,D847
CR_37_Cow_Rumen,,cellobiose,NIMS,5,60,<0.1,below reported 0.1 conversion background; not numeric zero,0.1,3,NA,Metagenome,0.07911616266666667,1,expression_binary=1,true,10.1021/cb500244v,10.1021/cb500244v.s003,cb500244v_si_003.xlsx,Sheet1,847,E,E847
CR_37_Cow_Rumen,,lactose,NIMS,5,60,<0.1,below reported 0.1 conversion background; not numeric zero,0.1,3,NA,Metagenome,0.07911616266666667,1,expression_binary=1,true,10.1021/cb500244v,10.1021/cb500244v.s003,cb500244v_si_003.xlsx,Sheet1,847,F,F847
CR_37_Cow_Rumen,,xylobiose,NIMS,5,80,<0.1,below reported 0.1 conversion background; not numeric zero,0.1,3,NA,Metagenome,0.07911616266666667,1,expression_binary=1,true,10.1021/cb500244v,10.1021/cb500244v.s003,cb500244v_si_003.xlsx,Sheet1,848,D,D848
CR_37_Cow_Rumen,,cellobiose,NIMS,5,80,<0.1,below reported 0.1 conversion background; not numeric zero,0.1,3,NA,Metagenome,0.07911616266666667,1,expression_binary=1,true,10.1021/cb500244v,10.1021/cb500244v.s003,cb500244v_si_003.xlsx,Sheet1,848,E,E848
CR_37_Cow_Rumen,,lactose,NIMS,5,80,<0.1,below reported 0.1 conversion background; not numeric zero,0.1,3,NA,Metagenome,0.07911616266666667,1,expression_binary=1,true,10.1021/cb500244v,10.1021/cb500244v.s003,cb500244v_si_003.xlsx,Sheet1,848,F,F848
CR_37_Cow_Rumen,,xylobiose,NIMS,5,90,<0.1,below reported 0.1 conversion background; not numeric zero,0.1,3,NA,Metagenome,0.07911616266666667,1,expression_binary=1,true,10.1021/cb500244v,10.1021/cb500244v.s003,cb500244v_si_003.xlsx,Sheet1,849,D,D849
CR_37_Cow_Rumen,,cellobiose,NIMS,5,90,<0.1,below reported 0.1 conversion background; not numeric zero,0.1,3,NA,Metagenome,0.07911616266666667,1,expression_binary=1,true,10.1021/cb500244v,10.1021/cb500244v.s003,cb500244v_si_003.xlsx,Sheet1,849,E,E849
CR_37_Cow_Rumen,,lactose,NIMS,5,90,<0.1,below reported 0.1 conversion background; not numeric zero,0.1,3,NA,Metagenome,0.07911616266666667,1,expression_binary=1,true,10.1021/cb500244v,10.1021/cb500244v.s003,cb500244v_si_003.xlsx,Sheet1,849,F,F849
CR_37_Cow_Rumen,,xylobiose,NIMS,8,40,<0.1,below reported 0.1 conversion background; not numeric zero,0.1,3,NA,Metagenome,0.07911616266666667,1,expression_binary=1,true,10.1021/cb500244v,10.1021/cb500244v.s003,cb500244v_si_003.xlsx,Sheet1,850,D,D850
CR_37_Cow_Rumen,,cellobiose,NIMS,8,40,<0.1,below reported 0.1 conversion background; not numeric zero,0.1,3,NA,Metagenome,0.07911616266666667,1,expression_binary=1,true,10.1021/cb500244v,10.1021/cb500244v.s003,cb500244v_si_003.xlsx,Sheet1,850,E,E850
CR_37_Cow_Rumen,,lactose,NIMS,8,40,<0.1,below reported 0.1 conversion background; not numeric zero,0.1,3,NA,Metagenome,0.07911616266666667,1,expression_binary=1,true,10.1021/cb500244v,10.1021/cb500244v.s003,cb500244v_si_003.xlsx,Sheet1,850,F,F850
CR_37_Cow_Rumen,,xylobiose,NIMS,8,60,<0.1,below reported 0.1 conversion background; not numeric zero,0.1,3,NA,Metagenome,0.07911616266666667,1,expression_binary=1,true,10.1021/cb500244v,10.1021/cb500244v.s003,cb500244v_si_003.xlsx,Sheet1,851,D,D851
CR_37_Cow_Rumen,,cellobiose,NIMS,8,60,<0.1,below reported 0.1 conversion background; not numeric zero,0.1,3,NA,Metagenome,0.07911616266666667,1,expression_binary=1,true,10.1021/cb500244v,10.1021/cb500244v.s003,cb500244v_si_003.xlsx,Sheet1,851,E,E851
CR_37_Cow_Rumen,,lactose,NIMS,8,60,<0.1,below reported 0.1 conversion background; not numeric zero,0.1,3,NA,Metagenome,0.07911616266666667,1,expression_binary=1,true,10.1021/cb500244v,10.1021/cb500244v.s003,cb500244v_si_003.xlsx,Sheet1,851,F,F851
CR_37_Cow_Rumen,,xylobiose,NIMS,8,80,<0.1,below reported 0.1 conversion background; not numeric zero,0.1,3,NA,Metagenome,0.07911616266666667,1,expression_binary=1,true,10.1021/cb500244v,10.1021/cb500244v.s003,cb500244v_si_003.xlsx,Sheet1,852,D,D852
CR_37_Cow_Rumen,,cellobiose,NIMS,8,80,<0.1,below reported 0.1 conversion background; not numeric zero,0.1,3,NA,Metagenome,0.07911616266666667,1,expression_binary=1,true,10.1021/cb500244v,10.1021/cb500244v.s003,cb500244v_si_003.xlsx,Sheet1,852,E,E852
CR_37_Cow_Rumen,,lactose,NIMS,8,80,<0.1,below reported 0.1 conversion background; not numeric zero,0.1,3,NA,Metagenome,0.07911616266666667,1,expression_binary=1,true,10.1021/cb500244v,10.1021/cb500244v.s003,cb500244v_si_003.xlsx,Sheet1,852,F,F852
CR_37_Cow_Rumen,,xylobiose,NIMS,8,90,<0.1,below reported 0.1 conversion background; not numeric zero,0.1,3,NA,Metagenome,0.07911616266666667,1,expression_binary=1,true,10.1021/cb500244v,10.1021/cb500244v.s003,cb500244v_si_003.xlsx,Sheet1,853,D,D853
CR_37_Cow_Rumen,,cellobiose,NIMS,8,90,<0.1,below reported 0.1 conversion background; not numeric zero,0.1,3,NA,Metagenome,0.07911616266666667,1,expression_binary=1,true,10.1021/cb500244v,10.1021/cb500244v.s003,cb500244v_si_003.xlsx,Sheet1,853,E,E853
CR_37_Cow_Rumen,,lactose,NIMS,8,90,<0.1,below reported 0.1 conversion background; not numeric zero,0.1,3,NA,Metagenome,0.07911616266666667,1,expression_binary=1,true,10.1021/cb500244v,10.1021/cb500244v.s003,cb500244v_si_003.xlsx,Sheet1,853,F,F853
CR_5_Cow_Rumen,,xylobiose,NIMS,5,40,<0.1,below reported 0.1 conversion background; not numeric zero,0.1,3,NA,Metagenome,0.4775425226666667,1,expression_binary=1,true,10.1021/cb500244v,10.1021/cb500244v.s003,cb500244v_si_003.xlsx,Sheet1,854,D,D854
CR_5_Cow_Rumen,,cellobiose,NIMS,5,40,<0.1,below reported 0.1 conversion background; not numeric zero,0.1,3,NA,Metagenome,0.4775425226666667,1,expression_binary=1,true,10.1021/cb500244v,10.1021/cb500244v.s003,cb500244v_si_003.xlsx,Sheet1,854,E,E854
CR_5_Cow_Rumen,,lactose,NIMS,5,40,<0.1,below reported 0.1 conversion background; not numeric zero,0.1,3,NA,Metagenome,0.4775425226666667,1,expression_binary=1,true,10.1021/cb500244v,10.1021/cb500244v.s003,cb500244v_si_003.xlsx,Sheet1,854,F,F854
CR_5_Cow_Rumen,,xylobiose,NIMS,5,60,<0.1,below reported 0.1 conversion background; not numeric zero,0.1,3,NA,Metagenome,0.4775425226666667,1,expression_binary=1,true,10.1021/cb500244v,10.1021/cb500244v.s003,cb500244v_si_003.xlsx,Sheet1,855,D,D855
CR_5_Cow_Rumen,,cellobiose,NIMS,5,60,<0.1,below reported 0.1 conversion background; not numeric zero,0.1,3,NA,Metagenome,0.4775425226666667,1,expression_binary=1,true,10.1021/cb500244v,10.1021/cb500244v.s003,cb500244v_si_003.xlsx,Sheet1,855,E,E855
CR_5_Cow_Rumen,,lactose,NIMS,5,60,<0.1,below reported 0.1 conversion background; not numeric zero,0.1,3,NA,Metagenome,0.4775425226666667,1,expression_binary=1,true,10.1021/cb500244v,10.1021/cb500244v.s003,cb500244v_si_003.xlsx,Sheet1,855,F,F855
CR_5_Cow_Rumen,,xylobiose,NIMS,5,80,<0.1,below reported 0.1 conversion background; not numeric zero,0.1,3,NA,Metagenome,0.4775425226666667,1,expression_binary=1,true,10.1021/cb500244v,10.1021/cb500244v.s003,cb500244v_si_003.xlsx,Sheet1,856,D,D856
CR_5_Cow_Rumen,,cellobiose,NIMS,5,80,<0.1,below reported 0.1 conversion background; not numeric zero,0.1,3,NA,Metagenome,0.4775425226666667,1,expression_binary=1,true,10.1021/cb500244v,10.1021/cb500244v.s003,cb500244v_si_003.xlsx,Sheet1,856,E,E856
CR_5_Cow_Rumen,,lactose,NIMS,5,80,<0.1,below reported 0.1 conversion background; not numeric zero,0.1,3,NA,Metagenome,0.4775425226666667,1,expression_binary=1,true,10.1021/cb500244v,10.1021/cb500244v.s003,cb500244v_si_003.xlsx,Sheet1,856,F,F856
CR_5_Cow_Rumen,,xylobiose,NIMS,5,90,<0.1,below reported 0.1 conversion background; not numeric zero,0.1,3,NA,Metagenome,0.4775425226666667,1,expression_binary=1,true,10.1021/cb500244v,10.1021/cb500244v.s003,cb500244v_si_003.xlsx,Sheet1,857,D,D857
CR_5_Cow_Rumen,,cellobiose,NIMS,5,90,<0.1,below reported 0.1 conversion background; not numeric zero,0.1,3,NA,Metagenome,0.4775425226666667,1,expression_binary=1,true,10.1021/cb500244v,10.1021/cb500244v.s003,cb500244v_si_003.xlsx,Sheet1,857,E,E857
CR_5_Cow_Rumen,,lactose,NIMS,5,90,<0.1,below reported 0.1 conversion background; not numeric zero,0.1,3,NA,Metagenome,0.4775425226666667,1,expression_binary=1,true,10.1021/cb500244v,10.1021/cb500244v.s003,cb500244v_si_003.xlsx,Sheet1,857,F,F857
CR_5_Cow_Rumen,,xylobiose,NIMS,8,40,<0.1,below reported 0.1 conversion background; not numeric zero,0.1,3,NA,Metagenome,0.4775425226666667,1,expression_binary=1,true,10.1021/cb500244v,10.1021/cb500244v.s003,cb500244v_si_003.xlsx,Sheet1,858,D,D858
CR_5_Cow_Rumen,,cellobiose,NIMS,8,40,<0.1,below reported 0.1 conversion background; not numeric zero,0.1,3,NA,Metagenome,0.4775425226666667,1,expression_binary=1,true,10.1021/cb500244v,10.1021/cb500244v.s003,cb500244v_si_003.xlsx,Sheet1,858,E,E858
CR_5_Cow_Rumen,,lactose,NIMS,8,40,<0.1,below reported 0.1 conversion background; not numeric zero,0.1,3,NA,Metagenome,0.4775425226666667,1,expression_binary=1,true,10.1021/cb500244v,10.1021/cb500244v.s003,cb500244v_si_003.xlsx,Sheet1,858,F,F858
CR_5_Cow_Rumen,,xylobiose,NIMS,8,60,<0.1,below reported 0.1 conversion background; not numeric zero,0.1,3,NA,Metagenome,0.4775425226666667,1,expression_binary=1,true,10.1021/cb500244v,10.1021/cb500244v.s003,cb500244v_si_003.xlsx,Sheet1,859,D,D859
CR_5_Cow_Rumen,,cellobiose,NIMS,8,60,<0.1,below reported 0.1 conversion background; not numeric zero,0.1,3,NA,Metagenome,0.4775425226666667,1,expression_binary=1,true,10.1021/cb500244v,10.1021/cb500244v.s003,cb500244v_si_003.xlsx,Sheet1,859,E,E859
CR_5_Cow_Rumen,,lactose,NIMS,8,60,<0.1,below reported 0.1 conversion background; not numeric zero,0.1,3,NA,Metagenome,0.4775425226666667,1,expression_binary=1,true,10.1021/cb500244v,10.1021/cb500244v.s003,cb500244v_si_003.xlsx,Sheet1,859,F,F859
CR_5_Cow_Rumen,,xylobiose,NIMS,8,80,<0.1,below reported 0.1 conversion background; not numeric zero,0.1,3,NA,Metagenome,0.4775425226666667,1,expression_binary=1,true,10.1021/cb500244v,10.1021/cb500244v.s003,cb500244v_si_003.xlsx,Sheet1,860,D,D860
CR_5_Cow_Rumen,,cellobiose,NIMS,8,80,<0.1,below reported 0.1 conversion background; not numeric zero,0.1,3,NA,Metagenome,0.4775425226666667,1,expression_binary=1,true,10.1021/cb500244v,10.1021/cb500244v.s003,cb500244v_si_003.xlsx,Sheet1,860,E,E860
CR_5_Cow_Rumen,,lactose,NIMS,8,80,<0.1,below reported 0.1 conversion background; not numeric zero,0.1,3,NA,Metagenome,0.4775425226666667,1,expression_binary=1,true,10.1021/cb500244v,10.1021/cb500244v.s003,cb500244v_si_003.xlsx,Sheet1,860,F,F860
CR_5_Cow_Rumen,,xylobiose,NIMS,8,90,<0.1,below reported 0.1 conversion background; not numeric zero,0.1,3,NA,Metagenome,0.4775425226666667,1,expression_binary=1,true,10.1021/cb500244v,10.1021/cb500244v.s003,cb500244v_si_003.xlsx,Sheet1,861,D,D861
CR_5_Cow_Rumen,,cellobiose,NIMS,8,90,<0.1,below reported 0.1 conversion background; not numeric zero,0.1,3,NA,Metagenome,0.4775425226666667,1,expression_binary=1,true,10.1021/cb500244v,10.1021/cb500244v.s003,cb500244v_si_003.xlsx,Sheet1,861,E,E861
CR_5_Cow_Rumen,,lactose,NIMS,8,90,<0.1,below reported 0.1 conversion background; not numeric zero,0.1,3,NA,Metagenome,0.4775425226666667,1,expression_binary=1,true,10.1021/cb500244v,10.1021/cb500244v.s003,cb500244v_si_003.xlsx,Sheet1,861,F,F861
CR_9_Cow_Rumen,,xylobiose,NIMS,5,40,<0.1,below reported 0.1 conversion background; not numeric zero,0.1,3,NA,Metagenome,0.6340471946666668,1,expression_binary=1,true,10.1021/cb500244v,10.1021/cb500244v.s003,cb500244v_si_003.xlsx,Sheet1,862,D,D862
CR_9_Cow_Rumen,,cellobiose,NIMS,5,40,<0.1,below reported 0.1 conversion background; not numeric zero,0.1,3,NA,Metagenome,0.6340471946666668,1,expression_binary=1,true,10.1021/cb500244v,10.1021/cb500244v.s003,cb500244v_si_003.xlsx,Sheet1,862,E,E862
CR_9_Cow_Rumen,,lactose,NIMS,5,40,<0.1,below reported 0.1 conversion background; not numeric zero,0.1,3,NA,Metagenome,0.6340471946666668,1,expression_binary=1,true,10.1021/cb500244v,10.1021/cb500244v.s003,cb500244v_si_003.xlsx,Sheet1,862,F,F862
CR_9_Cow_Rumen,,xylobiose,NIMS,5,60,<0.1,below reported 0.1 conversion background; not numeric zero,0.1,3,NA,Metagenome,0.6340471946666668,1,expression_binary=1,true,10.1021/cb500244v,10.1021/cb500244v.s003,cb500244v_si_003.xlsx,Sheet1,863,D,D863
CR_9_Cow_Rumen,,cellobiose,NIMS,5,60,<0.1,below reported 0.1 conversion background; not numeric zero,0.1,3,NA,Metagenome,0.6340471946666668,1,expression_binary=1,true,10.1021/cb500244v,10.1021/cb500244v.s003,cb500244v_si_003.xlsx,Sheet1,863,E,E863
CR_9_Cow_Rumen,,lactose,NIMS,5,60,<0.1,below reported 0.1 conversion background; not numeric zero,0.1,3,NA,Metagenome,0.6340471946666668,1,expression_binary=1,true,10.1021/cb500244v,10.1021/cb500244v.s003,cb500244v_si_003.xlsx,Sheet1,863,F,F863
CR_9_Cow_Rumen,,xylobiose,NIMS,5,80,<0.1,below reported 0.1 conversion background; not numeric zero,0.1,3,NA,Metagenome,0.6340471946666668,1,expression_binary=1,true,10.1021/cb500244v,10.1021/cb500244v.s003,cb500244v_si_003.xlsx,Sheet1,864,D,D864
CR_9_Cow_Rumen,,cellobiose,NIMS,5,80,<0.1,below reported 0.1 conversion background; not numeric zero,0.1,3,NA,Metagenome,0.6340471946666668,1,expression_binary=1,true,10.1021/cb500244v,10.1021/cb500244v.s003,cb500244v_si_003.xlsx,Sheet1,864,E,E864
CR_9_Cow_Rumen,,lactose,NIMS,5,80,<0.1,below reported 0.1 conversion background; not numeric zero,0.1,3,NA,Metagenome,0.6340471946666668,1,expression_binary=1,true,10.1021/cb500244v,10.1021/cb500244v.s003,cb500244v_si_003.xlsx,Sheet1,864,F,F864
CR_9_Cow_Rumen,,xylobiose,NIMS,5,90,<0.1,below reported 0.1 conversion background; not numeric zero,0.1,3,NA,Metagenome,0.6340471946666668,1,expression_binary=1,true,10.1021/cb500244v,10.1021/cb500244v.s003,cb500244v_si_003.xlsx,Sheet1,865,D,D865
CR_9_Cow_Rumen,,cellobiose,NIMS,5,90,<0.1,below reported 0.1 conversion background; not numeric zero,0.1,3,NA,Metagenome,0.6340471946666668,1,expression_binary=1,true,10.1021/cb500244v,10.1021/cb500244v.s003,cb500244v_si_003.xlsx,Sheet1,865,E,E865
CR_9_Cow_Rumen,,lactose,NIMS,5,90,<0.1,below reported 0.1 conversion background; not numeric zero,0.1,3,NA,Metagenome,0.6340471946666668,1,expression_binary=1,true,10.1021/cb500244v,10.1021/cb500244v.s003,cb500244v_si_003.xlsx,Sheet1,865,F,F865
CR_9_Cow_Rumen,,xylobiose,NIMS,8,40,<0.1,below reported 0.1 conversion background; not numeric zero,0.1,3,NA,Metagenome,0.6340471946666668,1,expression_binary=1,true,10.1021/cb500244v,10.1021/cb500244v.s003,cb500244v_si_003.xlsx,Sheet1,866,D,D866
CR_9_Cow_Rumen,,cellobiose,NIMS,8,40,<0.1,below reported 0.1 conversion background; not numeric zero,0.1,3,NA,Metagenome,0.6340471946666668,1,expression_binary=1,true,10.1021/cb500244v,10.1021/cb500244v.s003,cb500244v_si_003.xlsx,Sheet1,866,E,E866
CR_9_Cow_Rumen,,lactose,NIMS,8,40,<0.1,below reported 0.1 conversion background; not numeric zero,0.1,3,NA,Metagenome,0.6340471946666668,1,expression_binary=1,true,10.1021/cb500244v,10.1021/cb500244v.s003,cb500244v_si_003.xlsx,Sheet1,866,F,F866
CR_9_Cow_Rumen,,xylobiose,NIMS,8,60,<0.1,below reported 0.1 conversion background; not numeric zero,0.1,3,NA,Metagenome,0.6340471946666668,1,expression_binary=1,true,10.1021/cb500244v,10.1021/cb500244v.s003,cb500244v_si_003.xlsx,Sheet1,867,D,D867
CR_9_Cow_Rumen,,cellobiose,NIMS,8,60,<0.1,below reported 0.1 conversion background; not numeric zero,0.1,3,NA,Metagenome,0.6340471946666668,1,expression_binary=1,true,10.1021/cb500244v,10.1021/cb500244v.s003,cb500244v_si_003.xlsx,Sheet1,867,E,E867
CR_9_Cow_Rumen,,lactose,NIMS,8,60,<0.1,below reported 0.1 conversion background; not numeric zero,0.1,3,NA,Metagenome,0.6340471946666668,1,expression_binary=1,true,10.1021/cb500244v,10.1021/cb500244v.s003,cb500244v_si_003.xlsx,Sheet1,867,F,F867
CR_9_Cow_Rumen,,xylobiose,NIMS,8,80,<0.1,below reported 0.1 conversion background; not numeric zero,0.1,3,NA,Metagenome,0.6340471946666668,1,expression_binary=1,true,10.1021/cb500244v,10.1021/cb500244v.s003,cb500244v_si_003.xlsx,Sheet1,868,D,D868
CR_9_Cow_Rumen,,cellobiose,NIMS,8,80,<0.1,below reported 0.1 conversion background; not numeric zero,0.1,3,NA,Metagenome,0.6340471946666668,1,expression_binary=1,true,10.1021/cb500244v,10.1021/cb500244v.s003,cb500244v_si_003.xlsx,Sheet1,868,E,E868
CR_9_Cow_Rumen,,lactose,NIMS,8,80,<0.1,below reported 0.1 conversion background; not numeric zero,0.1,3,NA,Metagenome,0.6340471946666668,1,expression_binary=1,true,10.1021/cb500244v,10.1021/cb500244v.s003,cb500244v_si_003.xlsx,Sheet1,868,F,F868
CR_9_Cow_Rumen,,xylobiose,NIMS,8,90,<0.1,below reported 0.1 conversion background; not numeric zero,0.1,3,NA,Metagenome,0.6340471946666668,1,expression_binary=1,true,10.1021/cb500244v,10.1021/cb500244v.s003,cb500244v_si_003.xlsx,Sheet1,869,D,D869
CR_9_Cow_Rumen,,cellobiose,NIMS,8,90,<0.1,below reported 0.1 conversion background; not numeric zero,0.1,3,NA,Metagenome,0.6340471946666668,1,expression_binary=1,true,10.1021/cb500244v,10.1021/cb500244v.s003,cb500244v_si_003.xlsx,Sheet1,869,E,E869
CR_9_Cow_Rumen,,lactose,NIMS,8,90,<0.1,below reported 0.1 conversion background; not numeric zero,0.1,3,NA,Metagenome,0.6340471946666668,1,expression_binary=1,true,10.1021/cb500244v,10.1021/cb500244v.s003,cb500244v_si_003.xlsx,Sheet1,869,F,F869
