source_row,canonical_smiles,uniprot_id,prepared_pactivity,stratum,selection_sha256,match_class,chembl_molecule_ids,exact_smiles_molecule_ids,structure_match_level,target_ids,activity_ids,standard_types,standard_relations,standard_values,standard_units,pchembl_values,assay_ids,assay_descriptions,document_ids,dois,exact_value_activity_ids,api_db_version,error,document_titles,journal_years,assay_target_ids,assay_formats
434,Fc1ccc(-c2[nH]c(-c3ccccc3)nc2-c2ccncc2)cc1,Q16539,6.812479279163538,gt_6,00125b9ecb1f572549f78493f873cc888f667bb2904135c0bd758be7a165df29,connectivity_level_pchembl_match_stereo_unresolved_unique_record,CHEMBL416169,,connectivity search only; stereochemical identity not independently verified,CHEMBL2094115;CHEMBL260;CHEMBL4106180;CHEMBL5465522;CHEMBL6066552;CHEMBL6066553;CHEMBL6177902,12155983 | 12155999 | 556060,IC50 | Ratio IC50,=,0.33 | 130.0 | 154.0,nM,6.81 | 6.89,CHEMBL2185573 | CHEMBL2185574 | CHEMBL732095,Binding affinity towards human Mitogen-activated protein kinase p38 expressed as IC50 | Inhibition of p38alpha MAPK | Ratio of SB203580 IC50 to compound IC50 for inhibition of p38alpha MAPK,CHEMBL1133966 | CHEMBL2176950,10.1016/s0960-894x(01)00498-x | 10.1021/jm300852w,12155999,ChEMBL_37,,A frozen analogue approach to aminopyridinylimidazoles leading to novel and promising p38 MAP kinase inhibitors. | Substituted imidazoles as glucagon receptor antagonists.,Bioorg Med Chem Lett 2001 | J Med Chem 2012,CHEMBL2094115 | CHEMBL260,protein format | single protein format
1661,CCS(=O)(=O)c1ccc2c(c1)C(=Cc1[nH]c3c(c1CCCN1CCN(CCO)CC1)CCCC3)C(=O)N2,P09619,5.045757490560675,le_6,002856c4531d0abbcf73604e7fbf8c84d4b485c5a85685fadc748968bba799dc,connectivity_level_pchembl_match_stereo_unresolved_unique_record,CHEMBL57143,,connectivity search only; stereochemical identity not independently verified,CHEMBL1913;CHEMBL2095189;CHEMBL2111440;CHEMBL4523729;CHEMBL4879531,735361,IC50,=,9000.0,nM,5.05,CHEMBL761277,Inhibitory activity against PDGFRbeta tyrosine kinase,CHEMBL1146690,10.1016/j.bmcl.2003.09.069,735361,ChEMBL_37,,Design and synthesis of aminopropyl tetrahydroindole-based indolin-2-ones as selective and potent inhibitors of Src and Yes tyrosine kinase.,Bioorg Med Chem Lett 2004,CHEMBL1913,single protein format
2672,Cc1c(Cc2ccccc2)c(=O)oc2cc(OC(=O)N(C)C)c(Cl)cc12,Q02750,4.999999999999999,le_6,003c59095ac44982c466f081981598aa560503eef2c290d3e826ba1fa3d76c87,connectivity_level_pchembl_match_stereo_unresolved_unique_record,CHEMBL80837,,connectivity search only; stereochemical identity not independently verified,CHEMBL2111289;CHEMBL2111351;CHEMBL3587;CHEMBL3885566;CHEMBL4523703;CHEMBL4523740;CHEMBL4523755;CHEMBL4742286,1660448 | 1662012,Activity | IC50,=,10000.0,nM,5.00,CHEMBL853292 | CHEMBL868750,Inhibition of ERK phosphorylation in THP1 cells | Inhibition of activated human MEK1 in MEK-ERK coupling assay,CHEMBL1141961,10.1016/j.bmcl.2005.08.097,1660448,ChEMBL_37,,Identification of coumarin derivatives as a novel class of allosteric MEK1 inhibitors.,Bioorg Med Chem Lett 2005,CHEMBL3587,cell-based format | single protein format
5742,COC(=O)CN1CCC(n2cc(-c3cccc(O)c3)c3c(N)ncnc32)C1,P12931,8.522878745280336,gt_6,000f3f9b6b1c2c0a0876ce440c473fc650171ba58b119e0deabf9def9a060875,connectivity_level_pchembl_match_stereo_unresolved_unique_record,CHEMBL355019,,connectivity search only; stereochemical identity not independently verified,CHEMBL2111336;CHEMBL2363074;CHEMBL267;CHEMBL3885535;CHEMBL4523733;CHEMBL4523978;CHEMBL4630728,451557,IC50,=,3.0,nM,8.52,CHEMBL822437,Inhibition of p60 c-Src tyrosine kinase enzyme activity in liquid-phase tyrosine phosphorylation assay at 830 ng/mL,CHEMBL1134003,10.1016/s0960-894x(01)00080-4,451557,ChEMBL_37,,"7-Pyrrolidinyl- and 7-piperidinyl-5-aryl-pyrrolo[2,3-d]pyrimidines--potent inhibitors of the tyrosine kinase c-Src.",Bioorg Med Chem Lett 2001,CHEMBL267,single protein format
7684,CONC(=O)c1cc(Nc2ncnn3cc(-c4nnc(C(F)F)o4)c(C(C)C)c23)c(F)cc1F,P24941,4.301029995663981,le_6,0017e4035d47494aeaa227a65b65ff93c5aeea69b7c9d1e4eb59b39cbf59e19f,pair_activity_found_no_exact_pchembl_match,CHEMBL194498,,connectivity search only; stereochemical identity not independently verified,CHEMBL1907605;CHEMBL2094126;CHEMBL2094128;CHEMBL2111326;CHEMBL301;CHEMBL3038469;CHEMBL3038470;CHEMBL3038517;CHEMBL3559691;CHEMBL3885552;CHEMBL4106152;CHEMBL4106153;CHEMBL4523633;CHEMBL4523634;CHEMBL4523689;CHEMBL4888444;CHEMBL4888454;CHEMBL6066123;CHEMBL6193781;CHEMBL6195578;CHEMBL6195580,1512659,IC50,>,50000.0,nM,,CHEMBL828533,Inhibition of human cyclin-dependent kinase 2,CHEMBL1144449,10.1021/jm0501275,,ChEMBL_37,,"Design, synthesis, and evaluation of orally active 4-(2,4-difluoro-5-(methoxycarbamoyl)phenylamino)pyrrolo[2,1-f][1,2,4]triazines as dual vascular endothelial growth factor receptor-2 and fibroblast growth factor receptor-1 inhibitors.",J Med Chem 2005,CHEMBL301,single protein format
9298,N#Cc1cccc(CC(N)COc2cncc(C=Cc3ccncc3)c2)c1,P31749,6.494850021680094,gt_6,000557787e1fa6bfef16949a0a77605a69299cbeccdb1030a319fb4bf94d8d66,pair_activity_found_no_exact_pchembl_match,CHEMBL205410,,connectivity search only; stereochemical identity not independently verified,CHEMBL2111353;CHEMBL3038463;CHEMBL3885629;CHEMBL4106175;CHEMBL4282;CHEMBL4523748;CHEMBL5169068;CHEMBL5169081;CHEMBL6177912;CHEMBL6177913,1697160 | 2915167,IC50,=,320.0,nM,6.50,CHEMBL1049250 | CHEMBL867719,Inhibition of Akt | Inhibition of Akt1 using 10 uM ATP,CHEMBL1146058 | CHEMBL1154070,10.1016/j.bmcl.2005.12.017 | 10.1016/j.ejmech.2009.04.050,,ChEMBL_37,,"Discovery of trans-3,4'-bispyridinylethylenes as potent and novel inhibitors of protein kinase B (PKB/Akt) for the treatment of cancer: Synthesis and biological evaluation. | QSAR study of Akt/protein kinase B (PKB) inhibitors using support vector machine.",Bioorg Med Chem Lett 2006 | Eur J Med Chem 2009,CHEMBL4282,single protein format
9813,COCC(C(N)=O)N(C)Cc1cc2c(Nc3cccc(Cl)c3F)ncnc2cc1OC,P00533,7.489330546545115,gt_6,0002edcba6b17e36d26274a57b1030a413a5d6211486011753879fd64e3b4a9b,pair_activity_found_no_exact_pchembl_match,CHEMBL379905,,connectivity search only; stereochemical identity not independently verified,CHEMBL203;CHEMBL2111431;CHEMBL2363049;CHEMBL3137284;CHEMBL4523680;CHEMBL4523747;CHEMBL4523998;CHEMBL4802031;CHEMBL5465557;CHEMBL6066839;CHEMBL6066845;CHEMBL6193792;CHEMBL6193830;CHEMBL6193837;CHEMBL6193841;CHEMBL6195769,1715564 | 1715599,IC50,=,30.0 | 35.0,nM,7.46 | 7.52,CHEMBL853149 | CHEMBL853150,Antiproliferative activity against EGF-stimulated human KB cell line | Inhibition of EGFR in presence of 2 uM ATP,CHEMBL1147701,10.1016/j.bmcl.2006.02.025,,ChEMBL_37,,"Novel 4-anilinoquinazolines with C-6 carbon-linked side chains: synthesis and structure-activity relationship of a series of potent, orally active, EGF receptor tyrosine kinase inhibitors.",Bioorg Med Chem Lett 2006,CHEMBL203,cell-based format | single protein format
10377,CCCCn1c(NC(=O)c2cccc([N+](=O)[O-])c2)nc2ccccc21,Q9NWZ3,5.698970004336019,le_6,001df977010058db858b0a8d12d8aa704c4343b428927b6e4d04b4acb2877366,connectivity_level_pchembl_match_stereo_unresolved_unique_record,CHEMBL209716,,connectivity search only; stereochemical identity not independently verified,CHEMBL3778;CHEMBL4523710;CHEMBL4523723;CHEMBL4523742,1724384,IC50,=,2000.0,nM,5.70,CHEMBL870864,Inhibition of IRAK4,CHEMBL1147720,10.1016/j.bmcl.2006.03.020,1724384,ChEMBL_37,,Discovery and initial SAR of inhibitors of interleukin-1 receptor-associated kinase-4.,Bioorg Med Chem Lett 2006,CHEMBL3778,single protein format
11666,CN1CCN(c2ccc(C(=O)Nc3n[nH]c4c3CN(C(=O)C(F)c3ccccc3)C4)cc2)CC1,O14965,8.045757490560671,gt_6,000eda3e4bc80560a4707f2911324d6533080c856e5fe09bf1e7be736081021d,connectivity_level_pchembl_match_stereo_unresolved_multiple_records,CHEMBL385266,,connectivity search only; stereochemical identity not independently verified,CHEMBL3430911;CHEMBL3883303;CHEMBL3883304;CHEMBL4722;CHEMBL4748216;CHEMBL5465201,1781953 | 2526290,IC50,=,9.0,nM,8.05,CHEMBL911831 | CHEMBL993738,Inhibition of Aurora A kinase | Inhibition of aurora A kinase,CHEMBL1137365 | CHEMBL1154007,10.1021/jm060897w | 10.1021/jm8012129,1781953;2526290,ChEMBL_37,,"1,4,5,6-tetrahydropyrrolo[3,4-c]pyrazoles: identification of a potent Aurora kinase inhibitor with a favorable antitumor kinase inhibition profile. | Discovery and development of aurora kinase inhibitors as anticancer agents.",J Med Chem 2006 | J Med Chem 2009,CHEMBL4722,single protein format
12714,O=c1cc(-c2ccccc2C(F)(F)F)oc(N2CCOCC2)c1,P78527,5.200659450546419,le_6,00012629736610bdb2035902a5f56b144e197f860f30210530e53fe790590e42,connectivity_level_pchembl_match_stereo_unresolved_unique_record,CHEMBL223610,,connectivity search only; stereochemical identity not independently verified,CHEMBL3142;CHEMBL4106136,1832470,IC50,=,6300.0,nM,5.20,CHEMBL916755,Inhibition of DNA-PK in HeLa cell nuclear extracts,CHEMBL1143005,10.1021/jm061121y,1832470,ChEMBL_37,,"Pyranone, thiopyranone, and pyridone inhibitors of phosphatidylinositol 3-kinase related kinases. Structure-activity relationships for DNA-dependent protein kinase inhibition, and identification of the first potent and selective inhibitor of the ataxia telangiectasia mutated kinase.",J Med Chem 2007,CHEMBL3142,cell-based format
12772,COCCNC(=O)c1ccc(C)c(Nc2nc(NC3CCNC3)nc(N(C)CC(C)(C)C)n2)c1,Q16539,6.57839607313017,gt_6,0005e8454903fabbc345ee7f18fd9f19e41f0385fe39eb4e23832e1e95a53914,connectivity_level_pchembl_match_stereo_unresolved_unique_record,CHEMBL221358,,connectivity search only; stereochemical identity not independently verified,CHEMBL2094115;CHEMBL260;CHEMBL4106180;CHEMBL5465522;CHEMBL6066552;CHEMBL6066553;CHEMBL6177902,1838271,IC50,=,264.0,nM,6.58,CHEMBL904269,Inhibition of human p38-alpha expressed in Escherichia coli,CHEMBL1149254,10.1021/jm049521d,1838271,ChEMBL_37,,The discovery of orally active triaminotriazine aniline amides as inhibitors of p38 MAP kinase.,J Med Chem 2004,CHEMBL260,assay format
15471,Cc1cncc(Cn2ncc3cc(Nc4ncnn5ccc(CN6CCC(N)CC6)c45)ccc32)c1,P04626,7.886056647693164,gt_6,0005a24d76e0975f0f0c4beaa8d5881eddd9bc4dd6ea76a86d54ee67d18193f9,connectivity_level_pchembl_match_stereo_unresolved_unique_record,CHEMBL248114,,connectivity search only; stereochemical identity not independently verified,CHEMBL1824;CHEMBL2111431;CHEMBL2363049;CHEMBL4106134;CHEMBL4630723;CHEMBL5465227,2038879,IC50,=,13.0,nM,7.89,CHEMBL923200,Inhibition of human recombinant HER2 expressed in insect Sf9 cells,CHEMBL1140690,10.1016/j.bmcl.2007.06.019,2038879,ChEMBL_37,,5-((4-Aminopiperidin-1-yl)methyl)pyrrolotriazine dual inhibitors of EGFR and HER2 protein tyrosine kinases.,Bioorg Med Chem Lett 2007,CHEMBL1824,cell-based format
19186,COc1cc(N2CCC(N3CCN(C)CC3)CC2)ccc1Nc1ncc(Cl)c(Nc2ccccc2S(=O)(=O)C(C)C)n1,P43403,5.796423225022028,le_6,000a125582eb87f9753a9f6d9e40adfde6c181fb3103a48e02a00b70ae6ac63e,connectivity_level_pchembl_match_stereo_unresolved_multiple_records,CHEMBL509032,,connectivity search only; stereochemical identity not independently verified,CHEMBL2803,10840412 | 10840437 | 2198016 | 7574449,Activity | IC50 | Kd,=,113.0 | 129.0 | 1598.0 | 1600.0,% | nM,5.80,CHEMBL1006346 | CHEMBL1908441 | CHEMBL2014718 | CHEMBL2015827,Binding constant for ZAP70 kinase domain | Inhibition of Tel-fused ZAP70 kinase-mediated mouse BaF3 cell proliferation | Inhibition of ZAP70 assessed as residual activity at 1 uM relative to control | Inhibition of ZAP70 assessed as residual activity at 10 uM relative to control,CHEMBL1156430 | CHEMBL1908390 | CHEMBL2010643,10.1016/j.bmcl.2012.01.084 | 10.1038/nbt.1990 | 10.1073/pnas.0609412103,2198016;7574449,ChEMBL_37,,"Characterization of TAE684 as a potent LRRK2 kinase inhibitor. | Comprehensive analysis of kinase inhibitor selectivity. | Identification of NVP-TAE684, a potent, selective, and efficacious inhibitor of NPM-ALK.",Bioorg Med Chem Lett 2012 | Nat Biotechnol 2011 | Proc Natl Acad Sci U S A 2007,CHEMBL2803,single protein format
19620,CCC(CO)Nc1nc(NCc2ccc(-c3ccccn3)cc2)c2ncn(C(C)C)c2n1,Q00535,6.647817481888638,gt_6,0006ef2f04053472ef422b75b7411ab6f74eb3e7d1ec20b660e939d039241710,connectivity_level_pchembl_match_stereo_unresolved_multiple_records,CHEMBL1615221;CHEMBL4778945;CHEMBL518800,,connectivity search only; stereochemical identity not independently verified,CHEMBL1907600;CHEMBL3559691;CHEMBL3885549;CHEMBL4036;CHEMBL4523701;CHEMBL5483185;CHEMBL6066140,16508010 | 19176680,IC50,=,225.0,nM,6.65,CHEMBL3777412 | CHEMBL4386149,Inhibition of CDK5 (unknown origin) using histone H1 as substrate in presence of [gamma33P]-ATP | Inhibition of recombinant human full-length N-terminal GST-His6 fused CDK5 (M1 to P292 residues)/N-terminal His6-tagged p25 (A104 to R307 residues) expressed in baculovirus infected Sf9 insect cells using histone H1 as substrate measured in presence of [gamma-33P]ATP,CHEMBL3774312 | CHEMBL4385606,10.1016/j.ejmech.2016.01.011 | 10.1021/acs.jmedchem.9b00189,16508010;19176680,ChEMBL_37,,"3,5,7-Substituted Pyrazolo[4,3- d]pyrimidine Inhibitors of Cyclin-Dependent Kinases and Their Evaluation in Lymphoma Models. | 5-Substituted 3-isopropyl-7-[4-(2-pyridyl)benzyl]amino-1(2)H-pyrazolo[4,3-d]pyrimidines with anti-proliferative activity as potent and selective inhibitors of cyclin-dependent kinases.",Eur J Med Chem 2016 | J Med Chem 2019,CHEMBL1907600 | CHEMBL4036,cell-based format | single protein format
24754,O=C(Nc1cccc(C(F)(F)F)c1)c1nscc1NCc1ccc(F)c(F)c1,P17948,4.999999999999999,le_6,00096ba23c64c2620fc2962814a74765aa6061488ef6491fb2cab9d1582db5f3,pair_activity_found_no_exact_pchembl_match,CHEMBL518204,,connectivity search only; stereochemical identity not independently verified,CHEMBL1868;CHEMBL2095227;CHEMBL2111480;CHEMBL5482996,2602419,IC50,>,10000.0,nM,,CHEMBL1034023,Inhibition of VEGFR1 assessed as blockade of pGAT-biotin phosphorylation in presence of 2 uM ATP by HTRF assay,CHEMBL1136839,10.1016/j.bmcl.2008.12.078,,ChEMBL_37,,"3,4-Disubstituted isothiazoles: novel potent inhibitors of VEGF receptors 1 and 2.",Bioorg Med Chem Lett 2009,CHEMBL1868,single protein format
25894,CN1CCN(c2ccc(-c3cnc4ccn(S(=O)(=O)c5cccc6nonc56)c4c3)cn2)CC1,P08581,6.842154884048157,gt_6,00007727f1b71ab0e00e6800c69b7e855d6d6bc24de51de083db3c1db300c0f9,pair_activity_found_no_exact_pchembl_match,CHEMBL551458,,connectivity search only; stereochemical identity not independently verified,CHEMBL3717;CHEMBL6195521;CHEMBL6195562,2682410 | 2682430 | 2682444 | 6345888,IC50,=,1310.0 | 15.0 | 820.0,nM,5.88 | 6.09 | 7.82,CHEMBL1053155 | CHEMBL1062250 | CHEMBL1062252 | CHEMBL1826790,Inhibition of c-Met phosphorylation in human A549 cells after 1 hr | Inhibition of c-Met phosphorylation in human MKN45 cells after 1 hr | Inhibition of human c-MET | Inhibition of human recombinant His-tagged c-Met by TR-FRET assay,CHEMBL1152913 | CHEMBL1821609,10.1016/j.bmcl.2009.03.110 | 10.1016/j.ejmech.2011.05.031,,ChEMBL_37,,Combined SVM-based and docking-based virtual screening for retrieving novel inhibitors of c-Met. | Discovery of 4-azaindoles as novel inhibitors of c-Met kinase.,Bioorg Med Chem Lett 2009 | Eur J Med Chem 2011,CHEMBL3717,cell-based format | single protein format
25912,Nc1ncnc2c1c(-c1cccc(OCc3ccccc3)c1)cn2C1CC(N2CCC2)C1,P10721,5.301029995663982,le_6,00300974fc317345a0b9f1bc8a9b293e2a1e603e1d61016b3141c60ca27c4f6b,pair_activity_found_no_exact_pchembl_match,CHEMBL551064,,connectivity search only; stereochemical identity not independently verified,CHEMBL1936;CHEMBL2111428;CHEMBL4523731;CHEMBL4630731,2709820,IC50,>,5000.0,nM,,CHEMBL1058964,Inhibition of c-KIT,CHEMBL1152979,10.1021/jm9002395,,ChEMBL_37,,Inhibition of the insulin-like growth factor-1 receptor (IGF1R) tyrosine kinase as a novel cancer therapy approach.,J Med Chem 2009,CHEMBL1936,single protein format
27050,CCCc1cc(N2CCC(O)CC2)nc2sc(C(N)=O)c(N)c12,P22607,5.154901959985744,le_6,002c788a1760012c1a8a30613531fb924f864020cb954bb96b584a5370170dba,pair_activity_found_no_exact_pchembl_match,CHEMBL576887,,connectivity search only; stereochemical identity not independently verified,CHEMBL2095217;CHEMBL2742;CHEMBL5291680,3006320,IC50,>,7000.0,nM,,CHEMBL1038370,Inhibition of FGFR3,CHEMBL1156029,10.1016/j.bmcl.2009.08.054,,ChEMBL_37,,The discovery of thienopyridine analogues as potent IkappaB kinase beta inhibitors. Part II.,Bioorg Med Chem Lett 2009,CHEMBL2742,single protein format
28198,COc1cc2c(Nc3ccc(-c4nc5cc(Cl)ccc5s4)cc3)ncnc2cc1OCCCN1CCN(C)CC1,P00533,4.999999999999999,le_6,0000aff00812884d2f3eb1c8f326d628efb87efdfe1d72718fde8599fdf6ef66,pair_activity_found_no_exact_pchembl_match,CHEMBL596292,,connectivity search only; stereochemical identity not independently verified,CHEMBL203;CHEMBL2111431;CHEMBL2363049;CHEMBL3137284;CHEMBL4523680;CHEMBL4523747;CHEMBL4523998;CHEMBL4802031;CHEMBL5465557;CHEMBL6066839;CHEMBL6066845;CHEMBL6193792;CHEMBL6193830;CHEMBL6193837;CHEMBL6193841;CHEMBL6195769,3059796 | 3072657,EC50 | IC50,>,10000.0,nM,,CHEMBL1073378 | CHEMBL1073385,Inhibition of EGFR in human HCT116 cells by cellular phosphorylation assay | Inhibition of wild type EGF-R by microplate scintillation counting,CHEMBL1152560,10.1016/j.bmc.2009.07.047,,ChEMBL_37,,Substituted 2-arylbenzothiazoles as kinase inhibitors: hit-to-lead optimization.,Bioorg Med Chem 2009,CHEMBL203,cell-based format | single protein format
29313,CN1CCCN(c2nc(-c3ccncc3)cnc2N2CCOCC2)CC1,Q13464,4.1674910872937625,le_6,00459d27f3dc84afb15bbd36f6fcfa86fd136d5d11ff516d4d74ef1c9f4089f9,connectivity_level_pchembl_match_stereo_unresolved_unique_record,CHEMBL591754,,connectivity search only; stereochemical identity not independently verified,CHEMBL2111459;CHEMBL3231,3091885,IC50,=,68000.0,nM,4.17,CHEMBL1074822,Inhibition of human recombinant ROCK1,CHEMBL1157736,10.1016/j.bmcl.2009.12.012,3091885,ChEMBL_37,,"2,3-Diaminopyrazines as Rho kinase inhibitors.",Bioorg Med Chem Lett 2010,CHEMBL3231,single protein format
30299,Cc1ccc(NC(=O)c2cc(Cl)cc(Cl)c2)cc1Nc1nc2ccccc2n1-c1cc(N)ncn1,P35968,5.196201592010325,le_6,0030ca2efd731e43e960cd7606d0984fcc753ee8de53776a7c9fc448ff792a26,connectivity_level_pchembl_match_stereo_unresolved_unique_record,CHEMBL1079946,,connectivity search only; stereochemical identity not independently verified,CHEMBL2095227;CHEMBL2111336;CHEMBL2111375;CHEMBL2111409;CHEMBL2111428;CHEMBL2111434;CHEMBL2111439;CHEMBL2111440;CHEMBL2111480;CHEMBL279;CHEMBL4630759;CHEMBL5291691;CHEMBL5482997,3227175,IC50,=,6365.0,nM,5.20,CHEMBL1113981,Inhibition of Tel-fused KDR expressed in mouse BAF3 cells,CHEMBL1154389,10.1016/j.bmcl.2009.09.123,3227175,ChEMBL_37,,Discovery of pyrimidine benzimidazoles as Src-family selective Lck inhibitors. Part II.,Bioorg Med Chem Lett 2009,CHEMBL279,cell-based format
34054,CC(C)(C)c1cc(NC(=O)Nc2ccccc2)n(-c2cccc(CNC(=O)CCC(=O)O)c2)n1,Q16539,6.899650889749678,gt_6,0001e28387fc8cb0ae0aec773816594a2ed85ef74a46442f7c7dce6b0cde36b6,pair_activity_found_no_exact_pchembl_match,CHEMBL1209566,,connectivity search only; stereochemical identity not independently verified,CHEMBL2094115;CHEMBL260;CHEMBL4106180;CHEMBL5465522;CHEMBL6066552;CHEMBL6066553;CHEMBL6177902,3383059 | 3383086,IC50,=,37.0 | 393.0,nM,6.41 | 7.43,CHEMBL1211971 | CHEMBL1211972,Inhibition of active p38alpha | Inhibition of unactive p38alpha,CHEMBL1208762,10.1016/j.bmcl.2010.06.073,,ChEMBL_37,,Enhanced selectivity profile of pyrazole-urea based DFG-out p38alpha inhibitors.,Bioorg Med Chem Lett 2010,CHEMBL260,single protein format
34516,O=C(NC1CCN(Cc2ccccc2)C1)c1ccc(-c2cnc3ccc(NCc4ccc(Cl)c(Cl)c4)nn23)cc1,O14920,4.522878745280338,le_6,003c74e1f1d4ae4eda8ea6e8278356b8fcf516ca0dc639754aba49fb3def8a09,pair_activity_found_no_exact_pchembl_match,CHEMBL1222705,,connectivity search only; stereochemical identity not independently verified,CHEMBL1991;CHEMBL2111328;CHEMBL3883298;CHEMBL4523969,3410466,IC50,>,30000.0,nM,,CHEMBL1228242,Inhibition of purified His-tagged IKK-beta after 15 mins,CHEMBL1221302,10.1016/j.bmcl.2010.07.026,,ChEMBL_37,,"Discovery of imidazo[1,2-b]pyridazine derivatives as IKKbeta inhibitors. Part 1: Hit-to-lead study and structure-activity relationship.",Bioorg Med Chem Lett 2010,CHEMBL1991,single protein format
34889,COc1ncc(-c2ccc3nccc(-c4ccnnc4)c3c2)cc1NS(=O)(=O)c1ccc(F)cc1F,P42338,9.07967319023845,gt_6,0016ab680afff70b68a9844f9cde5fc924863856855c538ca6648b892d972510,pair_activity_found_no_exact_pchembl_match,CHEMBL1236962,,connectivity search only; stereochemical identity not independently verified,CHEMBL3038510;CHEMBL3145;CHEMBL3559703;CHEMBL3885615;CHEMBL6193791;CHEMBL6195502,16468912 | 16790980 | 22392398 | 22926323 | 23198377 | 24953810 | 24954277 | 25556710 | 25937314 | 26224995 | 26228536 | 26332548 | 26332588 | 26332596 | 29217341,EC50 | IC50 | Ki,=,0.02 | 0.13 | 0.19 | 0.41 | 0.52 | 0.53 | 1.0 | 1.2 | 1.34 | 1.64,nM,10.70 | 8.79 | 8.87 | 8.92 | 9.00 | 9.28 | 9.39 | 9.72 | 9.89,CHEMBL3768549 | CHEMBL3867035 | CHEMBL4667357 | CHEMBL4737604 | CHEMBL4820290 | CHEMBL5209976 | CHEMBL5210395 | CHEMBL5347394 | CHEMBL5533397 | CHEMBL5654101 | CHEMBL5657146 | CHEMBL5720953 | CHEMBL5720978 | CHEMBL5720979 | CHEMBL6124349,Affinity Biochemical interaction (HTRF-based inhibition assay) EUB0000691a PIK3CB | Affinity Phenotypic Cellular interaction (Inhibition of pAKT-S473 in T47D  breast cancer lines) EUB0000691a PIK3CB | Binding affinity to p110 beta (unknown origin) assessed as inhibition constant in presence of ATP by TR-FRET assay | Inhibition of P13Kbeta (unknown origin) assessed as inhibition constant | Inhibition of PI3K beta (unknown origin) by PIP3 production detection based fluorescence assay | Inhibition of PI3K-beta (unknown origin) after 40 mins by ADP-Glo luminescent kinase assay | Inhibition of PI3Kbeta (unknown origin) | Inhibition of PI3Kbeta (unknown origin) using PIP2 as substrate after 1 hr in presence of ATP by ADP-glo based luminescence assay | Inhibition of PI3Kbeta (unknown origin) using PIP2 as substrate measured after 1 hr by ADP-glo assay | Inhibition of PI3Kbeta (unknown origin) using PIP2 as substrate measured after 1 hr in presence of ATP by ADP-glo luminescence assay | Inhibition of PI3Kbeta (unknown origin) using lipid as substrate incubated for 15 mins followed by substrate addition and measured after 60 mins ADPGloTM reagent based assay | Inhibition of human PI3Kbeta assessed as reduction in PIP3 product complex formation | Inhibition of human PI3Kbeta assessed as reduction in PIP3 product complex formation measured after 30 mins in presence of ATP by quantitative PI3P ELISA assay | Inhibition of human p110beta/p85alpha using PIP2 as substrate in presence of ATP measured by HTRF assay | Inhibition of p110 beta (unknown origin),CHEMBL3763019 | CHEMBL3865829 | CHEMBL4665651 | CHEMBL4732196 | CHEMBL4819017 | CHEMBL5209897 | CHEMBL5210307 | CHEMBL5346869 | CHEMBL5532641 | CHEMBL5653604 | CHEMBL5653618 | CHEMBL5715955 | CHEMBL6121003,10.1016/j.bmc.2016.01.008 | 10.1016/j.bmc.2019.04.024 | 10.1016/j.ejmech.2016.06.030 | 10.1016/j.ejmech.2020.113109 | 10.1016/j.ejmech.2021.113249 | 10.1016/j.ejmech.2022.114971 | 10.1016/j.ejmech.2023.115781 | 10.1016/j.ejmech.2024.117200 | 10.1021/acs.biochem.7b00413 | 10.1021/ml900028r | 10.1038/aps.2010.150 | 10.6019/CHEMBL5209897 | 10.6019/CHEMBL5210307,,ChEMBL_37,,"Affinity Biochemical Literature for EUbOPEN Chemogenomics Library wave 3 | Affinity Phenotypic Cellular Literature for EUbOPEN Chemogenomics Library wave 3 | Design, synthesis, and biological evaluation of some novel 4-aminoquinazolines as Pan-PI3K inhibitors. | Design, synthesis, and pharmacological evaluation of triazine-based PI3K/mTOR inhibitors for the potential treatment of non-small cell lung cancer. | Discovery of GSK2126458, a Highly Potent Inhibitor of PI3K and the Mammalian Target of Rapamycin. | Discovery of benzenesulfonamide derivatives as potent PI3K/mTOR dual inhibitors with in vivo efficacies against hepatocellular carcinoma. | Inhibition of Human Class I vs Class III Phosphatidylinositol 3'-Kinases. | MNK, mTOR or eIF4E-selecting the best anti-tumor target for blocking translation initiation. | Omipalisib inspired macrocycles as dual PI3K/mTOR inhibitors. | Recent advances in PI3K/PKB/mTOR inhibitors as new anticancer agents. | Structural optimization towards promising β-methyl-4-acrylamido quinoline derivatives as PI3K/mTOR dual inhibitors for anti-cancer therapy: The in vitro and in vivo biological evaluation. | Structure-based optimization leads to the discovery of NSC765844, a highly potent, less toxic and orally efficacious dual PI3K/mTOR inhibitor. | ZSTK474, a novel phosphatidylinositol 3-kinase inhibitor identified using the JFCR39 drug discovery system.",2023 | ACS Med Chem Lett 2010 | Acta Pharmacol Sin 2010 | Biochemistry 2017 | Bioorg Med Chem 2016 | Bioorg Med Chem 2019 | Eur J Med Chem 2016 | Eur J Med Chem 2021 | Eur J Med Chem 2023 | Eur J Med Chem 2025,CHEMBL3038510 | CHEMBL3145,protein complex format | single protein format
40079,CC(C)(C)c1ccc(C(=O)Nc2cn3cc(-n4ccnc4)ccc3n2)cc1,Q13233,4.999999999999999,le_6,000347889e8b813d0c2e8d1d0557d9d9e85550bab5990eeb12b8dab294ae69ff,pair_activity_found_no_exact_pchembl_match,CHEMBL1642655;CHEMBL2205637;CHEMBL4778541,,connectivity search only; stereochemical identity not independently verified,CHEMBL3956,12194110 | 25783219,IC50,>,10000.0,nM,,CHEMBL2214713 | CHEMBL5468238,"Inhibition of MEKK1 | Selectivity interaction (Kinase panel (Invitrogen, enzymatic assay)) EUB0000623aCl MAP3K1",CHEMBL2203246 | CHEMBL5465560,10.1016/j.bmcl.2012.10.084 | 10.6019/CHEMBL5465560,,ChEMBL_37,,"Design and biological evaluation of imidazo[1,2-a]pyridines as novel and potent ASK1 inhibitors. | Selectivity Literature for EUbOPEN Chemogenomic Library",2024 | Bioorg Med Chem Lett 2012,CHEMBL3956,single protein format
41596,Cc1ccc(C(=O)NCCO)cc1-n1cnc(OCc2ccc(F)cc2F)c(Cl)c1=O,P00533,4.999999999999999,le_6,0015affd35ee47ab05cdf5b1330499c1dbc921f62b29b4854218e4e2b6be28d6,pair_activity_found_no_exact_pchembl_match,CHEMBL1738710,,connectivity search only; stereochemical identity not independently verified,CHEMBL203;CHEMBL2111431;CHEMBL2363049;CHEMBL3137284;CHEMBL4523680;CHEMBL4523747;CHEMBL4523998;CHEMBL4802031;CHEMBL5465557;CHEMBL6066839;CHEMBL6066845;CHEMBL6193792;CHEMBL6193830;CHEMBL6193837;CHEMBL6193841;CHEMBL6195769,6262760,IC50,>,10000.0,nM,,CHEMBL1798632,Inhibition of EGFR,CHEMBL1795201,10.1016/j.bmcl.2011.05.006,,ChEMBL_37,,"Substituted N-aryl-6-pyrimidinones: a new class of potent, selective, and orally active p38 MAP kinase inhibitors.",Bioorg Med Chem Lett 2011,CHEMBL203,single protein format
42277,CC(C)C1COCCN1c1cc(-c2ccc3c(N)n[nH]c3c2)nc(N)n1,Q13464,4.800000463770807,le_6,000cc18f5385fff859f7a7b009ed3b1b4640f73c24ed39e0039c80b1946b1893,connectivity_level_pchembl_match_stereo_unresolved_unique_record,CHEMBL1765729,,connectivity search only; stereochemical identity not independently verified,CHEMBL2111459;CHEMBL3231,6168479,IC50,=,15848.93,nM,4.80,CHEMBL1768782,Inhibition of ROCK1,CHEMBL1765070,10.1021/jm101527u,6168479,ChEMBL_37,,Structure-based design of potent and selective 3-phosphoinositide-dependent kinase-1 (PDK1) inhibitors.,J Med Chem 2011,CHEMBL3231,single protein format
44719,N#CCc1cccc(-c2c[nH]c(=O)c3cc(-c4ccncc4)sc23)c1,P49841,7.042725706532679,gt_6,000c26d92d574623f0db53e76732f2898c08d292bb99ef9e10da047c79fe2553,pair_activity_found_no_exact_pchembl_match,CHEMBL1809115,,connectivity search only; stereochemical identity not independently verified,CHEMBL2095188;CHEMBL262;CHEMBL3883309;CHEMBL6177905;CHEMBL6195601,6295127 | 6295165,IC50,=,10.0 | 630.96,nM,6.20 | 8.00,CHEMBL1809805 | CHEMBL1810767,Inhibition of human GSK3-beta expressed in baculovirus by fluorescence polarization assay | Inhibition of human flag-tagged GSK3-beta expressed in HEK-MSRII cells assessed as CRMP-2 phosphorylation by alphaLISA assay,CHEMBL1806471,10.1016/j.bmcl.2011.06.050,,ChEMBL_37,,Identification of 2-(4-pyridyl)thienopyridinones as GSK-3β inhibitors.,Bioorg Med Chem Lett 2011,CHEMBL262,assay format | cell-based format
45397,COc1cccc(NC(=O)Nc2cccc(Oc3ncnc4cc(OC)c(OC)cc34)c2)c1,P15056,4.999999999999999,le_6,002ee88fb4b1c68e3593911f0ddad6cb75da5523c51212881d7812f22454aaa1,connectivity_level_pchembl_match_stereo_unresolved_unique_record,CHEMBL1824074,,connectivity search only; stereochemical identity not independently verified,CHEMBL3559685;CHEMBL3883317;CHEMBL4106189;CHEMBL4523687;CHEMBL5145;CHEMBL5291967,27245747 | 27245748 | 27245749 | 27245750 | 27245751 | 27245752 | 6347757 | 6347790,IC50 | Kd | k_off | kon,< | =,10000.0 | 250.0 | 750.0 | 90.0,nM | s-1,5.00 | 6.12 | 7.05,CHEMBL1828155 | CHEMBL1828156 | CHEMBL5732475 | CHEMBL5732476,"Binding affinity to BRAF V600E mutant | Competition Binding Assay: Competition binding assays used herein were developed, validated and performed as described in Fabian et al., Nature Biotechnology 2005, 23, 329-336. Kinases were produced as fusions to T7 phage (See, Fabian et al. or WO04/015142) or alternatively, the kinases were expressed in HEK-293 cells and subsequently tagged with DNA for PCR detection (See, WO08/005310). For the binding assays, streptavidin-coated magnetic beads were treated with biotinylated affinity ligands for 30 min at room temperature to generate affinity resins. The liganded beads were blocked with excess biotin and washed with blocking buffer (SeaBlock (Pierce), 1% BSA, 0.05% Tween 20, 1 mM DTT) to remove unbound ligand and to reduce non-specific binding. Binding reactions were assembled by combining kinase, liganded affinity beads, and test compounds in 1× binding buffer (20% SeaBlock, 0.17×PBS, 0.05% Tween 20, 6 mM DTT). Test compounds were prepared as 100× stocks in DMSO and rapidly diluted into the aqueous environment. DMSO was added to control assays lacking a test compound. Primary screen interactions were performed in polypropylene 384-well plates in a final volume of 34 μL, while Kd determinations were performed in polystyrene 96-well plates in a final volume of 135 μL. The assay plates were incubated at room temperature with shaking for 1 hour, long enough for binding reactions to reach equilibrium, and the affinity beads were washed extensively with wash buffer (1×PBS, 0.05% Tween 20) to remove unbound protein. The beads were then resuspended in elution buffer (1×PBS, 0.05% Tween 20, 2 μM non-biotinylated affinity ligand) and incubated at room temperature with shaking for 30 min. The kinase concentration in the eluates was measured by quantitative PCR. Each kinase was tested individually against each compound. KdS were determined using eleven serial threefold dilutions. | Inhibition of BRAF V600E mutant-dependent MEK phosphorylation in A375 cells",CHEMBL1821605 | CHEMBL5726320,10.1016/j.bmcl.2011.07.019,6347790,ChEMBL_37,,4-Quinazolinyloxy-diaryl ureas as novel BRAFV600E inhibitors. | RAF kinase modulator compounds and methods of use thereof,2017 | Bioorg Med Chem Lett 2011,CHEMBL5145,assay format | cell-based format
45700,Nc1c(F)c(NCCCn2ccnc2)c(F)c2c1c(=O)c(C(=O)O)cn2C1CC1,P49841,7.346787486224656,gt_6,001b3a695375c316cb80b6fe2f9306a3cca4249a5446d6060b0269afb572d6f5,connectivity_level_pchembl_match_stereo_unresolved_unique_record,CHEMBL1834117,,connectivity search only; stereochemical identity not independently verified,CHEMBL2095188;CHEMBL262;CHEMBL3883309;CHEMBL6177905;CHEMBL6195601,6384407,IC50,=,45.0,nM,7.35,CHEMBL1837408,Inhibition of human recombinant full length GSK3-beta after 1 hrs by luminescence assay,CHEMBL1833925,10.1016/j.bmcl.2011.07.073,6384407,ChEMBL_37,,Synthesis and structure-activity relationship of 4-quinolone-3-carboxylic acid based inhibitors of glycogen synthase kinase-3β.,Bioorg Med Chem Lett 2011,CHEMBL262,single protein format
46696,CN(C)C(=O)c1cccc2c1nc(Nc1cccc(Cl)c1)c1ccncc12,P11309,5.602059991327962,le_6,0042a419e763d0886e22899c7d1d39fc2c00b0b3583e0fb5df25c36c3833a587,pair_activity_found_no_exact_pchembl_match,CHEMBL1915423,,connectivity search only; stereochemical identity not independently verified,CHEMBL2147;CHEMBL3430900;CHEMBL3559682,7922522,IC50,>,2500.0,nM,,CHEMBL1919015,Inhibition of human recombinant Pim1 using RSRHSSYPAGT as substrate by radiometric assay in the presence of 30 uM [ATP],CHEMBL1914433,10.1016/j.bmcl.2011.09.059,,ChEMBL_37,,"7-(4H-1,2,4-Triazol-3-yl)benzo[c][2,6]naphthyridines: a novel class of Pim kinase inhibitors with potent cell antiproliferative activity.",Bioorg Med Chem Lett 2011,CHEMBL2147,single protein format
46724,C#Cc1cccc(Nc2nc3c(-c4nnc[nH]4)cccc3c3cnccc23)c1,P11309,7.552841968657778,gt_6,0011eae9f568dbe3012031a2e15c6fdf222debb9290fa911a8e5d78d938157fc,connectivity_level_pchembl_match_stereo_unresolved_unique_record,CHEMBL1915436,,connectivity search only; stereochemical identity not independently verified,CHEMBL2147;CHEMBL3430900;CHEMBL3559682,7922535,IC50,=,28.0,nM,7.55,CHEMBL1919015,Inhibition of human recombinant Pim1 using RSRHSSYPAGT as substrate by radiometric assay in the presence of 30 uM [ATP],CHEMBL1914433,10.1016/j.bmcl.2011.09.059,7922535,ChEMBL_37,,"7-(4H-1,2,4-Triazol-3-yl)benzo[c][2,6]naphthyridines: a novel class of Pim kinase inhibitors with potent cell antiproliferative activity.",Bioorg Med Chem Lett 2011,CHEMBL2147,single protein format
49031,CCCNc1ccc2nnn(-c3ccc(O)cc3)c2n1,P11309,6.494850021680094,gt_6,000e00c09f645361daad02caacf948891be33f90ffd6ad57b2e13004ce8082b2,pair_activity_found_no_exact_pchembl_match,CHEMBL1952109,,connectivity search only; stereochemical identity not independently verified,CHEMBL2147;CHEMBL3430900;CHEMBL3559682,8037826,IC50,=,320.0,nM,6.50,CHEMBL1954566,Inhibition of PIM1,CHEMBL1949661,10.1016/j.bmcl.2011.12.130,,ChEMBL_37,,"Hit to lead evaluation of 1,2,3-triazolo[4,5-b]pyridines as PIM kinase inhibitors.",Bioorg Med Chem Lett 2012,CHEMBL2147,single protein format
49084,FC(F)(F)c1csc(-n2nnc3ccc(NCC4CCNCC4)nc32)n1,P11309,6.498940737782248,gt_6,001b2325856e689510a33c9f3660b019f72df1c1786e2694307b6639fc292c7f,connectivity_level_pchembl_match_stereo_unresolved_unique_record,CHEMBL1952139,,connectivity search only; stereochemical identity not independently verified,CHEMBL2147;CHEMBL3430900;CHEMBL3559682,8037856,IC50,=,317.0,nM,6.50,CHEMBL1954566,Inhibition of PIM1,CHEMBL1949661,10.1016/j.bmcl.2011.12.130,8037856,ChEMBL_37,,"Hit to lead evaluation of 1,2,3-triazolo[4,5-b]pyridines as PIM kinase inhibitors.",Bioorg Med Chem Lett 2012,CHEMBL2147,single protein format
53178,O=c1cc(N2CCOCC2)nc(Cc2nc3cc(F)ccc3n2C2CC2)[nH]1,P48736,4.999999999999999,le_6,001c6a836b60e1d2c77781359131ecb732bf0e7f48dbc3e3feba7fc56f6b7650,pair_activity_found_no_exact_pchembl_match,CHEMBL2064341,,connectivity search only; stereochemical identity not independently verified,CHEMBL3267;CHEMBL3430881;CHEMBL3559703;CHEMBL3885617;CHEMBL4296106;CHEMBL6193791;CHEMBL6195503;CHEMBL6195555,10975471,IC50,>,10000.0,nM,,CHEMBL2067458,"Inhibition of N-terminus poly-His tagged human PI3Kgamma expressed in baculovirus infected insect sf9 cells using PI(4,5)P2 as substrate preincubated with compound for 15 mins measured after 10 mins by HTRF assay",CHEMBL2062364,10.1021/jm300241b,,ChEMBL_37,,Discovery and optimization of new benzimidazole- and benzoxazole-pyrimidone selective PI3Kβ inhibitors for the treatment of phosphatase and TENsin homologue (PTEN)-deficient cancers.,J Med Chem 2012,CHEMBL3267,cell-based format
53873,NC(=O)C1C2C=CC(C2)C1Nc1nc(Nc2cnn(CCO)c2)ncc1Cl,Q96GD4,7.721246399047171,gt_6,0007f4424663ede422de331fa325b2b4293ea76b78bf34101e4b9486ddb34b55,connectivity_level_pchembl_match_stereo_unresolved_unique_record,CHEMBL2071270,,connectivity search only; stereochemical identity not independently verified,CHEMBL2185;CHEMBL3430907;CHEMBL3430908;CHEMBL3430911;CHEMBL3883303,10986077,IC50,=,19.0,nM,7.72,CHEMBL2073499,Inhibition of Aurora B kinase by HTRF analysis in presence of 1 mM ATP,CHEMBL2069252,10.1016/j.bmcl.2012.05.067,10986077,ChEMBL_37,,Pyrazole diaminopyrimidines as dual inhibitors of KDR and Aurora B kinases.,Bioorg Med Chem Lett 2012,CHEMBL2185,single protein format
53974,CC(C)(O)c1ccc(Nc2nc3ccc(C#N)cc3[nH]2)cc1,P48729,5.037157318798758,le_6,0038d22dbaa4c2e5d554de8d2e2331828d708f71645b2c82e4ad3671cdb41a54,connectivity_level_pchembl_match_stereo_unresolved_unique_record,CHEMBL2071614,,connectivity search only; stereochemical identity not independently verified,CHEMBL2111458;CHEMBL2793;CHEMBL3038493;CHEMBL3885539;CHEMBL4296102;CHEMBL4523610;CHEMBL6195518,10983951,IC50,=,9180.0,nM,5.04,CHEMBL2072007,Inhibition of CK1alpha by Lance assay,CHEMBL2069281,10.1016/j.bmcl.2012.07.046,10983951,ChEMBL_37,,2-Phenylamino-6-cyano-1H-benzimidazole-based isoform selective casein kinase 1 gamma (CK1γ) inhibitors.,Bioorg Med Chem Lett 2012,CHEMBL2793,single protein format
54523,Cc1c(Cn2c(C3CC3)nc(=O)c3sc(N4CCOCC4)nc32)cccc1C(F)(F)F,P48736,6.0,le_6,0019d34ef23c423c93823a2dff90741abc8e7597990b34d79c4b0f2bb21542b9,connectivity_level_pchembl_match_stereo_unresolved_unique_record,CHEMBL2089109,,connectivity search only; stereochemical identity not independently verified,CHEMBL3267;CHEMBL3430881;CHEMBL3559703;CHEMBL3885617;CHEMBL4296106;CHEMBL6193791;CHEMBL6195503;CHEMBL6195555,11007481,IC50,=,1000.0,nM,6.00,CHEMBL2090370,Inhibition of PI3K gamma by continuous TR-FRET assay,CHEMBL2086270,10.1021/ml300045b,11007481,ChEMBL_37,,"Rational Design, Synthesis, and SAR of a Novel Thiazolopyrimidinone Series of Selective PI3K-beta Inhibitors.",ACS Med Chem Lett 2012,CHEMBL3267,single protein format
55045,COc1cccc(NC(=O)Cc2nc(N3CCOCC3)cc(=O)[nH]2)c1,P48736,4.999999999999999,le_6,0001133816c56442c206eb756e1c332a9772a5f4031708632b062fdc9acb5add,pair_activity_found_no_exact_pchembl_match,CHEMBL2151922,,connectivity search only; stereochemical identity not independently verified,CHEMBL3267;CHEMBL3430881;CHEMBL3559703;CHEMBL3885617;CHEMBL4296106;CHEMBL6193791;CHEMBL6195503;CHEMBL6195555,12062395,IC50,>,10000.0,nM,,CHEMBL2156791,Inhibition of PI3Kgamma,CHEMBL2150988,10.1016/j.bmcl.2012.08.072,,ChEMBL_37,,"Preparation and optimization of new 4-(morpholin-4-yl)-(6-oxo-1,6-dihydropyrimidin-2-yl)amide derivatives as PI3Kβ inhibitors.",Bioorg Med Chem Lett 2012,CHEMBL3267,single protein format
55986,COc1ncc(Nc2ncc(C(C)N3CCN(S(C)(=O)=O)CC3)cc2-c2nc(C)nc(N)n2)cc1F,P42345,4.8297382846050425,le_6,004207ce4bf0b1be4df194dbcc2a3b307b638bb2be705f7d42a89ea4f94eeb49,connectivity_level_pchembl_match_stereo_unresolved_unique_record,CHEMBL2170081;CHEMBL2170099;CHEMBL3646481,,connectivity search only; stereochemical identity not independently verified,CHEMBL2221341;CHEMBL2842;CHEMBL4296661;CHEMBL4296662;CHEMBL4523674;CHEMBL4523999,12112879 | 12112880 | 14991613 | 17637876 | 17637880 | 17637881,IC50,= | >,10000.0 | 14800.0,nM,4.83,CHEMBL2173749 | CHEMBL3379685 | CHEMBL3706289,"In Vitro Inhibition Assay: The Invitrogen (Carlsbad, Calif.) mammalian target of rapamycin (mTOR) Lanthascreen assay can be used to quantitate mTOR kinase activity in an in vitro setting. Active mTOR phosphorylates eukaryotic translation initiation factor 4E binding protein 1 (4E-BP1) on residue threonine 46. This phosphorylation event can be detected with a phospho-specific terbium (Tb) labeled Ab, in turn bringing the Tb label in close proximity to the GFP tagged 4E-BP1 and allowing for time-resolved fluorescence resonance energy transfer (TR-FRET), which correlates 4E-BP1 phosphorylation levels with mTOR kinase activity. | Inhibition of mTOR | Inhibition of recombinant N-terminally GST-tagged mTOR (1360 to 2549 aa) (unknown origin) assessed as inhibition of 27BP1 phosphorylation after 90 mins by TR-FRET assay",CHEMBL2169865 | CHEMBL3352452 | CHEMBL3638541,10.1016/j.bmcl.2014.10.085 | 10.1021/jm300846z,14991613,ChEMBL_37,,"Inhibitors of PI3 kinase and/or mTOR | Phosphoinositide-3-kinase inhibitors: evaluation of substituted alcohols as replacements for the piperazine sulfonamide portion of AMG 511. | Selective class I phosphoinositide 3-kinase inhibitors: optimization of a series of pyridyltriazines leading to the identification of a clinical candidate, AMG 511.",2014 | Bioorg Med Chem Lett 2014 | J Med Chem 2012,CHEMBL2842,single protein format
55998,Cc1ccc(Nc2ncc(CN3CCN(S(C)(=O)=O)CC3)cc2-c2nc(C)nc(N)n2)cn1,P42345,4.999999999999999,le_6,000b644e9592a5a3c80b7488e4bfc3f88eaa077d0fb19a42103d81c2742750e9,pair_activity_found_no_exact_pchembl_match,CHEMBL2170093,,connectivity search only; stereochemical identity not independently verified,CHEMBL2221341;CHEMBL2842;CHEMBL4296661;CHEMBL4296662;CHEMBL4523674;CHEMBL4523999,12112886,IC50,>,10000.0,nM,,CHEMBL2173749,Inhibition of mTOR,CHEMBL2169865,10.1021/jm300846z,,ChEMBL_37,,"Selective class I phosphoinositide 3-kinase inhibitors: optimization of a series of pyridyltriazines leading to the identification of a clinical candidate, AMG 511.",J Med Chem 2012,CHEMBL2842,single protein format
56401,CC1CC(O)c2ncnc(N3CCN(C(=O)C(CN4CCC(F)CC4)c4ccc(Cl)cc4)CC3)c21,Q9Y243,7.999999999999998,gt_6,000197c1944570a07bcc66ea1fa6e845c7e694e641bb93065c127281c189ef81,connectivity_level_pchembl_match_stereo_unresolved_unique_record,CHEMBL2177363,,connectivity search only; stereochemical identity not independently verified,CHEMBL2111353;CHEMBL4816;CHEMBL5291687;CHEMBL6177912;CHEMBL6177913,12151698,IC50,=,10.0,nM,8.00,CHEMBL2188027,Competitive inhibition of wild-type full-length amino-terminal polyhistidine-tagged human Akt3 expressed in recombinant baculovirus system using fluorescence labeled Crosstide as substrate after 60 mins by fluorescence polarization assay in presence of ATP,CHEMBL2177010,10.1021/jm301024w,12151698,ChEMBL_37,,Discovery and preclinical pharmacology of a selective ATP-competitive Akt inhibitor (GDC-0068) for the treatment of human tumors.,J Med Chem 2012,CHEMBL4816,assay format
56979,COc1cccc(NS(=O)(=O)c2cc(-c3c(C)noc3C)ccc2OC)c1,O60885,5.221848749616355,le_6,000fd0b037efcb7ea0f02ce92b4e87294afb5dd4d4a7fb9d5db8c26768a8d98f,connectivity_level_pchembl_match_stereo_unresolved_unique_record,CHEMBL2181733,,connectivity search only; stereochemical identity not independently verified,CHEMBL1163125;CHEMBL4106143;CHEMBL4296133;CHEMBL4296138;CHEMBL4296140;CHEMBL4296145;CHEMBL4296148;CHEMBL4296614;CHEMBL4523719;CHEMBL4523722;CHEMBL5291944;CHEMBL5291964;CHEMBL5465397;CHEMBL5465399;CHEMBL6066147;CHEMBL6066148;CHEMBL6066149;CHEMBL6193809;CHEMBL6193818;CHEMBL6193832;CHEMBL6193834;CHEMBL6195599;CHEMBL6195609,12161658,IC50,=,6000.0,nM,5.22,CHEMBL2182558,Inhibition of His6-tagged BRD4-BD12 expressed in Escherichia coli assessed as inhibition of binding to SGRG-K(Ac)-GG-K(Ac)-GLG-K(Ac)-GGA-K(Ac)-RHGSGSK-biotin after 1 hr by TR-FRET assay,CHEMBL2176978,10.1021/jm201283q,12161658,ChEMBL_37,,Fragment-based discovery of bromodomain inhibitors part 2: optimization of phenylisoxazole sulfonamides.,J Med Chem 2012,CHEMBL1163125,assay format
57835,Cn1ncc(Cl)c1-c1cc(C(=O)NC(CN)Cc2cccc(F)c2)sc1Cl,P31751,7.999999999999998,gt_6,00226d1aa26697de99e9ff6c12c42be19cf3b4e3726419ef51f356804bafac75,connectivity_level_pchembl_match_stereo_unresolved_unique_record,CHEMBL2219422;CHEMBL2219423,,connectivity search only; stereochemical identity not independently verified,CHEMBL2111353;CHEMBL2431;CHEMBL4106175;CHEMBL5169082;CHEMBL6177912;CHEMBL6177913,16881187 | 17883062 | 24978769 | 25990833,IC50 | Kd | Ki,=,10.0 | 2.0 | 2800.0,nM,5.55 | 8.00 | 8.70,CHEMBL3880965 | CHEMBL3991624 | CHEMBL5225432 | CHEMBL5550568,"Inhibition of AKT2 (unknown origin) using Ac-KKGGRARTSSFAEPG-amide as substrate preincubated for 1 hr followed by substrate and gamma33P-ATP addition and measured after 2 hrs | Inhibition of AKT2 (unknown origin) using Sox-AKT-tide as substrate by continuous real time fluorescence detection based [gamma33P]ATP assay | Inhibition of full length human AKT2 expressed in Sf9 cells assessed as reduction in substrate phosphorylation using biotin-ahx-ARKRERAYSFGHHA-amide substrate and [gamma-33P]ATP incubated for 40 mins by top count microplate scintillation counting method | Kinobeads (epsilon), multiple immobilized ATP-competitive broad spectrum kinase inhibitors, used to assess residual binding of ~300 proteins simultaneously from cell lysate in the presence of a compound. Quantitative readout performed by mass spectrometry.",CHEMBL3880416 | CHEMBL3991601 | CHEMBL5223150 | CHEMBL5550097,10.1016/j.bmc.2024.117674 | 10.1021/acs.jmedchem.2c01070 | 10.1126/science.aan4368,16881187,ChEMBL_37,,"Drug-drug conjugates of MEK and Akt inhibitors for RAS-mutant cancers. | Inhibitors of AKT Activity | Targeting the PI3K/AKT/mTOR Signaling Pathway in the Treatment of Human Diseases: Current Status, Trends, and Solutions. | The target landscape of clinical kinase drugs.",2011 | Bioorg Med Chem 2024 | J Med Chem 2022 | Science 2017,CHEMBL2431,cell-based format | single protein format | subcellular format
58369,COc1cc(C=C2CCCC(=CC3CCCCC3)C2=O)cc(OC)c1,P00533,5.124938736608301,le_6,0042e87058c8c96f80d76e26a7032fa6c0d59b1077c3784a8d9ec6fbb05f2fb6,connectivity_level_pchembl_match_stereo_unresolved_multiple_records,CHEMBL2316149,,connectivity search only; stereochemical identity not independently verified,CHEMBL203;CHEMBL2111431;CHEMBL2363049;CHEMBL3137284;CHEMBL4523680;CHEMBL4523747;CHEMBL4523998;CHEMBL4802031;CHEMBL5465557;CHEMBL6066839;CHEMBL6066845;CHEMBL6193792;CHEMBL6193830;CHEMBL6193837;CHEMBL6193841;CHEMBL6195769,12615154 | 17780702,IC50,=,7500.0 | 7520.0,nM,5.12,CHEMBL2318907 | CHEMBL3888815,"Inhibition of EGFR cytoplasmic domain (amino acids 645 to 1186) (unknown origin) expressed in Sf9 cells assessed as reduction in enzyme autophosphorylation by DELFIA time resolved fluorometry | Time-Resolved Fluorescence Assay: The kinase activity of EGFR was detected according to time-resolved fluorescence detection technology to evaluate automatic phosphorylation levels. The test compound was dissolved in 100% DMSO, diluted with 25 mM HEPES (pH=7.4) to the desired concentration, added into each well with 10 μL of the test compounds and 10 μL solution containing 5 ng EGFR, then cultured for 10 min at room temperature using the recombinase diluted by 100 mM HEPES with a dilution ratio of 1:80, subsequently added with 10 μL solution containing 20 mM HEPES, 2 mM MnCl2, 100 μM Na3VO4, 1 mM DTT buffer, and 20 μL of 0.1 mM ATP and 50 mM MgCl2 and cultured for 1 h. The positive group in each plate was added with ATP-MgCl2 enzyme, the negative control group without adding with ATP-MgCl2 enzyme, the liquid was sucked out completely after cultured for 1 h, and each well was washed with buffer for three times. The wells were added with 75 μL anti-phosphorylated tyrosine antibody containing 400 ng europium labeling and cultured 1 h, washed, then added with enhancing solution. At the excitation wavelength 340 nm and the emission wavelength 615 nm, the fluorescence intensities were detected by using Victor type 2 time-resolved luminoscope, wherein the inhibitory rate of the compound on automatic phosphorylation: the inhibitory rate of autophosphorylation=100%−[(negative control)/(positive control−negative control)].",CHEMBL2311310 | CHEMBL3886845,10.1016/j.bmc.2012.11.031,12615154;17780702,ChEMBL_37,,"Alpha-(3,5-dimethoxybenzylidene)-alpha′-hydrocarbyl methylene cyclic ketone and preparation method thereof | Design, synthesis and molecular docking of α,β-unsaturated cyclohexanone analogous of curcumin as potent EGFR inhibitors with antiproliferative activity.",2016 | Bioorg Med Chem 2013,CHEMBL203,cell-based format | single protein format
59702,NC(Cc1ccc(Cl)cc1)c1nc2ccc(-c3cn[nH]c3)cc2c(=O)[nH]1,P45984,6.0,le_6,0017cb3de4aa280f84f7692a8189736b0de8afaf0cc23fd61d908d2f6b695fd6,pair_activity_found_no_exact_pchembl_match,CHEMBL2334293;CHEMBL2334294,,connectivity search only; stereochemical identity not independently verified,CHEMBL2096667;CHEMBL3038502;CHEMBL4179;CHEMBL4296098,12708239,IC50,>,1000.0,nM,,CHEMBL2346254,Inhibition of JNK2 (unknown origin),CHEMBL2331421,10.1016/j.bmcl.2013.01.109,,ChEMBL_37,,Amino acid derived quinazolines as Rock/PKA inhibitors.,Bioorg Med Chem Lett 2013,CHEMBL4179,single protein format
64365,CCCCNc1ncc(C(=O)Nc2ccc(OC)cc2)c(NC2CCC(O)CC2)n1,P30530,6.055517327849832,gt_6,000d8e58c454ee1ce54e06574ca723cb56545ed168ba6a3f8643f5de918c655d,connectivity_level_pchembl_match_stereo_unresolved_unique_record,CHEMBL3093748,,connectivity search only; stereochemical identity not independently verified,CHEMBL4523666;CHEMBL4895;CHEMBL5169079;CHEMBL5465244;CHEMBL6066566,13847982,IC50,=,880.0,nM,6.06,CHEMBL3094775,Inhibition of Axl kinase (unknown origin) using 5-FAM-KKKKEEIYFFF-CONH2 as substrate after 180 mins by microfluidic capillary electrophoresis assay,CHEMBL3091375,10.1021/jm4013888,13847982,ChEMBL_37,,Discovery of Mer specific tyrosine kinase inhibitors for the treatment and prevention of thrombosis.,J Med Chem 2013,CHEMBL4895,single protein format
67206,Cc1cccc(-c2[nH]c(CNc3cccc(C#N)c3CN(C)C)nc2-c2ccc3ncnn3c2)n1,Q16539,6.155522824254319,gt_6,000003f932b734a46c80189de434a52d45f712f380d91c94312374845591064d,connectivity_level_pchembl_match_stereo_unresolved_unique_record,CHEMBL3260897;CHEMBL3260910,,connectivity search only; stereochemical identity not independently verified,CHEMBL2094115;CHEMBL260;CHEMBL4106180;CHEMBL5465522;CHEMBL6066552;CHEMBL6066553;CHEMBL6177902,14659558,IC50,=,699.0,nM,6.16,CHEMBL3268789,Inhibition of human recombinant p38alpha expressed in Escherichia coli using ATF2 as substrate by radioisotopic assay,CHEMBL3259733,10.1021/jm500115w,14659558,ChEMBL_37,,"Discovery of N-((4-([1,2,4]triazolo[1,5-a]pyridin-6-yl)-5-(6-methylpyridin-2-yl)-1H-imidazol-2-yl)methyl)-2-fluoroaniline (EW-7197): a highly potent, selective, and orally bioavailable inhibitor of TGF-β type I receptor kinase as cancer immunotherapeutic/antifibrotic agent.",J Med Chem 2014,CHEMBL260,assay format
69665,CCc1cccc(Nc2nc3cc(Oc4ccnc(NC(C)=O)c4)ccc3n2C)c1,P15056,9.397940008672036,gt_6,0020066f6704aef5f64fb30f15789828f18e238dde27a743fc3bc4e5db33fb62,pair_activity_found_no_exact_pchembl_match,CHEMBL3335372,,connectivity search only; stereochemical identity not independently verified,CHEMBL3559685;CHEMBL3883317;CHEMBL4106189;CHEMBL4523687;CHEMBL5145;CHEMBL5291967,15100478 | 15100491,EC50 | IC50,< | =,0.4 | 100.0,nM,7.00,CHEMBL3384713 | CHEMBL3384714,Inhibition of BRAF (unknown origin)-mediated ERK phosphorylation by cell-based assay | Inhibition of BRAF V600E mutant (unknown origin),CHEMBL3351360,10.1021/ml5002272,,ChEMBL_37,,Design and Synthesis of Orally Bioavailable Benzimidazole Reverse Amides as Pan RAF Kinase Inhibitors.,ACS Med Chem Lett 2014,CHEMBL5145,cell-based format | single protein format
71052,O=C(Nc1ccc(O)c(Cl)c1)C1CCN(CC(=O)N2CCN(c3ccc(Br)cc3)CC2)C1,P28482,5.487697231973599,le_6,00034a5c470eaa174c598cf548628bf98688b2c7fc8ba7c0ab61b0248803f809,pair_activity_found_no_exact_pchembl_match,CHEMBL3356120,,connectivity search only; stereochemical identity not independently verified,CHEMBL1907606;CHEMBL3885566;CHEMBL4040;CHEMBL6066552;CHEMBL6195573,15116420 | 15116437 | 15116454 | 15116471,IC50,=,2650.0 | 5000.0 | 8200.0 | 930.0,nM,5.09 | 5.30 | 5.58 | 6.03,CHEMBL3376466 | CHEMBL3376467 | CHEMBL3376468 | CHEMBL3376469,Inhibition of activated ERK2 (unknown origin) using IMAP peptide substrate after 30 mins by activated ERK2 assay | Inhibition of inactive ERK2 (unknown origin) coupled with human MEK1 using IMAP peptide substrate after 30 mins by coupled ERK2 assay | Inhibition of phosphorylated ERK2 (unknown origin) by temperature dependent fluorescence (TdF) assay | Inhibition of unphosphorylated ERK2 (unknown origin) by temperature dependent fluorescence (TdF) assay,CHEMBL3351461,10.1021/jm500847m,,ChEMBL_37,,"Discovery of novel, dual mechanism ERK inhibitors by affinity selection screening of an inactive kinase.",J Med Chem 2014,CHEMBL4040,single protein format
71289,COc1cc2ncnc(Nc3ccc(F)c(Cl)c3)c2cc1NC(=O)C(F)=CCN(C)C,P36888,5.166852888087216,le_6,002a81a19af22f716d340f615268fb228c6fc8c4d5530940c2323ccb4fba4c1a,connectivity_level_pchembl_match_stereo_unresolved_unique_record,CHEMBL3357634,,connectivity search only; stereochemical identity not independently verified,CHEMBL1974;CHEMBL3430908;CHEMBL4523735;CHEMBL4630730,15107863,IC50,=,6810.0,nM,5.17,CHEMBL3385826,Inhibition of wild type FLT3 (unknown origin) incubated for 5 mins by HTRF assay,CHEMBL3351667,10.1021/jm5014659,15107863,ChEMBL_37,,A chemical tuned strategy to develop novel irreversible EGFR-TK inhibitors with improved safety and pharmacokinetic profiles.,J Med Chem 2014,CHEMBL1974,single protein format
72356,Nc1nc(O)c2nc(-c3c[nH]c4cccc(Br)c34)[nH]c2n1,P22455,4.698970004336019,le_6,003be48ced13481da6523fab515b2ae79b13da0832e29fad5d0cc00e873b306e,pair_activity_found_no_exact_pchembl_match,CHEMBL3401364,,connectivity search only; stereochemical identity not independently verified,CHEMBL2095217;CHEMBL3973;CHEMBL4804255;CHEMBL5291679,15165338,IC50,>,20000.0,nM,,CHEMBL3404251,Inhibition of FGFR4 (unknown origin) after 90 mins by TR-FRET assay,CHEMBL3399963,10.1016/j.bmcl.2015.02.010,,ChEMBL_37,,"Design, synthesis and preliminary biological evaluation of C-8 substituted guanine derivatives as small molecular inhibitors of FGFRs.",Bioorg Med Chem Lett 2015,CHEMBL3973,single protein format
74163,Fc1cccc(C2CCCN2c2ccc3ncc(-c4ccccn4)n3n2)c1,O60674,5.173925197299175,le_6,0006230340154bef25dd9e4f6134701cda92fedddde26a72643a60c4eb99bc3c,connectivity_level_pchembl_match_stereo_unresolved_unique_record,CHEMBL3582439,,connectivity search only; stereochemical identity not independently verified,CHEMBL2363062;CHEMBL2971;CHEMBL3038492;CHEMBL3301390;CHEMBL3301392;CHEMBL4630750;CHEMBL4742263;CHEMBL4802035;CHEMBL5482983,15616247,IC50,=,6700.0,nM,5.17,CHEMBL3583131,Inhibition of Tel-fused JAK2 (unknown origin) expressed in mouse BA/F3 cells after 48 hrs by luciferase reporter gene assay in absence of recombinant mouse IL3,CHEMBL3580662,10.1021/acsmedchemlett.5b00050,15616247,ChEMBL_37,,(R)-2-Phenylpyrrolidine Substituted Imidazopyridazines: A New Class of Potent and Selective Pan-TRK Inhibitors.,ACS Med Chem Lett 2015,CHEMBL2971,cell-based format
74403,CN1CCCC(CNc2nc(Nc3cccc(-n4ccnn4)c3)ncc2F)C1,Q04759,7.999999999999998,gt_6,001a4519b3f0ef453dd6f7c01c62ca547d72125b7a13acea9dbc846c2f1c3251,connectivity_level_pchembl_match_stereo_unresolved_unique_record,CHEMBL3586044,,connectivity search only; stereochemical identity not independently verified,CHEMBL2093867;CHEMBL2096620;CHEMBL3920,15625844,IC50,=,10.0,nM,8.00,CHEMBL3587275,Inhibition of human full length PKCtheta assessed as fluorescence intensity after 60 mins,CHEMBL3585258,10.1016/j.bmc.2015.04.050,15625844,ChEMBL_37,,"Optimization of 2,4-diamino-5-fluoropyrimidine derivatives as protein kinase C theta inhibitors with mitigated time-dependent drug-drug interactions and P-gp liability.",Bioorg Med Chem 2015,CHEMBL3920,single protein format
76026,O=C1CCN2C(=O)c3cccc(NC(=O)Nc4ccccn4)c3C2C1,Q13627,4.6020599913279625,le_6,00211eff26b05b7773fcdf2a46e4861ebec75ecb3096936d63104904a00e3202,connectivity_level_pchembl_match_stereo_unresolved_unique_record,CHEMBL3609567,,connectivity search only; stereochemical identity not independently verified,CHEMBL2292;CHEMBL6195513;CHEMBL6195553,15696638,IC50,=,25000.0,nM,4.60,CHEMBL3611472,Inhibition of human recombinant GST-tagged DYRK1A expressed in Escherichia coli,CHEMBL3608270,10.1016/j.ejmech.2015.06.046,15696638,ChEMBL_37,,"Advances in tetrahydropyrido[1,2-a]isoindolone (valmerins) series: Potent glycogen synthase kinase 3 and cyclin dependent kinase 5 inhibitors.",Eur J Med Chem 2015,CHEMBL2292,assay format
79016,CN1CCC(c2ccc(Nc3ncc(C(F)(F)F)c(CCc4ccccc4CC(N)=O)n3)c(OC(F)(F)F)c2)CC1,P35916,4.223567609808054,le_6,0012af328d59f1fe4cae3562c76d645977808a0829d70d2df0b1f264141b7652,connectivity_level_pchembl_match_stereo_unresolved_unique_record,CHEMBL3689079,,connectivity search only; stereochemical identity not independently verified,CHEMBL1955;CHEMBL2095227;CHEMBL2111409;CHEMBL3301389,17701541,IC50,=,59763.0,nM,4.22,CHEMBL3887193,"Biochemical Assay: Compounds of the invention may be tested for in vitro activity in the following assay: A biotin labeled peptide is used as substrate (amino acid sequence: Biotin-Glu-Gly-Pro-Trp-Leu-Glu -Glu-Glu-Glu-Glu-Ala-Tyr-Gly-Trp-Met-Asp-Phe-NH2) (SEQ ID NO: 1). VEGFR3 cytoplasmic domain (amino acids 798-1298) was purchased as N-terminal GST-fusion protein (the enzyme). The 15ul assay reactions are run in Greiner brand white 384-well low volume plates. All reactions contained 10 mM HEPES pH 7.4, 10mM MgCl2, 0.01% (v/v) Tween-20, 50uM Na3VO4, 0.01% (w/v) albumin from chicken egg white, 1mM Dithiothreitol, 111 nM peptide substrate, 500uM ATP, and 3.8ng/reaction enzyme, with the enzyme being omitted from negative control reactions. Compounds were added in a volume of 100nl from dilution series prepared in DMSO, positive and negative control reactions receiving the same volume DMSO without compound. The plates were sealed with adhesive seals and incubated for 90 minutes at 30 degree C.",CHEMBL3639054,,17701541,ChEMBL_37,,Selective FAK inhibitors,2015,CHEMBL1955,single protein format
79631,CN(C)C1CCC(n2cc(C(N)=O)c(Nc3ccc(Cl)cc3)n2)C(C#N)C1,P52333,5.911509529817605,le_6,0023bcf3dd3041c99c62ac8e2f30dc9e73f1ced2563face5c5d982940e8a857d,connectivity_level_pchembl_match_stereo_unresolved_unique_record,CHEMBL3703085;CHEMBL3703092,,connectivity search only; stereochemical identity not independently verified,CHEMBL2148;CHEMBL2363062;CHEMBL3038491;CHEMBL4802035;CHEMBL6066057,18148545,IC50,=,1226.0,nM,5.91,CHEMBL4033004,Inhibition of GST-tagged recombinant human JAK3 catalytic domain expressed in baculovirus expression system using LCB-EQEDEPEGDYFEWLW-NH2 as substrate preincubated for 30 mins followed by ATP addition measured after 120 mins by HTRF assay,CHEMBL4028908,10.1021/acs.jmedchem.7b01135,18148545,ChEMBL_37,,"The Discovery of 3-((4-Chloro-3-methoxyphenyl)amino)-1-((3R,4S)-4-cyanotetrahydro-2H-pyran-3-yl)-1H-pyrazole-4-carboxamide, a Highly Ligand Efficient and Efficacious Janus Kinase 1 Selective Inhibitor with Favorable Pharmacokinetic Properties.",J Med Chem 2017,CHEMBL2148,assay format
80109,CC(C)(Nc1cccc(O)c1)C(=O)Nc1nc2ccc3[nH]ncc3c2s1,O14965,7.537602002101044,gt_6,000a9b17ccff9b24e5180c45bf0c400866b5591cb0420d1ad132159aacf6d9c0,connectivity_level_pchembl_match_stereo_unresolved_unique_record,CHEMBL3718495,,connectivity search only; stereochemical identity not independently verified,CHEMBL3430911;CHEMBL3883303;CHEMBL3883304;CHEMBL4722;CHEMBL4748216;CHEMBL5465201,16357262,IC50,=,29.0,nM,7.54,CHEMBL3721219,Inhibition of N-terminal His6-tagged recombinant full-length human Aurora A expressed in Sf21 cells,CHEMBL3714740,,16357262,ChEMBL_37,,alpha-amino acid derivatives and medicaments containing the same as an active ingredient,2011,CHEMBL4722,cell-based format
81982,Brc1csc2c(NCC3CCCN3)nc(-c3ccncc3)nc12,P41743,4.999999999999999,le_6,002ca12401998a345ed11f555a40ef316918b87827c2d88a209b5c729105fc1a,connectivity_level_pchembl_match_stereo_unresolved_multiple_records,CHEMBL3727923;CHEMBL3733256,,connectivity search only; stereochemical identity not independently verified,CHEMBL2093867;CHEMBL2598;CHEMBL3885627,16373848 | 16373849,IC50,=,10000.0,nM,5.00,CHEMBL3734165,Inhibition of recombinant full-length human PKC-iota expressed in Sf21 cells using FAM-PKCs pseudopeptide derived peptide substrate and 150 uM ATP by fluorescence polarization based IMAP assay,CHEMBL3727368,,16373848;16373849,ChEMBL_37,,Thienopyrimidine inhibitors of atypical protein kinase C,2013,CHEMBL2598,cell-based format
82607,COCCN1CCC(CNC(=O)c2n[nH]c3ccc(-c4cccc(F)c4F)cc23)CC1,Q92630,6.275724130399212,gt_6,001c559a4fcd6924f3317ee8bf0f4b9af44b6c51b5855cf53923d8fe988798d3,connectivity_level_pchembl_match_stereo_unresolved_unique_record,CHEMBL3735506,,connectivity search only; stereochemical identity not independently verified,CHEMBL4376;CHEMBL5739547,16381051,IC50,=,530.0,nM,6.28,CHEMBL3736807,Inhibition of human recombinant DYRK2 by LANCE assay,CHEMBL3734740,10.1021/acs.jmedchem.5b01208,16381051,ChEMBL_37,,Hit Optimization of 5-Substituted-N-(piperidin-4-ylmethyl)-1H-indazole-3-carboxamides: Potent Glycogen Synthase Kinase-3 (GSK-3) Inhibitors with in Vivo Activity in Model of Mood Disorders.,J Med Chem 2015,CHEMBL4376,single protein format
82881,Cc1[nH]c(-c2ccccc2)c(-c2ccccc2)c1C(=O)c1cn(-c2ccccc2)nc1-c1ccccc1,P35968,5.630784142589858,le_6,002c0993028768cfe0028426cf728ec00b4b66e5e9bbfffdd303ead833709015,connectivity_level_pchembl_match_stereo_unresolved_unique_record,CHEMBL3741069,,connectivity search only; stereochemical identity not independently verified,CHEMBL2095227;CHEMBL2111336;CHEMBL2111375;CHEMBL2111409;CHEMBL2111428;CHEMBL2111434;CHEMBL2111439;CHEMBL2111440;CHEMBL2111480;CHEMBL279;CHEMBL4630759;CHEMBL5291691;CHEMBL5482997,16398629 | 16398667,IC50 | Inhibition,=,100.0 | 2340.0,% | nM,5.63,CHEMBL3744322 | CHEMBL3744324,Inhibition of VEGFR-2 (unknown origin) at 30 uM by microfluidic assay relative to control | Inhibition of VEGFR-2 (unknown origin) by microfluidic assay relative to control,CHEMBL3739348,10.1039/C4MD00560K,16398667,ChEMBL_37,,"Novel pyrrole derivatives as selective CHK1 inhibitors: design, regioselective synthesis and molecular modeling",Medchemcomm 2015,CHEMBL279,single protein format
83351,CCc1cc2c(cc1-c1cnn(CCCN(C)C)c1)C(C)(C)c1[nH]c3cc(C#N)ccc3c1C2=O,Q9NWZ3,6.6307841425898575,gt_6,00207c7a6b1eef0cfd830932c1de6a4b4148cbfd17615fe69089efcaff46cd5f,connectivity_level_pchembl_match_stereo_unresolved_unique_record,CHEMBL3746678,,connectivity search only; stereochemical identity not independently verified,CHEMBL3778;CHEMBL4523710;CHEMBL4523723;CHEMBL4523742,16428150,IC50,=,234.0,nM,6.63,CHEMBL3748848,Inhibition of IRAK4 (unknown origin),CHEMBL3745656,10.1021/acs.jmedchem.5b01136,16428150,ChEMBL_37,,Discovery of Inhibitors That Overcome the G1202R Anaplastic Lymphoma Kinase Resistance Mutation.,J Med Chem 2015,CHEMBL3778,single protein format
83702,CC(Nc1ncnc2sc(-c3cccc(S(C)(=O)=O)c3)cc12)c1ccccc1,P00533,7.585026652029181,gt_6,0008a77af79fd140c5088fdca3854d3b30de854a8585c669ced4ea8ce0db141d,pair_activity_found_no_exact_pchembl_match,CHEMBL3760023,,connectivity search only; stereochemical identity not independently verified,CHEMBL203;CHEMBL2111431;CHEMBL2363049;CHEMBL3137284;CHEMBL4523680;CHEMBL4523747;CHEMBL4523998;CHEMBL4802031;CHEMBL5465557;CHEMBL6066839;CHEMBL6066845;CHEMBL6193792;CHEMBL6193830;CHEMBL6193837;CHEMBL6193841;CHEMBL6195769,16457495 | 16457539,IC50 | Inhibition,=,26.0 | 70.0,% | nM,7.58,CHEMBL3761556 | CHEMBL3761557,Inhibition of EGFR (unknown origin) at 100 nM by Z -LYTE assay | Inhibition of EGFR (unknown origin) by Z -LYTE assay,CHEMBL3758163,10.1016/j.ejmech.2015.11.012,,ChEMBL_37,,Extended structure-activity study of thienopyrimidine-based EGFR inhibitors with evaluation of drug-like properties.,Eur J Med Chem 2016,CHEMBL203,single protein format
85961,CC(c1ccccc1)N1c2cc(-n3c(=O)[nH]c4ncccc43)ccc2C(=O)NC1(C)C,P49137,6.0,le_6,0033a6a9282af71348aba71d5816c2a908d773ecd7886aa8711e4f1469a9419c,pair_activity_found_no_exact_pchembl_match,CHEMBL3798011;CHEMBL3800082,,connectivity search only; stereochemical identity not independently verified,CHEMBL2208,16565469,IC50,>,1000.0,nM,,CHEMBL3804493,Inhibition of N-terminal FLAG-tagged MAPKAPK2 (unknown origin) expressed in baculovirus preincubated for 5 mins using KKLNRTLSVA-NH2 as substrate measured after 10 mins in presence of [gamma-33P]ATP by scintillation counting method,CHEMBL3797131,10.1016/j.bmc.2016.04.008,,ChEMBL_37,,"Discovery and optimization of 1,7-disubstituted-2,2-dimethyl-2,3-dihydroquinazolin-4(1H)-ones as potent and selective PKCθ inhibitors.",Bioorg Med Chem 2016,CHEMBL2208,assay format
86383,CC(=O)Nc1cc(Nc2cc(NC3CC3)n3ncc(C#N)c3n2)ccc1N(C)CCN1CCOCC1,P68400,8.522878745280336,gt_6,001e5f966fe56a0d32291f2b57c3e40d997b48e0ec104a116f947ac77622b959,pair_activity_found_no_exact_pchembl_match,CHEMBL3810020,,connectivity search only; stereochemical identity not independently verified,CHEMBL2095191;CHEMBL3038477;CHEMBL3629;CHEMBL3832943,16604879 | 16606752,IC50,< | =,3.0 | 5.0,nM,8.30,CHEMBL3811873 | CHEMBL3811874,Inhibition of CK2 in human DLD1 HA-myr-AKT1 cells assessed as suppression of AKTser129 phosphorylation after 3 to 24 hrs by Western blot analysis | Inhibition of full length N-terminal 6xHis-tagged recombinant human CK2alpha expressed in fall armyworm Sf21 cells using BODIPY-FL-RRRDDDSDDD-CONH2 as substrate after 90 mins by mobility shift assay,CHEMBL3808365,10.1021/acsmedchemlett.5b00452,,ChEMBL_37,,Potent and Selective CK2 Kinase Inhibitors with Effects on Wnt Pathway Signaling in Vivo.,ACS Med Chem Lett 2016,CHEMBL2095191 | CHEMBL3629,assay format | cell-based format
86589,CCc1cc(-c2c[nH]c3ncc(-c4cn[nH]c4)cc23)nc(N)n1,P42338,4.522878745280338,le_6,00288cf8189b1cadf5a79bce6576a5eddd35cf79fe7df70efc99f68d49c81c73,pair_activity_found_no_exact_pchembl_match,CHEMBL3813865,,connectivity search only; stereochemical identity not independently verified,CHEMBL3038510;CHEMBL3145;CHEMBL3559703;CHEMBL3885615;CHEMBL6193791;CHEMBL6195502,16612861,IC50,>,30000.0,nM,,CHEMBL3815758,Inhibition of PI3K beta (unknown origin),CHEMBL3813616,10.1016/j.bmcl.2016.05.005,,ChEMBL_37,,Discovery of novel 7-azaindoles as PDK1 inhibitors.,Bioorg Med Chem Lett 2016,CHEMBL3145,single protein format
88742,CCc1cncc(-c2cc3c(cn2)cnn3-c2cccc(N3CCCC(N)C3)n2)n1,P11309,5.853871964321762,le_6,0031db81498957657f5e49fe78994a48a655655fb1245b1064883e9ea38a24d7,connectivity_level_pchembl_match_stereo_unresolved_unique_record,CHEMBL3896312,,connectivity search only; stereochemical identity not independently verified,CHEMBL2147;CHEMBL3430900;CHEMBL3559682,17793879 | 17794499 | 26643490 | 26643491 | 26643492,IC50 | Ki | k_off | kon,=,0.047 | 1400.0,nM | s-1,10.33 | 5.85,CHEMBL3889101 | CHEMBL3889104 | CHEMBL5730289,"In Vitro Cell Proliferation Potency Assay: BaF3, a murine interleukin-3 dependent pro-B cell line, parental cells, BaF3 PIM1 cells, BaF3 PIM2 cells, and MM1.S (multiple myeloma) cells were seeded at 2 k/well, 5 k/well, 5 k/well, and 10 k/well respectively, in a 384-well plate, at 45 μL/well. Test compound was added at 5 μL/well. BaF3 cells (parental and transfected) were incubated overnight, while MM1.S cells were incubated for 72 hours at 37° C., 5% CO2. CELL TITER GLO® Reagent (Promega) was added at 50 μL/well, the plates were incubated for 30 minutes, and their luminescence read on an HT Analyst. | Kinase Binding Assay: PIM-1, -2, and -3 enzymes were generated as fusion proteins expressed in bacteria and purified by IMAC column chromatography (Sun, X., Chiu, J. F., and He, Q. Y. (2005) Expert Rev. Proteomics, 2:649-657). A fluorescent-labeled Pim-specific peptide substrate, was custom synthesized by American Peptide Company (Sunnyvale, Calif.). Reaction Buffer contained 10 mM HEPES, pH 7.2, 10 mM MgCl2, 0.01% Tween 20, 2 mM DTT. Termination Buffer contained 190 mM HEPES, pH 7.2, 0.015% Brij-35, 0.2% Coating Reagent 3 (Caliper Life Sciences, Hopkinton, Mass.), 20 mM EDTA. Separation Buffer contained 100 mM HEPES, pH 7.2, 0.015% Brij-35, 0.1% Coating Reagent 3, 1:200 Coating Reagent 8 (Caliper Life Sciences, Hopkinton, Mass.), 10 mM EDTA and 5% DMSO.PIM reactions were carried out in a final volume of 10 uL per well in a 384-well plate. A standard enzymatic reaction, initiated by the addition of 5 uL 2Ã¿Â¿ATP and test compound to 5 uL of 2x enzyme and FAM-peptide, contained 20 uM PIM1, 50 uM PIM2, or 55 uM PIM3, 1 uM FAM-peptide, and 10 uM ATP, in Reaction Buffer. After 90 minutes of incubation at room temperature, the phosphorylation reaction was stopped by the addition of 10 uL Termination Buffer. The product and substrate in each independent reaction were separated on a 12-sipper microfluidic chip (Caliper Life Sciences, Hopkinton, Mass.) run on a Caliper LC3000 (Caliper Life Sciences, Hopkinton, Mass.). The separation of product and substrate was optimized by choosing voltages and pressure using Caliper's Optimizer software (Hopkinton, Mass.). The separation conditions used a downstream voltage of -500V, an upstream voltage of -2150V, and a screening pressure of -1.2 psi. The product and substrate fluorophore were excited at 488 nm and detected at 530 nm. Substrate conversion was calculated from the electropherogram using HTS Well Analyzer software (Caliper Life Sciences, Hopkinton, Mass.). Ki values for the test compound were calculated.",CHEMBL3886942,,17794499,ChEMBL_37,,5-azaindazole compounds and methods of use,2016,CHEMBL2147,assay format | cell-based format
89062,COc1cc2c(Nc3ccc(Cl)c(Cl)c3)ncnc2cc1OCC1CN(CCCC#N)CCO1,P29317,7.30102999566398,gt_6,001df6e8bf190d683168b49dbd4ba5feb157781edb413bc4ae0337b1b5620bc0,pair_activity_found_no_exact_pchembl_match,CHEMBL3898808,,connectivity search only; stereochemical identity not independently verified,CHEMBL2068;CHEMBL2363043;CHEMBL5291975,16905772,IC50,<,50.0,nM,,CHEMBL3883065,Inhibition of recombinant human N-terminal His6-tagged EphA2 (N598 to R890 residues) expressed in baculovirus using poly-EY as substrate after 180 mins by luciferase coupled chemiluminescence assay,CHEMBL3882729,,,ChEMBL_37,,Receptor-type kinase modulators and methods of use,2009,CHEMBL2068,assay format
89352,CC1CCC(N)CN1c1ccncc1Nc1ncc2ccc(-c3c(F)cccc3F)nn12,P11309,10.554072879793155,gt_6,001b6f02209b731ee15141648ade4b438da860d210dc0f37f5569bd58ba6f526,pair_activity_found_no_exact_pchembl_match,CHEMBL3900646;CHEMBL3925861;CHEMBL3965757;CHEMBL4112982,,connectivity search only; stereochemical identity not independently verified,CHEMBL2147;CHEMBL3430900;CHEMBL3559682,16776941 | 16776942 | 16777032 | 16777033 | 17721633 | 17721634 | 17721635 | 17721636 | 26610679 | 26610680 | 26610681 | 26610682 | 26610683 | 26610684 | 26610685 | 26610686 | 26610687 | 26610688 | 26610689 | 26610690,IC50 | k_off | kon,< | =,0.021 | 0.037 | 0.1 | 142.0 | 2.7 | 49.0 | 6.6,nM | s-1,10.43 | 10.68 | 6.85 | 7.31 | 8.18 | 8.57,CHEMBL3864805 | CHEMBL3864807 | CHEMBL3887608 | CHEMBL5730073,"Inhibition of Pim1/2 in human KMS-12 cells assessed as decrease in BAD phosphorylation at Ser112 by Western blot method | Inhibition of recombinant Pim1 (unknown origin) by electrochemiluminescence assay | PIM Enzyme Assay: The assay for the determination of Pim activity is based on the formation of phosphorylated biotinylated-BAD peptide at the Serine 112 residue (S112) and employs HTRF (homogeneous time resolved fluorescence) technology to detect the product in a 96-well plate format. The phosphorylation of biotinylated-BAD (S112) peptide by full length recombinant Pim-1, Pim-2, or Pim-3 protein was detected with streptavidin:Allophycocyanin (APC) conjugate and a europium (Eu) labeled antibody directed against phosphorylated-BAD (S112). Excitation of Eu by a high energy laser light (337 nm) leads to a transfer of energy to the APC molecule, and results in an emission at 665 nm. The fluorescence is directly proportional to the amount of phosphorylated BAD peptide present in the reaction.Compounds were prepared in DMSO by conducting 3-fold serial dilutions to give a 10-point dosing curve having a high dose of 1 uM. A reference compound was included on each assay plate in order to validate that plate.",CHEMBL3864151 | CHEMBL3886376,10.1016/j.bmcl.2016.09.067,,ChEMBL_37,,Bicyclic pyridazine compounds as Pim inhibitors | Discovery of imidazopyridazines as potent Pim-1/2 kinase inhibitors.,2015 | Bioorg Med Chem Lett 2016,CHEMBL2147 | CHEMBL3559682,cell-based format | single protein format
91567,COCC(C)n1c(-c2cn3c(C)nnc3c(NC(C)C)n2)nc2cnc(N3CCOCC3)cc21,O60885,6.9614469164596855,gt_6,000ab42f02ca6e90f90a55e8fcc7172e23f3830033a981af3a8c0f6df8aaf03e,pair_activity_found_no_exact_pchembl_match,CHEMBL3916215;CHEMBL4109392,,connectivity search only; stereochemical identity not independently verified,CHEMBL1163125;CHEMBL4106143;CHEMBL4296133;CHEMBL4296138;CHEMBL4296140;CHEMBL4296145;CHEMBL4296148;CHEMBL4296614;CHEMBL4523719;CHEMBL4523722;CHEMBL5291944;CHEMBL5291964;CHEMBL5465397;CHEMBL5465399;CHEMBL6066147;CHEMBL6066148;CHEMBL6066149;CHEMBL6193809;CHEMBL6193818;CHEMBL6193832;CHEMBL6193834;CHEMBL6195599;CHEMBL6195609,17790135 | 17790136 | 26641687 | 26641688 | 26641689 | 26641690 | 26641691 | 26641692,IC50 | k_off | kon,=,33.0 | 333.0,nM | s-1,6.48 | 7.48,CHEMBL3888999 | CHEMBL5730271,"AlphaScreen Assay: Compounds are diluted in serial dilution 1:5 in assay buffer from 10 mM stock in DMSO (100 μM start concentration) in white OptiPlate-384 (PerkinElmer). A mix consisting of 15 nM GST-BRD4-BD1 protein (aa 44-168) or 150 nM GST-BRD4-BD2 (aa 333-460) and 15 nM biotinylated Acetyl-Histone H4 (Lys5, 8, 12, 16) peptide is prepared in assay buffer (50 mM HEPES pH=7.4; 25 mM NaCl; 0.05% Tween 20; 0.1% bovine serum albumin (BSA); 10 mM dithiothreitol (DTT)). 6 μl of the mix is added to the compound dilutions. Subsequently, 6 μl of premixed AlphaLISA Glutathione Acceptor Beads and AlphaScreen Streptavidin Donor Beads from PerkinElmer (in assay buffer at a concentration of 10 μg/ml each) are added and the samples are incubated for 30 min at RT in the dark (shaking 300 rpm). Afterwards, the signal is measured in a PerkinElmer Envision HTS Multilabel Reader using the AlphaScreen protocol from PerkinElmer. Each plate contains negative controls where biotinylated Acetyl-Histone H4 peptide and GST-BRD4-BD1 or GST-BRD4-BD2 are left out and replaced by assay buffer. Negative control values are entered as low basis value when using the software GraphPad Prism for calculations. Furthermore, a positive control (probe molecule JQ1+ with protein/peptide mix) is pipetted.",CHEMBL3886915,,,ChEMBL_37,,Triazolopyrazine,2016,CHEMBL1163125,single protein format
91757,NC(=O)c1cc(-c2cn3cc(Cl)ccc3n2)ccc1O,Q13627,5.050609993355086,le_6,002010b24bb2d196a951d2d8459f935468e08cf9182aced8574aa71f9eb9d003,connectivity_level_pchembl_match_stereo_unresolved_unique_record,CHEMBL3917542,,connectivity search only; stereochemical identity not independently verified,CHEMBL2292;CHEMBL6195513;CHEMBL6195553,16808422 | 16808472,IC50 | Inhibition,= | >,50.0 | 8900.0,% | nM,5.05,CHEMBL3870426 | CHEMBL3870432,Inhibition of DYRK1A (unknown origin) | Inhibition of DYRK1A (unknown origin) at 10 uM in presence of gamma[33P]ATP relative to control,CHEMBL3870305,10.1016/j.ejmech.2016.07.040,16808422,ChEMBL_37,,"Synthesis, biological evaluation and molecular modeling studies of imidazo[1,2-a]pyridines derivatives as protein kinase inhibitors.",Eur J Med Chem 2016,CHEMBL2292,single protein format
95879,OCCNc1cncc(-c2cc3c(cn2)cnn3-c2cccc(N3CCNCC3)n2)n1,P11309,6.769551078621726,gt_6,00028f290cba7483dc74097f830b351fcb699b615bdf008054b24d69a1d0a493,connectivity_level_pchembl_match_stereo_unresolved_unique_record,CHEMBL3946464,,connectivity search only; stereochemical identity not independently verified,CHEMBL2147;CHEMBL3430900;CHEMBL3559682,17794002 | 17794560 | 26643859 | 26643860 | 26643861,IC50 | Ki | k_off | kon,=,0.026 | 170.0,nM | s-1,10.59 | 6.77,CHEMBL3889101 | CHEMBL3889104 | CHEMBL5730289,"In Vitro Cell Proliferation Potency Assay: BaF3, a murine interleukin-3 dependent pro-B cell line, parental cells, BaF3 PIM1 cells, BaF3 PIM2 cells, and MM1.S (multiple myeloma) cells were seeded at 2 k/well, 5 k/well, 5 k/well, and 10 k/well respectively, in a 384-well plate, at 45 μL/well. Test compound was added at 5 μL/well. BaF3 cells (parental and transfected) were incubated overnight, while MM1.S cells were incubated for 72 hours at 37° C., 5% CO2. CELL TITER GLO® Reagent (Promega) was added at 50 μL/well, the plates were incubated for 30 minutes, and their luminescence read on an HT Analyst. | Kinase Binding Assay: PIM-1, -2, and -3 enzymes were generated as fusion proteins expressed in bacteria and purified by IMAC column chromatography (Sun, X., Chiu, J. F., and He, Q. Y. (2005) Expert Rev. Proteomics, 2:649-657). A fluorescent-labeled Pim-specific peptide substrate, was custom synthesized by American Peptide Company (Sunnyvale, Calif.). Reaction Buffer contained 10 mM HEPES, pH 7.2, 10 mM MgCl2, 0.01% Tween 20, 2 mM DTT. Termination Buffer contained 190 mM HEPES, pH 7.2, 0.015% Brij-35, 0.2% Coating Reagent 3 (Caliper Life Sciences, Hopkinton, Mass.), 20 mM EDTA. Separation Buffer contained 100 mM HEPES, pH 7.2, 0.015% Brij-35, 0.1% Coating Reagent 3, 1:200 Coating Reagent 8 (Caliper Life Sciences, Hopkinton, Mass.), 10 mM EDTA and 5% DMSO.PIM reactions were carried out in a final volume of 10 uL per well in a 384-well plate. A standard enzymatic reaction, initiated by the addition of 5 uL 2Ã¿Â¿ATP and test compound to 5 uL of 2x enzyme and FAM-peptide, contained 20 uM PIM1, 50 uM PIM2, or 55 uM PIM3, 1 uM FAM-peptide, and 10 uM ATP, in Reaction Buffer. After 90 minutes of incubation at room temperature, the phosphorylation reaction was stopped by the addition of 10 uL Termination Buffer. The product and substrate in each independent reaction were separated on a 12-sipper microfluidic chip (Caliper Life Sciences, Hopkinton, Mass.) run on a Caliper LC3000 (Caliper Life Sciences, Hopkinton, Mass.). The separation of product and substrate was optimized by choosing voltages and pressure using Caliper's Optimizer software (Hopkinton, Mass.). The separation conditions used a downstream voltage of -500V, an upstream voltage of -2150V, and a screening pressure of -1.2 psi. The product and substrate fluorophore were excited at 488 nm and detected at 530 nm. Substrate conversion was calculated from the electropherogram using HTS Well Analyzer software (Caliper Life Sciences, Hopkinton, Mass.). Ki values for the test compound were calculated.",CHEMBL3886942,,17794560,ChEMBL_37,,5-azaindazole compounds and methods of use,2016,CHEMBL2147,assay format | cell-based format
97052,CCN(CC)CCCc1cc(Nc2cc(C3CC3)n[nH]2)nc(NCc2cc(-c3ccccc3)no2)n1,P08069,7.30102999566398,gt_6,001c5b0d0603ac779d7e3704b27ac6304504aab4d6aa06fce1312a4af82eee7a,connectivity_level_pchembl_match_stereo_unresolved_unique_record,CHEMBL3954655,,connectivity search only; stereochemical identity not independently verified,CHEMBL1957;CHEMBL4748221,16901759 | 16902286,IC50,< | =,50.0,nM,7.30,CHEMBL3882755 | CHEMBL3882756,Inhibition of human IGF1R kinase domain (M954 to C1367 residues) tri-phosphorylated enzyme form expressed in baculovirus based expression system using poly-EY peptide incubated for 2 hrs by luciferase-luciferin coupled chemiluminescent assay | Inhibition of human IGF1R kinase domain (M954 to C1367 residues) un-phosphorylated apo-enzyme form expressed in baculovirus based expression system using poly-EY peptide incubated for 2 hrs by luciferase-luciferin coupled chemiluminescent assay,CHEMBL3882726,,16901759,ChEMBL_37,,Pyrimidine Derivatives As Kinase Modulators and Method of Use,2008,CHEMBL1957,assay format
97846,C#Cc1ccc(N(C)C2CCN(c3ncnc4[nH]ccc34)C2)nc1,O60674,10.259637310505758,gt_6,00197c009dced18055933752531ae605a5cf463eff5345a041bc1ea5d08ddc81,connectivity_level_pchembl_match_stereo_unresolved_multiple_records,CHEMBL3960416,,connectivity search only; stereochemical identity not independently verified,CHEMBL2363062;CHEMBL2971;CHEMBL3038492;CHEMBL3301390;CHEMBL3301392;CHEMBL4630750;CHEMBL4742263;CHEMBL4802035;CHEMBL5482983,17766482 | 26633086 | 26633087 | 26633088 | 27722063 | 27722064 | 27722065,IC50 | k_off | kon,< | =,0.055 | 100.0,nM | s-1,10.26,CHEMBL3888425 | CHEMBL5730225 | CHEMBL5734275,"Enzymatic Assay: JAK1/2/3 kinase assay are performed in vitro using Kit-Tyr 6 Peptide (Invitrogen, Cat. No. PV4122). TYK2 kinase assay are performed in vitro using Z'-LYTE™ Kinase Assay Kit-Tyr 3 Peptide (Invitrogen, Cat. No. PV3192). Recombinant human JAK1/2/3 or TYK2 catalytic domains are from Invitrogen (Cat No. PV4774/PV4210/PV3855/PV4790); All reactions (20 μL) are started by adding 2.5 μL of the testing compound in 4% DMSO solution, 5 μL of Kinase/Peptide substrate Mixture (3.2, 0.04, 0.2 or 8 μg/mL for Recombinant human JAK1/2/3 catalytic domains, 4 μM for Z-LYTE™ Tyr 6 peptide or Z-LYTE™ Tyr 3 peptide) or Phospho-Peptide solution (Invitrogen, Cat. No. PV3192, diluted with 1.33× Kinase Buffer), 2.5 μL ATP Solution (300/100/40/100M, JAK1/JAK2/JAK3/TYK2) or 1.33× Kinase Buffer (Invitrogen, Cat. No. PV3189, 5× diluted with distilled water). The 384-well assay plate (Corning, Cat. No. 3575) is mixed and incubated at room temperature for 1 hour. 5 μL of the Development Solution (Dilute Development Reagent A (Cat. No. PV3297) is diluted to 1/64 with Development Buffer (Cat. No. PV3127) for JAK1, JAK2 and JAK3 assay; Development Reagent A (Cat. No. PV3297) is diluted to 1/2048 with Development Buffer (Cat. No. PV3127) for TYK2 assay. The diluted Development Solution is then added to each well, mixed and incubated at room temperature for another 1 hour. The kinase reaction is then stopped by adding 5 μL of the Stop Reagent (Invitrogen, Cat. No. PV3094), and the plate is read with Wallac 1420 VICTOR3 Multilabel Counter (PerkinElmer™) at 445 nm and 520 nm fluorescence. All compounds are initially tested at 8 different concentrations (1 μM down to 0.0003 μM) using a 1:3 serial dilution scheme. | Enzymatic Assay: JAK1/2/3 kinase assay are performed in vitro using Kit-Tyr 6 Peptide (Invitrogen, Cat. No. PV4122). TYK2 kinase assay are performed in vitro using Z′-LYTE Kinase Assay Kit-Tyr 3 Peptide (Invitrogen, Cat. No. PV3192). Recombinant human JAK1/2/3 or TYK2 catalytic domains are from Invitrogen (Cat No. PV4774/PV4210/PV3855/PV4790); All reactions (20 μL) are started by adding 2.5 μL of the testing compound in 4% DMSO solution, 5 μL of Kinase/Peptide substrate Mixture (3.2, 0.04, 0.2 or 8 μg/mL for Recombinant human JAK1/2/3 catalytic domains, 4 μM for Z-LYTE Tyr 6 peptide or Z-LYTE Tyr 3 peptide) or Phospho-Peptide solution (Invitrogen, Cat. No. PV3192, diluted with 1.33× Kinase Buffer), 2.5 μL ATP Solution (300/100/40/100 μM, JAK1/JAK2/JAK3/TYK2) or 1.33× Kinase Buffer (Invitrogen, Cat. No. PV3189, 5× diluted with distilled water). The 384-well assay plate (Corning, Cat. No. 3575) is mixed and incubated at room temperature for 1 hour. 5 μL of the Development Solution (Dilute Development Reagent A (Cat. No. PV3297) is diluted to 1/64 with Development Buffer (Cat. No. PV3127) for JAK1, JAK2 and JAK3 assay; Development Reagent A (Cat. No. PV3297) is diluted to 1/2048 with Development Buffer (Cat. No. PV3127) for TYK2 assay. The diluted Development Solution is then added to each well, mixed and incubated at room temperature for another 1 hour. The kinase reaction is then stopped by adding 5 μL of the Stop Reagent (Invitrogen, Cat. No. PV3094), and the plate is read with Wallac 1420 VICTOR3 Multilabel Counter (PerkinElmer) at 445 nm and 520 nm fluorescence. All compounds are initially tested at 8 different concentrations (1 μM down to 0.0003 μM) using a 1:3 serial dilution scheme.",CHEMBL3886703 | CHEMBL5727237,,17766482;26633086,ChEMBL_37,,Pyrrolopyrimidine compounds and uses thereof,2016 | 2019,CHEMBL2971,single protein format
99152,O=C(Nc1nc2cc(C3(O)c4ccccc4C(=O)N3c3cccc(Cl)c3F)ccc2[nH]1)C1CC1,P04049,6.999999999999999,gt_6,00202658378e02f34c4b3d05ac7bbfcb048ada75bd40cdc8d289178a4c4d05e6,pair_activity_found_no_exact_pchembl_match,CHEMBL3969503,,connectivity search only; stereochemical identity not independently verified,CHEMBL1906;CHEMBL2111351;CHEMBL3559685;CHEMBL3883317;CHEMBL3885566;CHEMBL4106189;CHEMBL5291962;CHEMBL5291977,16909846,IC50,<,100.0,nM,,CHEMBL3883117,Inhibition of c-Raf1 (unknown origin) pre-incubated for 30 mins by luciferase-luciferin-coupled chemiluminescence assay,CHEMBL3882735,,,ChEMBL_37,,Raf modulators and methods of use,2010,CHEMBL1906,single protein format
99657,COc1cc(OC)cc(N(CC2CC2)c2ccc3ncc(-c4cnn(CCCNCCS(C)(=O)=O)c4)nc3c2)c1,P22607,6.408667461385739,gt_6,001123d472f4d302638f072fd29b36e1c6bde39b165261e80d2c60dd9db7dd13,pair_activity_found_no_exact_pchembl_match,CHEMBL3973820,,connectivity search only; stereochemical identity not independently verified,CHEMBL2095217;CHEMBL2742;CHEMBL5291680,16867402 | 16868036 | 16872697,IC50,= | >,10000.0 | 3.548 | 588.84,nM,6.23 | 8.45,CHEMBL3880339 | CHEMBL3880344 | CHEMBL3880345,Inhibition of FGFR3 (unknown origin) transfected in mouse BA/F3 cells assessed as decrease in cell proliferation in absence of mouse IL3 after 24 hrs by Alamar blue assay | Inhibition of FGFR3 (unknown origin) transfected in mouse BA/F3 cells assessed as decrease in cell proliferation in presence of mouse IL3 after 24 hrs by Alamar blue assay | Inhibition of human FGFR3 using Btn-Flt3 as substrate after 60 mins by TR-FRET assay,CHEMBL3879910,,,ChEMBL_37,,Pyrazolyl quinoxaline kinase inhibitors,2014,CHEMBL2742,cell-based format | single protein format
100130,COc1cc2c(Nc3ccc(Br)c(Cl)c3Cl)ncnc2cc1OCC1CN(C)CCO1,P54760,7.30102999566398,gt_6,002380ce502f6380e1901d5701a2c3d0249470fec630a0056070e203c7440af6,pair_activity_found_no_exact_pchembl_match,CHEMBL3977503,,connectivity search only; stereochemical identity not independently verified,CHEMBL2363043;CHEMBL4523737;CHEMBL5147,16905573,IC50,<,50.0,nM,,CHEMBL3883066,Inhibition of recombinant human N-terminal His6-tagged EphB4 kinase domain (E605 to E890 residues) expressed in baculovirus using poly-AEKY as substrate after 150 mins in presence of gamma33P-ATP by liquid scintillation spectrometry,CHEMBL3882729,,,ChEMBL_37,,Receptor-type kinase modulators and methods of use,2009,CHEMBL5147,assay format
103508,CCc1ccc2c(C=C3Oc4c(ccc(OC)c4CN4CCNCC4)C3=O)c[nH]c2n1,P11309,8.958607314841775,gt_6,0016ad82dcbc454097861ea4b5c190f92b8d34517fa4dd0b48da299d7c2067df,connectivity_level_pchembl_match_stereo_unresolved_unique_record,CHEMBL4074201,,connectivity search only; stereochemical identity not independently verified,CHEMBL2147;CHEMBL3430900;CHEMBL3559682,17978463,IC50,=,1.1,nM,8.96,CHEMBL3997623,Inhibition of PIM1 (unknown origin) using 5-FAM-RSRHSSYPAGT-CONH2 as substrate after 2 hrs by electrophoretic mobility shift assay,CHEMBL3994673,10.1021/acsmedchemlett.6b00518,17978463,ChEMBL_37,,Design and Synthesis of Potent and Selective PIM Kinase Inhibitors by Targeting Unique Structure of ATP-Binding Pocket.,ACS Med Chem Lett 2017,CHEMBL2147,single protein format
103669,CN(c1ncnc2[nH]ccc12)C1CC(CS(=O)(=O)C2CC2)C1,P52333,5.096910013008057,le_6,003e77b2f41434e3f4f71a771cd2e9437c57c025a51ddbc4016c09b592e42f22,pair_activity_found_no_exact_pchembl_match,CHEMBL4075575,,connectivity search only; stereochemical identity not independently verified,CHEMBL2148;CHEMBL2363062;CHEMBL3038491;CHEMBL4802035;CHEMBL6066057,18107208,IC50,>=,8000.0,nM,,CHEMBL4022976,Inhibition of recombinant human JAK3 using FITC-KGGEEEEYFELVKK as substrate in presence of 1 mM ATP by mobility shift assay,CHEMBL4020822,10.1021/acs.jmedchem.7b01598,,ChEMBL_37,,"Identification of N-{cis-3-[Methyl(7H-pyrrolo[2,3-d]pyrimidin-4-yl)amino]cyclobutyl}propane-1-sulfonamide (PF-04965842): A Selective JAK1 Clinical Candidate for the Treatment of Autoimmune Diseases.",J Med Chem 2018,CHEMBL2148,single protein format
105148,CCC(=O)N1CCC(N2C(=O)N(c3cc(OC)ccc3F)Cc3cnc(Nc4ccc(N5CCN(C)CC5)cc4OC)nc32)C1,P00533,5.795880017344075,le_6,00446f33d2547db51336625e3aeafea9dce6ebd8e1716cb09c940ff2f338682d,connectivity_level_pchembl_match_stereo_unresolved_unique_record,CHEMBL4087383,,connectivity search only; stereochemical identity not independently verified,CHEMBL203;CHEMBL2111431;CHEMBL2363049;CHEMBL3137284;CHEMBL4523680;CHEMBL4523747;CHEMBL4523998;CHEMBL4802031;CHEMBL5465557;CHEMBL6066839;CHEMBL6066845;CHEMBL6193792;CHEMBL6193830;CHEMBL6193837;CHEMBL6193841;CHEMBL6195769,18172265,IC50,=,1600.0,nM,5.80,CHEMBL4038017,Inhibition of recombinant human wild type GST-tagged EGFR cytoplasmic domain (668 to 1210 residues) expressed in baculovirus using tyr4 peptide as substrate after 1 hr by FRET-based Z'-Lyte assay,CHEMBL4033795,10.1021/acs.jmedchem.7b01612,18172265,ChEMBL_37,,"Design, Synthesis, and Structure-Activity Relationship Study of 2-Oxo-3,4-dihydropyrimido[4,5- d]pyrimidines as New Colony Stimulating Factor 1 Receptor (CSF1R) Kinase Inhibitors.",J Med Chem 2018,CHEMBL203,assay format
105619,COC(=O)C1=C(Nc2ccccc2Cl)OC(=Cc2c[nH]c3ncccc23)C1=O,P49840,7.431798275933004,gt_6,001a8340686cd50c345e4ad2bc9653317186017e3b3b816b2a0af8458f1c2325,connectivity_level_pchembl_match_stereo_unresolved_unique_record,CHEMBL4089159,,connectivity search only; stereochemical identity not independently verified,CHEMBL2095188;CHEMBL2850;CHEMBL6177904,18052911 | 18052937,IC50 | Inhibition,=,37.0 | 85.7,% | nM,7.43,CHEMBL4011923 | CHEMBL4011950,Inhibition of GSK3alpha (unknown origin) at 0.1 uM pretreated for 30 mins followed by substrate addition measured after 5 hrs in presence of 1 mM ATP relative to control | Inhibition of GSK3alpha (unknown origin) pretreated for 30 mins followed by substrate addition measured after 5 hrs in presence of 1 mM ATP,CHEMBL4011589,10.1016/j.ejmech.2017.02.030,18052937,ChEMBL_37,,Discovery of novel furanone derivatives as potent Cdc7 kinase inhibitors.,Eur J Med Chem 2017,CHEMBL2850,single protein format
106476,FC(F)(F)c1cccc(C=Cc2cnc3ccc(Cl)nn23)c1,Q13627,5.050609993355086,le_6,0024aff9697fe5c921487b11a82e32c89e8b04f656a58d11dd608e45b3d59ac4,connectivity_level_pchembl_match_stereo_unresolved_unique_record,CHEMBL4097256,,connectivity search only; stereochemical identity not independently verified,CHEMBL2292;CHEMBL6195513;CHEMBL6195553,18193124,IC50,=,8900.0,nM,5.05,CHEMBL4041963,Inhibition of GST tagged recombinant human DYRK1A expressed in Escherichia coli using woodtide as substrate after 30 mins by [gamma-33P]ATP based scintillation counting analysis,CHEMBL4041493,10.1016/j.ejmech.2016.09.064,18193124,ChEMBL_37,,"Exploration of the imidazo[1,2-b]pyridazine scaffold as a protein kinase inhibitor.",Eur J Med Chem 2017,CHEMBL2292,assay format
109953,C=CC(=O)Nc1cc(-n2c(=O)ccc3cnc4ccc(-c5ccsc5)cc4c32)ccc1C,P51451,6.465973893943865,gt_6,001b1311de19b79ec5e7dcd3dbf5ddd3d17cc05ef658a6972476e6d3516f3849,connectivity_level_pchembl_match_stereo_unresolved_unique_record,CHEMBL4173695,,connectivity search only; stereochemical identity not independently verified,CHEMBL2250;CHEMBL2363074,18307226,IC50,=,342.0,nM,6.47,CHEMBL4130922,"Inhibition of recombinant full length His-tagged human BLK expressed in baculovirus expression system using poly (4:1 Glu, Tyr) as substrate preincubated for 1 hr followed by substrate addition measured after 1 hr by ADP-glo assay",CHEMBL4130348,10.1016/j.ejmech.2017.06.016,18307226,ChEMBL_37,,Structure-activity relationship investigation for benzonaphthyridinone derivatives as novel potent Bruton's tyrosine kinase (BTK) irreversible inhibitors.,Eur J Med Chem 2017,CHEMBL2250,assay format
110197,Fc1cccc(Nc2nc(N3CCOCC3)c3nc[nH]c3n2)c1,O14757,5.443697499232714,le_6,003d9b07ed261ad48efea62a53755c7c37ab8ae3d6efd71cdd1da57e1b1db9d3,connectivity_level_pchembl_match_stereo_unresolved_unique_record,CHEMBL4176473,,connectivity search only; stereochemical identity not independently verified,CHEMBL3883296;CHEMBL4630,18420955 | 18421059,IC50 | Inhibition,=,3600.0 | 92.0,% | nM,5.44,CHEMBL4153910 | CHEMBL4153911,Inhibition of CHK1 (unknown origin) at 10 uM using Cdc25 peptide as substrate preincubated for 30 mins followed by substrate addition and measured after 60 mins by ADP-Glo kinase assay | Inhibition of CHK1 (unknown origin) using Cdc25 peptide as substrate preincubated for 30 mins followed by substrate addition and measured after 60 mins by ADP-Glo kinase assay,CHEMBL4152229,10.1016/j.ejmech.2018.03.075,18420955,ChEMBL_37,,"Synthesis and biological evaluation of 2,6-disubstituted-9H-purine, 2,4-disubstitued-thieno[3,2-d]pyrimidine and -7H-pyrrolo[2,3-d]pyrimidine analogues as novel CHK1 inhibitors.",Eur J Med Chem 2018,CHEMBL4630,single protein format
113634,CCn1cc(-c2ccc3c(c2)CCN3C(=O)Cc2cccc(OC(F)(F)F)c2)c2c(N)ncnc21,P80192,7.2839966563652,gt_6,00148ebcfcc9f167aaae95cdacb1be97b64987f8ca840eb303c22e7b29a9b539,connectivity_level_pchembl_match_stereo_unresolved_unique_record,CHEMBL4281823,,connectivity search only; stereochemical identity not independently verified,CHEMBL2872;CHEMBL6066127,18737816,IC50,=,52.0,nM,7.28,CHEMBL4261422,Inhibition of recombinant human MLK1 (134 to 414 residues) using casein as substrate after 40 mins in presence of [gamma-33P]-ATP by scintillation counting analysis,CHEMBL4257593,10.1021/acs.jmedchem.8b01652,18737816,ChEMBL_37,,"Identification of 5-(2,3-Dihydro-1 H-indol-5-yl)-7 H-pyrrolo[2,3- d]pyrimidin-4-amine Derivatives as a New Class of Receptor-Interacting Protein Kinase 1 (RIPK1) Inhibitors, Which Showed Potent Activity in a Tumor Metastasis Model.",J Med Chem 2018,CHEMBL2872,single protein format
114749,O=C(Nc1cc(C(F)(F)F)cc(C(F)(F)F)c1)c1n[nH]nc1O,Q14164,4.0,le_6,003cf0b712d9f43f75f399367d0360ad12905dfdf3489adc55be98d60c74d075,pair_activity_found_no_exact_pchembl_match,CHEMBL4293673,,connectivity search only; stereochemical identity not independently verified,CHEMBL3038486;CHEMBL3529;CHEMBL4296146,18746448 | 18746457,IC50 | Inhibition,= | >,100000.0 | 15.3,% | nM,,CHEMBL4263047 | CHEMBL4263048,Inhibition of human IKKepsilon at 100 uM using ERLLDDRHDSGLDSMKDEE as substrate after 60 mins in presence of ATP by ADP-Glo kinase assay relative to control | Inhibition of human IKKepsilon using ERLLDDRHDSGLDSMKDEE as substrate after 60 mins in presence of ATP by ADP-Glo kinase assay,CHEMBL4261552,10.1039/C7MD00278E,,ChEMBL_37,,"4-Hydroxy-<i>N</i>-[3,5-bis(trifluoromethyl)phenyl]-1,2,5-thiadiazole-3-carboxamide: a novel inhibitor of the canonical NF-κB cascade.",Medchemcomm 2017,CHEMBL3529,single protein format
119673,CCc1c(C#Cc2cnc3cnccn23)cccc1C(=O)Nc1cc(CN2CCN(C)CC2)cc(C(F)(F)F)c1,Q16288,6.889410289700751,gt_6,0021644b058c0952249794ef85c3da3c5c9fd3c3b9b0acdebefea4355dd89a04,connectivity_level_pchembl_match_stereo_unresolved_unique_record,CHEMBL4473502,,connectivity search only; stereochemical identity not independently verified,CHEMBL3559684;CHEMBL5608,19049190,IC50,=,129.0,nM,6.89,CHEMBL4354364,Inhibition of recombinant human His-tagged TrkC cytoplasmic domain (510 to 825 residues) expressed in baculovirus using tyr 01 as substrate incubated for 1 hr by Z'-Lyte assay,CHEMBL4351015,10.1016/j.ejmech.2019.06.064,19049190,ChEMBL_37,,"Design, synthesis and biological evaluation of 3-(imidazo[1,2-a]pyrazin-3-ylethynyl)-2-methylbenzamides as potent and selective pan-tropomyosin receptor kinase (TRK) inhibitors.",Eur J Med Chem 2019,CHEMBL5608,assay format
119814,CC(C)n1cc(Nc2nccc(-c3ccn(C(CO)c4ccc(Cl)c(F)c4)c(=O)c3)n2)cn1,P28482,7.999999999999998,gt_6,001f1d750b252acd1ee25db5178b3c1f3d90ed7e4c73f6bd335a18d4a0c9778f,connectivity_level_pchembl_match_stereo_unresolved_unique_record,CHEMBL4474917,,connectivity search only; stereochemical identity not independently verified,CHEMBL1907606;CHEMBL3885566;CHEMBL4040;CHEMBL6066552;CHEMBL6195573,19403853,IC50,=,10.0,nM,8.00,CHEMBL4425912,Inhibition of ERK2 (unknown origin),CHEMBL4425105,10.1021/acs.jmedchem.6b00389,19403853,ChEMBL_37,,"Discovery of (S)-1-(1-(4-Chloro-3-fluorophenyl)-2-hydroxyethyl)-4-(2-((1-methyl-1H-pyrazol-5-yl)amino)pyrimidin-4-yl)pyridin-2(1H)-one (GDC-0994), an Extracellular Signal-Regulated Kinase 1/2 (ERK1/2) Inhibitor in Early Clinical Development.",J Med Chem 2016,CHEMBL4040,single protein format
120469,CP(C)(=O)c1ccccc1Nc1nc(Nc2ccc(C(=O)N3CCOCC3)cc2)nc2[nH]ccc12,Q05397,7.206908399823419,gt_6,0015741c8b217131d93bf0eaf5fd7d326b6511ec45f29c173d94c11acd505fe6,connectivity_level_pchembl_match_stereo_unresolved_unique_record,CHEMBL4517847,,connectivity search only; stereochemical identity not independently verified,CHEMBL2695;CHEMBL3301389;CHEMBL4523741;CHEMBL4680052,18890081,IC50,=,62.1,nM,7.21,CHEMBL4314077,Inhibition of recombinant N-terminal GST-tagged human FAK (327 to 1052 residues) expressed in baculovirus expression system using TK as substrate incubated for 50 mins in presence of ATP and measured after 1 hr by HTRF assay,CHEMBL4311976,10.1016/j.ejmech.2019.111716,18890081,ChEMBL_37,,"Design, synthesis and biological evaluation of novel 7H-pyrrolo[2,3-d]pyrimidine derivatives as potential FAK inhibitors and anticancer agents.",Eur J Med Chem 2019,CHEMBL2695,assay format
121066,Cc1c(OCC2CCN(C)CC2)nn(-c2ccccc2)c1NC(=O)NC1CN(CC(F)(F)F)C2COc3ccccc3C12,P04629,9.19382002601611,gt_6,001f8666850985d34536a39c79d5d0bc18c65f75697f2d2ff8de71a033f4c959,connectivity_level_pchembl_match_stereo_unresolved_unique_record,CHEMBL4528960,,connectivity search only; stereochemical identity not independently verified,CHEMBL2815;CHEMBL3559684;CHEMBL3883331;CHEMBL4523622;CHEMBL4742268,19031453,IC50,=,0.64,nM,9.19,CHEMBL4349463,Inhibition of human TRKA expressed in human TF1 cells by CellTiter-Glo Luminescent assay,CHEMBL4346723,10.1016/j.ejmech.2019.04.053,19031453,ChEMBL_37,,Targeting tropomyosin receptor kinase for cancer therapy.,Eur J Med Chem 2019,CHEMBL2815,cell-based format
121750,COc1cccc(C=CC(=O)c2ccc(NC(=O)c3cc4cc5cc(C)ccc5nc4s3)cc2)c1,P00533,5.537602002101044,le_6,001365c3474de82b6e1c587ddb4f753dbfc72712149b215f8753a17c7ede53f0,connectivity_level_pchembl_match_stereo_unresolved_unique_record,CHEMBL4540070,,connectivity search only; stereochemical identity not independently verified,CHEMBL203;CHEMBL2111431;CHEMBL2363049;CHEMBL3137284;CHEMBL4523680;CHEMBL4523747;CHEMBL4523998;CHEMBL4802031;CHEMBL5465557;CHEMBL6066839;CHEMBL6066845;CHEMBL6193792;CHEMBL6193830;CHEMBL6193837;CHEMBL6193841;CHEMBL6195769,19112704,IC50,=,2900.0,nM,5.54,CHEMBL4370781,Inhibition of His6-tagged EGFR cytoplasmic domain (645 to 1186 residues) (unknown origin) expressed in baculovirus infected Sf9 insect cells after 10 mins by DELFIA/time-resolved fluorometry,CHEMBL4368931,10.1016/j.bmc.2019.02.012,19112704,ChEMBL_37,,Discovery of novel thienoquinoline-2-carboxamide chalcone derivatives as antiproliferative EGFR tyrosine kinase inhibitors.,Bioorg Med Chem 2019,CHEMBL203,cell-based format
123963,N#Cc1ccc(CN2C(=O)C(=Nc3ccc(NC(=O)Nc4ccc(S(N)(=O)=O)cc4)cc3)c3ccccc32)cc1,P35968,6.683945741011394,gt_6,000bd4d5580cdb3ee2c335b2d47c852ffd29cbe84f3845c0f1392a0550e3a6ce,connectivity_level_pchembl_match_stereo_unresolved_unique_record,CHEMBL4569077,,connectivity search only; stereochemical identity not independently verified,CHEMBL2095227;CHEMBL2111336;CHEMBL2111375;CHEMBL2111409;CHEMBL2111428;CHEMBL2111434;CHEMBL2111439;CHEMBL2111440;CHEMBL2111480;CHEMBL279;CHEMBL4630759;CHEMBL5291691;CHEMBL5482997,19163561,IC50,=,207.04,nM,6.68,CHEMBL4383827,Inhibition of VEGFR2 (unknown origin) using poly[Glu:Tyr] (4:1) as substrate measured after 5 mins by Alphascreen assay,CHEMBL4382220,10.1016/j.ejmech.2018.10.068,19163561,ChEMBL_37,,Enhancement of the tail hydrophobic interactions within the carbonic anhydrase IX active site via structural extension: Design and synthesis of novel N-substituted isatins-SLC-0111 hybrids as carbonic anhydrase inhibitors and antitumor agents.,Eur J Med Chem 2019,CHEMBL279,single protein format
123970,Cc1[nH]ncc1-c1cncc(-c2ccc(C(N)=O)c(OC(C)C)c2)c1,Q9HBH9,7.795880017344072,gt_6,0011a7895de036bde15c9b4ccb1bfbf4025009be61b1cc0a96ea8385d21866ba,connectivity_level_pchembl_match_stereo_unresolved_unique_record,CHEMBL4569209,,connectivity search only; stereochemical identity not independently verified,CHEMBL3883293;CHEMBL4204;CHEMBL6195561,19155100 | 19155121 | 25596455,IC50 | INH,=,0.016 | 16.0 | 320.0,nM | uM,6.50 | 7.80,CHEMBL4380947 | CHEMBL4380948 | CHEMBL5357159,Inhibition of MNK1/MNK2 in human HeLa cells overexpressing eIF4E assessed as reduction in eIF4E phosphorylation at Ser209 residue after 2 hrs by Alphascreen SureFly assay | Inhibition of MNK2 (unknown origin) | Inhibition of N-terminal GST-tagged MNK2 (unknown origin) (72 to 385 residues) expressed in Escherichia coli BL21 (DE3) cells using 5-FAM-TATKSGSTTKNRFVV-NH2 peptide as substrate preincubated with enzyme for 10 mins followed by substrate addition after 60 mins in presence of ATP by caliper mobility shift assay,CHEMBL4376877 | CHEMBL5356931,10.1021/acs.jmedchem.9b01582 | 10.1039/d3md00121k,19155100,ChEMBL_37,,Medicinal chemistry approaches to target the MNK-eIF4E axis in cancer. | Stepwise Evolution of Fragment Hits against MAPK Interacting Kinases 1 and 2.,J Med Chem 2020 | RSC Med Chem 2023,CHEMBL3883293 | CHEMBL4204,cell-based format | single protein format
126408,C=CC(=O)Nc1cccc(Nc2nc(NNc3ccccc3)ncc2C(F)(F)F)c1,Q06187,6.0,le_6,003d10355a5efe739c2e4772ba4ffe1fa738be72ff6051a7e8bf18340345a76d,pair_activity_found_no_exact_pchembl_match,CHEMBL4637760,,connectivity search only; stereochemical identity not independently verified,CHEMBL4296642;CHEMBL4523704;CHEMBL4630740;CHEMBL5251;CHEMBL5291968;CHEMBL5482987;CHEMBL6066563;CHEMBL6066564;CHEMBL6066565;CHEMBL6193847;CHEMBL6195602,20631234,IC50,>,1000.0,nM,,CHEMBL4610787,Inhibition of recombinant human His-tagged full length BTK expressed in baculovirus expression system using Ulight-Poly GT as substrate incubated for 2 hrs by Lanthascreen TR-FRET assay,CHEMBL4610007,10.1016/j.bmc.2019.115236,,ChEMBL_37,,Design and synthesis of boron-containing diphenylpyrimidines as potent BTK and JAK3 dual inhibitors.,Bioorg Med Chem 2020,CHEMBL5251,assay format
126652,Cc1noc(C)c1-c1cc2ncc3c(c2cc1C(=O)O)n(C(C)c1ccccn1)c(=O)n3C,O60885,4.590207949510984,le_6,003140c8736057584a8aa2d8a3c66a349b67482b216e2426c31488f9d1341bc1,pair_activity_found_no_exact_pchembl_match,CHEMBL4639916,,connectivity search only; stereochemical identity not independently verified,CHEMBL1163125;CHEMBL4106143;CHEMBL4296133;CHEMBL4296138;CHEMBL4296140;CHEMBL4296145;CHEMBL4296148;CHEMBL4296614;CHEMBL4523719;CHEMBL4523722;CHEMBL5291944;CHEMBL5291964;CHEMBL5465397;CHEMBL5465399;CHEMBL6066147;CHEMBL6066148;CHEMBL6066149;CHEMBL6193809;CHEMBL6193818;CHEMBL6193832;CHEMBL6193834;CHEMBL6195599;CHEMBL6195609,20696189 | 20696190 | 20696191,IC50 | Selectivity Index,= | >,12589.25 | 4.0 | 50118.72,nM,4.90,CHEMBL4626976 | CHEMBL4626980 | CHEMBL4626995,"Displacement of Alexa Fluor 647 labelled I-BET762 from N-terminal His6-tagged human BRD4 BD1 (1 to 477 residues)/BD2 Y390A mutant expressed in Escherichia coli after 1 hr by TR-FRET assay | Displacement of Alexa Fluor 647 labelled I-BET762 from N-terminal His6-tagged human BRD4 BD2 (1 to 477 residues)/BD1 Y97A mutant expressed in Escherichia coli after 1 hr by TR-FRET assay | Selectivity index, difference between pIC50 for N-terminal His6-tagged human BRD4 BD1 (1 to 477 residues)/BD2 Y390A mutant expressed in Escherichia coli to pIC50 for N-terminal His6-tagged human BRD4 BD2 (1 to 477 residues)/BD1 Y97A mutant expressed in Escherichia coli",CHEMBL4622984,10.1021/acs.jmedchem.0c00566,,ChEMBL_37,,Structure-Based Design of a Bromodomain and Extraterminal Domain (BET) Inhibitor Selective for the N-Terminal Bromodomains That Retains an Anti-inflammatory and Antiproliferative Phenotype.,J Med Chem 2020,CHEMBL1163125,assay format
129369,Nc1[nH]n2c(=O)cc(-c3ccc(Cl)cc3)nc2c1-c1ccccn1,Q96RG2,4.999999999999999,le_6,000e9bb9b0d9b55a1f4ec4cd2ff5a84bf619e5c496e653c4c1dfdb5d7d3bb4fe,no_structure_candidate_current_ChEMBL,,,connectivity search only; stereochemical identity not independently verified,CHEMBL6054,,,,,,,,,,,,ChEMBL_37,,,,,
131088,CCOc1nc(Nc2ccc(C(=O)N3CCOCC3C)cc2OC)nc2[nH]ccc12,Q5S007,7.441768111082956,gt_6,0010f615579bcaadf41acff2c221af82db7626a7c561705dd46dcf5c25237c3b,pair_activity_found_no_exact_pchembl_match,CHEMBL4740170;CHEMBL4780229,,connectivity search only; stereochemical identity not independently verified,CHEMBL1075104;CHEMBL5465219;CHEMBL5465239,22844478 | 22844479 | 22844500 | 22844501,IC50,=,100.0 | 15.85 | 7.943 | 79.43,nM,7.00 | 7.10 | 7.80 | 8.10,CHEMBL4721243 | CHEMBL4721244,Inhibition of recombinant His6-Tev-LRRK2 (1326 to 2527 residues) (unknown origin) using LRRKtide as substrate preincubated for 30 mins followed by substrate addition and measured after 2 hrs in presence of ATP by TR-FRET assay | Inhibition of recombinant full-length LRRK2 (unknown origin) expressed in SH-SY5Y cells assessed as reduction in Ser935 phosphorylation after 60 mins by Alpha Screen assay,CHEMBL4715821,10.1016/j.bmcl.2018.03.045,,ChEMBL_37,,"Discovery of 4-ethoxy-7H-pyrrolo[2,3-d]pyrimidin-2-amines as potent, selective and orally bioavailable LRRK2 inhibitors.",Bioorg Med Chem Lett 2018,CHEMBL1075104,cell-based format | single protein format
135077,CC(O)(C#Cc1ccc2nc(O)cc(-c3cn[nH]c3)c2c1)c1nccs1,Q99558,7.413412695328245,gt_6,0004d5b7c49182fc7144db47e8a25cd4fbf791c76542da6d39dd4f99455afbd9,connectivity_level_pchembl_match_stereo_unresolved_unique_record,CHEMBL4789600,,connectivity search only; stereochemical identity not independently verified,CHEMBL5888,22436454,IC50,=,38.6,nM,7.41,CHEMBL4677596,Inhibition of recombinant N-terminal GST-fused human NIK (319 to 947 residues) expressed in baculovirus expression system incubated for 120 mins in presence of ATP by ADP-glo based luminescence assay,CHEMBL4673294,10.1016/j.bmc.2020.115856,22436454,ChEMBL_37,,"The discovery of quinoline derivatives, as NF-κB inducing kinase (NIK) inhibitors with anti-inflammatory effects in vitro, low toxicities against T cell growth.",Bioorg Med Chem 2021,CHEMBL5888,assay format
139897,c1cc(-c2n[nH]c3ccc(-c4nncn4C4CC4)cc23)cc(-n2cnc(C3CC3)c2)c1,Q99683,6.133170092120527,gt_6,00118e5ac974a89446d9a66ecb7d3a8137958351a9f6a965ac8ee98116a2cfc7,pair_activity_found_no_exact_pchembl_match,CHEMBL4869497,,connectivity search only; stereochemical identity not independently verified,CHEMBL5285,23283932 | 23283953 | 23283969,IC50 | Inhibition,=,50.0 | 7045.0 | 96.28,% | nM,5.15 | 7.30,CHEMBL4837908 | CHEMBL4837909 | CHEMBL4837910,Inhibition of ASK1 in human HEK293 cells transfected with AP1 assessed as inhibition of AP1-induced firefly luciferase activity at 10 uM preincubated for 1 hr followed by PMA stimulation and measured after 6 hrs by luciferase reporter assay relative to control | Inhibition of ASK1 in human HEK293 cells transfected with AP1 assessed as inhibition of AP1-induced firefly luciferase activity preincubated for 1 hr followed by PMA stimulation and measured after 6 hrs by luciferase reporter assay | Inhibition of human full length recombinant ASK1 using STK-Substrate-3 biotin as substrate in presence of ATP measured after 2 hrs by HTRP kinase assay,CHEMBL4837198,10.1016/j.ejmech.2021.113482,,ChEMBL_37,,"Design, synthesis and biological evaluation of 1H-indazole derivatives as novel ASK1 inhibitors.",Eur J Med Chem 2021,CHEMBL5285,cell-based format | single protein format
140674,Cc1cc(C(=O)N2CCC(c3cn(C4CCC(O)CC4)c4nc(NC(C)c5ccccc5)ncc34)CC2)cc(C)n1,P36888,5.308034897232639,le_6,0031c22ce21ea888710948cc8abf74de1d5f53dc69a98b597651da5d3aced789,connectivity_level_pchembl_match_stereo_unresolved_unique_record,CHEMBL4875531,,connectivity search only; stereochemical identity not independently verified,CHEMBL1974;CHEMBL3430908;CHEMBL4523735;CHEMBL4630730,23287740,IC50,=,4920.0,nM,5.31,CHEMBL4838705,Inhibition of FLT3 (unknown origin),CHEMBL4837224,10.1016/j.ejmech.2021.113534,23287740,ChEMBL_37,,"UNC5293, a potent, orally available and highly MERTK-selective inhibitor.",Eur J Med Chem 2021,CHEMBL1974,single protein format
