source_row,stratum,prepared_pactivity,uniprot_id,canonical_smiles,molecule_chembl_id,target_chembl_id,target_pref_name,target_type,activity_id,standard_type,standard_relation,standard_value,standard_units,pchembl_value,prepared_pchembl_match,assay_chembl_id,assay_description,assay_format,document_chembl_id,document_title,doi,journal,year
434,gt_6,6.812479279163538,Q16539,Fc1ccc(-c2[nH]c(-c3ccccc3)nc2-c2ccncc2)cc1,CHEMBL416169,CHEMBL260,Mitogen-activated protein kinase 14,SINGLE PROTEIN,12155983,Ratio IC50,=,0.33,,,false,CHEMBL2185573,Ratio of SB203580 IC50 to compound IC50 for inhibition of p38alpha MAPK,single protein format,CHEMBL2176950,A frozen analogue approach to aminopyridinylimidazoles leading to novel and promising p38 MAP kinase inhibitors.,10.1021/jm300852w,J Med Chem,2012
434,gt_6,6.812479279163538,Q16539,Fc1ccc(-c2[nH]c(-c3ccccc3)nc2-c2ccncc2)cc1,CHEMBL416169,CHEMBL260,Mitogen-activated protein kinase 14,SINGLE PROTEIN,12155999,IC50,=,154.0,nM,6.81,true,CHEMBL2185574,Inhibition of p38alpha MAPK,single protein format,CHEMBL2176950,A frozen analogue approach to aminopyridinylimidazoles leading to novel and promising p38 MAP kinase inhibitors.,10.1021/jm300852w,J Med Chem,2012
434,gt_6,6.812479279163538,Q16539,Fc1ccc(-c2[nH]c(-c3ccccc3)nc2-c2ccncc2)cc1,CHEMBL416169,CHEMBL2094115,MAP kinase p38,PROTEIN FAMILY,556060,IC50,=,130.0,nM,6.89,false,CHEMBL732095,Binding affinity towards human Mitogen-activated protein kinase p38 expressed as IC50,protein format,CHEMBL1133966,Substituted imidazoles as glucagon receptor antagonists.,10.1016/s0960-894x(01)00498-x,Bioorg Med Chem Lett,2001
1661,le_6,5.045757490560675,P09619,CCS(=O)(=O)c1ccc2c(c1)C(=Cc1[nH]c3c(c1CCCN1CCN(CCO)CC1)CCCC3)C(=O)N2,CHEMBL57143,CHEMBL1913,Platelet-derived growth factor receptor beta,SINGLE PROTEIN,735361,IC50,=,9000.0,nM,5.05,true,CHEMBL761277,Inhibitory activity against PDGFRbeta tyrosine kinase,single protein format,CHEMBL1146690,Design and synthesis of aminopropyl tetrahydroindole-based indolin-2-ones as selective and potent inhibitors of Src and Yes tyrosine kinase.,10.1016/j.bmcl.2003.09.069,Bioorg Med Chem Lett,2004
2672,le_6,4.999999999999999,Q02750,Cc1c(Cc2ccccc2)c(=O)oc2cc(OC(=O)N(C)C)c(Cl)cc12,CHEMBL80837,CHEMBL3587,Dual specificity mitogen-activated protein kinase kinase 1,SINGLE PROTEIN,1660448,IC50,=,10000.0,nM,5.00,true,CHEMBL853292,Inhibition of activated human MEK1 in MEK-ERK coupling assay,single protein format,CHEMBL1141961,Identification of coumarin derivatives as a novel class of allosteric MEK1 inhibitors.,10.1016/j.bmcl.2005.08.097,Bioorg Med Chem Lett,2005
2672,le_6,4.999999999999999,Q02750,Cc1c(Cc2ccccc2)c(=O)oc2cc(OC(=O)N(C)C)c(Cl)cc12,CHEMBL80837,CHEMBL3587,Dual specificity mitogen-activated protein kinase kinase 1,SINGLE PROTEIN,1662012,Activity,,,,,false,CHEMBL868750,Inhibition of ERK phosphorylation in THP1 cells,cell-based format,CHEMBL1141961,Identification of coumarin derivatives as a novel class of allosteric MEK1 inhibitors.,10.1016/j.bmcl.2005.08.097,Bioorg Med Chem Lett,2005
5742,gt_6,8.522878745280336,P12931,COC(=O)CN1CCC(n2cc(-c3cccc(O)c3)c3c(N)ncnc32)C1,CHEMBL355019,CHEMBL267,Proto-oncogene tyrosine-protein kinase Src,SINGLE PROTEIN,451557,IC50,=,3.0,nM,8.52,true,CHEMBL822437,Inhibition of p60 c-Src tyrosine kinase enzyme activity in liquid-phase tyrosine phosphorylation assay at 830 ng/mL,single protein format,CHEMBL1134003,"7-Pyrrolidinyl- and 7-piperidinyl-5-aryl-pyrrolo[2,3-d]pyrimidines--potent inhibitors of the tyrosine kinase c-Src.",10.1016/s0960-894x(01)00080-4,Bioorg Med Chem Lett,2001
7684,le_6,4.301029995663981,P24941,CONC(=O)c1cc(Nc2ncnn3cc(-c4nnc(C(F)F)o4)c(C(C)C)c23)c(F)cc1F,CHEMBL194498,CHEMBL301,Cyclin-dependent kinase 2,SINGLE PROTEIN,1512659,IC50,>,50000.0,nM,,false,CHEMBL828533,Inhibition of human cyclin-dependent kinase 2,single protein format,CHEMBL1144449,"Design, synthesis, and evaluation of orally active 4-(2,4-difluoro-5-(methoxycarbamoyl)phenylamino)pyrrolo[2,1-f][1,2,4]triazines as dual vascular endothelial growth factor receptor-2 and fibroblast growth factor receptor-1 inhibitors.",10.1021/jm0501275,J Med Chem,2005
9298,gt_6,6.494850021680094,P31749,N#Cc1cccc(CC(N)COc2cncc(C=Cc3ccncc3)c2)c1,CHEMBL205410,CHEMBL4282,RAC-alpha serine/threonine-protein kinase,SINGLE PROTEIN,1697160,IC50,=,320.0,nM,6.50,false,CHEMBL867719,Inhibition of Akt1 using 10 uM ATP,single protein format,CHEMBL1146058,"Discovery of trans-3,4'-bispyridinylethylenes as potent and novel inhibitors of protein kinase B (PKB/Akt) for the treatment of cancer: Synthesis and biological evaluation.",10.1016/j.bmcl.2005.12.017,Bioorg Med Chem Lett,2006
9298,gt_6,6.494850021680094,P31749,N#Cc1cccc(CC(N)COc2cncc(C=Cc3ccncc3)c2)c1,CHEMBL205410,CHEMBL4282,RAC-alpha serine/threonine-protein kinase,SINGLE PROTEIN,2915167,IC50,=,320.0,nM,6.50,false,CHEMBL1049250,Inhibition of Akt,single protein format,CHEMBL1154070,QSAR study of Akt/protein kinase B (PKB) inhibitors using support vector machine.,10.1016/j.ejmech.2009.04.050,Eur J Med Chem,2009
9813,gt_6,7.489330546545115,P00533,COCC(C(N)=O)N(C)Cc1cc2c(Nc3cccc(Cl)c3F)ncnc2cc1OC,CHEMBL379905,CHEMBL203,Epidermal growth factor receptor,SINGLE PROTEIN,1715564,IC50,=,30.0,nM,7.52,false,CHEMBL853149,Inhibition of EGFR in presence of 2 uM ATP,single protein format,CHEMBL1147701,"Novel 4-anilinoquinazolines with C-6 carbon-linked side chains: synthesis and structure-activity relationship of a series of potent, orally active, EGF receptor tyrosine kinase inhibitors.",10.1016/j.bmcl.2006.02.025,Bioorg Med Chem Lett,2006
9813,gt_6,7.489330546545115,P00533,COCC(C(N)=O)N(C)Cc1cc2c(Nc3cccc(Cl)c3F)ncnc2cc1OC,CHEMBL379905,CHEMBL203,Epidermal growth factor receptor,SINGLE PROTEIN,1715599,IC50,=,35.0,nM,7.46,false,CHEMBL853150,Antiproliferative activity against EGF-stimulated human KB cell line,cell-based format,CHEMBL1147701,"Novel 4-anilinoquinazolines with C-6 carbon-linked side chains: synthesis and structure-activity relationship of a series of potent, orally active, EGF receptor tyrosine kinase inhibitors.",10.1016/j.bmcl.2006.02.025,Bioorg Med Chem Lett,2006
10377,le_6,5.698970004336019,Q9NWZ3,CCCCn1c(NC(=O)c2cccc([N+](=O)[O-])c2)nc2ccccc21,CHEMBL209716,CHEMBL3778,Interleukin-1 receptor-associated kinase 4,SINGLE PROTEIN,1724384,IC50,=,2000.0,nM,5.70,true,CHEMBL870864,Inhibition of IRAK4,single protein format,CHEMBL1147720,Discovery and initial SAR of inhibitors of interleukin-1 receptor-associated kinase-4.,10.1016/j.bmcl.2006.03.020,Bioorg Med Chem Lett,2006
11666,gt_6,8.045757490560671,O14965,CN1CCN(c2ccc(C(=O)Nc3n[nH]c4c3CN(C(=O)C(F)c3ccccc3)C4)cc2)CC1,CHEMBL385266,CHEMBL4722,Aurora kinase A,SINGLE PROTEIN,1781953,IC50,=,9.0,nM,8.05,true,CHEMBL911831,Inhibition of Aurora A kinase,single protein format,CHEMBL1137365,"1,4,5,6-tetrahydropyrrolo[3,4-c]pyrazoles: identification of a potent Aurora kinase inhibitor with a favorable antitumor kinase inhibition profile.",10.1021/jm060897w,J Med Chem,2006
11666,gt_6,8.045757490560671,O14965,CN1CCN(c2ccc(C(=O)Nc3n[nH]c4c3CN(C(=O)C(F)c3ccccc3)C4)cc2)CC1,CHEMBL385266,CHEMBL4722,Aurora kinase A,SINGLE PROTEIN,2526290,IC50,=,9.0,nM,8.05,true,CHEMBL993738,Inhibition of aurora A kinase,single protein format,CHEMBL1154007,Discovery and development of aurora kinase inhibitors as anticancer agents.,10.1021/jm8012129,J Med Chem,2009
12714,le_6,5.200659450546419,P78527,O=c1cc(-c2ccccc2C(F)(F)F)oc(N2CCOCC2)c1,CHEMBL223610,CHEMBL3142,DNA-dependent protein kinase catalytic subunit,SINGLE PROTEIN,1832470,IC50,=,6300.0,nM,5.20,true,CHEMBL916755,Inhibition of DNA-PK in HeLa cell nuclear extracts,cell-based format,CHEMBL1143005,"Pyranone, thiopyranone, and pyridone inhibitors of phosphatidylinositol 3-kinase related kinases. Structure-activity relationships for DNA-dependent protein kinase inhibition, and identification of the first potent and selective inhibitor of the ataxia telangiectasia mutated kinase.",10.1021/jm061121y,J Med Chem,2007
12772,gt_6,6.57839607313017,Q16539,COCCNC(=O)c1ccc(C)c(Nc2nc(NC3CCNC3)nc(N(C)CC(C)(C)C)n2)c1,CHEMBL221358,CHEMBL260,Mitogen-activated protein kinase 14,SINGLE PROTEIN,1838271,IC50,=,264.0,nM,6.58,true,CHEMBL904269,Inhibition of human p38-alpha expressed in Escherichia coli,assay format,CHEMBL1149254,The discovery of orally active triaminotriazine aniline amides as inhibitors of p38 MAP kinase.,10.1021/jm049521d,J Med Chem,2004
15471,gt_6,7.886056647693164,P04626,Cc1cncc(Cn2ncc3cc(Nc4ncnn5ccc(CN6CCC(N)CC6)c45)ccc32)c1,CHEMBL248114,CHEMBL1824,Receptor tyrosine-protein kinase erbB-2,SINGLE PROTEIN,2038879,IC50,=,13.0,nM,7.89,true,CHEMBL923200,Inhibition of human recombinant HER2 expressed in insect Sf9 cells,cell-based format,CHEMBL1140690,5-((4-Aminopiperidin-1-yl)methyl)pyrrolotriazine dual inhibitors of EGFR and HER2 protein tyrosine kinases.,10.1016/j.bmcl.2007.06.019,Bioorg Med Chem Lett,2007
19186,le_6,5.796423225022028,P43403,COc1cc(N2CCC(N3CCN(C)CC3)CC2)ccc1Nc1ncc(Cl)c(Nc2ccccc2S(=O)(=O)C(C)C)n1,CHEMBL509032,CHEMBL2803,Tyrosine-protein kinase ZAP-70,SINGLE PROTEIN,10840412,Activity,=,113.0,%,,false,CHEMBL2014718,Inhibition of ZAP70 assessed as residual activity at 1 uM relative to control,single protein format,CHEMBL2010643,Characterization of TAE684 as a potent LRRK2 kinase inhibitor.,10.1016/j.bmcl.2012.01.084,Bioorg Med Chem Lett,2012
19186,le_6,5.796423225022028,P43403,COc1cc(N2CCC(N3CCN(C)CC3)CC2)ccc1Nc1ncc(Cl)c(Nc2ccccc2S(=O)(=O)C(C)C)n1,CHEMBL509032,CHEMBL2803,Tyrosine-protein kinase ZAP-70,SINGLE PROTEIN,10840437,Activity,=,129.0,%,,false,CHEMBL2015827,Inhibition of ZAP70 assessed as residual activity at 10 uM relative to control,single protein format,CHEMBL2010643,Characterization of TAE684 as a potent LRRK2 kinase inhibitor.,10.1016/j.bmcl.2012.01.084,Bioorg Med Chem Lett,2012
19186,le_6,5.796423225022028,P43403,COc1cc(N2CCC(N3CCN(C)CC3)CC2)ccc1Nc1ncc(Cl)c(Nc2ccccc2S(=O)(=O)C(C)C)n1,CHEMBL509032,CHEMBL2803,Tyrosine-protein kinase ZAP-70,SINGLE PROTEIN,2198016,IC50,=,1598.0,nM,5.80,true,CHEMBL1006346,Inhibition of Tel-fused ZAP70 kinase-mediated mouse BaF3 cell proliferation,single protein format,CHEMBL1156430,"Identification of NVP-TAE684, a potent, selective, and efficacious inhibitor of NPM-ALK.",10.1073/pnas.0609412103,Proc Natl Acad Sci U S A,2007
19186,le_6,5.796423225022028,P43403,COc1cc(N2CCC(N3CCN(C)CC3)CC2)ccc1Nc1ncc(Cl)c(Nc2ccccc2S(=O)(=O)C(C)C)n1,CHEMBL509032,CHEMBL2803,Tyrosine-protein kinase ZAP-70,SINGLE PROTEIN,7574449,Kd,=,1600.0,nM,5.80,true,CHEMBL1908441,Binding constant for ZAP70 kinase domain,single protein format,CHEMBL1908390,Comprehensive analysis of kinase inhibitor selectivity.,10.1038/nbt.1990,Nat Biotechnol,2011
19620,gt_6,6.647817481888638,Q00535,CCC(CO)Nc1nc(NCc2ccc(-c3ccccn3)cc2)c2ncn(C(C)C)c2n1,CHEMBL518800,CHEMBL4036,Cyclin-dependent kinase 5,SINGLE PROTEIN,16508010,IC50,=,225.0,nM,6.65,true,CHEMBL3777412,Inhibition of CDK5 (unknown origin) using histone H1 as substrate in presence of [gamma33P]-ATP,single protein format,CHEMBL3774312,"5-Substituted 3-isopropyl-7-[4-(2-pyridyl)benzyl]amino-1(2)H-pyrazolo[4,3-d]pyrimidines with anti-proliferative activity as potent and selective inhibitors of cyclin-dependent kinases.",10.1016/j.ejmech.2016.01.011,Eur J Med Chem,2016
19620,gt_6,6.647817481888638,Q00535,CCC(CO)Nc1nc(NCc2ccc(-c3ccccn3)cc2)c2ncn(C(C)C)c2n1,CHEMBL518800,CHEMBL1907600,Cyclin-dependent kinase 5/CDK5 activator 1,PROTEIN COMPLEX,19176680,IC50,=,225.0,nM,6.65,true,CHEMBL4386149,Inhibition of recombinant human full-length N-terminal GST-His6 fused CDK5 (M1 to P292 residues)/N-terminal His6-tagged p25 (A104 to R307 residues) expressed in baculovirus infected Sf9 insect cells using histone H1 as substrate measured in presence of [gamma-33P]ATP,cell-based format,CHEMBL4385606,"3,5,7-Substituted Pyrazolo[4,3- d]pyrimidine Inhibitors of Cyclin-Dependent Kinases and Their Evaluation in Lymphoma Models.",10.1021/acs.jmedchem.9b00189,J Med Chem,2019
24754,le_6,4.999999999999999,P17948,O=C(Nc1cccc(C(F)(F)F)c1)c1nscc1NCc1ccc(F)c(F)c1,CHEMBL518204,CHEMBL1868,Vascular endothelial growth factor receptor 1,SINGLE PROTEIN,2602419,IC50,>,10000.0,nM,,false,CHEMBL1034023,Inhibition of VEGFR1 assessed as blockade of pGAT-biotin phosphorylation in presence of 2 uM ATP by HTRF assay,single protein format,CHEMBL1136839,"3,4-Disubstituted isothiazoles: novel potent inhibitors of VEGF receptors 1 and 2.",10.1016/j.bmcl.2008.12.078,Bioorg Med Chem Lett,2009
25894,gt_6,6.842154884048157,P08581,CN1CCN(c2ccc(-c3cnc4ccn(S(=O)(=O)c5cccc6nonc56)c4c3)cn2)CC1,CHEMBL551458,CHEMBL3717,Hepatocyte growth factor receptor,SINGLE PROTEIN,2682410,IC50,=,15.0,nM,7.82,false,CHEMBL1062250,Inhibition of human recombinant His-tagged c-Met by TR-FRET assay,single protein format,CHEMBL1152913,Discovery of 4-azaindoles as novel inhibitors of c-Met kinase.,10.1016/j.bmcl.2009.03.110,Bioorg Med Chem Lett,2009
25894,gt_6,6.842154884048157,P08581,CN1CCN(c2ccc(-c3cnc4ccn(S(=O)(=O)c5cccc6nonc56)c4c3)cn2)CC1,CHEMBL551458,CHEMBL3717,Hepatocyte growth factor receptor,SINGLE PROTEIN,2682430,IC50,=,820.0,nM,6.09,false,CHEMBL1062252,Inhibition of c-Met phosphorylation in human MKN45 cells after 1 hr,cell-based format,CHEMBL1152913,Discovery of 4-azaindoles as novel inhibitors of c-Met kinase.,10.1016/j.bmcl.2009.03.110,Bioorg Med Chem Lett,2009
25894,gt_6,6.842154884048157,P08581,CN1CCN(c2ccc(-c3cnc4ccn(S(=O)(=O)c5cccc6nonc56)c4c3)cn2)CC1,CHEMBL551458,CHEMBL3717,Hepatocyte growth factor receptor,SINGLE PROTEIN,2682444,IC50,=,1310.0,nM,5.88,false,CHEMBL1053155,Inhibition of c-Met phosphorylation in human A549 cells after 1 hr,cell-based format,CHEMBL1152913,Discovery of 4-azaindoles as novel inhibitors of c-Met kinase.,10.1016/j.bmcl.2009.03.110,Bioorg Med Chem Lett,2009
25894,gt_6,6.842154884048157,P08581,CN1CCN(c2ccc(-c3cnc4ccn(S(=O)(=O)c5cccc6nonc56)c4c3)cn2)CC1,CHEMBL551458,CHEMBL3717,Hepatocyte growth factor receptor,SINGLE PROTEIN,6345888,IC50,=,15.0,nM,7.82,false,CHEMBL1826790,Inhibition of human c-MET,single protein format,CHEMBL1821609,Combined SVM-based and docking-based virtual screening for retrieving novel inhibitors of c-Met.,10.1016/j.ejmech.2011.05.031,Eur J Med Chem,2011
25912,le_6,5.301029995663982,P10721,Nc1ncnc2c1c(-c1cccc(OCc3ccccc3)c1)cn2C1CC(N2CCC2)C1,CHEMBL551064,CHEMBL1936,Mast/stem cell growth factor receptor Kit,SINGLE PROTEIN,2709820,IC50,>,5000.0,nM,,false,CHEMBL1058964,Inhibition of c-KIT,single protein format,CHEMBL1152979,Inhibition of the insulin-like growth factor-1 receptor (IGF1R) tyrosine kinase as a novel cancer therapy approach.,10.1021/jm9002395,J Med Chem,2009
27050,le_6,5.154901959985744,P22607,CCCc1cc(N2CCC(O)CC2)nc2sc(C(N)=O)c(N)c12,CHEMBL576887,CHEMBL2742,Fibroblast growth factor receptor 3,SINGLE PROTEIN,3006320,IC50,>,7000.0,nM,,false,CHEMBL1038370,Inhibition of FGFR3,single protein format,CHEMBL1156029,The discovery of thienopyridine analogues as potent IkappaB kinase beta inhibitors. Part II.,10.1016/j.bmcl.2009.08.054,Bioorg Med Chem Lett,2009
28198,le_6,4.999999999999999,P00533,COc1cc2c(Nc3ccc(-c4nc5cc(Cl)ccc5s4)cc3)ncnc2cc1OCCCN1CCN(C)CC1,CHEMBL596292,CHEMBL203,Epidermal growth factor receptor,SINGLE PROTEIN,3059796,EC50,>,10000.0,nM,,false,CHEMBL1073385,Inhibition of EGFR in human HCT116 cells by cellular phosphorylation assay,cell-based format,CHEMBL1152560,Substituted 2-arylbenzothiazoles as kinase inhibitors: hit-to-lead optimization.,10.1016/j.bmc.2009.07.047,Bioorg Med Chem,2009
28198,le_6,4.999999999999999,P00533,COc1cc2c(Nc3ccc(-c4nc5cc(Cl)ccc5s4)cc3)ncnc2cc1OCCCN1CCN(C)CC1,CHEMBL596292,CHEMBL203,Epidermal growth factor receptor,SINGLE PROTEIN,3072657,IC50,>,10000.0,nM,,false,CHEMBL1073378,Inhibition of wild type EGF-R by microplate scintillation counting,single protein format,CHEMBL1152560,Substituted 2-arylbenzothiazoles as kinase inhibitors: hit-to-lead optimization.,10.1016/j.bmc.2009.07.047,Bioorg Med Chem,2009
29313,le_6,4.1674910872937625,Q13464,CN1CCCN(c2nc(-c3ccncc3)cnc2N2CCOCC2)CC1,CHEMBL591754,CHEMBL3231,Rho-associated protein kinase 1,SINGLE PROTEIN,3091885,IC50,=,68000.0,nM,4.17,true,CHEMBL1074822,Inhibition of human recombinant ROCK1,single protein format,CHEMBL1157736,"2,3-Diaminopyrazines as Rho kinase inhibitors.",10.1016/j.bmcl.2009.12.012,Bioorg Med Chem Lett,2010
30299,le_6,5.196201592010325,P35968,Cc1ccc(NC(=O)c2cc(Cl)cc(Cl)c2)cc1Nc1nc2ccccc2n1-c1cc(N)ncn1,CHEMBL1079946,CHEMBL279,Vascular endothelial growth factor receptor 2,SINGLE PROTEIN,3227175,IC50,=,6365.0,nM,5.20,true,CHEMBL1113981,Inhibition of Tel-fused KDR expressed in mouse BAF3 cells,cell-based format,CHEMBL1154389,Discovery of pyrimidine benzimidazoles as Src-family selective Lck inhibitors. Part II.,10.1016/j.bmcl.2009.09.123,Bioorg Med Chem Lett,2009
34054,gt_6,6.899650889749678,Q16539,CC(C)(C)c1cc(NC(=O)Nc2ccccc2)n(-c2cccc(CNC(=O)CCC(=O)O)c2)n1,CHEMBL1209566,CHEMBL260,Mitogen-activated protein kinase 14,SINGLE PROTEIN,3383059,IC50,=,37.0,nM,7.43,false,CHEMBL1211971,Inhibition of unactive p38alpha,single protein format,CHEMBL1208762,Enhanced selectivity profile of pyrazole-urea based DFG-out p38alpha inhibitors.,10.1016/j.bmcl.2010.06.073,Bioorg Med Chem Lett,2010
34054,gt_6,6.899650889749678,Q16539,CC(C)(C)c1cc(NC(=O)Nc2ccccc2)n(-c2cccc(CNC(=O)CCC(=O)O)c2)n1,CHEMBL1209566,CHEMBL260,Mitogen-activated protein kinase 14,SINGLE PROTEIN,3383086,IC50,=,393.0,nM,6.41,false,CHEMBL1211972,Inhibition of active p38alpha,single protein format,CHEMBL1208762,Enhanced selectivity profile of pyrazole-urea based DFG-out p38alpha inhibitors.,10.1016/j.bmcl.2010.06.073,Bioorg Med Chem Lett,2010
34516,le_6,4.522878745280338,O14920,O=C(NC1CCN(Cc2ccccc2)C1)c1ccc(-c2cnc3ccc(NCc4ccc(Cl)c(Cl)c4)nn23)cc1,CHEMBL1222705,CHEMBL1991,Inhibitor of nuclear factor kappa-B kinase subunit beta,SINGLE PROTEIN,3410466,IC50,>,30000.0,nM,,false,CHEMBL1228242,Inhibition of purified His-tagged IKK-beta after 15 mins,single protein format,CHEMBL1221302,"Discovery of imidazo[1,2-b]pyridazine derivatives as IKKbeta inhibitors. Part 1: Hit-to-lead study and structure-activity relationship.",10.1016/j.bmcl.2010.07.026,Bioorg Med Chem Lett,2010
34889,gt_6,9.07967319023845,P42338,COc1ncc(-c2ccc3nccc(-c4ccnnc4)c3c2)cc1NS(=O)(=O)c1ccc(F)cc1F,CHEMBL1236962,CHEMBL3145,"Phosphatidylinositol 4,5-bisphosphate 3-kinase catalytic subunit beta isoform",SINGLE PROTEIN,16468912,IC50,=,1.2,nM,8.92,false,CHEMBL3768549,Inhibition of PI3K-beta (unknown origin) after 40 mins by ADP-Glo luminescent kinase assay,single protein format,CHEMBL3763019,Discovery of benzenesulfonamide derivatives as potent PI3K/mTOR dual inhibitors with in vivo efficacies against hepatocellular carcinoma.,10.1016/j.bmc.2016.01.008,Bioorg Med Chem,2016
34889,gt_6,9.07967319023845,P42338,COc1ncc(-c2ccc3nccc(-c4ccnnc4)c3c2)cc1NS(=O)(=O)c1ccc(F)cc1F,CHEMBL1236962,CHEMBL3145,"Phosphatidylinositol 4,5-bisphosphate 3-kinase catalytic subunit beta isoform",SINGLE PROTEIN,16790980,IC50,=,1.2,nM,8.92,false,CHEMBL3867035,Inhibition of PI3Kbeta (unknown origin) using PIP2 as substrate after 1 hr in presence of ATP by ADP-glo based luminescence assay,single protein format,CHEMBL3865829,"Structure-based optimization leads to the discovery of NSC765844, a highly potent, less toxic and orally efficacious dual PI3K/mTOR inhibitor.",10.1016/j.ejmech.2016.06.030,Eur J Med Chem,2016
34889,gt_6,9.07967319023845,P42338,COc1ncc(-c2ccc3nccc(-c4ccnnc4)c3c2)cc1NS(=O)(=O)c1ccc(F)cc1F,CHEMBL1236962,CHEMBL3145,"Phosphatidylinositol 4,5-bisphosphate 3-kinase catalytic subunit beta isoform",SINGLE PROTEIN,22392398,IC50,=,1.64,nM,8.79,false,CHEMBL4667357,Inhibition of PI3Kbeta (unknown origin) using lipid as substrate incubated for 15 mins followed by substrate addition and measured after 60 mins ADPGloTM reagent based assay,single protein format,CHEMBL4665651,"Design, synthesis, and biological evaluation of some novel 4-aminoquinazolines as Pan-PI3K inhibitors.",10.1016/j.bmc.2019.04.024,Bioorg Med Chem,2019
34889,gt_6,9.07967319023845,P42338,COc1ncc(-c2ccc3nccc(-c4ccnnc4)c3c2)cc1NS(=O)(=O)c1ccc(F)cc1F,CHEMBL1236962,CHEMBL3145,"Phosphatidylinositol 4,5-bisphosphate 3-kinase catalytic subunit beta isoform",SINGLE PROTEIN,22926323,IC50,=,0.19,nM,9.72,false,CHEMBL4737604,Inhibition of PI3Kbeta (unknown origin) using PIP2 as substrate measured after 1 hr by ADP-glo assay,single protein format,CHEMBL4732196,Structural optimization towards promising β-methyl-4-acrylamido quinoline derivatives as PI3K/mTOR dual inhibitors for anti-cancer therapy: The in vitro and in vivo biological evaluation.,10.1016/j.ejmech.2021.113249,Eur J Med Chem,2021
34889,gt_6,9.07967319023845,P42338,COc1ncc(-c2ccc3nccc(-c4ccnnc4)c3c2)cc1NS(=O)(=O)c1ccc(F)cc1F,CHEMBL1236962,CHEMBL3038510,PI3K p110 beta/p85 alpha,PROTEIN COMPLEX,23198377,Ki,=,0.53,nM,9.28,false,CHEMBL4820290,Inhibition of human p110beta/p85alpha using PIP2 as substrate in presence of ATP measured by HTRF assay,protein complex format,CHEMBL4819017,Omipalisib inspired macrocycles as dual PI3K/mTOR inhibitors.,10.1016/j.ejmech.2020.113109,Eur J Med Chem,2021
34889,gt_6,9.07967319023845,P42338,COc1ncc(-c2ccc3nccc(-c4ccnnc4)c3c2)cc1NS(=O)(=O)c1ccc(F)cc1F,CHEMBL1236962,CHEMBL3145,"Phosphatidylinositol 4,5-bisphosphate 3-kinase catalytic subunit beta isoform",SINGLE PROTEIN,24953810,IC50,=,0.41,nM,9.39,false,CHEMBL5209976,Affinity Phenotypic Cellular interaction (Inhibition of pAKT-S473 in T47D  breast cancer lines) EUB0000691a PIK3CB,single protein format,CHEMBL5209897,Affinity Phenotypic Cellular Literature for EUbOPEN Chemogenomics Library wave 3,10.6019/CHEMBL5209897,,2023
34889,gt_6,9.07967319023845,P42338,COc1ncc(-c2ccc3nccc(-c4ccnnc4)c3c2)cc1NS(=O)(=O)c1ccc(F)cc1F,CHEMBL1236962,CHEMBL3145,"Phosphatidylinositol 4,5-bisphosphate 3-kinase catalytic subunit beta isoform",SINGLE PROTEIN,24954277,Ki,=,0.13,nM,9.89,false,CHEMBL5210395,Affinity Biochemical interaction (HTRF-based inhibition assay) EUB0000691a PIK3CB,single protein format,CHEMBL5210307,Affinity Biochemical Literature for EUbOPEN Chemogenomics Library wave 3,10.6019/CHEMBL5210307,,2023
34889,gt_6,9.07967319023845,P42338,COc1ncc(-c2ccc3nccc(-c4ccnnc4)c3c2)cc1NS(=O)(=O)c1ccc(F)cc1F,CHEMBL1236962,CHEMBL3145,"Phosphatidylinositol 4,5-bisphosphate 3-kinase catalytic subunit beta isoform",SINGLE PROTEIN,25556710,Ki,=,0.02,nM,10.70,false,CHEMBL5347394,Inhibition of P13Kbeta (unknown origin) assessed as inhibition constant,single protein format,CHEMBL5346869,Recent advances in PI3K/PKB/mTOR inhibitors as new anticancer agents.,10.1016/j.ejmech.2022.114971,Eur J Med Chem,2023
34889,gt_6,9.07967319023845,P42338,COc1ncc(-c2ccc3nccc(-c4ccnnc4)c3c2)cc1NS(=O)(=O)c1ccc(F)cc1F,CHEMBL1236962,CHEMBL3145,"Phosphatidylinositol 4,5-bisphosphate 3-kinase catalytic subunit beta isoform",SINGLE PROTEIN,25937314,IC50,=,0.13,nM,9.89,false,CHEMBL5533397,Inhibition of PI3Kbeta (unknown origin),single protein format,CHEMBL5532641,"MNK, mTOR or eIF4E-selecting the best anti-tumor target for blocking translation initiation.",10.1016/j.ejmech.2023.115781,Eur J Med Chem,2023
34889,gt_6,9.07967319023845,P42338,COc1ncc(-c2ccc3nccc(-c4ccnnc4)c3c2)cc1NS(=O)(=O)c1ccc(F)cc1F,CHEMBL1236962,CHEMBL3145,"Phosphatidylinositol 4,5-bisphosphate 3-kinase catalytic subunit beta isoform",SINGLE PROTEIN,26224995,IC50,=,1.0,nM,9.00,false,CHEMBL5654101,Inhibition of p110 beta (unknown origin),single protein format,CHEMBL5653604,"ZSTK474, a novel phosphatidylinositol 3-kinase inhibitor identified using the JFCR39 drug discovery system.",10.1038/aps.2010.150,Acta Pharmacol Sin,2010
34889,gt_6,9.07967319023845,P42338,COc1ncc(-c2ccc3nccc(-c4ccnnc4)c3c2)cc1NS(=O)(=O)c1ccc(F)cc1F,CHEMBL1236962,CHEMBL3145,"Phosphatidylinositol 4,5-bisphosphate 3-kinase catalytic subunit beta isoform",SINGLE PROTEIN,26228536,Ki,=,0.13,nM,9.89,false,CHEMBL5657146,Binding affinity to p110 beta (unknown origin) assessed as inhibition constant in presence of ATP by TR-FRET assay,single protein format,CHEMBL5653618,"Discovery of GSK2126458, a Highly Potent Inhibitor of PI3K and the Mammalian Target of Rapamycin.",10.1021/ml900028r,ACS Med Chem Lett,2010
34889,gt_6,9.07967319023845,P42338,COc1ncc(-c2ccc3nccc(-c4ccnnc4)c3c2)cc1NS(=O)(=O)c1ccc(F)cc1F,CHEMBL1236962,CHEMBL3145,"Phosphatidylinositol 4,5-bisphosphate 3-kinase catalytic subunit beta isoform",SINGLE PROTEIN,26332548,Ki,=,0.13,nM,9.89,false,CHEMBL5720953,Inhibition of PI3K beta (unknown origin) by PIP3 production detection based fluorescence assay,single protein format,CHEMBL5715955,Inhibition of Human Class I vs Class III Phosphatidylinositol 3'-Kinases.,10.1021/acs.biochem.7b00413,Biochemistry,2017
34889,gt_6,9.07967319023845,P42338,COc1ncc(-c2ccc3nccc(-c4ccnnc4)c3c2)cc1NS(=O)(=O)c1ccc(F)cc1F,CHEMBL1236962,CHEMBL3145,"Phosphatidylinositol 4,5-bisphosphate 3-kinase catalytic subunit beta isoform",SINGLE PROTEIN,26332588,EC50,=,1.34,nM,8.87,false,CHEMBL5720978,Inhibition of human PI3Kbeta assessed as reduction in PIP3 product complex formation measured after 30 mins in presence of ATP by quantitative PI3P ELISA assay,single protein format,CHEMBL5715955,Inhibition of Human Class I vs Class III Phosphatidylinositol 3'-Kinases.,10.1021/acs.biochem.7b00413,Biochemistry,2017
34889,gt_6,9.07967319023845,P42338,COc1ncc(-c2ccc3nccc(-c4ccnnc4)c3c2)cc1NS(=O)(=O)c1ccc(F)cc1F,CHEMBL1236962,CHEMBL3145,"Phosphatidylinositol 4,5-bisphosphate 3-kinase catalytic subunit beta isoform",SINGLE PROTEIN,26332596,Ki,=,0.13,nM,9.89,false,CHEMBL5720979,Inhibition of human PI3Kbeta assessed as reduction in PIP3 product complex formation,single protein format,CHEMBL5715955,Inhibition of Human Class I vs Class III Phosphatidylinositol 3'-Kinases.,10.1021/acs.biochem.7b00413,Biochemistry,2017
34889,gt_6,9.07967319023845,P42338,COc1ncc(-c2ccc3nccc(-c4ccnnc4)c3c2)cc1NS(=O)(=O)c1ccc(F)cc1F,CHEMBL1236962,CHEMBL3145,"Phosphatidylinositol 4,5-bisphosphate 3-kinase catalytic subunit beta isoform",SINGLE PROTEIN,29217341,IC50,=,0.52,nM,9.28,false,CHEMBL6124349,Inhibition of PI3Kbeta (unknown origin) using PIP2 as substrate measured after 1 hr in presence of ATP by ADP-glo luminescence assay,single protein format,CHEMBL6121003,"Design, synthesis, and pharmacological evaluation of triazine-based PI3K/mTOR inhibitors for the potential treatment of non-small cell lung cancer.",10.1016/j.ejmech.2024.117200,Eur J Med Chem,2025
40079,le_6,4.999999999999999,Q13233,CC(C)(C)c1ccc(C(=O)Nc2cn3cc(-n4ccnc4)ccc3n2)cc1,CHEMBL2205637,CHEMBL3956,Mitogen-activated protein kinase kinase kinase 1,SINGLE PROTEIN,12194110,IC50,>,10000.0,nM,,false,CHEMBL2214713,Inhibition of MEKK1,single protein format,CHEMBL2203246,"Design and biological evaluation of imidazo[1,2-a]pyridines as novel and potent ASK1 inhibitors.",10.1016/j.bmcl.2012.10.084,Bioorg Med Chem Lett,2012
40079,le_6,4.999999999999999,Q13233,CC(C)(C)c1ccc(C(=O)Nc2cn3cc(-n4ccnc4)ccc3n2)cc1,CHEMBL4778541,CHEMBL3956,Mitogen-activated protein kinase kinase kinase 1,SINGLE PROTEIN,25783219,IC50,>,10000.0,nM,,false,CHEMBL5468238,"Selectivity interaction (Kinase panel (Invitrogen, enzymatic assay)) EUB0000623aCl MAP3K1",single protein format,CHEMBL5465560,Selectivity Literature for EUbOPEN Chemogenomic Library,10.6019/CHEMBL5465560,,2024
41596,le_6,4.999999999999999,P00533,Cc1ccc(C(=O)NCCO)cc1-n1cnc(OCc2ccc(F)cc2F)c(Cl)c1=O,CHEMBL1738710,CHEMBL203,Epidermal growth factor receptor,SINGLE PROTEIN,6262760,IC50,>,10000.0,nM,,false,CHEMBL1798632,Inhibition of EGFR,single protein format,CHEMBL1795201,"Substituted N-aryl-6-pyrimidinones: a new class of potent, selective, and orally active p38 MAP kinase inhibitors.",10.1016/j.bmcl.2011.05.006,Bioorg Med Chem Lett,2011
42277,le_6,4.800000463770807,Q13464,CC(C)C1COCCN1c1cc(-c2ccc3c(N)n[nH]c3c2)nc(N)n1,CHEMBL1765729,CHEMBL3231,Rho-associated protein kinase 1,SINGLE PROTEIN,6168479,IC50,=,15848.93,nM,4.80,true,CHEMBL1768782,Inhibition of ROCK1,single protein format,CHEMBL1765070,Structure-based design of potent and selective 3-phosphoinositide-dependent kinase-1 (PDK1) inhibitors.,10.1021/jm101527u,J Med Chem,2011
44719,gt_6,7.042725706532679,P49841,N#CCc1cccc(-c2c[nH]c(=O)c3cc(-c4ccncc4)sc23)c1,CHEMBL1809115,CHEMBL262,Glycogen synthase kinase-3 beta,SINGLE PROTEIN,6295127,IC50,=,10.0,nM,8.00,false,CHEMBL1809805,Inhibition of human GSK3-beta expressed in baculovirus by fluorescence polarization assay,assay format,CHEMBL1806471,Identification of 2-(4-pyridyl)thienopyridinones as GSK-3β inhibitors.,10.1016/j.bmcl.2011.06.050,Bioorg Med Chem Lett,2011
44719,gt_6,7.042725706532679,P49841,N#CCc1cccc(-c2c[nH]c(=O)c3cc(-c4ccncc4)sc23)c1,CHEMBL1809115,CHEMBL262,Glycogen synthase kinase-3 beta,SINGLE PROTEIN,6295165,IC50,=,630.96,nM,6.20,false,CHEMBL1810767,Inhibition of human flag-tagged GSK3-beta expressed in HEK-MSRII cells assessed as CRMP-2 phosphorylation by alphaLISA assay,cell-based format,CHEMBL1806471,Identification of 2-(4-pyridyl)thienopyridinones as GSK-3β inhibitors.,10.1016/j.bmcl.2011.06.050,Bioorg Med Chem Lett,2011
45397,le_6,4.999999999999999,P15056,COc1cccc(NC(=O)Nc2cccc(Oc3ncnc4cc(OC)c(OC)cc34)c2)c1,CHEMBL1824074,CHEMBL5145,Serine/threonine-protein kinase B-raf,SINGLE PROTEIN,27245747,Kd,<,250.0,nM,,false,CHEMBL5732475,"Competition Binding Assay: Competition binding assays used herein were developed, validated and performed as described in Fabian et al., Nature Biotechnology 2005, 23, 329-336. Kinases were produced as fusions to T7 phage (See, Fabian et al. or WO04/015142) or alternatively, the kinases were expressed in HEK-293 cells and subsequently tagged with DNA for PCR detection (See, WO08/005310). For the binding assays, streptavidin-coated magnetic beads were treated with biotinylated affinity ligands for 30 min at room temperature to generate affinity resins. The liganded beads were blocked with excess biotin and washed with blocking buffer (SeaBlock (Pierce), 1% BSA, 0.05% Tween 20, 1 mM DTT) to remove unbound ligand and to reduce non-specific binding. Binding reactions were assembled by combining kinase, liganded affinity beads, and test compounds in 1× binding buffer (20% SeaBlock, 0.17×PBS, 0.05% Tween 20, 6 mM DTT). Test compounds were prepared as 100× stocks in DMSO and rapidly diluted into the aqueous environment. DMSO was added to control assays lacking a test compound. Primary screen interactions were performed in polypropylene 384-well plates in a final volume of 34 μL, while Kd determinations were performed in polystyrene 96-well plates in a final volume of 135 μL. The assay plates were incubated at room temperature with shaking for 1 hour, long enough for binding reactions to reach equilibrium, and the affinity beads were washed extensively with wash buffer (1×PBS, 0.05% Tween 20) to remove unbound protein. The beads were then resuspended in elution buffer (1×PBS, 0.05% Tween 20, 2 μM non-biotinylated affinity ligand) and incubated at room temperature with shaking for 30 min. The kinase concentration in the eluates was measured by quantitative PCR. Each kinase was tested individually against each compound. KdS were determined using eleven serial threefold dilutions.",cell-based format,CHEMBL5726320,RAF kinase modulator compounds and methods of use thereof,,,2017
45397,le_6,4.999999999999999,P15056,COc1cccc(NC(=O)Nc2cccc(Oc3ncnc4cc(OC)c(OC)cc34)c2)c1,CHEMBL1824074,CHEMBL5145,Serine/threonine-protein kinase B-raf,SINGLE PROTEIN,27245748,kon,=,,,,false,CHEMBL5732475,"Competition Binding Assay: Competition binding assays used herein were developed, validated and performed as described in Fabian et al., Nature Biotechnology 2005, 23, 329-336. Kinases were produced as fusions to T7 phage (See, Fabian et al. or WO04/015142) or alternatively, the kinases were expressed in HEK-293 cells and subsequently tagged with DNA for PCR detection (See, WO08/005310). For the binding assays, streptavidin-coated magnetic beads were treated with biotinylated affinity ligands for 30 min at room temperature to generate affinity resins. The liganded beads were blocked with excess biotin and washed with blocking buffer (SeaBlock (Pierce), 1% BSA, 0.05% Tween 20, 1 mM DTT) to remove unbound ligand and to reduce non-specific binding. Binding reactions were assembled by combining kinase, liganded affinity beads, and test compounds in 1× binding buffer (20% SeaBlock, 0.17×PBS, 0.05% Tween 20, 6 mM DTT). Test compounds were prepared as 100× stocks in DMSO and rapidly diluted into the aqueous environment. DMSO was added to control assays lacking a test compound. Primary screen interactions were performed in polypropylene 384-well plates in a final volume of 34 μL, while Kd determinations were performed in polystyrene 96-well plates in a final volume of 135 μL. The assay plates were incubated at room temperature with shaking for 1 hour, long enough for binding reactions to reach equilibrium, and the affinity beads were washed extensively with wash buffer (1×PBS, 0.05% Tween 20) to remove unbound protein. The beads were then resuspended in elution buffer (1×PBS, 0.05% Tween 20, 2 μM non-biotinylated affinity ligand) and incubated at room temperature with shaking for 30 min. The kinase concentration in the eluates was measured by quantitative PCR. Each kinase was tested individually against each compound. KdS were determined using eleven serial threefold dilutions.",cell-based format,CHEMBL5726320,RAF kinase modulator compounds and methods of use thereof,,,2017
45397,le_6,4.999999999999999,P15056,COc1cccc(NC(=O)Nc2cccc(Oc3ncnc4cc(OC)c(OC)cc34)c2)c1,CHEMBL1824074,CHEMBL5145,Serine/threonine-protein kinase B-raf,SINGLE PROTEIN,27245749,k_off,=,,s-1,,false,CHEMBL5732475,"Competition Binding Assay: Competition binding assays used herein were developed, validated and performed as described in Fabian et al., Nature Biotechnology 2005, 23, 329-336. Kinases were produced as fusions to T7 phage (See, Fabian et al. or WO04/015142) or alternatively, the kinases were expressed in HEK-293 cells and subsequently tagged with DNA for PCR detection (See, WO08/005310). For the binding assays, streptavidin-coated magnetic beads were treated with biotinylated affinity ligands for 30 min at room temperature to generate affinity resins. The liganded beads were blocked with excess biotin and washed with blocking buffer (SeaBlock (Pierce), 1% BSA, 0.05% Tween 20, 1 mM DTT) to remove unbound ligand and to reduce non-specific binding. Binding reactions were assembled by combining kinase, liganded affinity beads, and test compounds in 1× binding buffer (20% SeaBlock, 0.17×PBS, 0.05% Tween 20, 6 mM DTT). Test compounds were prepared as 100× stocks in DMSO and rapidly diluted into the aqueous environment. DMSO was added to control assays lacking a test compound. Primary screen interactions were performed in polypropylene 384-well plates in a final volume of 34 μL, while Kd determinations were performed in polystyrene 96-well plates in a final volume of 135 μL. The assay plates were incubated at room temperature with shaking for 1 hour, long enough for binding reactions to reach equilibrium, and the affinity beads were washed extensively with wash buffer (1×PBS, 0.05% Tween 20) to remove unbound protein. The beads were then resuspended in elution buffer (1×PBS, 0.05% Tween 20, 2 μM non-biotinylated affinity ligand) and incubated at room temperature with shaking for 30 min. The kinase concentration in the eluates was measured by quantitative PCR. Each kinase was tested individually against each compound. KdS were determined using eleven serial threefold dilutions.",cell-based format,CHEMBL5726320,RAF kinase modulator compounds and methods of use thereof,,,2017
45397,le_6,4.999999999999999,P15056,COc1cccc(NC(=O)Nc2cccc(Oc3ncnc4cc(OC)c(OC)cc34)c2)c1,CHEMBL1824074,CHEMBL5145,Serine/threonine-protein kinase B-raf,SINGLE PROTEIN,27245750,Kd,=,750.0,nM,6.12,false,CHEMBL5732476,"Competition Binding Assay: Competition binding assays used herein were developed, validated and performed as described in Fabian et al., Nature Biotechnology 2005, 23, 329-336. Kinases were produced as fusions to T7 phage (See, Fabian et al. or WO04/015142) or alternatively, the kinases were expressed in HEK-293 cells and subsequently tagged with DNA for PCR detection (See, WO08/005310). For the binding assays, streptavidin-coated magnetic beads were treated with biotinylated affinity ligands for 30 min at room temperature to generate affinity resins. The liganded beads were blocked with excess biotin and washed with blocking buffer (SeaBlock (Pierce), 1% BSA, 0.05% Tween 20, 1 mM DTT) to remove unbound ligand and to reduce non-specific binding. Binding reactions were assembled by combining kinase, liganded affinity beads, and test compounds in 1× binding buffer (20% SeaBlock, 0.17×PBS, 0.05% Tween 20, 6 mM DTT). Test compounds were prepared as 100× stocks in DMSO and rapidly diluted into the aqueous environment. DMSO was added to control assays lacking a test compound. Primary screen interactions were performed in polypropylene 384-well plates in a final volume of 34 μL, while Kd determinations were performed in polystyrene 96-well plates in a final volume of 135 μL. The assay plates were incubated at room temperature with shaking for 1 hour, long enough for binding reactions to reach equilibrium, and the affinity beads were washed extensively with wash buffer (1×PBS, 0.05% Tween 20) to remove unbound protein. The beads were then resuspended in elution buffer (1×PBS, 0.05% Tween 20, 2 μM non-biotinylated affinity ligand) and incubated at room temperature with shaking for 30 min. The kinase concentration in the eluates was measured by quantitative PCR. Each kinase was tested individually against each compound. KdS were determined using eleven serial threefold dilutions.",cell-based format,CHEMBL5726320,RAF kinase modulator compounds and methods of use thereof,,,2017
45397,le_6,4.999999999999999,P15056,COc1cccc(NC(=O)Nc2cccc(Oc3ncnc4cc(OC)c(OC)cc34)c2)c1,CHEMBL1824074,CHEMBL5145,Serine/threonine-protein kinase B-raf,SINGLE PROTEIN,27245751,kon,=,,,,false,CHEMBL5732476,"Competition Binding Assay: Competition binding assays used herein were developed, validated and performed as described in Fabian et al., Nature Biotechnology 2005, 23, 329-336. Kinases were produced as fusions to T7 phage (See, Fabian et al. or WO04/015142) or alternatively, the kinases were expressed in HEK-293 cells and subsequently tagged with DNA for PCR detection (See, WO08/005310). For the binding assays, streptavidin-coated magnetic beads were treated with biotinylated affinity ligands for 30 min at room temperature to generate affinity resins. The liganded beads were blocked with excess biotin and washed with blocking buffer (SeaBlock (Pierce), 1% BSA, 0.05% Tween 20, 1 mM DTT) to remove unbound ligand and to reduce non-specific binding. Binding reactions were assembled by combining kinase, liganded affinity beads, and test compounds in 1× binding buffer (20% SeaBlock, 0.17×PBS, 0.05% Tween 20, 6 mM DTT). Test compounds were prepared as 100× stocks in DMSO and rapidly diluted into the aqueous environment. DMSO was added to control assays lacking a test compound. Primary screen interactions were performed in polypropylene 384-well plates in a final volume of 34 μL, while Kd determinations were performed in polystyrene 96-well plates in a final volume of 135 μL. The assay plates were incubated at room temperature with shaking for 1 hour, long enough for binding reactions to reach equilibrium, and the affinity beads were washed extensively with wash buffer (1×PBS, 0.05% Tween 20) to remove unbound protein. The beads were then resuspended in elution buffer (1×PBS, 0.05% Tween 20, 2 μM non-biotinylated affinity ligand) and incubated at room temperature with shaking for 30 min. The kinase concentration in the eluates was measured by quantitative PCR. Each kinase was tested individually against each compound. KdS were determined using eleven serial threefold dilutions.",cell-based format,CHEMBL5726320,RAF kinase modulator compounds and methods of use thereof,,,2017
45397,le_6,4.999999999999999,P15056,COc1cccc(NC(=O)Nc2cccc(Oc3ncnc4cc(OC)c(OC)cc34)c2)c1,CHEMBL1824074,CHEMBL5145,Serine/threonine-protein kinase B-raf,SINGLE PROTEIN,27245752,k_off,=,,s-1,,false,CHEMBL5732476,"Competition Binding Assay: Competition binding assays used herein were developed, validated and performed as described in Fabian et al., Nature Biotechnology 2005, 23, 329-336. Kinases were produced as fusions to T7 phage (See, Fabian et al. or WO04/015142) or alternatively, the kinases were expressed in HEK-293 cells and subsequently tagged with DNA for PCR detection (See, WO08/005310). For the binding assays, streptavidin-coated magnetic beads were treated with biotinylated affinity ligands for 30 min at room temperature to generate affinity resins. The liganded beads were blocked with excess biotin and washed with blocking buffer (SeaBlock (Pierce), 1% BSA, 0.05% Tween 20, 1 mM DTT) to remove unbound ligand and to reduce non-specific binding. Binding reactions were assembled by combining kinase, liganded affinity beads, and test compounds in 1× binding buffer (20% SeaBlock, 0.17×PBS, 0.05% Tween 20, 6 mM DTT). Test compounds were prepared as 100× stocks in DMSO and rapidly diluted into the aqueous environment. DMSO was added to control assays lacking a test compound. Primary screen interactions were performed in polypropylene 384-well plates in a final volume of 34 μL, while Kd determinations were performed in polystyrene 96-well plates in a final volume of 135 μL. The assay plates were incubated at room temperature with shaking for 1 hour, long enough for binding reactions to reach equilibrium, and the affinity beads were washed extensively with wash buffer (1×PBS, 0.05% Tween 20) to remove unbound protein. The beads were then resuspended in elution buffer (1×PBS, 0.05% Tween 20, 2 μM non-biotinylated affinity ligand) and incubated at room temperature with shaking for 30 min. The kinase concentration in the eluates was measured by quantitative PCR. Each kinase was tested individually against each compound. KdS were determined using eleven serial threefold dilutions.",cell-based format,CHEMBL5726320,RAF kinase modulator compounds and methods of use thereof,,,2017
45397,le_6,4.999999999999999,P15056,COc1cccc(NC(=O)Nc2cccc(Oc3ncnc4cc(OC)c(OC)cc34)c2)c1,CHEMBL1824074,CHEMBL5145,Serine/threonine-protein kinase B-raf,SINGLE PROTEIN,6347757,Kd,=,90.0,nM,7.05,false,CHEMBL1828155,Binding affinity to BRAF V600E mutant,assay format,CHEMBL1821605,4-Quinazolinyloxy-diaryl ureas as novel BRAFV600E inhibitors.,10.1016/j.bmcl.2011.07.019,Bioorg Med Chem Lett,2011
45397,le_6,4.999999999999999,P15056,COc1cccc(NC(=O)Nc2cccc(Oc3ncnc4cc(OC)c(OC)cc34)c2)c1,CHEMBL1824074,CHEMBL5145,Serine/threonine-protein kinase B-raf,SINGLE PROTEIN,6347790,IC50,=,10000.0,nM,5.00,true,CHEMBL1828156,Inhibition of BRAF V600E mutant-dependent MEK phosphorylation in A375 cells,cell-based format,CHEMBL1821605,4-Quinazolinyloxy-diaryl ureas as novel BRAFV600E inhibitors.,10.1016/j.bmcl.2011.07.019,Bioorg Med Chem Lett,2011
45700,gt_6,7.346787486224656,P49841,Nc1c(F)c(NCCCn2ccnc2)c(F)c2c1c(=O)c(C(=O)O)cn2C1CC1,CHEMBL1834117,CHEMBL262,Glycogen synthase kinase-3 beta,SINGLE PROTEIN,6384407,IC50,=,45.0,nM,7.35,true,CHEMBL1837408,Inhibition of human recombinant full length GSK3-beta after 1 hrs by luminescence assay,single protein format,CHEMBL1833925,Synthesis and structure-activity relationship of 4-quinolone-3-carboxylic acid based inhibitors of glycogen synthase kinase-3β.,10.1016/j.bmcl.2011.07.073,Bioorg Med Chem Lett,2011
46696,le_6,5.602059991327962,P11309,CN(C)C(=O)c1cccc2c1nc(Nc1cccc(Cl)c1)c1ccncc12,CHEMBL1915423,CHEMBL2147,Serine/threonine-protein kinase pim-1,SINGLE PROTEIN,7922522,IC50,>,2500.0,nM,,false,CHEMBL1919015,Inhibition of human recombinant Pim1 using RSRHSSYPAGT as substrate by radiometric assay in the presence of 30 uM [ATP],single protein format,CHEMBL1914433,"7-(4H-1,2,4-Triazol-3-yl)benzo[c][2,6]naphthyridines: a novel class of Pim kinase inhibitors with potent cell antiproliferative activity.",10.1016/j.bmcl.2011.09.059,Bioorg Med Chem Lett,2011
46724,gt_6,7.552841968657778,P11309,C#Cc1cccc(Nc2nc3c(-c4nnc[nH]4)cccc3c3cnccc23)c1,CHEMBL1915436,CHEMBL2147,Serine/threonine-protein kinase pim-1,SINGLE PROTEIN,7922535,IC50,=,28.0,nM,7.55,true,CHEMBL1919015,Inhibition of human recombinant Pim1 using RSRHSSYPAGT as substrate by radiometric assay in the presence of 30 uM [ATP],single protein format,CHEMBL1914433,"7-(4H-1,2,4-Triazol-3-yl)benzo[c][2,6]naphthyridines: a novel class of Pim kinase inhibitors with potent cell antiproliferative activity.",10.1016/j.bmcl.2011.09.059,Bioorg Med Chem Lett,2011
49031,gt_6,6.494850021680094,P11309,CCCNc1ccc2nnn(-c3ccc(O)cc3)c2n1,CHEMBL1952109,CHEMBL2147,Serine/threonine-protein kinase pim-1,SINGLE PROTEIN,8037826,IC50,=,320.0,nM,6.50,false,CHEMBL1954566,Inhibition of PIM1,single protein format,CHEMBL1949661,"Hit to lead evaluation of 1,2,3-triazolo[4,5-b]pyridines as PIM kinase inhibitors.",10.1016/j.bmcl.2011.12.130,Bioorg Med Chem Lett,2012
49084,gt_6,6.498940737782248,P11309,FC(F)(F)c1csc(-n2nnc3ccc(NCC4CCNCC4)nc32)n1,CHEMBL1952139,CHEMBL2147,Serine/threonine-protein kinase pim-1,SINGLE PROTEIN,8037856,IC50,=,317.0,nM,6.50,true,CHEMBL1954566,Inhibition of PIM1,single protein format,CHEMBL1949661,"Hit to lead evaluation of 1,2,3-triazolo[4,5-b]pyridines as PIM kinase inhibitors.",10.1016/j.bmcl.2011.12.130,Bioorg Med Chem Lett,2012
53178,le_6,4.999999999999999,P48736,O=c1cc(N2CCOCC2)nc(Cc2nc3cc(F)ccc3n2C2CC2)[nH]1,CHEMBL2064341,CHEMBL3267,"Phosphatidylinositol 4,5-bisphosphate 3-kinase catalytic subunit gamma isoform",SINGLE PROTEIN,10975471,IC50,>,10000.0,nM,,false,CHEMBL2067458,"Inhibition of N-terminus poly-His tagged human PI3Kgamma expressed in baculovirus infected insect sf9 cells using PI(4,5)P2 as substrate preincubated with compound for 15 mins measured after 10 mins by HTRF assay",cell-based format,CHEMBL2062364,Discovery and optimization of new benzimidazole- and benzoxazole-pyrimidone selective PI3Kβ inhibitors for the treatment of phosphatase and TENsin homologue (PTEN)-deficient cancers.,10.1021/jm300241b,J Med Chem,2012
53873,gt_6,7.721246399047171,Q96GD4,NC(=O)C1C2C=CC(C2)C1Nc1nc(Nc2cnn(CCO)c2)ncc1Cl,CHEMBL2071270,CHEMBL2185,Aurora kinase B,SINGLE PROTEIN,10986077,IC50,=,19.0,nM,7.72,true,CHEMBL2073499,Inhibition of Aurora B kinase by HTRF analysis in presence of 1 mM ATP,single protein format,CHEMBL2069252,Pyrazole diaminopyrimidines as dual inhibitors of KDR and Aurora B kinases.,10.1016/j.bmcl.2012.05.067,Bioorg Med Chem Lett,2012
53974,le_6,5.037157318798758,P48729,CC(C)(O)c1ccc(Nc2nc3ccc(C#N)cc3[nH]2)cc1,CHEMBL2071614,CHEMBL2793,Casein kinase I isoform alpha,SINGLE PROTEIN,10983951,IC50,=,9180.0,nM,5.04,true,CHEMBL2072007,Inhibition of CK1alpha by Lance assay,single protein format,CHEMBL2069281,2-Phenylamino-6-cyano-1H-benzimidazole-based isoform selective casein kinase 1 gamma (CK1γ) inhibitors.,10.1016/j.bmcl.2012.07.046,Bioorg Med Chem Lett,2012
54523,le_6,6.0,P48736,Cc1c(Cn2c(C3CC3)nc(=O)c3sc(N4CCOCC4)nc32)cccc1C(F)(F)F,CHEMBL2089109,CHEMBL3267,"Phosphatidylinositol 4,5-bisphosphate 3-kinase catalytic subunit gamma isoform",SINGLE PROTEIN,11007481,IC50,=,1000.0,nM,6.00,true,CHEMBL2090370,Inhibition of PI3K gamma by continuous TR-FRET assay,single protein format,CHEMBL2086270,"Rational Design, Synthesis, and SAR of a Novel Thiazolopyrimidinone Series of Selective PI3K-beta Inhibitors.",10.1021/ml300045b,ACS Med Chem Lett,2012
55045,le_6,4.999999999999999,P48736,COc1cccc(NC(=O)Cc2nc(N3CCOCC3)cc(=O)[nH]2)c1,CHEMBL2151922,CHEMBL3267,"Phosphatidylinositol 4,5-bisphosphate 3-kinase catalytic subunit gamma isoform",SINGLE PROTEIN,12062395,IC50,>,10000.0,nM,,false,CHEMBL2156791,Inhibition of PI3Kgamma,single protein format,CHEMBL2150988,"Preparation and optimization of new 4-(morpholin-4-yl)-(6-oxo-1,6-dihydropyrimidin-2-yl)amide derivatives as PI3Kβ inhibitors.",10.1016/j.bmcl.2012.08.072,Bioorg Med Chem Lett,2012
55986,le_6,4.8297382846050425,P42345,COc1ncc(Nc2ncc(C(C)N3CCN(S(C)(=O)=O)CC3)cc2-c2nc(C)nc(N)n2)cc1F,CHEMBL2170081,CHEMBL2842,Serine/threonine-protein kinase mTOR,SINGLE PROTEIN,12112879,IC50,>,10000.0,nM,,false,CHEMBL2173749,Inhibition of mTOR,single protein format,CHEMBL2169865,"Selective class I phosphoinositide 3-kinase inhibitors: optimization of a series of pyridyltriazines leading to the identification of a clinical candidate, AMG 511.",10.1021/jm300846z,J Med Chem,2012
55986,le_6,4.8297382846050425,P42345,COc1ncc(Nc2ncc(C(C)N3CCN(S(C)(=O)=O)CC3)cc2-c2nc(C)nc(N)n2)cc1F,CHEMBL2170099,CHEMBL2842,Serine/threonine-protein kinase mTOR,SINGLE PROTEIN,12112880,IC50,>,10000.0,nM,,false,CHEMBL2173749,Inhibition of mTOR,single protein format,CHEMBL2169865,"Selective class I phosphoinositide 3-kinase inhibitors: optimization of a series of pyridyltriazines leading to the identification of a clinical candidate, AMG 511.",10.1021/jm300846z,J Med Chem,2012
55986,le_6,4.8297382846050425,P42345,COc1ncc(Nc2ncc(C(C)N3CCN(S(C)(=O)=O)CC3)cc2-c2nc(C)nc(N)n2)cc1F,CHEMBL2170081,CHEMBL2842,Serine/threonine-protein kinase mTOR,SINGLE PROTEIN,14991613,IC50,=,14800.0,nM,4.83,true,CHEMBL3379685,Inhibition of recombinant N-terminally GST-tagged mTOR (1360 to 2549 aa) (unknown origin) assessed as inhibition of 27BP1 phosphorylation after 90 mins by TR-FRET assay,single protein format,CHEMBL3352452,Phosphoinositide-3-kinase inhibitors: evaluation of substituted alcohols as replacements for the piperazine sulfonamide portion of AMG 511.,10.1016/j.bmcl.2014.10.085,Bioorg Med Chem Lett,2014
55986,le_6,4.8297382846050425,P42345,COc1ncc(Nc2ncc(C(C)N3CCN(S(C)(=O)=O)CC3)cc2-c2nc(C)nc(N)n2)cc1F,CHEMBL3646481,CHEMBL2842,Serine/threonine-protein kinase mTOR,SINGLE PROTEIN,17637876,IC50,>,10000.0,nM,,false,CHEMBL3706289,"In Vitro Inhibition Assay: The Invitrogen (Carlsbad, Calif.) mammalian target of rapamycin (mTOR) Lanthascreen assay can be used to quantitate mTOR kinase activity in an in vitro setting. Active mTOR phosphorylates eukaryotic translation initiation factor 4E binding protein 1 (4E-BP1) on residue threonine 46. This phosphorylation event can be detected with a phospho-specific terbium (Tb) labeled Ab, in turn bringing the Tb label in close proximity to the GFP tagged 4E-BP1 and allowing for time-resolved fluorescence resonance energy transfer (TR-FRET), which correlates 4E-BP1 phosphorylation levels with mTOR kinase activity.",single protein format,CHEMBL3638541,Inhibitors of PI3 kinase and/or mTOR,,,2014
55986,le_6,4.8297382846050425,P42345,COc1ncc(Nc2ncc(C(C)N3CCN(S(C)(=O)=O)CC3)cc2-c2nc(C)nc(N)n2)cc1F,CHEMBL2170099,CHEMBL2842,Serine/threonine-protein kinase mTOR,SINGLE PROTEIN,17637880,IC50,>,10000.0,nM,,false,CHEMBL3706289,"In Vitro Inhibition Assay: The Invitrogen (Carlsbad, Calif.) mammalian target of rapamycin (mTOR) Lanthascreen assay can be used to quantitate mTOR kinase activity in an in vitro setting. Active mTOR phosphorylates eukaryotic translation initiation factor 4E binding protein 1 (4E-BP1) on residue threonine 46. This phosphorylation event can be detected with a phospho-specific terbium (Tb) labeled Ab, in turn bringing the Tb label in close proximity to the GFP tagged 4E-BP1 and allowing for time-resolved fluorescence resonance energy transfer (TR-FRET), which correlates 4E-BP1 phosphorylation levels with mTOR kinase activity.",single protein format,CHEMBL3638541,Inhibitors of PI3 kinase and/or mTOR,,,2014
55986,le_6,4.8297382846050425,P42345,COc1ncc(Nc2ncc(C(C)N3CCN(S(C)(=O)=O)CC3)cc2-c2nc(C)nc(N)n2)cc1F,CHEMBL2170081,CHEMBL2842,Serine/threonine-protein kinase mTOR,SINGLE PROTEIN,17637881,IC50,>,10000.0,nM,,false,CHEMBL3706289,"In Vitro Inhibition Assay: The Invitrogen (Carlsbad, Calif.) mammalian target of rapamycin (mTOR) Lanthascreen assay can be used to quantitate mTOR kinase activity in an in vitro setting. Active mTOR phosphorylates eukaryotic translation initiation factor 4E binding protein 1 (4E-BP1) on residue threonine 46. This phosphorylation event can be detected with a phospho-specific terbium (Tb) labeled Ab, in turn bringing the Tb label in close proximity to the GFP tagged 4E-BP1 and allowing for time-resolved fluorescence resonance energy transfer (TR-FRET), which correlates 4E-BP1 phosphorylation levels with mTOR kinase activity.",single protein format,CHEMBL3638541,Inhibitors of PI3 kinase and/or mTOR,,,2014
55998,le_6,4.999999999999999,P42345,Cc1ccc(Nc2ncc(CN3CCN(S(C)(=O)=O)CC3)cc2-c2nc(C)nc(N)n2)cn1,CHEMBL2170093,CHEMBL2842,Serine/threonine-protein kinase mTOR,SINGLE PROTEIN,12112886,IC50,>,10000.0,nM,,false,CHEMBL2173749,Inhibition of mTOR,single protein format,CHEMBL2169865,"Selective class I phosphoinositide 3-kinase inhibitors: optimization of a series of pyridyltriazines leading to the identification of a clinical candidate, AMG 511.",10.1021/jm300846z,J Med Chem,2012
56401,gt_6,7.999999999999998,Q9Y243,CC1CC(O)c2ncnc(N3CCN(C(=O)C(CN4CCC(F)CC4)c4ccc(Cl)cc4)CC3)c21,CHEMBL2177363,CHEMBL4816,RAC-gamma serine/threonine-protein kinase,SINGLE PROTEIN,12151698,IC50,=,10.0,nM,8.00,true,CHEMBL2188027,Competitive inhibition of wild-type full-length amino-terminal polyhistidine-tagged human Akt3 expressed in recombinant baculovirus system using fluorescence labeled Crosstide as substrate after 60 mins by fluorescence polarization assay in presence of ATP,assay format,CHEMBL2177010,Discovery and preclinical pharmacology of a selective ATP-competitive Akt inhibitor (GDC-0068) for the treatment of human tumors.,10.1021/jm301024w,J Med Chem,2012
56979,le_6,5.221848749616355,O60885,COc1cccc(NS(=O)(=O)c2cc(-c3c(C)noc3C)ccc2OC)c1,CHEMBL2181733,CHEMBL1163125,Bromodomain-containing protein 4,SINGLE PROTEIN,12161658,IC50,=,6000.0,nM,5.22,true,CHEMBL2182558,Inhibition of His6-tagged BRD4-BD12 expressed in Escherichia coli assessed as inhibition of binding to SGRG-K(Ac)-GG-K(Ac)-GLG-K(Ac)-GGA-K(Ac)-RHGSGSK-biotin after 1 hr by TR-FRET assay,assay format,CHEMBL2176978,Fragment-based discovery of bromodomain inhibitors part 2: optimization of phenylisoxazole sulfonamides.,10.1021/jm201283q,J Med Chem,2012
57835,gt_6,7.999999999999998,P31751,Cn1ncc(Cl)c1-c1cc(C(=O)NC(CN)Cc2cccc(F)c2)sc1Cl,CHEMBL2219422,CHEMBL2431,RAC-beta serine/threonine-protein kinase,SINGLE PROTEIN,16881187,IC50,=,10.0,nM,8.00,true,CHEMBL3880965,Inhibition of full length human AKT2 expressed in Sf9 cells assessed as reduction in substrate phosphorylation using biotin-ahx-ARKRERAYSFGHHA-amide substrate and [gamma-33P]ATP incubated for 40 mins by top count microplate scintillation counting method,cell-based format,CHEMBL3880416,Inhibitors of AKT Activity,,,2011
57835,gt_6,7.999999999999998,P31751,Cn1ncc(Cl)c1-c1cc(C(=O)NC(CN)Cc2cccc(F)c2)sc1Cl,CHEMBL2219422,CHEMBL2431,RAC-beta serine/threonine-protein kinase,SINGLE PROTEIN,17883062,Kd,=,2800.0,nM,5.55,false,CHEMBL3991624,"Kinobeads (epsilon), multiple immobilized ATP-competitive broad spectrum kinase inhibitors, used to assess residual binding of ~300 proteins simultaneously from cell lysate in the presence of a compound. Quantitative readout performed by mass spectrometry.",subcellular format,CHEMBL3991601,The target landscape of clinical kinase drugs.,10.1126/science.aan4368,Science,2017
57835,gt_6,7.999999999999998,P31751,Cn1ncc(Cl)c1-c1cc(C(=O)NC(CN)Cc2cccc(F)c2)sc1Cl,CHEMBL2219422,CHEMBL2431,RAC-beta serine/threonine-protein kinase,SINGLE PROTEIN,24978769,IC50,=,2.0,nM,8.70,false,CHEMBL5225432,Inhibition of AKT2 (unknown origin) using Sox-AKT-tide as substrate by continuous real time fluorescence detection based [gamma33P]ATP assay,single protein format,CHEMBL5223150,"Targeting the PI3K/AKT/mTOR Signaling Pathway in the Treatment of Human Diseases: Current Status, Trends, and Solutions.",10.1021/acs.jmedchem.2c01070,J Med Chem,2022
57835,gt_6,7.999999999999998,P31751,Cn1ncc(Cl)c1-c1cc(C(=O)NC(CN)Cc2cccc(F)c2)sc1Cl,CHEMBL2219422,CHEMBL2431,RAC-beta serine/threonine-protein kinase,SINGLE PROTEIN,25990833,Ki,=,2.0,nM,8.70,false,CHEMBL5550568,Inhibition of AKT2 (unknown origin) using Ac-KKGGRARTSSFAEPG-amide as substrate preincubated for 1 hr followed by substrate and gamma33P-ATP addition and measured after 2 hrs,single protein format,CHEMBL5550097,Drug-drug conjugates of MEK and Akt inhibitors for RAS-mutant cancers.,10.1016/j.bmc.2024.117674,Bioorg Med Chem,2024
58369,le_6,5.124938736608301,P00533,COc1cc(C=C2CCCC(=CC3CCCCC3)C2=O)cc(OC)c1,CHEMBL2316149,CHEMBL203,Epidermal growth factor receptor,SINGLE PROTEIN,12615154,IC50,=,7500.0,nM,5.12,true,CHEMBL2318907,Inhibition of EGFR cytoplasmic domain (amino acids 645 to 1186) (unknown origin) expressed in Sf9 cells assessed as reduction in enzyme autophosphorylation by DELFIA time resolved fluorometry,cell-based format,CHEMBL2311310,"Design, synthesis and molecular docking of α,β-unsaturated cyclohexanone analogous of curcumin as potent EGFR inhibitors with antiproliferative activity.",10.1016/j.bmc.2012.11.031,Bioorg Med Chem,2013
58369,le_6,5.124938736608301,P00533,COc1cc(C=C2CCCC(=CC3CCCCC3)C2=O)cc(OC)c1,CHEMBL2316149,CHEMBL203,Epidermal growth factor receptor,SINGLE PROTEIN,17780702,IC50,=,7520.0,nM,5.12,true,CHEMBL3888815,"Time-Resolved Fluorescence Assay: The kinase activity of EGFR was detected according to time-resolved fluorescence detection technology to evaluate automatic phosphorylation levels. The test compound was dissolved in 100% DMSO, diluted with 25 mM HEPES (pH=7.4) to the desired concentration, added into each well with 10 μL of the test compounds and 10 μL solution containing 5 ng EGFR, then cultured for 10 min at room temperature using the recombinase diluted by 100 mM HEPES with a dilution ratio of 1:80, subsequently added with 10 μL solution containing 20 mM HEPES, 2 mM MnCl2, 100 μM Na3VO4, 1 mM DTT buffer, and 20 μL of 0.1 mM ATP and 50 mM MgCl2 and cultured for 1 h. The positive group in each plate was added with ATP-MgCl2 enzyme, the negative control group without adding with ATP-MgCl2 enzyme, the liquid was sucked out completely after cultured for 1 h, and each well was washed with buffer for three times. The wells were added with 75 μL anti-phosphorylated tyrosine antibody containing 400 ng europium labeling and cultured 1 h, washed, then added with enhancing solution. At the excitation wavelength 340 nm and the emission wavelength 615 nm, the fluorescence intensities were detected by using Victor type 2 time-resolved luminoscope, wherein the inhibitory rate of the compound on automatic phosphorylation: the inhibitory rate of autophosphorylation=100%−[(negative control)/(positive control−negative control)].",single protein format,CHEMBL3886845,"Alpha-(3,5-dimethoxybenzylidene)-alpha′-hydrocarbyl methylene cyclic ketone and preparation method thereof",,,2016
59702,le_6,6.0,P45984,NC(Cc1ccc(Cl)cc1)c1nc2ccc(-c3cn[nH]c3)cc2c(=O)[nH]1,CHEMBL2334293,CHEMBL4179,Mitogen-activated protein kinase 9,SINGLE PROTEIN,12708239,IC50,>,1000.0,nM,,false,CHEMBL2346254,Inhibition of JNK2 (unknown origin),single protein format,CHEMBL2331421,Amino acid derived quinazolines as Rock/PKA inhibitors.,10.1016/j.bmcl.2013.01.109,Bioorg Med Chem Lett,2013
64365,gt_6,6.055517327849832,P30530,CCCCNc1ncc(C(=O)Nc2ccc(OC)cc2)c(NC2CCC(O)CC2)n1,CHEMBL3093748,CHEMBL4895,Tyrosine-protein kinase receptor UFO,SINGLE PROTEIN,13847982,IC50,=,880.0,nM,6.06,true,CHEMBL3094775,Inhibition of Axl kinase (unknown origin) using 5-FAM-KKKKEEIYFFF-CONH2 as substrate after 180 mins by microfluidic capillary electrophoresis assay,single protein format,CHEMBL3091375,Discovery of Mer specific tyrosine kinase inhibitors for the treatment and prevention of thrombosis.,10.1021/jm4013888,J Med Chem,2013
67206,gt_6,6.155522824254319,Q16539,Cc1cccc(-c2[nH]c(CNc3cccc(C#N)c3CN(C)C)nc2-c2ccc3ncnn3c2)n1,CHEMBL3260897,CHEMBL260,Mitogen-activated protein kinase 14,SINGLE PROTEIN,14659558,IC50,=,699.0,nM,6.16,true,CHEMBL3268789,Inhibition of human recombinant p38alpha expressed in Escherichia coli using ATF2 as substrate by radioisotopic assay,assay format,CHEMBL3259733,"Discovery of N-((4-([1,2,4]triazolo[1,5-a]pyridin-6-yl)-5-(6-methylpyridin-2-yl)-1H-imidazol-2-yl)methyl)-2-fluoroaniline (EW-7197): a highly potent, selective, and orally bioavailable inhibitor of TGF-β type I receptor kinase as cancer immunotherapeutic/antifibrotic agent.",10.1021/jm500115w,J Med Chem,2014
69665,gt_6,9.397940008672036,P15056,CCc1cccc(Nc2nc3cc(Oc4ccnc(NC(C)=O)c4)ccc3n2C)c1,CHEMBL3335372,CHEMBL5145,Serine/threonine-protein kinase B-raf,SINGLE PROTEIN,15100478,IC50,<,0.4,nM,,false,CHEMBL3384713,Inhibition of BRAF V600E mutant (unknown origin),single protein format,CHEMBL3351360,Design and Synthesis of Orally Bioavailable Benzimidazole Reverse Amides as Pan RAF Kinase Inhibitors.,10.1021/ml5002272,ACS Med Chem Lett,2014
69665,gt_6,9.397940008672036,P15056,CCc1cccc(Nc2nc3cc(Oc4ccnc(NC(C)=O)c4)ccc3n2C)c1,CHEMBL3335372,CHEMBL5145,Serine/threonine-protein kinase B-raf,SINGLE PROTEIN,15100491,EC50,=,100.0,nM,7.00,false,CHEMBL3384714,Inhibition of BRAF (unknown origin)-mediated ERK phosphorylation by cell-based assay,cell-based format,CHEMBL3351360,Design and Synthesis of Orally Bioavailable Benzimidazole Reverse Amides as Pan RAF Kinase Inhibitors.,10.1021/ml5002272,ACS Med Chem Lett,2014
71052,le_6,5.487697231973599,P28482,O=C(Nc1ccc(O)c(Cl)c1)C1CCN(CC(=O)N2CCN(c3ccc(Br)cc3)CC2)C1,CHEMBL3356120,CHEMBL4040,Mitogen-activated protein kinase 1,SINGLE PROTEIN,15116420,IC50,=,5000.0,nM,5.30,false,CHEMBL3376466,Inhibition of inactive ERK2 (unknown origin) coupled with human MEK1 using IMAP peptide substrate after 30 mins by coupled ERK2 assay,single protein format,CHEMBL3351461,"Discovery of novel, dual mechanism ERK inhibitors by affinity selection screening of an inactive kinase.",10.1021/jm500847m,J Med Chem,2014
71052,le_6,5.487697231973599,P28482,O=C(Nc1ccc(O)c(Cl)c1)C1CCN(CC(=O)N2CCN(c3ccc(Br)cc3)CC2)C1,CHEMBL3356120,CHEMBL4040,Mitogen-activated protein kinase 1,SINGLE PROTEIN,15116437,IC50,=,8200.0,nM,5.09,false,CHEMBL3376467,Inhibition of activated ERK2 (unknown origin) using IMAP peptide substrate after 30 mins by activated ERK2 assay,single protein format,CHEMBL3351461,"Discovery of novel, dual mechanism ERK inhibitors by affinity selection screening of an inactive kinase.",10.1021/jm500847m,J Med Chem,2014
71052,le_6,5.487697231973599,P28482,O=C(Nc1ccc(O)c(Cl)c1)C1CCN(CC(=O)N2CCN(c3ccc(Br)cc3)CC2)C1,CHEMBL3356120,CHEMBL4040,Mitogen-activated protein kinase 1,SINGLE PROTEIN,15116454,IC50,=,930.0,nM,6.03,false,CHEMBL3376468,Inhibition of unphosphorylated ERK2 (unknown origin) by temperature dependent fluorescence (TdF) assay,single protein format,CHEMBL3351461,"Discovery of novel, dual mechanism ERK inhibitors by affinity selection screening of an inactive kinase.",10.1021/jm500847m,J Med Chem,2014
71052,le_6,5.487697231973599,P28482,O=C(Nc1ccc(O)c(Cl)c1)C1CCN(CC(=O)N2CCN(c3ccc(Br)cc3)CC2)C1,CHEMBL3356120,CHEMBL4040,Mitogen-activated protein kinase 1,SINGLE PROTEIN,15116471,IC50,=,2650.0,nM,5.58,false,CHEMBL3376469,Inhibition of phosphorylated ERK2 (unknown origin) by temperature dependent fluorescence (TdF) assay,single protein format,CHEMBL3351461,"Discovery of novel, dual mechanism ERK inhibitors by affinity selection screening of an inactive kinase.",10.1021/jm500847m,J Med Chem,2014
71289,le_6,5.166852888087216,P36888,COc1cc2ncnc(Nc3ccc(F)c(Cl)c3)c2cc1NC(=O)C(F)=CCN(C)C,CHEMBL3357634,CHEMBL1974,Receptor-type tyrosine-protein kinase FLT3,SINGLE PROTEIN,15107863,IC50,=,6810.0,nM,5.17,true,CHEMBL3385826,Inhibition of wild type FLT3 (unknown origin) incubated for 5 mins by HTRF assay,single protein format,CHEMBL3351667,A chemical tuned strategy to develop novel irreversible EGFR-TK inhibitors with improved safety and pharmacokinetic profiles.,10.1021/jm5014659,J Med Chem,2014
72356,le_6,4.698970004336019,P22455,Nc1nc(O)c2nc(-c3c[nH]c4cccc(Br)c34)[nH]c2n1,CHEMBL3401364,CHEMBL3973,Fibroblast growth factor receptor 4,SINGLE PROTEIN,15165338,IC50,>,20000.0,nM,,false,CHEMBL3404251,Inhibition of FGFR4 (unknown origin) after 90 mins by TR-FRET assay,single protein format,CHEMBL3399963,"Design, synthesis and preliminary biological evaluation of C-8 substituted guanine derivatives as small molecular inhibitors of FGFRs.",10.1016/j.bmcl.2015.02.010,Bioorg Med Chem Lett,2015
74163,le_6,5.173925197299175,O60674,Fc1cccc(C2CCCN2c2ccc3ncc(-c4ccccn4)n3n2)c1,CHEMBL3582439,CHEMBL2971,Tyrosine-protein kinase JAK2,SINGLE PROTEIN,15616247,IC50,=,6700.0,nM,5.17,true,CHEMBL3583131,Inhibition of Tel-fused JAK2 (unknown origin) expressed in mouse BA/F3 cells after 48 hrs by luciferase reporter gene assay in absence of recombinant mouse IL3,cell-based format,CHEMBL3580662,(R)-2-Phenylpyrrolidine Substituted Imidazopyridazines: A New Class of Potent and Selective Pan-TRK Inhibitors.,10.1021/acsmedchemlett.5b00050,ACS Med Chem Lett,2015
74403,gt_6,7.999999999999998,Q04759,CN1CCCC(CNc2nc(Nc3cccc(-n4ccnn4)c3)ncc2F)C1,CHEMBL3586044,CHEMBL3920,Protein kinase C theta type,SINGLE PROTEIN,15625844,IC50,=,10.0,nM,8.00,true,CHEMBL3587275,Inhibition of human full length PKCtheta assessed as fluorescence intensity after 60 mins,single protein format,CHEMBL3585258,"Optimization of 2,4-diamino-5-fluoropyrimidine derivatives as protein kinase C theta inhibitors with mitigated time-dependent drug-drug interactions and P-gp liability.",10.1016/j.bmc.2015.04.050,Bioorg Med Chem,2015
76026,le_6,4.6020599913279625,Q13627,O=C1CCN2C(=O)c3cccc(NC(=O)Nc4ccccn4)c3C2C1,CHEMBL3609567,CHEMBL2292,Dual specificity tyrosine-phosphorylation-regulated kinase 1A,SINGLE PROTEIN,15696638,IC50,=,25000.0,nM,4.60,true,CHEMBL3611472,Inhibition of human recombinant GST-tagged DYRK1A expressed in Escherichia coli,assay format,CHEMBL3608270,"Advances in tetrahydropyrido[1,2-a]isoindolone (valmerins) series: Potent glycogen synthase kinase 3 and cyclin dependent kinase 5 inhibitors.",10.1016/j.ejmech.2015.06.046,Eur J Med Chem,2015
79016,le_6,4.223567609808054,P35916,CN1CCC(c2ccc(Nc3ncc(C(F)(F)F)c(CCc4ccccc4CC(N)=O)n3)c(OC(F)(F)F)c2)CC1,CHEMBL3689079,CHEMBL1955,Vascular endothelial growth factor receptor 3,SINGLE PROTEIN,17701541,IC50,=,59763.0,nM,4.22,true,CHEMBL3887193,"Biochemical Assay: Compounds of the invention may be tested for in vitro activity in the following assay: A biotin labeled peptide is used as substrate (amino acid sequence: Biotin-Glu-Gly-Pro-Trp-Leu-Glu -Glu-Glu-Glu-Glu-Ala-Tyr-Gly-Trp-Met-Asp-Phe-NH2) (SEQ ID NO: 1). VEGFR3 cytoplasmic domain (amino acids 798-1298) was purchased as N-terminal GST-fusion protein (the enzyme). The 15ul assay reactions are run in Greiner brand white 384-well low volume plates. All reactions contained 10 mM HEPES pH 7.4, 10mM MgCl2, 0.01% (v/v) Tween-20, 50uM Na3VO4, 0.01% (w/v) albumin from chicken egg white, 1mM Dithiothreitol, 111 nM peptide substrate, 500uM ATP, and 3.8ng/reaction enzyme, with the enzyme being omitted from negative control reactions. Compounds were added in a volume of 100nl from dilution series prepared in DMSO, positive and negative control reactions receiving the same volume DMSO without compound. The plates were sealed with adhesive seals and incubated for 90 minutes at 30 degree C.",single protein format,CHEMBL3639054,Selective FAK inhibitors,,,2015
79631,le_6,5.911509529817605,P52333,CN(C)C1CCC(n2cc(C(N)=O)c(Nc3ccc(Cl)cc3)n2)C(C#N)C1,CHEMBL3703085,CHEMBL2148,Tyrosine-protein kinase JAK3,SINGLE PROTEIN,18148545,IC50,=,1226.0,nM,5.91,true,CHEMBL4033004,Inhibition of GST-tagged recombinant human JAK3 catalytic domain expressed in baculovirus expression system using LCB-EQEDEPEGDYFEWLW-NH2 as substrate preincubated for 30 mins followed by ATP addition measured after 120 mins by HTRF assay,assay format,CHEMBL4028908,"The Discovery of 3-((4-Chloro-3-methoxyphenyl)amino)-1-((3R,4S)-4-cyanotetrahydro-2H-pyran-3-yl)-1H-pyrazole-4-carboxamide, a Highly Ligand Efficient and Efficacious Janus Kinase 1 Selective Inhibitor with Favorable Pharmacokinetic Properties.",10.1021/acs.jmedchem.7b01135,J Med Chem,2017
80109,gt_6,7.537602002101044,O14965,CC(C)(Nc1cccc(O)c1)C(=O)Nc1nc2ccc3[nH]ncc3c2s1,CHEMBL3718495,CHEMBL4722,Aurora kinase A,SINGLE PROTEIN,16357262,IC50,=,29.0,nM,7.54,true,CHEMBL3721219,Inhibition of N-terminal His6-tagged recombinant full-length human Aurora A expressed in Sf21 cells,cell-based format,CHEMBL3714740,alpha-amino acid derivatives and medicaments containing the same as an active ingredient,,,2011
81982,le_6,4.999999999999999,P41743,Brc1csc2c(NCC3CCCN3)nc(-c3ccncc3)nc12,CHEMBL3727923,CHEMBL2598,Protein kinase C iota type,SINGLE PROTEIN,16373848,IC50,=,10000.0,nM,5.00,true,CHEMBL3734165,Inhibition of recombinant full-length human PKC-iota expressed in Sf21 cells using FAM-PKCs pseudopeptide derived peptide substrate and 150 uM ATP by fluorescence polarization based IMAP assay,cell-based format,CHEMBL3727368,Thienopyrimidine inhibitors of atypical protein kinase C,,,2013
81982,le_6,4.999999999999999,P41743,Brc1csc2c(NCC3CCCN3)nc(-c3ccncc3)nc12,CHEMBL3733256,CHEMBL2598,Protein kinase C iota type,SINGLE PROTEIN,16373849,IC50,=,10000.0,nM,5.00,true,CHEMBL3734165,Inhibition of recombinant full-length human PKC-iota expressed in Sf21 cells using FAM-PKCs pseudopeptide derived peptide substrate and 150 uM ATP by fluorescence polarization based IMAP assay,cell-based format,CHEMBL3727368,Thienopyrimidine inhibitors of atypical protein kinase C,,,2013
82607,gt_6,6.275724130399212,Q92630,COCCN1CCC(CNC(=O)c2n[nH]c3ccc(-c4cccc(F)c4F)cc23)CC1,CHEMBL3735506,CHEMBL4376,Dual specificity tyrosine-phosphorylation-regulated kinase 2,SINGLE PROTEIN,16381051,IC50,=,530.0,nM,6.28,true,CHEMBL3736807,Inhibition of human recombinant DYRK2 by LANCE assay,single protein format,CHEMBL3734740,Hit Optimization of 5-Substituted-N-(piperidin-4-ylmethyl)-1H-indazole-3-carboxamides: Potent Glycogen Synthase Kinase-3 (GSK-3) Inhibitors with in Vivo Activity in Model of Mood Disorders.,10.1021/acs.jmedchem.5b01208,J Med Chem,2015
82881,le_6,5.630784142589858,P35968,Cc1[nH]c(-c2ccccc2)c(-c2ccccc2)c1C(=O)c1cn(-c2ccccc2)nc1-c1ccccc1,CHEMBL3741069,CHEMBL279,Vascular endothelial growth factor receptor 2,SINGLE PROTEIN,16398629,Inhibition,=,100.0,%,,false,CHEMBL3744322,Inhibition of VEGFR-2 (unknown origin) at 30 uM by microfluidic assay relative to control,single protein format,CHEMBL3739348,"Novel pyrrole derivatives as selective CHK1 inhibitors: design, regioselective synthesis and molecular modeling",10.1039/C4MD00560K,Medchemcomm,2015
82881,le_6,5.630784142589858,P35968,Cc1[nH]c(-c2ccccc2)c(-c2ccccc2)c1C(=O)c1cn(-c2ccccc2)nc1-c1ccccc1,CHEMBL3741069,CHEMBL279,Vascular endothelial growth factor receptor 2,SINGLE PROTEIN,16398667,IC50,=,2340.0,nM,5.63,true,CHEMBL3744324,Inhibition of VEGFR-2 (unknown origin) by microfluidic assay relative to control,single protein format,CHEMBL3739348,"Novel pyrrole derivatives as selective CHK1 inhibitors: design, regioselective synthesis and molecular modeling",10.1039/C4MD00560K,Medchemcomm,2015
83351,gt_6,6.6307841425898575,Q9NWZ3,CCc1cc2c(cc1-c1cnn(CCCN(C)C)c1)C(C)(C)c1[nH]c3cc(C#N)ccc3c1C2=O,CHEMBL3746678,CHEMBL3778,Interleukin-1 receptor-associated kinase 4,SINGLE PROTEIN,16428150,IC50,=,234.0,nM,6.63,true,CHEMBL3748848,Inhibition of IRAK4 (unknown origin),single protein format,CHEMBL3745656,Discovery of Inhibitors That Overcome the G1202R Anaplastic Lymphoma Kinase Resistance Mutation.,10.1021/acs.jmedchem.5b01136,J Med Chem,2015
83702,gt_6,7.585026652029181,P00533,CC(Nc1ncnc2sc(-c3cccc(S(C)(=O)=O)c3)cc12)c1ccccc1,CHEMBL3760023,CHEMBL203,Epidermal growth factor receptor,SINGLE PROTEIN,16457495,Inhibition,=,70.0,%,,false,CHEMBL3761556,Inhibition of EGFR (unknown origin) at 100 nM by Z -LYTE assay,single protein format,CHEMBL3758163,Extended structure-activity study of thienopyrimidine-based EGFR inhibitors with evaluation of drug-like properties.,10.1016/j.ejmech.2015.11.012,Eur J Med Chem,2016
83702,gt_6,7.585026652029181,P00533,CC(Nc1ncnc2sc(-c3cccc(S(C)(=O)=O)c3)cc12)c1ccccc1,CHEMBL3760023,CHEMBL203,Epidermal growth factor receptor,SINGLE PROTEIN,16457539,IC50,=,26.0,nM,7.58,false,CHEMBL3761557,Inhibition of EGFR (unknown origin) by Z -LYTE assay,single protein format,CHEMBL3758163,Extended structure-activity study of thienopyrimidine-based EGFR inhibitors with evaluation of drug-like properties.,10.1016/j.ejmech.2015.11.012,Eur J Med Chem,2016
85961,le_6,6.0,P49137,CC(c1ccccc1)N1c2cc(-n3c(=O)[nH]c4ncccc43)ccc2C(=O)NC1(C)C,CHEMBL3798011,CHEMBL2208,MAP kinase-activated protein kinase 2,SINGLE PROTEIN,16565469,IC50,>,1000.0,nM,,false,CHEMBL3804493,Inhibition of N-terminal FLAG-tagged MAPKAPK2 (unknown origin) expressed in baculovirus preincubated for 5 mins using KKLNRTLSVA-NH2 as substrate measured after 10 mins in presence of [gamma-33P]ATP by scintillation counting method,assay format,CHEMBL3797131,"Discovery and optimization of 1,7-disubstituted-2,2-dimethyl-2,3-dihydroquinazolin-4(1H)-ones as potent and selective PKCθ inhibitors.",10.1016/j.bmc.2016.04.008,Bioorg Med Chem,2016
86383,gt_6,8.522878745280336,P68400,CC(=O)Nc1cc(Nc2cc(NC3CC3)n3ncc(C#N)c3n2)ccc1N(C)CCN1CCOCC1,CHEMBL3810020,CHEMBL2095191,Casein kinase II,PROTEIN COMPLEX GROUP,16604879,IC50,=,5.0,nM,8.30,false,CHEMBL3811874,Inhibition of CK2 in human DLD1 HA-myr-AKT1 cells assessed as suppression of AKTser129 phosphorylation after 3 to 24 hrs by Western blot analysis,assay format,CHEMBL3808365,Potent and Selective CK2 Kinase Inhibitors with Effects on Wnt Pathway Signaling in Vivo.,10.1021/acsmedchemlett.5b00452,ACS Med Chem Lett,2016
86383,gt_6,8.522878745280336,P68400,CC(=O)Nc1cc(Nc2cc(NC3CC3)n3ncc(C#N)c3n2)ccc1N(C)CCN1CCOCC1,CHEMBL3810020,CHEMBL3629,Casein kinase II subunit alpha,SINGLE PROTEIN,16606752,IC50,<,3.0,nM,,false,CHEMBL3811873,Inhibition of full length N-terminal 6xHis-tagged recombinant human CK2alpha expressed in fall armyworm Sf21 cells using BODIPY-FL-RRRDDDSDDD-CONH2 as substrate after 90 mins by mobility shift assay,cell-based format,CHEMBL3808365,Potent and Selective CK2 Kinase Inhibitors with Effects on Wnt Pathway Signaling in Vivo.,10.1021/acsmedchemlett.5b00452,ACS Med Chem Lett,2016
86589,le_6,4.522878745280338,P42338,CCc1cc(-c2c[nH]c3ncc(-c4cn[nH]c4)cc23)nc(N)n1,CHEMBL3813865,CHEMBL3145,"Phosphatidylinositol 4,5-bisphosphate 3-kinase catalytic subunit beta isoform",SINGLE PROTEIN,16612861,IC50,>,30000.0,nM,,false,CHEMBL3815758,Inhibition of PI3K beta (unknown origin),single protein format,CHEMBL3813616,Discovery of novel 7-azaindoles as PDK1 inhibitors.,10.1016/j.bmcl.2016.05.005,Bioorg Med Chem Lett,2016
88742,le_6,5.853871964321762,P11309,CCc1cncc(-c2cc3c(cn2)cnn3-c2cccc(N3CCCC(N)C3)n2)n1,CHEMBL3896312,CHEMBL2147,Serine/threonine-protein kinase pim-1,SINGLE PROTEIN,17793879,Ki,=,0.047,nM,10.33,false,CHEMBL3889101,"Kinase Binding Assay: PIM-1, -2, and -3 enzymes were generated as fusion proteins expressed in bacteria and purified by IMAC column chromatography (Sun, X., Chiu, J. F., and He, Q. Y. (2005) Expert Rev. Proteomics, 2:649-657). A fluorescent-labeled Pim-specific peptide substrate, was custom synthesized by American Peptide Company (Sunnyvale, Calif.). Reaction Buffer contained 10 mM HEPES, pH 7.2, 10 mM MgCl2, 0.01% Tween 20, 2 mM DTT. Termination Buffer contained 190 mM HEPES, pH 7.2, 0.015% Brij-35, 0.2% Coating Reagent 3 (Caliper Life Sciences, Hopkinton, Mass.), 20 mM EDTA. Separation Buffer contained 100 mM HEPES, pH 7.2, 0.015% Brij-35, 0.1% Coating Reagent 3, 1:200 Coating Reagent 8 (Caliper Life Sciences, Hopkinton, Mass.), 10 mM EDTA and 5% DMSO.PIM reactions were carried out in a final volume of 10 uL per well in a 384-well plate. A standard enzymatic reaction, initiated by the addition of 5 uL 2Ã¿Â¿ATP and test compound to 5 uL of 2x enzyme and FAM-peptide, contained 20 uM PIM1, 50 uM PIM2, or 55 uM PIM3, 1 uM FAM-peptide, and 10 uM ATP, in Reaction Buffer. After 90 minutes of incubation at room temperature, the phosphorylation reaction was stopped by the addition of 10 uL Termination Buffer. The product and substrate in each independent reaction were separated on a 12-sipper microfluidic chip (Caliper Life Sciences, Hopkinton, Mass.) run on a Caliper LC3000 (Caliper Life Sciences, Hopkinton, Mass.). The separation of product and substrate was optimized by choosing voltages and pressure using Caliper's Optimizer software (Hopkinton, Mass.). The separation conditions used a downstream voltage of -500V, an upstream voltage of -2150V, and a screening pressure of -1.2 psi. The product and substrate fluorophore were excited at 488 nm and detected at 530 nm. Substrate conversion was calculated from the electropherogram using HTS Well Analyzer software (Caliper Life Sciences, Hopkinton, Mass.). Ki values for the test compound were calculated.",assay format,CHEMBL3886942,5-azaindazole compounds and methods of use,,,2016
88742,le_6,5.853871964321762,P11309,CCc1cncc(-c2cc3c(cn2)cnn3-c2cccc(N3CCCC(N)C3)n2)n1,CHEMBL3896312,CHEMBL2147,Serine/threonine-protein kinase pim-1,SINGLE PROTEIN,17794499,IC50,=,1400.0,nM,5.85,true,CHEMBL3889104,"In Vitro Cell Proliferation Potency Assay: BaF3, a murine interleukin-3 dependent pro-B cell line, parental cells, BaF3 PIM1 cells, BaF3 PIM2 cells, and MM1.S (multiple myeloma) cells were seeded at 2 k/well, 5 k/well, 5 k/well, and 10 k/well respectively, in a 384-well plate, at 45 μL/well. Test compound was added at 5 μL/well. BaF3 cells (parental and transfected) were incubated overnight, while MM1.S cells were incubated for 72 hours at 37° C., 5% CO2. CELL TITER GLO® Reagent (Promega) was added at 50 μL/well, the plates were incubated for 30 minutes, and their luminescence read on an HT Analyst.",cell-based format,CHEMBL3886942,5-azaindazole compounds and methods of use,,,2016
88742,le_6,5.853871964321762,P11309,CCc1cncc(-c2cc3c(cn2)cnn3-c2cccc(N3CCCC(N)C3)n2)n1,CHEMBL3896312,CHEMBL2147,Serine/threonine-protein kinase pim-1,SINGLE PROTEIN,26643490,Ki,=,0.047,nM,10.33,false,CHEMBL5730289,"Kinase Binding Assay: PIM-1, -2, and -3 enzymes were generated as fusion proteins expressed in bacteria and purified by IMAC column chromatography (Sun, X., Chiu, J. F., and He, Q. Y. (2005) Expert Rev. Proteomics, 2:649-657). A fluorescent-labeled Pim-specific peptide substrate, was custom synthesized by American Peptide Company (Sunnyvale, Calif.). Reaction Buffer contained 10 mM HEPES, pH 7.2, 10 mM MgCl2, 0.01% Tween 20, 2 mM DTT. Termination Buffer contained 190 mM HEPES, pH 7.2, 0.015% Brij-35, 0.2% Coating Reagent 3 (Caliper Life Sciences, Hopkinton, Mass.), 20 mM EDTA. Separation Buffer contained 100 mM HEPES, pH 7.2, 0.015% Brij-35, 0.1% Coating Reagent 3, 1:200 Coating Reagent 8 (Caliper Life Sciences, Hopkinton, Mass.), 10 mM EDTA and 5% DMSO.PIM reactions were carried out in a final volume of 10 uL per well in a 384-well plate. A standard enzymatic reaction, initiated by the addition of 5 uL 2Ã¿Â¿ATP and test compound to 5 uL of 2x enzyme and FAM-peptide, contained 20 uM PIM1, 50 uM PIM2, or 55 uM PIM3, 1 uM FAM-peptide, and 10 uM ATP, in Reaction Buffer. After 90 minutes of incubation at room temperature, the phosphorylation reaction was stopped by the addition of 10 uL Termination Buffer. The product and substrate in each independent reaction were separated on a 12-sipper microfluidic chip (Caliper Life Sciences, Hopkinton, Mass.) run on a Caliper LC3000 (Caliper Life Sciences, Hopkinton, Mass.). The separation of product and substrate was optimized by choosing voltages and pressure using Caliper's Optimizer software (Hopkinton, Mass.). The separation conditions used a downstream voltage of -500V, an upstream voltage of -2150V, and a screening pressure of -1.2 psi. The product and substrate fluorophore were excited at 488 nm and detected at 530 nm. Substrate conversion was calculated from the electropherogram using HTS Well Analyzer software (Caliper Life Sciences, Hopkinton, Mass.). Ki values for the test compound were calculated.",assay format,CHEMBL3886942,5-azaindazole compounds and methods of use,,,2016
88742,le_6,5.853871964321762,P11309,CCc1cncc(-c2cc3c(cn2)cnn3-c2cccc(N3CCCC(N)C3)n2)n1,CHEMBL3896312,CHEMBL2147,Serine/threonine-protein kinase pim-1,SINGLE PROTEIN,26643491,kon,=,,,,false,CHEMBL5730289,"Kinase Binding Assay: PIM-1, -2, and -3 enzymes were generated as fusion proteins expressed in bacteria and purified by IMAC column chromatography (Sun, X., Chiu, J. F., and He, Q. Y. (2005) Expert Rev. Proteomics, 2:649-657). A fluorescent-labeled Pim-specific peptide substrate, was custom synthesized by American Peptide Company (Sunnyvale, Calif.). Reaction Buffer contained 10 mM HEPES, pH 7.2, 10 mM MgCl2, 0.01% Tween 20, 2 mM DTT. Termination Buffer contained 190 mM HEPES, pH 7.2, 0.015% Brij-35, 0.2% Coating Reagent 3 (Caliper Life Sciences, Hopkinton, Mass.), 20 mM EDTA. Separation Buffer contained 100 mM HEPES, pH 7.2, 0.015% Brij-35, 0.1% Coating Reagent 3, 1:200 Coating Reagent 8 (Caliper Life Sciences, Hopkinton, Mass.), 10 mM EDTA and 5% DMSO.PIM reactions were carried out in a final volume of 10 uL per well in a 384-well plate. A standard enzymatic reaction, initiated by the addition of 5 uL 2Ã¿Â¿ATP and test compound to 5 uL of 2x enzyme and FAM-peptide, contained 20 uM PIM1, 50 uM PIM2, or 55 uM PIM3, 1 uM FAM-peptide, and 10 uM ATP, in Reaction Buffer. After 90 minutes of incubation at room temperature, the phosphorylation reaction was stopped by the addition of 10 uL Termination Buffer. The product and substrate in each independent reaction were separated on a 12-sipper microfluidic chip (Caliper Life Sciences, Hopkinton, Mass.) run on a Caliper LC3000 (Caliper Life Sciences, Hopkinton, Mass.). The separation of product and substrate was optimized by choosing voltages and pressure using Caliper's Optimizer software (Hopkinton, Mass.). The separation conditions used a downstream voltage of -500V, an upstream voltage of -2150V, and a screening pressure of -1.2 psi. The product and substrate fluorophore were excited at 488 nm and detected at 530 nm. Substrate conversion was calculated from the electropherogram using HTS Well Analyzer software (Caliper Life Sciences, Hopkinton, Mass.). Ki values for the test compound were calculated.",assay format,CHEMBL3886942,5-azaindazole compounds and methods of use,,,2016
88742,le_6,5.853871964321762,P11309,CCc1cncc(-c2cc3c(cn2)cnn3-c2cccc(N3CCCC(N)C3)n2)n1,CHEMBL3896312,CHEMBL2147,Serine/threonine-protein kinase pim-1,SINGLE PROTEIN,26643492,k_off,=,,s-1,,false,CHEMBL5730289,"Kinase Binding Assay: PIM-1, -2, and -3 enzymes were generated as fusion proteins expressed in bacteria and purified by IMAC column chromatography (Sun, X., Chiu, J. F., and He, Q. Y. (2005) Expert Rev. Proteomics, 2:649-657). A fluorescent-labeled Pim-specific peptide substrate, was custom synthesized by American Peptide Company (Sunnyvale, Calif.). Reaction Buffer contained 10 mM HEPES, pH 7.2, 10 mM MgCl2, 0.01% Tween 20, 2 mM DTT. Termination Buffer contained 190 mM HEPES, pH 7.2, 0.015% Brij-35, 0.2% Coating Reagent 3 (Caliper Life Sciences, Hopkinton, Mass.), 20 mM EDTA. Separation Buffer contained 100 mM HEPES, pH 7.2, 0.015% Brij-35, 0.1% Coating Reagent 3, 1:200 Coating Reagent 8 (Caliper Life Sciences, Hopkinton, Mass.), 10 mM EDTA and 5% DMSO.PIM reactions were carried out in a final volume of 10 uL per well in a 384-well plate. A standard enzymatic reaction, initiated by the addition of 5 uL 2Ã¿Â¿ATP and test compound to 5 uL of 2x enzyme and FAM-peptide, contained 20 uM PIM1, 50 uM PIM2, or 55 uM PIM3, 1 uM FAM-peptide, and 10 uM ATP, in Reaction Buffer. After 90 minutes of incubation at room temperature, the phosphorylation reaction was stopped by the addition of 10 uL Termination Buffer. The product and substrate in each independent reaction were separated on a 12-sipper microfluidic chip (Caliper Life Sciences, Hopkinton, Mass.) run on a Caliper LC3000 (Caliper Life Sciences, Hopkinton, Mass.). The separation of product and substrate was optimized by choosing voltages and pressure using Caliper's Optimizer software (Hopkinton, Mass.). The separation conditions used a downstream voltage of -500V, an upstream voltage of -2150V, and a screening pressure of -1.2 psi. The product and substrate fluorophore were excited at 488 nm and detected at 530 nm. Substrate conversion was calculated from the electropherogram using HTS Well Analyzer software (Caliper Life Sciences, Hopkinton, Mass.). Ki values for the test compound were calculated.",assay format,CHEMBL3886942,5-azaindazole compounds and methods of use,,,2016
89062,gt_6,7.30102999566398,P29317,COc1cc2c(Nc3ccc(Cl)c(Cl)c3)ncnc2cc1OCC1CN(CCCC#N)CCO1,CHEMBL3898808,CHEMBL2068,Ephrin type-A receptor 2,SINGLE PROTEIN,16905772,IC50,<,50.0,nM,,false,CHEMBL3883065,Inhibition of recombinant human N-terminal His6-tagged EphA2 (N598 to R890 residues) expressed in baculovirus using poly-EY as substrate after 180 mins by luciferase coupled chemiluminescence assay,assay format,CHEMBL3882729,Receptor-type kinase modulators and methods of use,,,2009
89352,gt_6,10.554072879793155,P11309,CC1CCC(N)CN1c1ccncc1Nc1ncc2ccc(-c3c(F)cccc3F)nn12,CHEMBL3900646,CHEMBL2147,Serine/threonine-protein kinase pim-1,SINGLE PROTEIN,16776941,IC50,=,0.037,nM,10.43,false,CHEMBL3864805,Inhibition of recombinant Pim1 (unknown origin) by electrochemiluminescence assay,single protein format,CHEMBL3864151,Discovery of imidazopyridazines as potent Pim-1/2 kinase inhibitors.,10.1016/j.bmcl.2016.09.067,Bioorg Med Chem Lett,2016
89352,gt_6,10.554072879793155,P11309,CC1CCC(N)CN1c1ccncc1Nc1ncc2ccc(-c3c(F)cccc3F)nn12,CHEMBL3965757,CHEMBL2147,Serine/threonine-protein kinase pim-1,SINGLE PROTEIN,16776942,IC50,=,0.021,nM,10.68,false,CHEMBL3864805,Inhibition of recombinant Pim1 (unknown origin) by electrochemiluminescence assay,single protein format,CHEMBL3864151,Discovery of imidazopyridazines as potent Pim-1/2 kinase inhibitors.,10.1016/j.bmcl.2016.09.067,Bioorg Med Chem Lett,2016
89352,gt_6,10.554072879793155,P11309,CC1CCC(N)CN1c1ccncc1Nc1ncc2ccc(-c3c(F)cccc3F)nn12,CHEMBL3965757,CHEMBL3559682,Serine/threonine-protein kinase PIM,PROTEIN FAMILY,16777032,IC50,=,49.0,nM,7.31,false,CHEMBL3864807,Inhibition of Pim1/2 in human KMS-12 cells assessed as decrease in BAD phosphorylation at Ser112 by Western blot method,cell-based format,CHEMBL3864151,Discovery of imidazopyridazines as potent Pim-1/2 kinase inhibitors.,10.1016/j.bmcl.2016.09.067,Bioorg Med Chem Lett,2016
89352,gt_6,10.554072879793155,P11309,CC1CCC(N)CN1c1ccncc1Nc1ncc2ccc(-c3c(F)cccc3F)nn12,CHEMBL3900646,CHEMBL3559682,Serine/threonine-protein kinase PIM,PROTEIN FAMILY,16777033,IC50,=,142.0,nM,6.85,false,CHEMBL3864807,Inhibition of Pim1/2 in human KMS-12 cells assessed as decrease in BAD phosphorylation at Ser112 by Western blot method,cell-based format,CHEMBL3864151,Discovery of imidazopyridazines as potent Pim-1/2 kinase inhibitors.,10.1016/j.bmcl.2016.09.067,Bioorg Med Chem Lett,2016
89352,gt_6,10.554072879793155,P11309,CC1CCC(N)CN1c1ccncc1Nc1ncc2ccc(-c3c(F)cccc3F)nn12,CHEMBL3900646,CHEMBL2147,Serine/threonine-protein kinase pim-1,SINGLE PROTEIN,17721633,IC50,=,2.7,nM,8.57,false,CHEMBL3887608,"PIM Enzyme Assay: The assay for the determination of Pim activity is based on the formation of phosphorylated biotinylated-BAD peptide at the Serine 112 residue (S112) and employs HTRF (homogeneous time resolved fluorescence) technology to detect the product in a 96-well plate format. The phosphorylation of biotinylated-BAD (S112) peptide by full length recombinant Pim-1, Pim-2, or Pim-3 protein was detected with streptavidin:Allophycocyanin (APC) conjugate and a europium (Eu) labeled antibody directed against phosphorylated-BAD (S112). Excitation of Eu by a high energy laser light (337 nm) leads to a transfer of energy to the APC molecule, and results in an emission at 665 nm. The fluorescence is directly proportional to the amount of phosphorylated BAD peptide present in the reaction.Compounds were prepared in DMSO by conducting 3-fold serial dilutions to give a 10-point dosing curve having a high dose of 1 uM. A reference compound was included on each assay plate in order to validate that plate.",single protein format,CHEMBL3886376,Bicyclic pyridazine compounds as Pim inhibitors,,,2015
89352,gt_6,10.554072879793155,P11309,CC1CCC(N)CN1c1ccncc1Nc1ncc2ccc(-c3c(F)cccc3F)nn12,CHEMBL4112982,CHEMBL2147,Serine/threonine-protein kinase pim-1,SINGLE PROTEIN,17721634,IC50,<,0.1,nM,,false,CHEMBL3887608,"PIM Enzyme Assay: The assay for the determination of Pim activity is based on the formation of phosphorylated biotinylated-BAD peptide at the Serine 112 residue (S112) and employs HTRF (homogeneous time resolved fluorescence) technology to detect the product in a 96-well plate format. The phosphorylation of biotinylated-BAD (S112) peptide by full length recombinant Pim-1, Pim-2, or Pim-3 protein was detected with streptavidin:Allophycocyanin (APC) conjugate and a europium (Eu) labeled antibody directed against phosphorylated-BAD (S112). Excitation of Eu by a high energy laser light (337 nm) leads to a transfer of energy to the APC molecule, and results in an emission at 665 nm. The fluorescence is directly proportional to the amount of phosphorylated BAD peptide present in the reaction.Compounds were prepared in DMSO by conducting 3-fold serial dilutions to give a 10-point dosing curve having a high dose of 1 uM. A reference compound was included on each assay plate in order to validate that plate.",single protein format,CHEMBL3886376,Bicyclic pyridazine compounds as Pim inhibitors,,,2015
89352,gt_6,10.554072879793155,P11309,CC1CCC(N)CN1c1ccncc1Nc1ncc2ccc(-c3c(F)cccc3F)nn12,CHEMBL3965757,CHEMBL2147,Serine/threonine-protein kinase pim-1,SINGLE PROTEIN,17721635,IC50,<,0.1,nM,,false,CHEMBL3887608,"PIM Enzyme Assay: The assay for the determination of Pim activity is based on the formation of phosphorylated biotinylated-BAD peptide at the Serine 112 residue (S112) and employs HTRF (homogeneous time resolved fluorescence) technology to detect the product in a 96-well plate format. The phosphorylation of biotinylated-BAD (S112) peptide by full length recombinant Pim-1, Pim-2, or Pim-3 protein was detected with streptavidin:Allophycocyanin (APC) conjugate and a europium (Eu) labeled antibody directed against phosphorylated-BAD (S112). Excitation of Eu by a high energy laser light (337 nm) leads to a transfer of energy to the APC molecule, and results in an emission at 665 nm. The fluorescence is directly proportional to the amount of phosphorylated BAD peptide present in the reaction.Compounds were prepared in DMSO by conducting 3-fold serial dilutions to give a 10-point dosing curve having a high dose of 1 uM. A reference compound was included on each assay plate in order to validate that plate.",single protein format,CHEMBL3886376,Bicyclic pyridazine compounds as Pim inhibitors,,,2015
89352,gt_6,10.554072879793155,P11309,CC1CCC(N)CN1c1ccncc1Nc1ncc2ccc(-c3c(F)cccc3F)nn12,CHEMBL3925861,CHEMBL2147,Serine/threonine-protein kinase pim-1,SINGLE PROTEIN,17721636,IC50,=,6.6,nM,8.18,false,CHEMBL3887608,"PIM Enzyme Assay: The assay for the determination of Pim activity is based on the formation of phosphorylated biotinylated-BAD peptide at the Serine 112 residue (S112) and employs HTRF (homogeneous time resolved fluorescence) technology to detect the product in a 96-well plate format. The phosphorylation of biotinylated-BAD (S112) peptide by full length recombinant Pim-1, Pim-2, or Pim-3 protein was detected with streptavidin:Allophycocyanin (APC) conjugate and a europium (Eu) labeled antibody directed against phosphorylated-BAD (S112). Excitation of Eu by a high energy laser light (337 nm) leads to a transfer of energy to the APC molecule, and results in an emission at 665 nm. The fluorescence is directly proportional to the amount of phosphorylated BAD peptide present in the reaction.Compounds were prepared in DMSO by conducting 3-fold serial dilutions to give a 10-point dosing curve having a high dose of 1 uM. A reference compound was included on each assay plate in order to validate that plate.",single protein format,CHEMBL3886376,Bicyclic pyridazine compounds as Pim inhibitors,,,2015
89352,gt_6,10.554072879793155,P11309,CC1CCC(N)CN1c1ccncc1Nc1ncc2ccc(-c3c(F)cccc3F)nn12,CHEMBL3900646,CHEMBL2147,Serine/threonine-protein kinase pim-1,SINGLE PROTEIN,26610679,IC50,=,2.7,nM,8.57,false,CHEMBL5730073,"PIM Enzyme Assay: The assay for the determination of Pim activity is based on the formation of phosphorylated biotinylated-BAD peptide at the Serine 112 residue (S112) and employs HTRF (homogeneous time resolved fluorescence) technology to detect the product in a 96-well plate format. The phosphorylation of biotinylated-BAD (S112) peptide by full length recombinant Pim-1, Pim-2, or Pim-3 protein was detected with streptavidin:Allophycocyanin (APC) conjugate and a europium (Eu) labeled antibody directed against phosphorylated-BAD (S112). Excitation of Eu by a high energy laser light (337 nm) leads to a transfer of energy to the APC molecule, and results in an emission at 665 nm. The fluorescence is directly proportional to the amount of phosphorylated BAD peptide present in the reaction.Compounds were prepared in DMSO by conducting 3-fold serial dilutions to give a 10-point dosing curve having a high dose of 1 uM. A reference compound was included on each assay plate in order to validate that plate.",single protein format,CHEMBL3886376,Bicyclic pyridazine compounds as Pim inhibitors,,,2015
89352,gt_6,10.554072879793155,P11309,CC1CCC(N)CN1c1ccncc1Nc1ncc2ccc(-c3c(F)cccc3F)nn12,CHEMBL3900646,CHEMBL2147,Serine/threonine-protein kinase pim-1,SINGLE PROTEIN,26610680,kon,=,,,,false,CHEMBL5730073,"PIM Enzyme Assay: The assay for the determination of Pim activity is based on the formation of phosphorylated biotinylated-BAD peptide at the Serine 112 residue (S112) and employs HTRF (homogeneous time resolved fluorescence) technology to detect the product in a 96-well plate format. The phosphorylation of biotinylated-BAD (S112) peptide by full length recombinant Pim-1, Pim-2, or Pim-3 protein was detected with streptavidin:Allophycocyanin (APC) conjugate and a europium (Eu) labeled antibody directed against phosphorylated-BAD (S112). Excitation of Eu by a high energy laser light (337 nm) leads to a transfer of energy to the APC molecule, and results in an emission at 665 nm. The fluorescence is directly proportional to the amount of phosphorylated BAD peptide present in the reaction.Compounds were prepared in DMSO by conducting 3-fold serial dilutions to give a 10-point dosing curve having a high dose of 1 uM. A reference compound was included on each assay plate in order to validate that plate.",single protein format,CHEMBL3886376,Bicyclic pyridazine compounds as Pim inhibitors,,,2015
89352,gt_6,10.554072879793155,P11309,CC1CCC(N)CN1c1ccncc1Nc1ncc2ccc(-c3c(F)cccc3F)nn12,CHEMBL3900646,CHEMBL2147,Serine/threonine-protein kinase pim-1,SINGLE PROTEIN,26610681,k_off,=,,s-1,,false,CHEMBL5730073,"PIM Enzyme Assay: The assay for the determination of Pim activity is based on the formation of phosphorylated biotinylated-BAD peptide at the Serine 112 residue (S112) and employs HTRF (homogeneous time resolved fluorescence) technology to detect the product in a 96-well plate format. The phosphorylation of biotinylated-BAD (S112) peptide by full length recombinant Pim-1, Pim-2, or Pim-3 protein was detected with streptavidin:Allophycocyanin (APC) conjugate and a europium (Eu) labeled antibody directed against phosphorylated-BAD (S112). Excitation of Eu by a high energy laser light (337 nm) leads to a transfer of energy to the APC molecule, and results in an emission at 665 nm. The fluorescence is directly proportional to the amount of phosphorylated BAD peptide present in the reaction.Compounds were prepared in DMSO by conducting 3-fold serial dilutions to give a 10-point dosing curve having a high dose of 1 uM. A reference compound was included on each assay plate in order to validate that plate.",single protein format,CHEMBL3886376,Bicyclic pyridazine compounds as Pim inhibitors,,,2015
89352,gt_6,10.554072879793155,P11309,CC1CCC(N)CN1c1ccncc1Nc1ncc2ccc(-c3c(F)cccc3F)nn12,CHEMBL4112982,CHEMBL2147,Serine/threonine-protein kinase pim-1,SINGLE PROTEIN,26610682,IC50,<,0.1,nM,,false,CHEMBL5730073,"PIM Enzyme Assay: The assay for the determination of Pim activity is based on the formation of phosphorylated biotinylated-BAD peptide at the Serine 112 residue (S112) and employs HTRF (homogeneous time resolved fluorescence) technology to detect the product in a 96-well plate format. The phosphorylation of biotinylated-BAD (S112) peptide by full length recombinant Pim-1, Pim-2, or Pim-3 protein was detected with streptavidin:Allophycocyanin (APC) conjugate and a europium (Eu) labeled antibody directed against phosphorylated-BAD (S112). Excitation of Eu by a high energy laser light (337 nm) leads to a transfer of energy to the APC molecule, and results in an emission at 665 nm. The fluorescence is directly proportional to the amount of phosphorylated BAD peptide present in the reaction.Compounds were prepared in DMSO by conducting 3-fold serial dilutions to give a 10-point dosing curve having a high dose of 1 uM. A reference compound was included on each assay plate in order to validate that plate.",single protein format,CHEMBL3886376,Bicyclic pyridazine compounds as Pim inhibitors,,,2015
89352,gt_6,10.554072879793155,P11309,CC1CCC(N)CN1c1ccncc1Nc1ncc2ccc(-c3c(F)cccc3F)nn12,CHEMBL4112982,CHEMBL2147,Serine/threonine-protein kinase pim-1,SINGLE PROTEIN,26610683,kon,=,,,,false,CHEMBL5730073,"PIM Enzyme Assay: The assay for the determination of Pim activity is based on the formation of phosphorylated biotinylated-BAD peptide at the Serine 112 residue (S112) and employs HTRF (homogeneous time resolved fluorescence) technology to detect the product in a 96-well plate format. The phosphorylation of biotinylated-BAD (S112) peptide by full length recombinant Pim-1, Pim-2, or Pim-3 protein was detected with streptavidin:Allophycocyanin (APC) conjugate and a europium (Eu) labeled antibody directed against phosphorylated-BAD (S112). Excitation of Eu by a high energy laser light (337 nm) leads to a transfer of energy to the APC molecule, and results in an emission at 665 nm. The fluorescence is directly proportional to the amount of phosphorylated BAD peptide present in the reaction.Compounds were prepared in DMSO by conducting 3-fold serial dilutions to give a 10-point dosing curve having a high dose of 1 uM. A reference compound was included on each assay plate in order to validate that plate.",single protein format,CHEMBL3886376,Bicyclic pyridazine compounds as Pim inhibitors,,,2015
89352,gt_6,10.554072879793155,P11309,CC1CCC(N)CN1c1ccncc1Nc1ncc2ccc(-c3c(F)cccc3F)nn12,CHEMBL4112982,CHEMBL2147,Serine/threonine-protein kinase pim-1,SINGLE PROTEIN,26610684,k_off,=,,s-1,,false,CHEMBL5730073,"PIM Enzyme Assay: The assay for the determination of Pim activity is based on the formation of phosphorylated biotinylated-BAD peptide at the Serine 112 residue (S112) and employs HTRF (homogeneous time resolved fluorescence) technology to detect the product in a 96-well plate format. The phosphorylation of biotinylated-BAD (S112) peptide by full length recombinant Pim-1, Pim-2, or Pim-3 protein was detected with streptavidin:Allophycocyanin (APC) conjugate and a europium (Eu) labeled antibody directed against phosphorylated-BAD (S112). Excitation of Eu by a high energy laser light (337 nm) leads to a transfer of energy to the APC molecule, and results in an emission at 665 nm. The fluorescence is directly proportional to the amount of phosphorylated BAD peptide present in the reaction.Compounds were prepared in DMSO by conducting 3-fold serial dilutions to give a 10-point dosing curve having a high dose of 1 uM. A reference compound was included on each assay plate in order to validate that plate.",single protein format,CHEMBL3886376,Bicyclic pyridazine compounds as Pim inhibitors,,,2015
89352,gt_6,10.554072879793155,P11309,CC1CCC(N)CN1c1ccncc1Nc1ncc2ccc(-c3c(F)cccc3F)nn12,CHEMBL3965757,CHEMBL2147,Serine/threonine-protein kinase pim-1,SINGLE PROTEIN,26610685,IC50,<,0.1,nM,,false,CHEMBL5730073,"PIM Enzyme Assay: The assay for the determination of Pim activity is based on the formation of phosphorylated biotinylated-BAD peptide at the Serine 112 residue (S112) and employs HTRF (homogeneous time resolved fluorescence) technology to detect the product in a 96-well plate format. The phosphorylation of biotinylated-BAD (S112) peptide by full length recombinant Pim-1, Pim-2, or Pim-3 protein was detected with streptavidin:Allophycocyanin (APC) conjugate and a europium (Eu) labeled antibody directed against phosphorylated-BAD (S112). Excitation of Eu by a high energy laser light (337 nm) leads to a transfer of energy to the APC molecule, and results in an emission at 665 nm. The fluorescence is directly proportional to the amount of phosphorylated BAD peptide present in the reaction.Compounds were prepared in DMSO by conducting 3-fold serial dilutions to give a 10-point dosing curve having a high dose of 1 uM. A reference compound was included on each assay plate in order to validate that plate.",single protein format,CHEMBL3886376,Bicyclic pyridazine compounds as Pim inhibitors,,,2015
89352,gt_6,10.554072879793155,P11309,CC1CCC(N)CN1c1ccncc1Nc1ncc2ccc(-c3c(F)cccc3F)nn12,CHEMBL3965757,CHEMBL2147,Serine/threonine-protein kinase pim-1,SINGLE PROTEIN,26610686,kon,=,,,,false,CHEMBL5730073,"PIM Enzyme Assay: The assay for the determination of Pim activity is based on the formation of phosphorylated biotinylated-BAD peptide at the Serine 112 residue (S112) and employs HTRF (homogeneous time resolved fluorescence) technology to detect the product in a 96-well plate format. The phosphorylation of biotinylated-BAD (S112) peptide by full length recombinant Pim-1, Pim-2, or Pim-3 protein was detected with streptavidin:Allophycocyanin (APC) conjugate and a europium (Eu) labeled antibody directed against phosphorylated-BAD (S112). Excitation of Eu by a high energy laser light (337 nm) leads to a transfer of energy to the APC molecule, and results in an emission at 665 nm. The fluorescence is directly proportional to the amount of phosphorylated BAD peptide present in the reaction.Compounds were prepared in DMSO by conducting 3-fold serial dilutions to give a 10-point dosing curve having a high dose of 1 uM. A reference compound was included on each assay plate in order to validate that plate.",single protein format,CHEMBL3886376,Bicyclic pyridazine compounds as Pim inhibitors,,,2015
89352,gt_6,10.554072879793155,P11309,CC1CCC(N)CN1c1ccncc1Nc1ncc2ccc(-c3c(F)cccc3F)nn12,CHEMBL3965757,CHEMBL2147,Serine/threonine-protein kinase pim-1,SINGLE PROTEIN,26610687,k_off,=,,s-1,,false,CHEMBL5730073,"PIM Enzyme Assay: The assay for the determination of Pim activity is based on the formation of phosphorylated biotinylated-BAD peptide at the Serine 112 residue (S112) and employs HTRF (homogeneous time resolved fluorescence) technology to detect the product in a 96-well plate format. The phosphorylation of biotinylated-BAD (S112) peptide by full length recombinant Pim-1, Pim-2, or Pim-3 protein was detected with streptavidin:Allophycocyanin (APC) conjugate and a europium (Eu) labeled antibody directed against phosphorylated-BAD (S112). Excitation of Eu by a high energy laser light (337 nm) leads to a transfer of energy to the APC molecule, and results in an emission at 665 nm. The fluorescence is directly proportional to the amount of phosphorylated BAD peptide present in the reaction.Compounds were prepared in DMSO by conducting 3-fold serial dilutions to give a 10-point dosing curve having a high dose of 1 uM. A reference compound was included on each assay plate in order to validate that plate.",single protein format,CHEMBL3886376,Bicyclic pyridazine compounds as Pim inhibitors,,,2015
89352,gt_6,10.554072879793155,P11309,CC1CCC(N)CN1c1ccncc1Nc1ncc2ccc(-c3c(F)cccc3F)nn12,CHEMBL3925861,CHEMBL2147,Serine/threonine-protein kinase pim-1,SINGLE PROTEIN,26610688,IC50,=,6.6,nM,8.18,false,CHEMBL5730073,"PIM Enzyme Assay: The assay for the determination of Pim activity is based on the formation of phosphorylated biotinylated-BAD peptide at the Serine 112 residue (S112) and employs HTRF (homogeneous time resolved fluorescence) technology to detect the product in a 96-well plate format. The phosphorylation of biotinylated-BAD (S112) peptide by full length recombinant Pim-1, Pim-2, or Pim-3 protein was detected with streptavidin:Allophycocyanin (APC) conjugate and a europium (Eu) labeled antibody directed against phosphorylated-BAD (S112). Excitation of Eu by a high energy laser light (337 nm) leads to a transfer of energy to the APC molecule, and results in an emission at 665 nm. The fluorescence is directly proportional to the amount of phosphorylated BAD peptide present in the reaction.Compounds were prepared in DMSO by conducting 3-fold serial dilutions to give a 10-point dosing curve having a high dose of 1 uM. A reference compound was included on each assay plate in order to validate that plate.",single protein format,CHEMBL3886376,Bicyclic pyridazine compounds as Pim inhibitors,,,2015
89352,gt_6,10.554072879793155,P11309,CC1CCC(N)CN1c1ccncc1Nc1ncc2ccc(-c3c(F)cccc3F)nn12,CHEMBL3925861,CHEMBL2147,Serine/threonine-protein kinase pim-1,SINGLE PROTEIN,26610689,kon,=,,,,false,CHEMBL5730073,"PIM Enzyme Assay: The assay for the determination of Pim activity is based on the formation of phosphorylated biotinylated-BAD peptide at the Serine 112 residue (S112) and employs HTRF (homogeneous time resolved fluorescence) technology to detect the product in a 96-well plate format. The phosphorylation of biotinylated-BAD (S112) peptide by full length recombinant Pim-1, Pim-2, or Pim-3 protein was detected with streptavidin:Allophycocyanin (APC) conjugate and a europium (Eu) labeled antibody directed against phosphorylated-BAD (S112). Excitation of Eu by a high energy laser light (337 nm) leads to a transfer of energy to the APC molecule, and results in an emission at 665 nm. The fluorescence is directly proportional to the amount of phosphorylated BAD peptide present in the reaction.Compounds were prepared in DMSO by conducting 3-fold serial dilutions to give a 10-point dosing curve having a high dose of 1 uM. A reference compound was included on each assay plate in order to validate that plate.",single protein format,CHEMBL3886376,Bicyclic pyridazine compounds as Pim inhibitors,,,2015
89352,gt_6,10.554072879793155,P11309,CC1CCC(N)CN1c1ccncc1Nc1ncc2ccc(-c3c(F)cccc3F)nn12,CHEMBL3925861,CHEMBL2147,Serine/threonine-protein kinase pim-1,SINGLE PROTEIN,26610690,k_off,=,,s-1,,false,CHEMBL5730073,"PIM Enzyme Assay: The assay for the determination of Pim activity is based on the formation of phosphorylated biotinylated-BAD peptide at the Serine 112 residue (S112) and employs HTRF (homogeneous time resolved fluorescence) technology to detect the product in a 96-well plate format. The phosphorylation of biotinylated-BAD (S112) peptide by full length recombinant Pim-1, Pim-2, or Pim-3 protein was detected with streptavidin:Allophycocyanin (APC) conjugate and a europium (Eu) labeled antibody directed against phosphorylated-BAD (S112). Excitation of Eu by a high energy laser light (337 nm) leads to a transfer of energy to the APC molecule, and results in an emission at 665 nm. The fluorescence is directly proportional to the amount of phosphorylated BAD peptide present in the reaction.Compounds were prepared in DMSO by conducting 3-fold serial dilutions to give a 10-point dosing curve having a high dose of 1 uM. A reference compound was included on each assay plate in order to validate that plate.",single protein format,CHEMBL3886376,Bicyclic pyridazine compounds as Pim inhibitors,,,2015
91567,gt_6,6.9614469164596855,O60885,COCC(C)n1c(-c2cn3c(C)nnc3c(NC(C)C)n2)nc2cnc(N3CCOCC3)cc21,CHEMBL4109392,CHEMBL1163125,Bromodomain-containing protein 4,SINGLE PROTEIN,17790135,IC50,=,333.0,nM,6.48,false,CHEMBL3888999,"AlphaScreen Assay: Compounds are diluted in serial dilution 1:5 in assay buffer from 10 mM stock in DMSO (100 μM start concentration) in white OptiPlate-384 (PerkinElmer). A mix consisting of 15 nM GST-BRD4-BD1 protein (aa 44-168) or 150 nM GST-BRD4-BD2 (aa 333-460) and 15 nM biotinylated Acetyl-Histone H4 (Lys5, 8, 12, 16) peptide is prepared in assay buffer (50 mM HEPES pH=7.4; 25 mM NaCl; 0.05% Tween 20; 0.1% bovine serum albumin (BSA); 10 mM dithiothreitol (DTT)). 6 μl of the mix is added to the compound dilutions. Subsequently, 6 μl of premixed AlphaLISA Glutathione Acceptor Beads and AlphaScreen Streptavidin Donor Beads from PerkinElmer (in assay buffer at a concentration of 10 μg/ml each) are added and the samples are incubated for 30 min at RT in the dark (shaking 300 rpm). Afterwards, the signal is measured in a PerkinElmer Envision HTS Multilabel Reader using the AlphaScreen protocol from PerkinElmer. Each plate contains negative controls where biotinylated Acetyl-Histone H4 peptide and GST-BRD4-BD1 or GST-BRD4-BD2 are left out and replaced by assay buffer. Negative control values are entered as low basis value when using the software GraphPad Prism for calculations. Furthermore, a positive control (probe molecule JQ1+ with protein/peptide mix) is pipetted.",single protein format,CHEMBL3886915,Triazolopyrazine,,,2016
91567,gt_6,6.9614469164596855,O60885,COCC(C)n1c(-c2cn3c(C)nnc3c(NC(C)C)n2)nc2cnc(N3CCOCC3)cc21,CHEMBL3916215,CHEMBL1163125,Bromodomain-containing protein 4,SINGLE PROTEIN,17790136,IC50,=,33.0,nM,7.48,false,CHEMBL3888999,"AlphaScreen Assay: Compounds are diluted in serial dilution 1:5 in assay buffer from 10 mM stock in DMSO (100 μM start concentration) in white OptiPlate-384 (PerkinElmer). A mix consisting of 15 nM GST-BRD4-BD1 protein (aa 44-168) or 150 nM GST-BRD4-BD2 (aa 333-460) and 15 nM biotinylated Acetyl-Histone H4 (Lys5, 8, 12, 16) peptide is prepared in assay buffer (50 mM HEPES pH=7.4; 25 mM NaCl; 0.05% Tween 20; 0.1% bovine serum albumin (BSA); 10 mM dithiothreitol (DTT)). 6 μl of the mix is added to the compound dilutions. Subsequently, 6 μl of premixed AlphaLISA Glutathione Acceptor Beads and AlphaScreen Streptavidin Donor Beads from PerkinElmer (in assay buffer at a concentration of 10 μg/ml each) are added and the samples are incubated for 30 min at RT in the dark (shaking 300 rpm). Afterwards, the signal is measured in a PerkinElmer Envision HTS Multilabel Reader using the AlphaScreen protocol from PerkinElmer. Each plate contains negative controls where biotinylated Acetyl-Histone H4 peptide and GST-BRD4-BD1 or GST-BRD4-BD2 are left out and replaced by assay buffer. Negative control values are entered as low basis value when using the software GraphPad Prism for calculations. Furthermore, a positive control (probe molecule JQ1+ with protein/peptide mix) is pipetted.",single protein format,CHEMBL3886915,Triazolopyrazine,,,2016
91567,gt_6,6.9614469164596855,O60885,COCC(C)n1c(-c2cn3c(C)nnc3c(NC(C)C)n2)nc2cnc(N3CCOCC3)cc21,CHEMBL4109392,CHEMBL1163125,Bromodomain-containing protein 4,SINGLE PROTEIN,26641687,IC50,=,333.0,nM,6.48,false,CHEMBL5730271,"AlphaScreen Assay: Compounds are diluted in serial dilution 1:5 in assay buffer from 10 mM stock in DMSO (100 μM start concentration) in white OptiPlate-384 (PerkinElmer). A mix consisting of 15 nM GST-BRD4-BD1 protein (aa 44-168) or 150 nM GST-BRD4-BD2 (aa 333-460) and 15 nM biotinylated Acetyl-Histone H4 (Lys5, 8, 12, 16) peptide is prepared in assay buffer (50 mM HEPES pH=7.4; 25 mM NaCl; 0.05% Tween 20; 0.1% bovine serum albumin (BSA); 10 mM dithiothreitol (DTT)). 6 μl of the mix is added to the compound dilutions. Subsequently, 6 μl of premixed AlphaLISA Glutathione Acceptor Beads and AlphaScreen Streptavidin Donor Beads from PerkinElmer (in assay buffer at a concentration of 10 μg/ml each) are added and the samples are incubated for 30 min at RT in the dark (shaking 300 rpm). Afterwards, the signal is measured in a PerkinElmer Envision HTS Multilabel Reader using the AlphaScreen protocol from PerkinElmer. Each plate contains negative controls where biotinylated Acetyl-Histone H4 peptide and GST-BRD4-BD1 or GST-BRD4-BD2 are left out and replaced by assay buffer. Negative control values are entered as low basis value when using the software GraphPad Prism for calculations. Furthermore, a positive control (probe molecule JQ1+ with protein/peptide mix) is pipetted.",single protein format,CHEMBL3886915,Triazolopyrazine,,,2016
91567,gt_6,6.9614469164596855,O60885,COCC(C)n1c(-c2cn3c(C)nnc3c(NC(C)C)n2)nc2cnc(N3CCOCC3)cc21,CHEMBL4109392,CHEMBL1163125,Bromodomain-containing protein 4,SINGLE PROTEIN,26641688,kon,=,,,,false,CHEMBL5730271,"AlphaScreen Assay: Compounds are diluted in serial dilution 1:5 in assay buffer from 10 mM stock in DMSO (100 μM start concentration) in white OptiPlate-384 (PerkinElmer). A mix consisting of 15 nM GST-BRD4-BD1 protein (aa 44-168) or 150 nM GST-BRD4-BD2 (aa 333-460) and 15 nM biotinylated Acetyl-Histone H4 (Lys5, 8, 12, 16) peptide is prepared in assay buffer (50 mM HEPES pH=7.4; 25 mM NaCl; 0.05% Tween 20; 0.1% bovine serum albumin (BSA); 10 mM dithiothreitol (DTT)). 6 μl of the mix is added to the compound dilutions. Subsequently, 6 μl of premixed AlphaLISA Glutathione Acceptor Beads and AlphaScreen Streptavidin Donor Beads from PerkinElmer (in assay buffer at a concentration of 10 μg/ml each) are added and the samples are incubated for 30 min at RT in the dark (shaking 300 rpm). Afterwards, the signal is measured in a PerkinElmer Envision HTS Multilabel Reader using the AlphaScreen protocol from PerkinElmer. Each plate contains negative controls where biotinylated Acetyl-Histone H4 peptide and GST-BRD4-BD1 or GST-BRD4-BD2 are left out and replaced by assay buffer. Negative control values are entered as low basis value when using the software GraphPad Prism for calculations. Furthermore, a positive control (probe molecule JQ1+ with protein/peptide mix) is pipetted.",single protein format,CHEMBL3886915,Triazolopyrazine,,,2016
91567,gt_6,6.9614469164596855,O60885,COCC(C)n1c(-c2cn3c(C)nnc3c(NC(C)C)n2)nc2cnc(N3CCOCC3)cc21,CHEMBL4109392,CHEMBL1163125,Bromodomain-containing protein 4,SINGLE PROTEIN,26641689,k_off,=,,s-1,,false,CHEMBL5730271,"AlphaScreen Assay: Compounds are diluted in serial dilution 1:5 in assay buffer from 10 mM stock in DMSO (100 μM start concentration) in white OptiPlate-384 (PerkinElmer). A mix consisting of 15 nM GST-BRD4-BD1 protein (aa 44-168) or 150 nM GST-BRD4-BD2 (aa 333-460) and 15 nM biotinylated Acetyl-Histone H4 (Lys5, 8, 12, 16) peptide is prepared in assay buffer (50 mM HEPES pH=7.4; 25 mM NaCl; 0.05% Tween 20; 0.1% bovine serum albumin (BSA); 10 mM dithiothreitol (DTT)). 6 μl of the mix is added to the compound dilutions. Subsequently, 6 μl of premixed AlphaLISA Glutathione Acceptor Beads and AlphaScreen Streptavidin Donor Beads from PerkinElmer (in assay buffer at a concentration of 10 μg/ml each) are added and the samples are incubated for 30 min at RT in the dark (shaking 300 rpm). Afterwards, the signal is measured in a PerkinElmer Envision HTS Multilabel Reader using the AlphaScreen protocol from PerkinElmer. Each plate contains negative controls where biotinylated Acetyl-Histone H4 peptide and GST-BRD4-BD1 or GST-BRD4-BD2 are left out and replaced by assay buffer. Negative control values are entered as low basis value when using the software GraphPad Prism for calculations. Furthermore, a positive control (probe molecule JQ1+ with protein/peptide mix) is pipetted.",single protein format,CHEMBL3886915,Triazolopyrazine,,,2016
91567,gt_6,6.9614469164596855,O60885,COCC(C)n1c(-c2cn3c(C)nnc3c(NC(C)C)n2)nc2cnc(N3CCOCC3)cc21,CHEMBL3916215,CHEMBL1163125,Bromodomain-containing protein 4,SINGLE PROTEIN,26641690,IC50,=,33.0,nM,7.48,false,CHEMBL5730271,"AlphaScreen Assay: Compounds are diluted in serial dilution 1:5 in assay buffer from 10 mM stock in DMSO (100 μM start concentration) in white OptiPlate-384 (PerkinElmer). A mix consisting of 15 nM GST-BRD4-BD1 protein (aa 44-168) or 150 nM GST-BRD4-BD2 (aa 333-460) and 15 nM biotinylated Acetyl-Histone H4 (Lys5, 8, 12, 16) peptide is prepared in assay buffer (50 mM HEPES pH=7.4; 25 mM NaCl; 0.05% Tween 20; 0.1% bovine serum albumin (BSA); 10 mM dithiothreitol (DTT)). 6 μl of the mix is added to the compound dilutions. Subsequently, 6 μl of premixed AlphaLISA Glutathione Acceptor Beads and AlphaScreen Streptavidin Donor Beads from PerkinElmer (in assay buffer at a concentration of 10 μg/ml each) are added and the samples are incubated for 30 min at RT in the dark (shaking 300 rpm). Afterwards, the signal is measured in a PerkinElmer Envision HTS Multilabel Reader using the AlphaScreen protocol from PerkinElmer. Each plate contains negative controls where biotinylated Acetyl-Histone H4 peptide and GST-BRD4-BD1 or GST-BRD4-BD2 are left out and replaced by assay buffer. Negative control values are entered as low basis value when using the software GraphPad Prism for calculations. Furthermore, a positive control (probe molecule JQ1+ with protein/peptide mix) is pipetted.",single protein format,CHEMBL3886915,Triazolopyrazine,,,2016
91567,gt_6,6.9614469164596855,O60885,COCC(C)n1c(-c2cn3c(C)nnc3c(NC(C)C)n2)nc2cnc(N3CCOCC3)cc21,CHEMBL3916215,CHEMBL1163125,Bromodomain-containing protein 4,SINGLE PROTEIN,26641691,kon,=,,,,false,CHEMBL5730271,"AlphaScreen Assay: Compounds are diluted in serial dilution 1:5 in assay buffer from 10 mM stock in DMSO (100 μM start concentration) in white OptiPlate-384 (PerkinElmer). A mix consisting of 15 nM GST-BRD4-BD1 protein (aa 44-168) or 150 nM GST-BRD4-BD2 (aa 333-460) and 15 nM biotinylated Acetyl-Histone H4 (Lys5, 8, 12, 16) peptide is prepared in assay buffer (50 mM HEPES pH=7.4; 25 mM NaCl; 0.05% Tween 20; 0.1% bovine serum albumin (BSA); 10 mM dithiothreitol (DTT)). 6 μl of the mix is added to the compound dilutions. Subsequently, 6 μl of premixed AlphaLISA Glutathione Acceptor Beads and AlphaScreen Streptavidin Donor Beads from PerkinElmer (in assay buffer at a concentration of 10 μg/ml each) are added and the samples are incubated for 30 min at RT in the dark (shaking 300 rpm). Afterwards, the signal is measured in a PerkinElmer Envision HTS Multilabel Reader using the AlphaScreen protocol from PerkinElmer. Each plate contains negative controls where biotinylated Acetyl-Histone H4 peptide and GST-BRD4-BD1 or GST-BRD4-BD2 are left out and replaced by assay buffer. Negative control values are entered as low basis value when using the software GraphPad Prism for calculations. Furthermore, a positive control (probe molecule JQ1+ with protein/peptide mix) is pipetted.",single protein format,CHEMBL3886915,Triazolopyrazine,,,2016
91567,gt_6,6.9614469164596855,O60885,COCC(C)n1c(-c2cn3c(C)nnc3c(NC(C)C)n2)nc2cnc(N3CCOCC3)cc21,CHEMBL3916215,CHEMBL1163125,Bromodomain-containing protein 4,SINGLE PROTEIN,26641692,k_off,=,,s-1,,false,CHEMBL5730271,"AlphaScreen Assay: Compounds are diluted in serial dilution 1:5 in assay buffer from 10 mM stock in DMSO (100 μM start concentration) in white OptiPlate-384 (PerkinElmer). A mix consisting of 15 nM GST-BRD4-BD1 protein (aa 44-168) or 150 nM GST-BRD4-BD2 (aa 333-460) and 15 nM biotinylated Acetyl-Histone H4 (Lys5, 8, 12, 16) peptide is prepared in assay buffer (50 mM HEPES pH=7.4; 25 mM NaCl; 0.05% Tween 20; 0.1% bovine serum albumin (BSA); 10 mM dithiothreitol (DTT)). 6 μl of the mix is added to the compound dilutions. Subsequently, 6 μl of premixed AlphaLISA Glutathione Acceptor Beads and AlphaScreen Streptavidin Donor Beads from PerkinElmer (in assay buffer at a concentration of 10 μg/ml each) are added and the samples are incubated for 30 min at RT in the dark (shaking 300 rpm). Afterwards, the signal is measured in a PerkinElmer Envision HTS Multilabel Reader using the AlphaScreen protocol from PerkinElmer. Each plate contains negative controls where biotinylated Acetyl-Histone H4 peptide and GST-BRD4-BD1 or GST-BRD4-BD2 are left out and replaced by assay buffer. Negative control values are entered as low basis value when using the software GraphPad Prism for calculations. Furthermore, a positive control (probe molecule JQ1+ with protein/peptide mix) is pipetted.",single protein format,CHEMBL3886915,Triazolopyrazine,,,2016
91757,le_6,5.050609993355086,Q13627,NC(=O)c1cc(-c2cn3cc(Cl)ccc3n2)ccc1O,CHEMBL3917542,CHEMBL2292,Dual specificity tyrosine-phosphorylation-regulated kinase 1A,SINGLE PROTEIN,16808422,IC50,=,8900.0,nM,5.05,true,CHEMBL3870426,Inhibition of DYRK1A (unknown origin),single protein format,CHEMBL3870305,"Synthesis, biological evaluation and molecular modeling studies of imidazo[1,2-a]pyridines derivatives as protein kinase inhibitors.",10.1016/j.ejmech.2016.07.040,Eur J Med Chem,2016
91757,le_6,5.050609993355086,Q13627,NC(=O)c1cc(-c2cn3cc(Cl)ccc3n2)ccc1O,CHEMBL3917542,CHEMBL2292,Dual specificity tyrosine-phosphorylation-regulated kinase 1A,SINGLE PROTEIN,16808472,Inhibition,>,50.0,%,,false,CHEMBL3870432,Inhibition of DYRK1A (unknown origin) at 10 uM in presence of gamma[33P]ATP relative to control,single protein format,CHEMBL3870305,"Synthesis, biological evaluation and molecular modeling studies of imidazo[1,2-a]pyridines derivatives as protein kinase inhibitors.",10.1016/j.ejmech.2016.07.040,Eur J Med Chem,2016
95879,gt_6,6.769551078621726,P11309,OCCNc1cncc(-c2cc3c(cn2)cnn3-c2cccc(N3CCNCC3)n2)n1,CHEMBL3946464,CHEMBL2147,Serine/threonine-protein kinase pim-1,SINGLE PROTEIN,17794002,Ki,=,0.026,nM,10.59,false,CHEMBL3889101,"Kinase Binding Assay: PIM-1, -2, and -3 enzymes were generated as fusion proteins expressed in bacteria and purified by IMAC column chromatography (Sun, X., Chiu, J. F., and He, Q. Y. (2005) Expert Rev. Proteomics, 2:649-657). A fluorescent-labeled Pim-specific peptide substrate, was custom synthesized by American Peptide Company (Sunnyvale, Calif.). Reaction Buffer contained 10 mM HEPES, pH 7.2, 10 mM MgCl2, 0.01% Tween 20, 2 mM DTT. Termination Buffer contained 190 mM HEPES, pH 7.2, 0.015% Brij-35, 0.2% Coating Reagent 3 (Caliper Life Sciences, Hopkinton, Mass.), 20 mM EDTA. Separation Buffer contained 100 mM HEPES, pH 7.2, 0.015% Brij-35, 0.1% Coating Reagent 3, 1:200 Coating Reagent 8 (Caliper Life Sciences, Hopkinton, Mass.), 10 mM EDTA and 5% DMSO.PIM reactions were carried out in a final volume of 10 uL per well in a 384-well plate. A standard enzymatic reaction, initiated by the addition of 5 uL 2Ã¿Â¿ATP and test compound to 5 uL of 2x enzyme and FAM-peptide, contained 20 uM PIM1, 50 uM PIM2, or 55 uM PIM3, 1 uM FAM-peptide, and 10 uM ATP, in Reaction Buffer. After 90 minutes of incubation at room temperature, the phosphorylation reaction was stopped by the addition of 10 uL Termination Buffer. The product and substrate in each independent reaction were separated on a 12-sipper microfluidic chip (Caliper Life Sciences, Hopkinton, Mass.) run on a Caliper LC3000 (Caliper Life Sciences, Hopkinton, Mass.). The separation of product and substrate was optimized by choosing voltages and pressure using Caliper's Optimizer software (Hopkinton, Mass.). The separation conditions used a downstream voltage of -500V, an upstream voltage of -2150V, and a screening pressure of -1.2 psi. The product and substrate fluorophore were excited at 488 nm and detected at 530 nm. Substrate conversion was calculated from the electropherogram using HTS Well Analyzer software (Caliper Life Sciences, Hopkinton, Mass.). Ki values for the test compound were calculated.",assay format,CHEMBL3886942,5-azaindazole compounds and methods of use,,,2016
95879,gt_6,6.769551078621726,P11309,OCCNc1cncc(-c2cc3c(cn2)cnn3-c2cccc(N3CCNCC3)n2)n1,CHEMBL3946464,CHEMBL2147,Serine/threonine-protein kinase pim-1,SINGLE PROTEIN,17794560,IC50,=,170.0,nM,6.77,true,CHEMBL3889104,"In Vitro Cell Proliferation Potency Assay: BaF3, a murine interleukin-3 dependent pro-B cell line, parental cells, BaF3 PIM1 cells, BaF3 PIM2 cells, and MM1.S (multiple myeloma) cells were seeded at 2 k/well, 5 k/well, 5 k/well, and 10 k/well respectively, in a 384-well plate, at 45 μL/well. Test compound was added at 5 μL/well. BaF3 cells (parental and transfected) were incubated overnight, while MM1.S cells were incubated for 72 hours at 37° C., 5% CO2. CELL TITER GLO® Reagent (Promega) was added at 50 μL/well, the plates were incubated for 30 minutes, and their luminescence read on an HT Analyst.",cell-based format,CHEMBL3886942,5-azaindazole compounds and methods of use,,,2016
95879,gt_6,6.769551078621726,P11309,OCCNc1cncc(-c2cc3c(cn2)cnn3-c2cccc(N3CCNCC3)n2)n1,CHEMBL3946464,CHEMBL2147,Serine/threonine-protein kinase pim-1,SINGLE PROTEIN,26643859,Ki,=,0.026,nM,10.59,false,CHEMBL5730289,"Kinase Binding Assay: PIM-1, -2, and -3 enzymes were generated as fusion proteins expressed in bacteria and purified by IMAC column chromatography (Sun, X., Chiu, J. F., and He, Q. Y. (2005) Expert Rev. Proteomics, 2:649-657). A fluorescent-labeled Pim-specific peptide substrate, was custom synthesized by American Peptide Company (Sunnyvale, Calif.). Reaction Buffer contained 10 mM HEPES, pH 7.2, 10 mM MgCl2, 0.01% Tween 20, 2 mM DTT. Termination Buffer contained 190 mM HEPES, pH 7.2, 0.015% Brij-35, 0.2% Coating Reagent 3 (Caliper Life Sciences, Hopkinton, Mass.), 20 mM EDTA. Separation Buffer contained 100 mM HEPES, pH 7.2, 0.015% Brij-35, 0.1% Coating Reagent 3, 1:200 Coating Reagent 8 (Caliper Life Sciences, Hopkinton, Mass.), 10 mM EDTA and 5% DMSO.PIM reactions were carried out in a final volume of 10 uL per well in a 384-well plate. A standard enzymatic reaction, initiated by the addition of 5 uL 2Ã¿Â¿ATP and test compound to 5 uL of 2x enzyme and FAM-peptide, contained 20 uM PIM1, 50 uM PIM2, or 55 uM PIM3, 1 uM FAM-peptide, and 10 uM ATP, in Reaction Buffer. After 90 minutes of incubation at room temperature, the phosphorylation reaction was stopped by the addition of 10 uL Termination Buffer. The product and substrate in each independent reaction were separated on a 12-sipper microfluidic chip (Caliper Life Sciences, Hopkinton, Mass.) run on a Caliper LC3000 (Caliper Life Sciences, Hopkinton, Mass.). The separation of product and substrate was optimized by choosing voltages and pressure using Caliper's Optimizer software (Hopkinton, Mass.). The separation conditions used a downstream voltage of -500V, an upstream voltage of -2150V, and a screening pressure of -1.2 psi. The product and substrate fluorophore were excited at 488 nm and detected at 530 nm. Substrate conversion was calculated from the electropherogram using HTS Well Analyzer software (Caliper Life Sciences, Hopkinton, Mass.). Ki values for the test compound were calculated.",assay format,CHEMBL3886942,5-azaindazole compounds and methods of use,,,2016
95879,gt_6,6.769551078621726,P11309,OCCNc1cncc(-c2cc3c(cn2)cnn3-c2cccc(N3CCNCC3)n2)n1,CHEMBL3946464,CHEMBL2147,Serine/threonine-protein kinase pim-1,SINGLE PROTEIN,26643860,kon,=,,,,false,CHEMBL5730289,"Kinase Binding Assay: PIM-1, -2, and -3 enzymes were generated as fusion proteins expressed in bacteria and purified by IMAC column chromatography (Sun, X., Chiu, J. F., and He, Q. Y. (2005) Expert Rev. Proteomics, 2:649-657). A fluorescent-labeled Pim-specific peptide substrate, was custom synthesized by American Peptide Company (Sunnyvale, Calif.). Reaction Buffer contained 10 mM HEPES, pH 7.2, 10 mM MgCl2, 0.01% Tween 20, 2 mM DTT. Termination Buffer contained 190 mM HEPES, pH 7.2, 0.015% Brij-35, 0.2% Coating Reagent 3 (Caliper Life Sciences, Hopkinton, Mass.), 20 mM EDTA. Separation Buffer contained 100 mM HEPES, pH 7.2, 0.015% Brij-35, 0.1% Coating Reagent 3, 1:200 Coating Reagent 8 (Caliper Life Sciences, Hopkinton, Mass.), 10 mM EDTA and 5% DMSO.PIM reactions were carried out in a final volume of 10 uL per well in a 384-well plate. A standard enzymatic reaction, initiated by the addition of 5 uL 2Ã¿Â¿ATP and test compound to 5 uL of 2x enzyme and FAM-peptide, contained 20 uM PIM1, 50 uM PIM2, or 55 uM PIM3, 1 uM FAM-peptide, and 10 uM ATP, in Reaction Buffer. After 90 minutes of incubation at room temperature, the phosphorylation reaction was stopped by the addition of 10 uL Termination Buffer. The product and substrate in each independent reaction were separated on a 12-sipper microfluidic chip (Caliper Life Sciences, Hopkinton, Mass.) run on a Caliper LC3000 (Caliper Life Sciences, Hopkinton, Mass.). The separation of product and substrate was optimized by choosing voltages and pressure using Caliper's Optimizer software (Hopkinton, Mass.). The separation conditions used a downstream voltage of -500V, an upstream voltage of -2150V, and a screening pressure of -1.2 psi. The product and substrate fluorophore were excited at 488 nm and detected at 530 nm. Substrate conversion was calculated from the electropherogram using HTS Well Analyzer software (Caliper Life Sciences, Hopkinton, Mass.). Ki values for the test compound were calculated.",assay format,CHEMBL3886942,5-azaindazole compounds and methods of use,,,2016
95879,gt_6,6.769551078621726,P11309,OCCNc1cncc(-c2cc3c(cn2)cnn3-c2cccc(N3CCNCC3)n2)n1,CHEMBL3946464,CHEMBL2147,Serine/threonine-protein kinase pim-1,SINGLE PROTEIN,26643861,k_off,=,,s-1,,false,CHEMBL5730289,"Kinase Binding Assay: PIM-1, -2, and -3 enzymes were generated as fusion proteins expressed in bacteria and purified by IMAC column chromatography (Sun, X., Chiu, J. F., and He, Q. Y. (2005) Expert Rev. Proteomics, 2:649-657). A fluorescent-labeled Pim-specific peptide substrate, was custom synthesized by American Peptide Company (Sunnyvale, Calif.). Reaction Buffer contained 10 mM HEPES, pH 7.2, 10 mM MgCl2, 0.01% Tween 20, 2 mM DTT. Termination Buffer contained 190 mM HEPES, pH 7.2, 0.015% Brij-35, 0.2% Coating Reagent 3 (Caliper Life Sciences, Hopkinton, Mass.), 20 mM EDTA. Separation Buffer contained 100 mM HEPES, pH 7.2, 0.015% Brij-35, 0.1% Coating Reagent 3, 1:200 Coating Reagent 8 (Caliper Life Sciences, Hopkinton, Mass.), 10 mM EDTA and 5% DMSO.PIM reactions were carried out in a final volume of 10 uL per well in a 384-well plate. A standard enzymatic reaction, initiated by the addition of 5 uL 2Ã¿Â¿ATP and test compound to 5 uL of 2x enzyme and FAM-peptide, contained 20 uM PIM1, 50 uM PIM2, or 55 uM PIM3, 1 uM FAM-peptide, and 10 uM ATP, in Reaction Buffer. After 90 minutes of incubation at room temperature, the phosphorylation reaction was stopped by the addition of 10 uL Termination Buffer. The product and substrate in each independent reaction were separated on a 12-sipper microfluidic chip (Caliper Life Sciences, Hopkinton, Mass.) run on a Caliper LC3000 (Caliper Life Sciences, Hopkinton, Mass.). The separation of product and substrate was optimized by choosing voltages and pressure using Caliper's Optimizer software (Hopkinton, Mass.). The separation conditions used a downstream voltage of -500V, an upstream voltage of -2150V, and a screening pressure of -1.2 psi. The product and substrate fluorophore were excited at 488 nm and detected at 530 nm. Substrate conversion was calculated from the electropherogram using HTS Well Analyzer software (Caliper Life Sciences, Hopkinton, Mass.). Ki values for the test compound were calculated.",assay format,CHEMBL3886942,5-azaindazole compounds and methods of use,,,2016
97052,gt_6,7.30102999566398,P08069,CCN(CC)CCCc1cc(Nc2cc(C3CC3)n[nH]2)nc(NCc2cc(-c3ccccc3)no2)n1,CHEMBL3954655,CHEMBL1957,Insulin-like growth factor 1 receptor,SINGLE PROTEIN,16901759,IC50,=,50.0,nM,7.30,true,CHEMBL3882755,Inhibition of human IGF1R kinase domain (M954 to C1367 residues) un-phosphorylated apo-enzyme form expressed in baculovirus based expression system using poly-EY peptide incubated for 2 hrs by luciferase-luciferin coupled chemiluminescent assay,assay format,CHEMBL3882726,Pyrimidine Derivatives As Kinase Modulators and Method of Use,,,2008
97052,gt_6,7.30102999566398,P08069,CCN(CC)CCCc1cc(Nc2cc(C3CC3)n[nH]2)nc(NCc2cc(-c3ccccc3)no2)n1,CHEMBL3954655,CHEMBL1957,Insulin-like growth factor 1 receptor,SINGLE PROTEIN,16902286,IC50,<,50.0,nM,,false,CHEMBL3882756,Inhibition of human IGF1R kinase domain (M954 to C1367 residues) tri-phosphorylated enzyme form expressed in baculovirus based expression system using poly-EY peptide incubated for 2 hrs by luciferase-luciferin coupled chemiluminescent assay,assay format,CHEMBL3882726,Pyrimidine Derivatives As Kinase Modulators and Method of Use,,,2008
97846,gt_6,10.259637310505758,O60674,C#Cc1ccc(N(C)C2CCN(c3ncnc4[nH]ccc34)C2)nc1,CHEMBL3960416,CHEMBL2971,Tyrosine-protein kinase JAK2,SINGLE PROTEIN,17766482,IC50,=,0.055,nM,10.26,true,CHEMBL3888425,"Enzymatic Assay: JAK1/2/3 kinase assay are performed in vitro using Kit-Tyr 6 Peptide (Invitrogen, Cat. No. PV4122). TYK2 kinase assay are performed in vitro using Z'-LYTE™ Kinase Assay Kit-Tyr 3 Peptide (Invitrogen, Cat. No. PV3192). Recombinant human JAK1/2/3 or TYK2 catalytic domains are from Invitrogen (Cat No. PV4774/PV4210/PV3855/PV4790); All reactions (20 μL) are started by adding 2.5 μL of the testing compound in 4% DMSO solution, 5 μL of Kinase/Peptide substrate Mixture (3.2, 0.04, 0.2 or 8 μg/mL for Recombinant human JAK1/2/3 catalytic domains, 4 μM for Z-LYTE™ Tyr 6 peptide or Z-LYTE™ Tyr 3 peptide) or Phospho-Peptide solution (Invitrogen, Cat. No. PV3192, diluted with 1.33× Kinase Buffer), 2.5 μL ATP Solution (300/100/40/100M, JAK1/JAK2/JAK3/TYK2) or 1.33× Kinase Buffer (Invitrogen, Cat. No. PV3189, 5× diluted with distilled water). The 384-well assay plate (Corning, Cat. No. 3575) is mixed and incubated at room temperature for 1 hour. 5 μL of the Development Solution (Dilute Development Reagent A (Cat. No. PV3297) is diluted to 1/64 with Development Buffer (Cat. No. PV3127) for JAK1, JAK2 and JAK3 assay; Development Reagent A (Cat. No. PV3297) is diluted to 1/2048 with Development Buffer (Cat. No. PV3127) for TYK2 assay. The diluted Development Solution is then added to each well, mixed and incubated at room temperature for another 1 hour. The kinase reaction is then stopped by adding 5 μL of the Stop Reagent (Invitrogen, Cat. No. PV3094), and the plate is read with Wallac 1420 VICTOR3 Multilabel Counter (PerkinElmer™) at 445 nm and 520 nm fluorescence. All compounds are initially tested at 8 different concentrations (1 μM down to 0.0003 μM) using a 1:3 serial dilution scheme.",single protein format,CHEMBL3886703,Pyrrolopyrimidine compounds and uses thereof,,,2016
97846,gt_6,10.259637310505758,O60674,C#Cc1ccc(N(C)C2CCN(c3ncnc4[nH]ccc34)C2)nc1,CHEMBL3960416,CHEMBL2971,Tyrosine-protein kinase JAK2,SINGLE PROTEIN,26633086,IC50,=,0.055,nM,10.26,true,CHEMBL5730225,"Enzymatic Assay: JAK1/2/3 kinase assay are performed in vitro using Kit-Tyr 6 Peptide (Invitrogen, Cat. No. PV4122). TYK2 kinase assay are performed in vitro using Z'-LYTE™ Kinase Assay Kit-Tyr 3 Peptide (Invitrogen, Cat. No. PV3192). Recombinant human JAK1/2/3 or TYK2 catalytic domains are from Invitrogen (Cat No. PV4774/PV4210/PV3855/PV4790); All reactions (20 μL) are started by adding 2.5 μL of the testing compound in 4% DMSO solution, 5 μL of Kinase/Peptide substrate Mixture (3.2, 0.04, 0.2 or 8 μg/mL for Recombinant human JAK1/2/3 catalytic domains, 4 μM for Z-LYTE™ Tyr 6 peptide or Z-LYTE™ Tyr 3 peptide) or Phospho-Peptide solution (Invitrogen, Cat. No. PV3192, diluted with 1.33× Kinase Buffer), 2.5 μL ATP Solution (300/100/40/100M, JAK1/JAK2/JAK3/TYK2) or 1.33× Kinase Buffer (Invitrogen, Cat. No. PV3189, 5× diluted with distilled water). The 384-well assay plate (Corning, Cat. No. 3575) is mixed and incubated at room temperature for 1 hour. 5 μL of the Development Solution (Dilute Development Reagent A (Cat. No. PV3297) is diluted to 1/64 with Development Buffer (Cat. No. PV3127) for JAK1, JAK2 and JAK3 assay; Development Reagent A (Cat. No. PV3297) is diluted to 1/2048 with Development Buffer (Cat. No. PV3127) for TYK2 assay. The diluted Development Solution is then added to each well, mixed and incubated at room temperature for another 1 hour. The kinase reaction is then stopped by adding 5 μL of the Stop Reagent (Invitrogen, Cat. No. PV3094), and the plate is read with Wallac 1420 VICTOR3 Multilabel Counter (PerkinElmer™) at 445 nm and 520 nm fluorescence. All compounds are initially tested at 8 different concentrations (1 μM down to 0.0003 μM) using a 1:3 serial dilution scheme.",single protein format,CHEMBL3886703,Pyrrolopyrimidine compounds and uses thereof,,,2016
97846,gt_6,10.259637310505758,O60674,C#Cc1ccc(N(C)C2CCN(c3ncnc4[nH]ccc34)C2)nc1,CHEMBL3960416,CHEMBL2971,Tyrosine-protein kinase JAK2,SINGLE PROTEIN,26633087,kon,=,,,,false,CHEMBL5730225,"Enzymatic Assay: JAK1/2/3 kinase assay are performed in vitro using Kit-Tyr 6 Peptide (Invitrogen, Cat. No. PV4122). TYK2 kinase assay are performed in vitro using Z'-LYTE™ Kinase Assay Kit-Tyr 3 Peptide (Invitrogen, Cat. No. PV3192). Recombinant human JAK1/2/3 or TYK2 catalytic domains are from Invitrogen (Cat No. PV4774/PV4210/PV3855/PV4790); All reactions (20 μL) are started by adding 2.5 μL of the testing compound in 4% DMSO solution, 5 μL of Kinase/Peptide substrate Mixture (3.2, 0.04, 0.2 or 8 μg/mL for Recombinant human JAK1/2/3 catalytic domains, 4 μM for Z-LYTE™ Tyr 6 peptide or Z-LYTE™ Tyr 3 peptide) or Phospho-Peptide solution (Invitrogen, Cat. No. PV3192, diluted with 1.33× Kinase Buffer), 2.5 μL ATP Solution (300/100/40/100M, JAK1/JAK2/JAK3/TYK2) or 1.33× Kinase Buffer (Invitrogen, Cat. No. PV3189, 5× diluted with distilled water). The 384-well assay plate (Corning, Cat. No. 3575) is mixed and incubated at room temperature for 1 hour. 5 μL of the Development Solution (Dilute Development Reagent A (Cat. No. PV3297) is diluted to 1/64 with Development Buffer (Cat. No. PV3127) for JAK1, JAK2 and JAK3 assay; Development Reagent A (Cat. No. PV3297) is diluted to 1/2048 with Development Buffer (Cat. No. PV3127) for TYK2 assay. The diluted Development Solution is then added to each well, mixed and incubated at room temperature for another 1 hour. The kinase reaction is then stopped by adding 5 μL of the Stop Reagent (Invitrogen, Cat. No. PV3094), and the plate is read with Wallac 1420 VICTOR3 Multilabel Counter (PerkinElmer™) at 445 nm and 520 nm fluorescence. All compounds are initially tested at 8 different concentrations (1 μM down to 0.0003 μM) using a 1:3 serial dilution scheme.",single protein format,CHEMBL3886703,Pyrrolopyrimidine compounds and uses thereof,,,2016
97846,gt_6,10.259637310505758,O60674,C#Cc1ccc(N(C)C2CCN(c3ncnc4[nH]ccc34)C2)nc1,CHEMBL3960416,CHEMBL2971,Tyrosine-protein kinase JAK2,SINGLE PROTEIN,26633088,k_off,=,,s-1,,false,CHEMBL5730225,"Enzymatic Assay: JAK1/2/3 kinase assay are performed in vitro using Kit-Tyr 6 Peptide (Invitrogen, Cat. No. PV4122). TYK2 kinase assay are performed in vitro using Z'-LYTE™ Kinase Assay Kit-Tyr 3 Peptide (Invitrogen, Cat. No. PV3192). Recombinant human JAK1/2/3 or TYK2 catalytic domains are from Invitrogen (Cat No. PV4774/PV4210/PV3855/PV4790); All reactions (20 μL) are started by adding 2.5 μL of the testing compound in 4% DMSO solution, 5 μL of Kinase/Peptide substrate Mixture (3.2, 0.04, 0.2 or 8 μg/mL for Recombinant human JAK1/2/3 catalytic domains, 4 μM for Z-LYTE™ Tyr 6 peptide or Z-LYTE™ Tyr 3 peptide) or Phospho-Peptide solution (Invitrogen, Cat. No. PV3192, diluted with 1.33× Kinase Buffer), 2.5 μL ATP Solution (300/100/40/100M, JAK1/JAK2/JAK3/TYK2) or 1.33× Kinase Buffer (Invitrogen, Cat. No. PV3189, 5× diluted with distilled water). The 384-well assay plate (Corning, Cat. No. 3575) is mixed and incubated at room temperature for 1 hour. 5 μL of the Development Solution (Dilute Development Reagent A (Cat. No. PV3297) is diluted to 1/64 with Development Buffer (Cat. No. PV3127) for JAK1, JAK2 and JAK3 assay; Development Reagent A (Cat. No. PV3297) is diluted to 1/2048 with Development Buffer (Cat. No. PV3127) for TYK2 assay. The diluted Development Solution is then added to each well, mixed and incubated at room temperature for another 1 hour. The kinase reaction is then stopped by adding 5 μL of the Stop Reagent (Invitrogen, Cat. No. PV3094), and the plate is read with Wallac 1420 VICTOR3 Multilabel Counter (PerkinElmer™) at 445 nm and 520 nm fluorescence. All compounds are initially tested at 8 different concentrations (1 μM down to 0.0003 μM) using a 1:3 serial dilution scheme.",single protein format,CHEMBL3886703,Pyrrolopyrimidine compounds and uses thereof,,,2016
97846,gt_6,10.259637310505758,O60674,C#Cc1ccc(N(C)C2CCN(c3ncnc4[nH]ccc34)C2)nc1,CHEMBL3960416,CHEMBL2971,Tyrosine-protein kinase JAK2,SINGLE PROTEIN,27722063,IC50,<,100.0,nM,,false,CHEMBL5734275,"Enzymatic Assay: JAK1/2/3 kinase assay are performed in vitro using Kit-Tyr 6 Peptide (Invitrogen, Cat. No. PV4122). TYK2 kinase assay are performed in vitro using Z′-LYTE Kinase Assay Kit-Tyr 3 Peptide (Invitrogen, Cat. No. PV3192). Recombinant human JAK1/2/3 or TYK2 catalytic domains are from Invitrogen (Cat No. PV4774/PV4210/PV3855/PV4790); All reactions (20 μL) are started by adding 2.5 μL of the testing compound in 4% DMSO solution, 5 μL of Kinase/Peptide substrate Mixture (3.2, 0.04, 0.2 or 8 μg/mL for Recombinant human JAK1/2/3 catalytic domains, 4 μM for Z-LYTE Tyr 6 peptide or Z-LYTE Tyr 3 peptide) or Phospho-Peptide solution (Invitrogen, Cat. No. PV3192, diluted with 1.33× Kinase Buffer), 2.5 μL ATP Solution (300/100/40/100 μM, JAK1/JAK2/JAK3/TYK2) or 1.33× Kinase Buffer (Invitrogen, Cat. No. PV3189, 5× diluted with distilled water). The 384-well assay plate (Corning, Cat. No. 3575) is mixed and incubated at room temperature for 1 hour. 5 μL of the Development Solution (Dilute Development Reagent A (Cat. No. PV3297) is diluted to 1/64 with Development Buffer (Cat. No. PV3127) for JAK1, JAK2 and JAK3 assay; Development Reagent A (Cat. No. PV3297) is diluted to 1/2048 with Development Buffer (Cat. No. PV3127) for TYK2 assay. The diluted Development Solution is then added to each well, mixed and incubated at room temperature for another 1 hour. The kinase reaction is then stopped by adding 5 μL of the Stop Reagent (Invitrogen, Cat. No. PV3094), and the plate is read with Wallac 1420 VICTOR3 Multilabel Counter (PerkinElmer) at 445 nm and 520 nm fluorescence. All compounds are initially tested at 8 different concentrations (1 μM down to 0.0003 μM) using a 1:3 serial dilution scheme.",single protein format,CHEMBL5727237,Pyrrolopyrimidine compounds and uses thereof,,,2019
97846,gt_6,10.259637310505758,O60674,C#Cc1ccc(N(C)C2CCN(c3ncnc4[nH]ccc34)C2)nc1,CHEMBL3960416,CHEMBL2971,Tyrosine-protein kinase JAK2,SINGLE PROTEIN,27722064,kon,=,,,,false,CHEMBL5734275,"Enzymatic Assay: JAK1/2/3 kinase assay are performed in vitro using Kit-Tyr 6 Peptide (Invitrogen, Cat. No. PV4122). TYK2 kinase assay are performed in vitro using Z′-LYTE Kinase Assay Kit-Tyr 3 Peptide (Invitrogen, Cat. No. PV3192). Recombinant human JAK1/2/3 or TYK2 catalytic domains are from Invitrogen (Cat No. PV4774/PV4210/PV3855/PV4790); All reactions (20 μL) are started by adding 2.5 μL of the testing compound in 4% DMSO solution, 5 μL of Kinase/Peptide substrate Mixture (3.2, 0.04, 0.2 or 8 μg/mL for Recombinant human JAK1/2/3 catalytic domains, 4 μM for Z-LYTE Tyr 6 peptide or Z-LYTE Tyr 3 peptide) or Phospho-Peptide solution (Invitrogen, Cat. No. PV3192, diluted with 1.33× Kinase Buffer), 2.5 μL ATP Solution (300/100/40/100 μM, JAK1/JAK2/JAK3/TYK2) or 1.33× Kinase Buffer (Invitrogen, Cat. No. PV3189, 5× diluted with distilled water). The 384-well assay plate (Corning, Cat. No. 3575) is mixed and incubated at room temperature for 1 hour. 5 μL of the Development Solution (Dilute Development Reagent A (Cat. No. PV3297) is diluted to 1/64 with Development Buffer (Cat. No. PV3127) for JAK1, JAK2 and JAK3 assay; Development Reagent A (Cat. No. PV3297) is diluted to 1/2048 with Development Buffer (Cat. No. PV3127) for TYK2 assay. The diluted Development Solution is then added to each well, mixed and incubated at room temperature for another 1 hour. The kinase reaction is then stopped by adding 5 μL of the Stop Reagent (Invitrogen, Cat. No. PV3094), and the plate is read with Wallac 1420 VICTOR3 Multilabel Counter (PerkinElmer) at 445 nm and 520 nm fluorescence. All compounds are initially tested at 8 different concentrations (1 μM down to 0.0003 μM) using a 1:3 serial dilution scheme.",single protein format,CHEMBL5727237,Pyrrolopyrimidine compounds and uses thereof,,,2019
97846,gt_6,10.259637310505758,O60674,C#Cc1ccc(N(C)C2CCN(c3ncnc4[nH]ccc34)C2)nc1,CHEMBL3960416,CHEMBL2971,Tyrosine-protein kinase JAK2,SINGLE PROTEIN,27722065,k_off,=,,s-1,,false,CHEMBL5734275,"Enzymatic Assay: JAK1/2/3 kinase assay are performed in vitro using Kit-Tyr 6 Peptide (Invitrogen, Cat. No. PV4122). TYK2 kinase assay are performed in vitro using Z′-LYTE Kinase Assay Kit-Tyr 3 Peptide (Invitrogen, Cat. No. PV3192). Recombinant human JAK1/2/3 or TYK2 catalytic domains are from Invitrogen (Cat No. PV4774/PV4210/PV3855/PV4790); All reactions (20 μL) are started by adding 2.5 μL of the testing compound in 4% DMSO solution, 5 μL of Kinase/Peptide substrate Mixture (3.2, 0.04, 0.2 or 8 μg/mL for Recombinant human JAK1/2/3 catalytic domains, 4 μM for Z-LYTE Tyr 6 peptide or Z-LYTE Tyr 3 peptide) or Phospho-Peptide solution (Invitrogen, Cat. No. PV3192, diluted with 1.33× Kinase Buffer), 2.5 μL ATP Solution (300/100/40/100 μM, JAK1/JAK2/JAK3/TYK2) or 1.33× Kinase Buffer (Invitrogen, Cat. No. PV3189, 5× diluted with distilled water). The 384-well assay plate (Corning, Cat. No. 3575) is mixed and incubated at room temperature for 1 hour. 5 μL of the Development Solution (Dilute Development Reagent A (Cat. No. PV3297) is diluted to 1/64 with Development Buffer (Cat. No. PV3127) for JAK1, JAK2 and JAK3 assay; Development Reagent A (Cat. No. PV3297) is diluted to 1/2048 with Development Buffer (Cat. No. PV3127) for TYK2 assay. The diluted Development Solution is then added to each well, mixed and incubated at room temperature for another 1 hour. The kinase reaction is then stopped by adding 5 μL of the Stop Reagent (Invitrogen, Cat. No. PV3094), and the plate is read with Wallac 1420 VICTOR3 Multilabel Counter (PerkinElmer) at 445 nm and 520 nm fluorescence. All compounds are initially tested at 8 different concentrations (1 μM down to 0.0003 μM) using a 1:3 serial dilution scheme.",single protein format,CHEMBL5727237,Pyrrolopyrimidine compounds and uses thereof,,,2019
99152,gt_6,6.999999999999999,P04049,O=C(Nc1nc2cc(C3(O)c4ccccc4C(=O)N3c3cccc(Cl)c3F)ccc2[nH]1)C1CC1,CHEMBL3969503,CHEMBL1906,RAF proto-oncogene serine/threonine-protein kinase,SINGLE PROTEIN,16909846,IC50,<,100.0,nM,,false,CHEMBL3883117,Inhibition of c-Raf1 (unknown origin) pre-incubated for 30 mins by luciferase-luciferin-coupled chemiluminescence assay,single protein format,CHEMBL3882735,Raf modulators and methods of use,,,2010
99657,gt_6,6.408667461385739,P22607,COc1cc(OC)cc(N(CC2CC2)c2ccc3ncc(-c4cnn(CCCNCCS(C)(=O)=O)c4)nc3c2)c1,CHEMBL3973820,CHEMBL2742,Fibroblast growth factor receptor 3,SINGLE PROTEIN,16867402,IC50,=,588.84,nM,6.23,false,CHEMBL3880344,Inhibition of FGFR3 (unknown origin) transfected in mouse BA/F3 cells assessed as decrease in cell proliferation in absence of mouse IL3 after 24 hrs by Alamar blue assay,cell-based format,CHEMBL3879910,Pyrazolyl quinoxaline kinase inhibitors,,,2014
99657,gt_6,6.408667461385739,P22607,COc1cc(OC)cc(N(CC2CC2)c2ccc3ncc(-c4cnn(CCCNCCS(C)(=O)=O)c4)nc3c2)c1,CHEMBL3973820,CHEMBL2742,Fibroblast growth factor receptor 3,SINGLE PROTEIN,16868036,IC50,>,10000.0,nM,,false,CHEMBL3880345,Inhibition of FGFR3 (unknown origin) transfected in mouse BA/F3 cells assessed as decrease in cell proliferation in presence of mouse IL3 after 24 hrs by Alamar blue assay,cell-based format,CHEMBL3879910,Pyrazolyl quinoxaline kinase inhibitors,,,2014
99657,gt_6,6.408667461385739,P22607,COc1cc(OC)cc(N(CC2CC2)c2ccc3ncc(-c4cnn(CCCNCCS(C)(=O)=O)c4)nc3c2)c1,CHEMBL3973820,CHEMBL2742,Fibroblast growth factor receptor 3,SINGLE PROTEIN,16872697,IC50,=,3.548,nM,8.45,false,CHEMBL3880339,Inhibition of human FGFR3 using Btn-Flt3 as substrate after 60 mins by TR-FRET assay,single protein format,CHEMBL3879910,Pyrazolyl quinoxaline kinase inhibitors,,,2014
100130,gt_6,7.30102999566398,P54760,COc1cc2c(Nc3ccc(Br)c(Cl)c3Cl)ncnc2cc1OCC1CN(C)CCO1,CHEMBL3977503,CHEMBL5147,Ephrin type-B receptor 4,SINGLE PROTEIN,16905573,IC50,<,50.0,nM,,false,CHEMBL3883066,Inhibition of recombinant human N-terminal His6-tagged EphB4 kinase domain (E605 to E890 residues) expressed in baculovirus using poly-AEKY as substrate after 150 mins in presence of gamma33P-ATP by liquid scintillation spectrometry,assay format,CHEMBL3882729,Receptor-type kinase modulators and methods of use,,,2009
103508,gt_6,8.958607314841775,P11309,CCc1ccc2c(C=C3Oc4c(ccc(OC)c4CN4CCNCC4)C3=O)c[nH]c2n1,CHEMBL4074201,CHEMBL2147,Serine/threonine-protein kinase pim-1,SINGLE PROTEIN,17978463,IC50,=,1.1,nM,8.96,true,CHEMBL3997623,Inhibition of PIM1 (unknown origin) using 5-FAM-RSRHSSYPAGT-CONH2 as substrate after 2 hrs by electrophoretic mobility shift assay,single protein format,CHEMBL3994673,Design and Synthesis of Potent and Selective PIM Kinase Inhibitors by Targeting Unique Structure of ATP-Binding Pocket.,10.1021/acsmedchemlett.6b00518,ACS Med Chem Lett,2017
103669,le_6,5.096910013008057,P52333,CN(c1ncnc2[nH]ccc12)C1CC(CS(=O)(=O)C2CC2)C1,CHEMBL4075575,CHEMBL2148,Tyrosine-protein kinase JAK3,SINGLE PROTEIN,18107208,IC50,>=,8000.0,nM,,false,CHEMBL4022976,Inhibition of recombinant human JAK3 using FITC-KGGEEEEYFELVKK as substrate in presence of 1 mM ATP by mobility shift assay,single protein format,CHEMBL4020822,"Identification of N-{cis-3-[Methyl(7H-pyrrolo[2,3-d]pyrimidin-4-yl)amino]cyclobutyl}propane-1-sulfonamide (PF-04965842): A Selective JAK1 Clinical Candidate for the Treatment of Autoimmune Diseases.",10.1021/acs.jmedchem.7b01598,J Med Chem,2018
105148,le_6,5.795880017344075,P00533,CCC(=O)N1CCC(N2C(=O)N(c3cc(OC)ccc3F)Cc3cnc(Nc4ccc(N5CCN(C)CC5)cc4OC)nc32)C1,CHEMBL4087383,CHEMBL203,Epidermal growth factor receptor,SINGLE PROTEIN,18172265,IC50,=,1600.0,nM,5.80,true,CHEMBL4038017,Inhibition of recombinant human wild type GST-tagged EGFR cytoplasmic domain (668 to 1210 residues) expressed in baculovirus using tyr4 peptide as substrate after 1 hr by FRET-based Z'-Lyte assay,assay format,CHEMBL4033795,"Design, Synthesis, and Structure-Activity Relationship Study of 2-Oxo-3,4-dihydropyrimido[4,5- d]pyrimidines as New Colony Stimulating Factor 1 Receptor (CSF1R) Kinase Inhibitors.",10.1021/acs.jmedchem.7b01612,J Med Chem,2018
105619,gt_6,7.431798275933004,P49840,COC(=O)C1=C(Nc2ccccc2Cl)OC(=Cc2c[nH]c3ncccc23)C1=O,CHEMBL4089159,CHEMBL2850,Glycogen synthase kinase-3 alpha,SINGLE PROTEIN,18052911,Inhibition,=,85.7,%,,false,CHEMBL4011923,Inhibition of GSK3alpha (unknown origin) at 0.1 uM pretreated for 30 mins followed by substrate addition measured after 5 hrs in presence of 1 mM ATP relative to control,single protein format,CHEMBL4011589,Discovery of novel furanone derivatives as potent Cdc7 kinase inhibitors.,10.1016/j.ejmech.2017.02.030,Eur J Med Chem,2017
105619,gt_6,7.431798275933004,P49840,COC(=O)C1=C(Nc2ccccc2Cl)OC(=Cc2c[nH]c3ncccc23)C1=O,CHEMBL4089159,CHEMBL2850,Glycogen synthase kinase-3 alpha,SINGLE PROTEIN,18052937,IC50,=,37.0,nM,7.43,true,CHEMBL4011950,Inhibition of GSK3alpha (unknown origin) pretreated for 30 mins followed by substrate addition measured after 5 hrs in presence of 1 mM ATP,single protein format,CHEMBL4011589,Discovery of novel furanone derivatives as potent Cdc7 kinase inhibitors.,10.1016/j.ejmech.2017.02.030,Eur J Med Chem,2017
106476,le_6,5.050609993355086,Q13627,FC(F)(F)c1cccc(C=Cc2cnc3ccc(Cl)nn23)c1,CHEMBL4097256,CHEMBL2292,Dual specificity tyrosine-phosphorylation-regulated kinase 1A,SINGLE PROTEIN,18193124,IC50,=,8900.0,nM,5.05,true,CHEMBL4041963,Inhibition of GST tagged recombinant human DYRK1A expressed in Escherichia coli using woodtide as substrate after 30 mins by [gamma-33P]ATP based scintillation counting analysis,assay format,CHEMBL4041493,"Exploration of the imidazo[1,2-b]pyridazine scaffold as a protein kinase inhibitor.",10.1016/j.ejmech.2016.09.064,Eur J Med Chem,2017
109953,gt_6,6.465973893943865,P51451,C=CC(=O)Nc1cc(-n2c(=O)ccc3cnc4ccc(-c5ccsc5)cc4c32)ccc1C,CHEMBL4173695,CHEMBL2250,Tyrosine-protein kinase Blk,SINGLE PROTEIN,18307226,IC50,=,342.0,nM,6.47,true,CHEMBL4130922,"Inhibition of recombinant full length His-tagged human BLK expressed in baculovirus expression system using poly (4:1 Glu, Tyr) as substrate preincubated for 1 hr followed by substrate addition measured after 1 hr by ADP-glo assay",assay format,CHEMBL4130348,Structure-activity relationship investigation for benzonaphthyridinone derivatives as novel potent Bruton's tyrosine kinase (BTK) irreversible inhibitors.,10.1016/j.ejmech.2017.06.016,Eur J Med Chem,2017
110197,le_6,5.443697499232714,O14757,Fc1cccc(Nc2nc(N3CCOCC3)c3nc[nH]c3n2)c1,CHEMBL4176473,CHEMBL4630,Serine/threonine-protein kinase Chk1,SINGLE PROTEIN,18420955,IC50,=,3600.0,nM,5.44,true,CHEMBL4153910,Inhibition of CHK1 (unknown origin) using Cdc25 peptide as substrate preincubated for 30 mins followed by substrate addition and measured after 60 mins by ADP-Glo kinase assay,single protein format,CHEMBL4152229,"Synthesis and biological evaluation of 2,6-disubstituted-9H-purine, 2,4-disubstitued-thieno[3,2-d]pyrimidine and -7H-pyrrolo[2,3-d]pyrimidine analogues as novel CHK1 inhibitors.",10.1016/j.ejmech.2018.03.075,Eur J Med Chem,2018
110197,le_6,5.443697499232714,O14757,Fc1cccc(Nc2nc(N3CCOCC3)c3nc[nH]c3n2)c1,CHEMBL4176473,CHEMBL4630,Serine/threonine-protein kinase Chk1,SINGLE PROTEIN,18421059,Inhibition,=,92.0,%,,false,CHEMBL4153911,Inhibition of CHK1 (unknown origin) at 10 uM using Cdc25 peptide as substrate preincubated for 30 mins followed by substrate addition and measured after 60 mins by ADP-Glo kinase assay,single protein format,CHEMBL4152229,"Synthesis and biological evaluation of 2,6-disubstituted-9H-purine, 2,4-disubstitued-thieno[3,2-d]pyrimidine and -7H-pyrrolo[2,3-d]pyrimidine analogues as novel CHK1 inhibitors.",10.1016/j.ejmech.2018.03.075,Eur J Med Chem,2018
113634,gt_6,7.2839966563652,P80192,CCn1cc(-c2ccc3c(c2)CCN3C(=O)Cc2cccc(OC(F)(F)F)c2)c2c(N)ncnc21,CHEMBL4281823,CHEMBL2872,Mitogen-activated protein kinase kinase kinase 9,SINGLE PROTEIN,18737816,IC50,=,52.0,nM,7.28,true,CHEMBL4261422,Inhibition of recombinant human MLK1 (134 to 414 residues) using casein as substrate after 40 mins in presence of [gamma-33P]-ATP by scintillation counting analysis,single protein format,CHEMBL4257593,"Identification of 5-(2,3-Dihydro-1 H-indol-5-yl)-7 H-pyrrolo[2,3- d]pyrimidin-4-amine Derivatives as a New Class of Receptor-Interacting Protein Kinase 1 (RIPK1) Inhibitors, Which Showed Potent Activity in a Tumor Metastasis Model.",10.1021/acs.jmedchem.8b01652,J Med Chem,2018
114749,le_6,4.0,Q14164,O=C(Nc1cc(C(F)(F)F)cc(C(F)(F)F)c1)c1n[nH]nc1O,CHEMBL4293673,CHEMBL3529,Inhibitor of nuclear factor kappa-B kinase subunit epsilon,SINGLE PROTEIN,18746448,IC50,>,100000.0,nM,,false,CHEMBL4263047,Inhibition of human IKKepsilon using ERLLDDRHDSGLDSMKDEE as substrate after 60 mins in presence of ATP by ADP-Glo kinase assay,single protein format,CHEMBL4261552,"4-Hydroxy-<i>N</i>-[3,5-bis(trifluoromethyl)phenyl]-1,2,5-thiadiazole-3-carboxamide: a novel inhibitor of the canonical NF-κB cascade.",10.1039/C7MD00278E,Medchemcomm,2017
114749,le_6,4.0,Q14164,O=C(Nc1cc(C(F)(F)F)cc(C(F)(F)F)c1)c1n[nH]nc1O,CHEMBL4293673,CHEMBL3529,Inhibitor of nuclear factor kappa-B kinase subunit epsilon,SINGLE PROTEIN,18746457,Inhibition,=,15.3,%,,false,CHEMBL4263048,Inhibition of human IKKepsilon at 100 uM using ERLLDDRHDSGLDSMKDEE as substrate after 60 mins in presence of ATP by ADP-Glo kinase assay relative to control,single protein format,CHEMBL4261552,"4-Hydroxy-<i>N</i>-[3,5-bis(trifluoromethyl)phenyl]-1,2,5-thiadiazole-3-carboxamide: a novel inhibitor of the canonical NF-κB cascade.",10.1039/C7MD00278E,Medchemcomm,2017
119673,gt_6,6.889410289700751,Q16288,CCc1c(C#Cc2cnc3cnccn23)cccc1C(=O)Nc1cc(CN2CCN(C)CC2)cc(C(F)(F)F)c1,CHEMBL4473502,CHEMBL5608,NT-3 growth factor receptor,SINGLE PROTEIN,19049190,IC50,=,129.0,nM,6.89,true,CHEMBL4354364,Inhibition of recombinant human His-tagged TrkC cytoplasmic domain (510 to 825 residues) expressed in baculovirus using tyr 01 as substrate incubated for 1 hr by Z'-Lyte assay,assay format,CHEMBL4351015,"Design, synthesis and biological evaluation of 3-(imidazo[1,2-a]pyrazin-3-ylethynyl)-2-methylbenzamides as potent and selective pan-tropomyosin receptor kinase (TRK) inhibitors.",10.1016/j.ejmech.2019.06.064,Eur J Med Chem,2019
119814,gt_6,7.999999999999998,P28482,CC(C)n1cc(Nc2nccc(-c3ccn(C(CO)c4ccc(Cl)c(F)c4)c(=O)c3)n2)cn1,CHEMBL4474917,CHEMBL4040,Mitogen-activated protein kinase 1,SINGLE PROTEIN,19403853,IC50,=,10.0,nM,8.00,true,CHEMBL4425912,Inhibition of ERK2 (unknown origin),single protein format,CHEMBL4425105,"Discovery of (S)-1-(1-(4-Chloro-3-fluorophenyl)-2-hydroxyethyl)-4-(2-((1-methyl-1H-pyrazol-5-yl)amino)pyrimidin-4-yl)pyridin-2(1H)-one (GDC-0994), an Extracellular Signal-Regulated Kinase 1/2 (ERK1/2) Inhibitor in Early Clinical Development.",10.1021/acs.jmedchem.6b00389,J Med Chem,2016
120469,gt_6,7.206908399823419,Q05397,CP(C)(=O)c1ccccc1Nc1nc(Nc2ccc(C(=O)N3CCOCC3)cc2)nc2[nH]ccc12,CHEMBL4517847,CHEMBL2695,Focal adhesion kinase 1,SINGLE PROTEIN,18890081,IC50,=,62.1,nM,7.21,true,CHEMBL4314077,Inhibition of recombinant N-terminal GST-tagged human FAK (327 to 1052 residues) expressed in baculovirus expression system using TK as substrate incubated for 50 mins in presence of ATP and measured after 1 hr by HTRF assay,assay format,CHEMBL4311976,"Design, synthesis and biological evaluation of novel 7H-pyrrolo[2,3-d]pyrimidine derivatives as potential FAK inhibitors and anticancer agents.",10.1016/j.ejmech.2019.111716,Eur J Med Chem,2019
121066,gt_6,9.19382002601611,P04629,Cc1c(OCC2CCN(C)CC2)nn(-c2ccccc2)c1NC(=O)NC1CN(CC(F)(F)F)C2COc3ccccc3C12,CHEMBL4528960,CHEMBL2815,High affinity nerve growth factor receptor,SINGLE PROTEIN,19031453,IC50,=,0.64,nM,9.19,true,CHEMBL4349463,Inhibition of human TRKA expressed in human TF1 cells by CellTiter-Glo Luminescent assay,cell-based format,CHEMBL4346723,Targeting tropomyosin receptor kinase for cancer therapy.,10.1016/j.ejmech.2019.04.053,Eur J Med Chem,2019
121750,le_6,5.537602002101044,P00533,COc1cccc(C=CC(=O)c2ccc(NC(=O)c3cc4cc5cc(C)ccc5nc4s3)cc2)c1,CHEMBL4540070,CHEMBL203,Epidermal growth factor receptor,SINGLE PROTEIN,19112704,IC50,=,2900.0,nM,5.54,true,CHEMBL4370781,Inhibition of His6-tagged EGFR cytoplasmic domain (645 to 1186 residues) (unknown origin) expressed in baculovirus infected Sf9 insect cells after 10 mins by DELFIA/time-resolved fluorometry,cell-based format,CHEMBL4368931,Discovery of novel thienoquinoline-2-carboxamide chalcone derivatives as antiproliferative EGFR tyrosine kinase inhibitors.,10.1016/j.bmc.2019.02.012,Bioorg Med Chem,2019
123963,gt_6,6.683945741011394,P35968,N#Cc1ccc(CN2C(=O)C(=Nc3ccc(NC(=O)Nc4ccc(S(N)(=O)=O)cc4)cc3)c3ccccc32)cc1,CHEMBL4569077,CHEMBL279,Vascular endothelial growth factor receptor 2,SINGLE PROTEIN,19163561,IC50,=,207.04,nM,6.68,true,CHEMBL4383827,Inhibition of VEGFR2 (unknown origin) using poly[Glu:Tyr] (4:1) as substrate measured after 5 mins by Alphascreen assay,single protein format,CHEMBL4382220,Enhancement of the tail hydrophobic interactions within the carbonic anhydrase IX active site via structural extension: Design and synthesis of novel N-substituted isatins-SLC-0111 hybrids as carbonic anhydrase inhibitors and antitumor agents.,10.1016/j.ejmech.2018.10.068,Eur J Med Chem,2019
123970,gt_6,7.795880017344072,Q9HBH9,Cc1[nH]ncc1-c1cncc(-c2ccc(C(N)=O)c(OC(C)C)c2)c1,CHEMBL4569209,CHEMBL4204,MAP kinase-interacting serine/threonine-protein kinase 2,SINGLE PROTEIN,19155100,IC50,=,16.0,nM,7.80,true,CHEMBL4380947,Inhibition of N-terminal GST-tagged MNK2 (unknown origin) (72 to 385 residues) expressed in Escherichia coli BL21 (DE3) cells using 5-FAM-TATKSGSTTKNRFVV-NH2 peptide as substrate preincubated with enzyme for 10 mins followed by substrate addition after 60 mins in presence of ATP by caliper mobility shift assay,cell-based format,CHEMBL4376877,Stepwise Evolution of Fragment Hits against MAPK Interacting Kinases 1 and 2.,10.1021/acs.jmedchem.9b01582,J Med Chem,2020
123970,gt_6,7.795880017344072,Q9HBH9,Cc1[nH]ncc1-c1cncc(-c2ccc(C(N)=O)c(OC(C)C)c2)c1,CHEMBL4569209,CHEMBL3883293,MAP kinase-interacting serine/threonine-protein kinase 1/2,PROTEIN FAMILY,19155121,IC50,=,320.0,nM,6.50,false,CHEMBL4380948,Inhibition of MNK1/MNK2 in human HeLa cells overexpressing eIF4E assessed as reduction in eIF4E phosphorylation at Ser209 residue after 2 hrs by Alphascreen SureFly assay,cell-based format,CHEMBL4376877,Stepwise Evolution of Fragment Hits against MAPK Interacting Kinases 1 and 2.,10.1021/acs.jmedchem.9b01582,J Med Chem,2020
123970,gt_6,7.795880017344072,Q9HBH9,Cc1[nH]ncc1-c1cncc(-c2ccc(C(N)=O)c(OC(C)C)c2)c1,CHEMBL4569209,CHEMBL4204,MAP kinase-interacting serine/threonine-protein kinase 2,SINGLE PROTEIN,25596455,INH,=,0.016,uM,,false,CHEMBL5357159,Inhibition of MNK2 (unknown origin),single protein format,CHEMBL5356931,Medicinal chemistry approaches to target the MNK-eIF4E axis in cancer.,10.1039/d3md00121k,RSC Med Chem,2023
126408,le_6,6.0,Q06187,C=CC(=O)Nc1cccc(Nc2nc(NNc3ccccc3)ncc2C(F)(F)F)c1,CHEMBL4637760,CHEMBL5251,Tyrosine-protein kinase BTK,SINGLE PROTEIN,20631234,IC50,>,1000.0,nM,,false,CHEMBL4610787,Inhibition of recombinant human His-tagged full length BTK expressed in baculovirus expression system using Ulight-Poly GT as substrate incubated for 2 hrs by Lanthascreen TR-FRET assay,assay format,CHEMBL4610007,Design and synthesis of boron-containing diphenylpyrimidines as potent BTK and JAK3 dual inhibitors.,10.1016/j.bmc.2019.115236,Bioorg Med Chem,2020
126652,le_6,4.590207949510984,O60885,Cc1noc(C)c1-c1cc2ncc3c(c2cc1C(=O)O)n(C(C)c1ccccn1)c(=O)n3C,CHEMBL4639916,CHEMBL1163125,Bromodomain-containing protein 4,SINGLE PROTEIN,20696189,Selectivity Index,>,4.0,,,false,CHEMBL4626995,"Selectivity index, difference between pIC50 for N-terminal His6-tagged human BRD4 BD1 (1 to 477 residues)/BD2 Y390A mutant expressed in Escherichia coli to pIC50 for N-terminal His6-tagged human BRD4 BD2 (1 to 477 residues)/BD1 Y97A mutant expressed in Escherichia coli",assay format,CHEMBL4622984,Structure-Based Design of a Bromodomain and Extraterminal Domain (BET) Inhibitor Selective for the N-Terminal Bromodomains That Retains an Anti-inflammatory and Antiproliferative Phenotype.,10.1021/acs.jmedchem.0c00566,J Med Chem,2020
126652,le_6,4.590207949510984,O60885,Cc1noc(C)c1-c1cc2ncc3c(c2cc1C(=O)O)n(C(C)c1ccccn1)c(=O)n3C,CHEMBL4639916,CHEMBL1163125,Bromodomain-containing protein 4,SINGLE PROTEIN,20696190,IC50,>,50118.72,nM,,false,CHEMBL4626976,Displacement of Alexa Fluor 647 labelled I-BET762 from N-terminal His6-tagged human BRD4 BD2 (1 to 477 residues)/BD1 Y97A mutant expressed in Escherichia coli after 1 hr by TR-FRET assay,assay format,CHEMBL4622984,Structure-Based Design of a Bromodomain and Extraterminal Domain (BET) Inhibitor Selective for the N-Terminal Bromodomains That Retains an Anti-inflammatory and Antiproliferative Phenotype.,10.1021/acs.jmedchem.0c00566,J Med Chem,2020
126652,le_6,4.590207949510984,O60885,Cc1noc(C)c1-c1cc2ncc3c(c2cc1C(=O)O)n(C(C)c1ccccn1)c(=O)n3C,CHEMBL4639916,CHEMBL1163125,Bromodomain-containing protein 4,SINGLE PROTEIN,20696191,IC50,=,12589.25,nM,4.90,false,CHEMBL4626980,Displacement of Alexa Fluor 647 labelled I-BET762 from N-terminal His6-tagged human BRD4 BD1 (1 to 477 residues)/BD2 Y390A mutant expressed in Escherichia coli after 1 hr by TR-FRET assay,assay format,CHEMBL4622984,Structure-Based Design of a Bromodomain and Extraterminal Domain (BET) Inhibitor Selective for the N-Terminal Bromodomains That Retains an Anti-inflammatory and Antiproliferative Phenotype.,10.1021/acs.jmedchem.0c00566,J Med Chem,2020
131088,gt_6,7.441768111082956,Q5S007,CCOc1nc(Nc2ccc(C(=O)N3CCOCC3C)cc2OC)nc2[nH]ccc12,CHEMBL4740170,CHEMBL1075104,Leucine-rich repeat serine/threonine-protein kinase 2,SINGLE PROTEIN,22844478,IC50,=,15.85,nM,7.80,false,CHEMBL4721243,Inhibition of recombinant His6-Tev-LRRK2 (1326 to 2527 residues) (unknown origin) using LRRKtide as substrate preincubated for 30 mins followed by substrate addition and measured after 2 hrs in presence of ATP by TR-FRET assay,single protein format,CHEMBL4715821,"Discovery of 4-ethoxy-7H-pyrrolo[2,3-d]pyrimidin-2-amines as potent, selective and orally bioavailable LRRK2 inhibitors.",10.1016/j.bmcl.2018.03.045,Bioorg Med Chem Lett,2018
131088,gt_6,7.441768111082956,Q5S007,CCOc1nc(Nc2ccc(C(=O)N3CCOCC3C)cc2OC)nc2[nH]ccc12,CHEMBL4780229,CHEMBL1075104,Leucine-rich repeat serine/threonine-protein kinase 2,SINGLE PROTEIN,22844479,IC50,=,7.943,nM,8.10,false,CHEMBL4721243,Inhibition of recombinant His6-Tev-LRRK2 (1326 to 2527 residues) (unknown origin) using LRRKtide as substrate preincubated for 30 mins followed by substrate addition and measured after 2 hrs in presence of ATP by TR-FRET assay,single protein format,CHEMBL4715821,"Discovery of 4-ethoxy-7H-pyrrolo[2,3-d]pyrimidin-2-amines as potent, selective and orally bioavailable LRRK2 inhibitors.",10.1016/j.bmcl.2018.03.045,Bioorg Med Chem Lett,2018
131088,gt_6,7.441768111082956,Q5S007,CCOc1nc(Nc2ccc(C(=O)N3CCOCC3C)cc2OC)nc2[nH]ccc12,CHEMBL4740170,CHEMBL1075104,Leucine-rich repeat serine/threonine-protein kinase 2,SINGLE PROTEIN,22844500,IC50,=,79.43,nM,7.10,false,CHEMBL4721244,Inhibition of recombinant full-length LRRK2 (unknown origin) expressed in SH-SY5Y cells assessed as reduction in Ser935 phosphorylation after 60 mins by Alpha Screen assay,cell-based format,CHEMBL4715821,"Discovery of 4-ethoxy-7H-pyrrolo[2,3-d]pyrimidin-2-amines as potent, selective and orally bioavailable LRRK2 inhibitors.",10.1016/j.bmcl.2018.03.045,Bioorg Med Chem Lett,2018
131088,gt_6,7.441768111082956,Q5S007,CCOc1nc(Nc2ccc(C(=O)N3CCOCC3C)cc2OC)nc2[nH]ccc12,CHEMBL4780229,CHEMBL1075104,Leucine-rich repeat serine/threonine-protein kinase 2,SINGLE PROTEIN,22844501,IC50,=,100.0,nM,7.00,false,CHEMBL4721244,Inhibition of recombinant full-length LRRK2 (unknown origin) expressed in SH-SY5Y cells assessed as reduction in Ser935 phosphorylation after 60 mins by Alpha Screen assay,cell-based format,CHEMBL4715821,"Discovery of 4-ethoxy-7H-pyrrolo[2,3-d]pyrimidin-2-amines as potent, selective and orally bioavailable LRRK2 inhibitors.",10.1016/j.bmcl.2018.03.045,Bioorg Med Chem Lett,2018
135077,gt_6,7.413412695328245,Q99558,CC(O)(C#Cc1ccc2nc(O)cc(-c3cn[nH]c3)c2c1)c1nccs1,CHEMBL4789600,CHEMBL5888,Mitogen-activated protein kinase kinase kinase 14,SINGLE PROTEIN,22436454,IC50,=,38.6,nM,7.41,true,CHEMBL4677596,Inhibition of recombinant N-terminal GST-fused human NIK (319 to 947 residues) expressed in baculovirus expression system incubated for 120 mins in presence of ATP by ADP-glo based luminescence assay,assay format,CHEMBL4673294,"The discovery of quinoline derivatives, as NF-κB inducing kinase (NIK) inhibitors with anti-inflammatory effects in vitro, low toxicities against T cell growth.",10.1016/j.bmc.2020.115856,Bioorg Med Chem,2021
139897,gt_6,6.133170092120527,Q99683,c1cc(-c2n[nH]c3ccc(-c4nncn4C4CC4)cc23)cc(-n2cnc(C3CC3)c2)c1,CHEMBL4869497,CHEMBL5285,Mitogen-activated protein kinase kinase kinase 5,SINGLE PROTEIN,23283932,IC50,=,50.0,nM,7.30,false,CHEMBL4837908,Inhibition of human full length recombinant ASK1 using STK-Substrate-3 biotin as substrate in presence of ATP measured after 2 hrs by HTRP kinase assay,single protein format,CHEMBL4837198,"Design, synthesis and biological evaluation of 1H-indazole derivatives as novel ASK1 inhibitors.",10.1016/j.ejmech.2021.113482,Eur J Med Chem,2021
139897,gt_6,6.133170092120527,Q99683,c1cc(-c2n[nH]c3ccc(-c4nncn4C4CC4)cc23)cc(-n2cnc(C3CC3)c2)c1,CHEMBL4869497,CHEMBL5285,Mitogen-activated protein kinase kinase kinase 5,SINGLE PROTEIN,23283953,Inhibition,=,96.28,%,,false,CHEMBL4837909,Inhibition of ASK1 in human HEK293 cells transfected with AP1 assessed as inhibition of AP1-induced firefly luciferase activity at 10 uM preincubated for 1 hr followed by PMA stimulation and measured after 6 hrs by luciferase reporter assay relative to control,cell-based format,CHEMBL4837198,"Design, synthesis and biological evaluation of 1H-indazole derivatives as novel ASK1 inhibitors.",10.1016/j.ejmech.2021.113482,Eur J Med Chem,2021
139897,gt_6,6.133170092120527,Q99683,c1cc(-c2n[nH]c3ccc(-c4nncn4C4CC4)cc23)cc(-n2cnc(C3CC3)c2)c1,CHEMBL4869497,CHEMBL5285,Mitogen-activated protein kinase kinase kinase 5,SINGLE PROTEIN,23283969,IC50,=,7045.0,nM,5.15,false,CHEMBL4837910,Inhibition of ASK1 in human HEK293 cells transfected with AP1 assessed as inhibition of AP1-induced firefly luciferase activity preincubated for 1 hr followed by PMA stimulation and measured after 6 hrs by luciferase reporter assay,cell-based format,CHEMBL4837198,"Design, synthesis and biological evaluation of 1H-indazole derivatives as novel ASK1 inhibitors.",10.1016/j.ejmech.2021.113482,Eur J Med Chem,2021
140674,le_6,5.308034897232639,P36888,Cc1cc(C(=O)N2CCC(c3cn(C4CCC(O)CC4)c4nc(NC(C)c5ccccc5)ncc34)CC2)cc(C)n1,CHEMBL4875531,CHEMBL1974,Receptor-type tyrosine-protein kinase FLT3,SINGLE PROTEIN,23287740,IC50,=,4920.0,nM,5.31,true,CHEMBL4838705,Inhibition of FLT3 (unknown origin),single protein format,CHEMBL4837224,"UNC5293, a potent, orally available and highly MERTK-selective inhibitor.",10.1016/j.ejmech.2021.113534,Eur J Med Chem,2021
